Name,Team,batter,season,G,PA,AB,H,2B,3B,HR,BB,K,HBP,SF,AVG,OBP,SLG,OPS,ISO,BABIP,BB%,K%,BIP%,wOBA,wRC+,WAR,age_bat_median,K_BB_ratio,contact_rate,cluster
Unknown_545361,LAA,545361,2018,140,608,472,147,24,4,39,122,124,10,4,0.311,0.9066265060240964,0.8373382624768948,1.086,0.8100263852242744,0.6298507462686568,0.9044734389561976,0.3939679547596607,0.5773,0.471,0.8576598311218335,0.7533333333333333,27.0,0.0096580145296749,0.6060320452403394,2
Unknown_605141,BOS,605141,2018,142,642,544,186,50,5,32,85,95,8,5,0.342,0.8343373493975904,0.8410351201478745,1.063,0.733509234828496,0.6895522388059702,0.5862068965517241,0.2622525918944392,0.7072,0.462,0.8335343787696019,0.76,26.0,0.0116299658740527,0.7377474081055608,2
Unknown_572228,NYY,572228,2018,52,182,160,50,5,1,15,21,49,1,0,0.312,0.7168674698795182,0.857670979667283,1.033,0.8337730870712401,0.6895522388059702,0.5069897483690587,0.547832233741753,0.6099,0.451,0.8041817450743867,0.3066666666666666,27.0,0.0351455817627884,0.452167766258247,2
Unknown_502110,BOS,502110,2018,156,676,590,193,37,2,44,73,149,4,9,0.327,0.7259036144578314,0.8243992606284658,1.02,0.7493403693931397,0.6955223880597016,0.472506989748369,0.4328463713477852,0.6657,0.446,0.790510655408122,0.7266666666666667,31.0,0.0294934823214774,0.5671536286522147,2
Unknown_592885,MIL,592885,2018,152,679,593,191,34,7,37,77,138,7,2,0.322,0.7439759036144579,0.7689463955637708,0.995,0.683377308707124,0.6955223880597016,0.4976700838769804,0.3923185673892554,0.673,0.434,0.7583433856051467,0.6866666666666666,27.0,0.0246767917329253,0.6076814326107445,2
Unknown_571970,LAD,571970,2018,144,506,412,107,17,2,37,87,140,5,2,0.26,0.7078313253012049,0.7504621072088724,0.973,0.820580474934037,0.4805970149253731,0.7702702702702703,0.5655042412818095,0.5415,0.426,0.7370325693606754,0.5266666666666666,28.0,0.0211496289852889,0.4344957587181906,2
Unknown_608324,HOU,608324,2018,162,729,606,175,52,1,33,106,86,14,3,0.289,0.7439759036144579,0.6783733826247691,0.946,0.6411609498680738,0.4656716417910447,0.646784715750233,0.191564561734213,0.7174,0.415,0.7076799356654604,0.6466666666666666,24.0,0.0057019429059637,0.8084354382657868,2
Unknown_592450,NYY,592450,2018,116,520,432,123,23,0,30,79,155,4,5,0.285,0.7168674698795182,0.6876155268022184,0.942,0.6675461741424802,0.701492537313433,0.6770736253494875,0.6159283694627709,0.5423,0.415,0.7076799356654604,0.5,26.0,0.0279786144348401,0.3840716305372289,2
Unknown_502671,AZ,502671,2018,158,690,594,172,35,5,33,90,173,6,0,0.29,0.6927710843373495,0.6617375231053606,0.92,0.6147757255936676,0.6686567164179104,0.5768872320596458,0.5042412818096135,0.6087,0.414,0.7048652995577,0.62,31.0,0.0272057621489112,0.4957587181903866,2
Unknown_457759,LAD,457759,2018,109,457,392,122,32,1,15,51,58,12,2,0.311,0.7439759036144579,0.6266173752310538,0.918,0.5092348284960422,0.5940298507462688,0.48928238583411,0.2125353440150801,0.7352,0.413,0.7020506634499395,0.4533333333333333,34.0,0.0120029854284757,0.7874646559849199,2
Unknown_608070,CLE,608070,2018,160,710,589,156,38,4,39,107,83,8,6,0.265,0.674698795180723,0.680221811460259,0.923,0.7071240105540897,0.3373134328358209,0.6714818266542404,0.1889726672950047,0.7211,0.411,0.6968234821069561,0.62,26.0,0.0050082218864526,0.811027332704995,2
Unknown_665742,WSH,665742,2018,116,494,414,121,25,1,22,79,99,0,0,0.292,0.746987951807229,0.6340110905730132,0.923,0.5699208443271768,0.6089552238805972,0.7143522833178005,0.3857210179076343,0.6377,0.408,0.6887816646562122,0.4666666666666667,20.0,0.0142518358385415,0.6142789820923655,2
Unknown_571448,COL,571448,2018,160,691,606,178,38,2,38,73,128,3,8,0.294,0.6325301204819277,0.6968576709796674,0.919,0.6543535620052771,0.5313432835820896,0.4613233923578751,0.3499057492931197,0.7033,0.403,0.6755126658624848,0.5733333333333334,27.0,0.0239393610898581,0.6500942507068803,2
Unknown_456665,BOS,456665,2018,81,273,234,67,15,1,11,32,48,5,2,0.286,0.6716867469879518,0.6025878003696858,0.881,0.5408970976253298,0.5432835820895523,0.5153774464119292,0.3277568331762489,0.6886,0.4,0.6674708484117409,0.3066666666666666,35.0,0.0190271652807257,0.6722431668237512,2
Unknown_656811,KC,656811,2018,44,170,149,39,10,2,12,20,45,1,0,0.262,0.5873493975903613,0.7818853974121998,0.95,0.8627968337730871,0.4746268656716418,0.5172413793103448,0.5372290292177191,0.6118,0.399,0.6646562123039808,0.24,25.0,0.0335602624156946,0.4627709707822811,2
Unknown_518692,ATL,518692,2018,166,724,634,195,44,4,24,77,135,7,6,0.308,0.6837349397590361,0.6081330868761554,0.889,0.4934036939313984,0.6626865671641792,0.4650512581547064,0.3529688972667295,0.6975,0.398,0.6618415761962202,0.5733333333333334,29.0,0.0239206185629239,0.6470311027332705,2
Unknown_595879,CHC,595879,2018,160,651,611,177,41,9,34,30,169,5,4,0.29,0.5060240963855422,0.7005545286506472,0.879,0.6728232189973615,0.635820895522388,0.1840633737185461,0.5252120640904806,0.6851,0.398,0.6618415761962202,0.5333333333333334,26.0,0.0989893858421935,0.4747879359095193,2
Unknown_660271,LAA,660271,2018,104,366,326,93,21,2,22,37,102,2,1,0.285,0.6114457831325301,0.7208872458410351,0.925,0.712401055408971,0.644776119402985,0.4403541472506989,0.5702167766258247,0.6148,0.398,0.6618415761962202,0.36,24.0,0.0433507907842572,0.4297832233741754,2
Unknown_607043,NYM,607043,2018,138,535,433,114,28,8,17,80,140,22,0,0.263,0.7409638554216867,0.5711645101663587,0.886,0.5540897097625329,0.6477611940298508,0.6658900279589934,0.5301602262016964,0.5477,0.398,0.6618415761962202,0.46,25.0,0.0238757548604921,0.4698397737983033,2
Unknown_660670,ATL,660670,2018,115,504,449,130,27,4,27,46,128,6,3,0.29,0.6114457831325301,0.6913123844731979,0.909,0.6569920844327176,0.635820895522388,0.3946877912395154,0.5120169651272385,0.6429,0.397,0.6590269400884599,0.44,21.0,0.043841659916609,0.4879830348727616,2
Unknown_596115,COL,596115,2018,161,674,616,179,44,6,37,47,175,7,4,0.291,0.5662650602409639,0.7171903881700556,0.907,0.6912928759894459,0.6388059701492538,0.2940354147250699,0.5252120640904806,0.6602,0.396,0.6566143948532368,0.54,26.0,0.0620841672495854,0.4747879359095193,2
Unknown_543685,WSH,543685,2018,135,597,529,163,44,2,24,55,82,5,8,0.308,0.6506024096385542,0.6672828096118302,0.909,0.575197889182058,0.564179104477612,0.3984156570363467,0.2372761545711593,0.7621,0.394,0.6509851226377161,0.4866666666666667,28.0,0.0188695470574758,0.7627238454288408,2
Unknown_547180,WSH,547180,2018,159,695,550,137,34,0,34,130,169,6,9,0.249,0.7078313253012049,0.5951940850277266,0.889,0.6279683377308707,0.4626865671641791,0.8410997204100652,0.486569274269557,0.5612,0.394,0.6509851226377161,0.54,26.0,0.0151529582140497,0.5134307257304431,2
Unknown_592518,BAL,592518,2018,169,739,660,196,37,3,40,72,112,2,5,0.297,0.6234939759036146,0.6839186691312387,0.909,0.6279683377308707,0.5074626865671642,0.4231127679403541,0.2707351555136664,0.7483,0.393,0.6485725774024929,0.56,26.0,0.0201201359992368,0.7292648444863337,2
Unknown_593428,BOS,593428,2018,141,607,537,155,45,3,24,57,103,6,7,0.289,0.6054216867469878,0.635859519408503,0.877,0.5804749340369393,0.5373134328358209,0.4068033550792171,0.3133836003770028,0.7265,0.393,0.6485725774024929,0.4866666666666667,26.0,0.0249739883793978,0.6866163996229973,2
Unknown_643603,HOU,643603,2018,70,253,221,61,13,3,12,27,54,4,1,0.276,0.6204819277108434,0.6487985212569318,0.889,0.6332453825857519,0.5373134328358209,0.4664492078285182,0.4163524976437323,0.664,0.393,0.6485725774024929,0.2866666666666667,28.0,0.0287049241882701,0.5836475023562675,2
Unknown_643446,NYM,643446,2018,63,248,225,74,11,6,3,14,24,5,0,0.329,0.6716867469879518,0.5489833641404807,0.852,0.3509234828496042,0.6716417910447762,0.2325256290773532,0.1416116870876531,0.8105,0.393,0.6485725774024929,0.28,26.0,0.0231552004961561,0.8583883129123466,3
Unknown_572761,STL,572761,2018,156,676,564,145,42,0,36,102,158,6,4,0.257,0.6506024096385542,0.6451016635859521,0.897,0.6781002638522428,0.4686567164179104,0.6724137931034483,0.4641847313854854,0.6065,0.392,0.6457579412947325,0.52,33.0,0.0199699290709238,0.5358152686145146,2
Unknown_553993,CIN,553993,2018,142,606,527,149,22,2,34,64,142,9,6,0.283,0.6265060240963854,0.6506469500924217,0.892,0.6174142480211081,0.5611940298507463,0.4613233923578751,0.4655984919886899,0.6452,0.391,0.6429433051869722,0.48,27.0,0.0329389437103208,0.5344015080113103,2
Unknown_596019,CLE,596019,2018,161,757,672,187,42,2,40,70,109,8,3,0.278,0.5843373493975904,0.6487985212569318,0.877,0.6279683377308707,0.4328358208955225,0.4002795899347623,0.252827521206409,0.7477,0.389,0.6377161238439886,0.5533333333333333,25.0,0.0201257216972577,0.7471724787935907,2
Unknown_608385,CIN,608385,2018,88,334,281,84,16,0,7,49,46,2,1,0.299,0.7439759036144579,0.4750462107208873,0.836,0.3245382585751979,0.6029850746268658,0.6528424976700838,0.2379830348727615,0.7066,0.386,0.6296743063932448,0.32,25.0,0.008161951292501,0.7620169651272384,2
Unknown_592206,DET,592206,2018,157,678,620,185,46,5,23,49,151,6,3,0.298,0.5903614457831324,0.6025878003696858,0.854,0.5092348284960422,0.6776119402985076,0.3061509785647717,0.4382657869934025,0.6962,0.384,0.6244471250502612,0.4933333333333333,26.0,0.0496131668073356,0.5617342130065974,2
Unknown_571745,SEA,571745,2018,157,683,596,170,38,4,26,70,148,10,7,0.285,0.6265060240963854,0.5896487985212571,0.859,0.525065963060686,0.6029850746268658,0.4468779123951537,0.4241281809613572,0.6662,0.384,0.6244471250502612,0.4933333333333333,28.0,0.0309142857339924,0.5758718190386427,2
Unknown_429664,SEA,429664,2018,80,348,310,94,22,0,10,32,47,4,2,0.303,0.6506024096385542,0.5489833641404807,0.845,0.4195250659630607,0.5820895522388061,0.3979496738117428,0.2318567389255419,0.7615,0.381,0.6164053075995175,0.3133333333333333,36.0,0.0184170456974239,0.7681432610744581,3
Unknown_501981,ATH,501981,2018,152,658,580,143,28,1,49,59,177,12,7,0.247,0.5030120481927711,0.6987060998151573,0.877,0.7810026385224274,0.3761194029850746,0.3872320596458528,0.5473609802073516,0.6231,0.38,0.613590671491757,0.4666666666666667,31.0,0.048038863945594,0.4526390197926484,2
Unknown_458015,CIN,458015,2018,144,623,503,143,28,2,12,108,101,9,3,0.284,0.7801204819277109,0.4528650646950093,0.837,0.3324538258575198,0.5940298507462688,0.7772600186393289,0.2954759660697455,0.6501,0.38,0.613590671491757,0.4533333333333333,35.0,0.0080880606332129,0.7045240339302543,2
Unknown_444482,AZ,444482,2018,146,614,560,164,25,5,30,48,124,4,2,0.293,0.5843373493975904,0.6321626617375233,0.868,0.5646437994722955,0.5791044776119404,0.3336439888164026,0.3894910461828464,0.7134,0.38,0.613590671491757,0.4466666666666666,31.0,0.0399915176968129,0.6105089538171538,2
Unknown_467092,TB,467092,2018,110,416,382,117,22,1,15,32,80,0,2,0.306,0.6024096385542169,0.5785582255083181,0.845,0.4538258575197889,0.6537313432835822,0.3275862068965517,0.3666352497643732,0.7308,0.379,0.6107760353839968,0.3466666666666667,31.0,0.0383952679578529,0.6333647502356268,2
Unknown_609280,NYY,609280,2018,153,618,583,172,47,2,27,27,99,4,4,0.295,0.5120481927710844,0.6414048059149724,0.85,0.5725593667546174,0.5402985074626866,0.1728797763280521,0.2909990574929312,0.7896,0.378,0.6083634901487736,0.44,23.0,0.0609493566124913,0.7090009425070687,2
Unknown_656305,ATH,656305,2018,146,621,552,153,42,6,24,58,146,9,2,0.277,0.5903614457831324,0.6118299445471351,0.86,0.5778364116094987,0.6029850746268658,0.4044734389561975,0.467483506126296,0.657,0.378,0.6083634901487736,0.44,25.0,0.0387142551354734,0.5325164938737041,2
Unknown_519203,CHC,519203,2018,152,669,570,161,29,1,25,70,80,20,9,0.282,0.6536144578313253,0.5434380776340113,0.844,0.467018469656992,0.4567164179104477,0.4566635601118359,0.1953345900094251,0.7459,0.378,0.6083634901487736,0.4666666666666667,29.0,0.0121250542434139,0.8046654099905746,2
Unknown_571697,CIN,571697,2018,154,638,584,181,30,3,23,42,125,4,5,0.31,0.5993975903614458,0.5841035120147875,0.847,0.4511873350923482,0.6686567164179104,0.2758620689655172,0.3751178133836004,0.7273,0.378,0.6083634901487736,0.4533333333333333,28.0,0.0476192067948082,0.6248821866163996,3
Unknown_542583,MIL,542583,2018,154,588,513,138,25,0,37,59,149,6,10,0.269,0.5632530120481928,0.6654343807763403,0.879,0.6754617414248021,0.4955223880597015,0.4366262814538676,0.510603204524034,0.6344,0.377,0.6055488540410132,0.4266666666666666,28.0,0.0388940701567316,0.4893967954759659,2
Unknown_514888,HOU,514888,2018,142,623,556,174,30,2,14,57,83,6,1,0.313,0.674698795180723,0.5101663585951943,0.832,0.337730870712401,0.6388059701492538,0.3956197576887232,0.2273798303487276,0.7608,0.377,0.6055488540410132,0.44,28.0,0.0181704456397299,0.7726201696512722,3
Unknown_488726,CLE,488726,2018,146,642,580,178,36,2,17,49,61,5,7,0.307,0.6144578313253012,0.5360443622920519,0.826,0.3905013192612137,0.5432835820895523,0.3247903075489282,0.1373704052780395,0.8193,0.377,0.6055488540410132,0.4466666666666666,31.0,0.0140931571352017,0.8626295947219604,3
Unknown_594809,WSH,594809,2018,94,370,319,96,18,1,5,38,64,11,0,0.301,0.710843373493976,0.4380776340110906,0.805,0.2664907651715039,0.6865671641791046,0.4478098788443616,0.3211592836946277,0.6892,0.377,0.6055488540410132,0.32,30.0,0.0225986069807834,0.6788407163053722,3
Unknown_543305,NYY,543305,2018,140,591,489,121,19,3,27,91,112,3,6,0.247,0.6234939759036146,0.5360443622920519,0.829,0.5488126649076517,0.3880597014925373,0.6868592730661696,0.3600377002827521,0.6481,0.376,0.6027342179332529,0.42,29.0,0.0138112302851011,0.6399622997172478,2
Unknown_624585,KC,624585,2018,61,257,223,59,18,0,9,28,69,4,2,0.265,0.5903614457831324,0.5397412199630316,0.82,0.5092348284960422,0.6149253731343284,0.4767008387698043,0.5461828463713478,0.607,0.376,0.6027342179332529,0.26,26.0,0.0377161707743583,0.4538171536286524,2
Unknown_456715,MIL,456715,2018,146,649,565,171,27,2,10,74,101,8,2,0.303,0.6987951807228917,0.4380776340110906,0.8,0.2612137203166226,0.6537313432835822,0.5004659832246039,0.2801602262016965,0.718,0.375,0.6003216726980296,0.4466666666666666,32.0,0.0164124725232487,0.7198397737983036,3
Unknown_592178,CHC,592178,2018,103,463,395,107,28,3,13,48,110,17,3,0.271,0.6415662650602411,0.5212569316081332,0.827,0.4643799472295514,0.6208955223880598,0.4524697110904007,0.4733741753063148,0.622,0.375,0.6003216726980296,0.36,26.0,0.0343417287978716,0.5266258246936852,2
Unknown_656555,PHI,656555,2018,153,660,559,137,38,0,34,87,150,9,5,0.245,0.5873493975903613,0.5951940850277266,0.849,0.6358839050131926,0.4089552238805971,0.5834109972041006,0.4491046182846371,0.6258,0.375,0.6003216726980296,0.4533333333333333,25.0,0.0233740797520961,0.5508953817153628,2
Unknown_408234,DET,408234,2018,38,157,134,40,11,0,3,22,27,0,1,0.299,0.7138554216867471,0.5064695009242146,0.843,0.3693931398416886,0.6507462686567164,0.6220876048462255,0.3188030160226202,0.6879,0.375,0.6003216726980296,0.2133333333333333,35.0,0.0137565514003142,0.6811969839773799,2
Unknown_592626,LAD,592626,2018,144,465,415,104,28,3,26,41,90,5,3,0.251,0.496987951807229,0.6395563770794825,0.844,0.6886543535620053,0.3701492537313433,0.380242311276794,0.3694627709707823,0.7054,0.373,0.5946924004825089,0.3533333333333334,26.0,0.0324575245809914,0.6305372290292177,2
Unknown_453568,COL,453568,2018,160,712,641,184,31,7,29,60,135,8,2,0.287,0.5903614457831324,0.5896487985212571,0.847,0.5197889182058048,0.5671641791044777,0.3620689655172414,0.3602733270499528,0.7135,0.373,0.5946924004825089,0.4666666666666667,32.0,0.033526583430463,0.639726672950047,2
Unknown_425783,TEX,425783,2018,146,665,560,148,30,1,21,92,156,10,2,0.264,0.6596385542168676,0.4805914972273569,0.81,0.4248021108179419,0.5850746268656717,0.6136999068033551,0.4663053722902922,0.6105,0.373,0.5946924004825089,0.4466666666666666,36.0,0.0228268927476791,0.5336946277097077,2
Unknown_614177,SD,614177,2018,86,285,261,73,9,0,16,24,80,0,0,0.28,0.5481927710843374,0.5988909426987061,0.838,0.5514511873350924,0.6298507462686568,0.3616029822926374,0.5749293119698398,0.6351,0.372,0.5922798552472859,0.2666666666666666,23.0,0.0545199437920049,0.4250706880301604,0
Unknown_605361,ATH,605361,2018,54,183,156,46,9,3,1,21,38,5,1,0.295,0.7078313253012049,0.4362292051756007,0.804,0.2796833773087071,0.737313432835821,0.5041938490214353,0.4029217719132894,0.6503,0.371,0.5894652191395255,0.22,28.0,0.0250125388211059,0.5970782280867106,3
Unknown_596847,TB,596847,2018,61,221,190,50,14,1,10,26,55,3,2,0.263,0.5993975903614458,0.6118299445471351,0.863,0.6147757255936676,0.5402985074626866,0.5172413793103448,0.5,0.6199,0.371,0.5894652191395255,0.24,27.0,0.0309597761786333,0.5,2
Unknown_502054,STL,502054,2018,136,570,494,136,18,6,21,67,140,6,3,0.275,0.6295180722891566,0.5360443622920519,0.83,0.4722955145118733,0.6208955223880598,0.5167753960857409,0.4922243166823751,0.6263,0.37,0.5866505830317652,0.3933333333333333,30.0,0.0304510389869079,0.5077756833176248,2
Unknown_500874,STL,500874,2018,152,590,534,163,30,0,17,49,104,2,3,0.305,0.6204819277108434,0.5231053604436231,0.821,0.3773087071240105,0.6477611940298508,0.3564771668219944,0.3289349670122526,0.7339,0.37,0.5866505830317652,0.4,30.0,0.031057399879394,0.6710650329877474,3
Unknown_543768,MIL,543768,2018,156,611,519,127,24,1,33,81,114,4,6,0.245,0.5722891566265059,0.5767097966728283,0.833,0.6121372031662269,0.3432835820895522,0.587138863000932,0.3532045240339302,0.6727,0.369,0.5842380377965419,0.4066666666666667,28.0,0.0172317439449369,0.6467954759660697,2
Unknown_450314,CHC,450314,2018,137,526,461,140,28,3,9,55,61,2,7,0.304,0.6536144578313253,0.4842883548983365,0.811,0.3245382585751979,0.5820895522388061,0.4566635601118359,0.1868520263901979,0.7738,0.369,0.5842380377965419,0.3666666666666667,37.0,0.011458898754558,0.8131479736098022,3
Unknown_609275,KC,609275,2018,74,291,275,76,13,3,14,11,77,1,1,0.276,0.4457831325301205,0.5988909426987061,0.804,0.5620052770448548,0.6000000000000002,0.1453867660764212,0.5369934024505184,0.6838,0.369,0.5842380377965419,0.2666666666666666,23.0,0.1254825132637142,0.4630065975494817,0
Unknown_643217,BOS,643217,2018,153,688,602,173,42,6,16,74,113,3,7,0.287,0.6204819277108434,0.5231053604436231,0.821,0.4221635883905013,0.5761194029850747,0.4706430568499534,0.3004241281809614,0.7209,0.368,0.5814234016887816,0.44,24.0,0.0195308404655049,0.6995758718190386,3
Unknown_519317,NYY,519317,2018,163,727,638,169,34,1,39,71,218,8,10,0.265,0.5512048192771085,0.6118299445471351,0.846,0.6094986807387862,0.5910447761194031,0.4245107176141658,0.6201696512723845,0.5915,0.368,0.5814234016887816,0.4533333333333333,29.0,0.049407601892229,0.3798303487276153,0
Unknown_501896,PIT,501896,2018,118,319,286,84,12,2,11,24,73,5,4,0.294,0.5903614457831324,0.5378927911275417,0.819,0.4274406332453826,0.6567164179104478,0.3196644920782852,0.4526390197926485,0.6803,0.366,0.5761962203457981,0.2733333333333333,35.0,0.0488840810593201,0.5473609802073516,0
Unknown_656941,CHC,656941,2018,137,511,429,102,14,3,26,78,141,1,2,0.238,0.5933734939759036,0.5397412199630316,0.821,0.5778364116094987,0.4597014925373134,0.6803355079217148,0.5636192271442035,0.5675,0.366,0.5761962203457981,0.3533333333333334,25.0,0.0249885632971685,0.4363807728557964,2
Unknown_443558,SEA,443558,2018,144,591,519,133,18,1,37,55,122,14,3,0.256,0.5542168674698796,0.6192236598890943,0.85,0.6411609498680738,0.3880597014925373,0.4030754892823858,0.3998586239396796,0.6768,0.366,0.5761962203457981,0.3866666666666667,38.0,0.0329045102233377,0.6001413760603205,2
Unknown_475582,WSH,475582,2018,85,323,288,76,21,2,13,30,55,3,2,0.264,0.5391566265060243,0.5767097966728283,0.824,0.5620052770448548,0.4477611940298507,0.402143522833178,0.3147973609802074,0.7276,0.366,0.5761962203457981,0.2733333333333333,34.0,0.0254755320877978,0.6852026390197925,2
Unknown_571788,BOS,571788,2018,108,377,331,93,19,3,8,37,76,7,2,0.281,0.6174698795180723,0.4713493530499077,0.792,0.366754617414248,0.6179104477611942,0.4263746505125815,0.3885485391140433,0.6817,0.365,0.5733815842380378,0.2933333333333333,30.0,0.0297703655358896,0.6114514608859567,3
Unknown_518586,ATL,518586,2018,115,335,308,82,18,2,12,22,89,4,1,0.266,0.4939759036144578,0.5194085027726434,0.777,0.4722955145118733,0.6059701492537314,0.2753960857409133,0.5395852968897267,0.6567,0.365,0.5733815842380378,0.28,29.0,0.0682703129640148,0.4604147031102732,0
Unknown_553882,CWS,553882,2018,95,322,280,77,14,1,9,38,65,2,0,0.275,0.6265060240963854,0.4713493530499077,0.794,0.3825857519788918,0.5850746268656717,0.5191053122087604,0.3892554194156456,0.6677,0.365,0.5733815842380378,0.2733333333333333,26.0,0.0231115075993334,0.6107445805843545,3
Unknown_592663,MIA,592663,2018,125,529,477,132,30,3,21,38,104,10,4,0.277,0.5481927710843374,0.5730129390018486,0.825,0.525065963060686,0.5313432835820896,0.3038210624417521,0.3767672007540056,0.7127,0.365,0.5733815842380378,0.36,27.0,0.0429924234111072,0.6232327992459943,0
Unknown_570256,PIT,570256,2018,130,534,463,117,32,6,23,61,117,3,7,0.253,0.5451807228915663,0.5970425138632165,0.836,0.6200527704485488,0.4507462686567164,0.5013979496738117,0.4297832233741753,0.6573,0.365,0.5733815842380378,0.36,27.0,0.027128686747987,0.5702167766258248,2
Unknown_621002,TB,621002,2018,87,340,282,74,16,0,9,43,77,13,2,0.262,0.674698795180723,0.4454713493530499,0.797,0.3773087071240105,0.5791044776119404,0.5587138863000932,0.4472196041470311,0.6088,0.365,0.5733815842380378,0.28,24.0,0.0246502109700894,0.5527803958529689,2
Unknown_624577,LAD,624577,2018,132,466,422,112,22,1,23,41,93,1,2,0.265,0.5180722891566266,0.5767097966728283,0.816,0.5567282321899736,0.4626865671641791,0.3793103448275862,0.3838360037700283,0.7103,0.364,0.5705669481302773,0.3333333333333333,28.0,0.0338957221477712,0.6161639962299716,2
Unknown_544369,NYY,544369,2018,139,588,521,139,24,5,27,48,73,7,10,0.267,0.5210843373493976,0.5804066543438078,0.819,0.5593667546174143,0.3761194029850746,0.3494874184529357,0.205937794533459,0.7789,0.364,0.5705669481302773,0.38,28.0,0.0194304052352067,0.7940622054665412,2
Unknown_465041,PIT,465041,2018,104,404,332,86,15,3,12,51,84,15,4,0.259,0.6626506024096387,0.4750462107208873,0.809,0.4300791556728232,0.5194029850746269,0.5573159366262814,0.4033930254476909,0.6238,0.364,0.5705669481302773,0.3066666666666666,32.0,0.0218798802677356,0.5966069745523093,2
Unknown_461314,LAD,461314,2018,151,517,473,137,26,0,21,36,117,1,7,0.29,0.5391566265060243,0.5619223659889094,0.814,0.4722955145118733,0.6119402985074628,0.2935694315004659,0.4467483506126296,0.7021,0.363,0.5681544028950543,0.3466666666666667,34.0,0.0529271311091643,0.5532516493873705,0
Unknown_429665,CLE,429665,2018,140,590,510,124,16,1,32,65,136,8,7,0.243,0.5301204819277109,0.5415896487985215,0.801,0.5672823218997362,0.3880597014925373,0.4827586206896552,0.4566446748350612,0.6458,0.363,0.5681544028950543,0.38,35.0,0.0304788872548072,0.5433553251649386,2
Unknown_500871,MIN,500871,2018,150,631,566,154,48,3,23,52,126,5,8,0.272,0.5301204819277109,0.5822550831792976,0.824,0.5488126649076517,0.5194029850746269,0.353215284249767,0.384071630537229,0.71,0.363,0.5681544028950543,0.3933333333333333,29.0,0.0369028316123793,0.6159283694627711,2
Unknown_571771,LAD,571771,2018,151,485,420,105,17,3,22,55,83,1,5,0.25,0.533132530120482,0.5323475046210722,0.797,0.5356200527704486,0.373134328358209,0.4976700838769804,0.3166823751178134,0.7052,0.362,0.5653397667872939,0.3333333333333333,27.0,0.019197848859342,0.6833176248821866,2
Unknown_657656,ATH,657656,2018,47,180,159,45,12,1,5,17,52,2,2,0.283,0.5963855421686747,0.5378927911275417,0.821,0.4564643799472295,0.7492537313432835,0.4091332712022367,0.5942507068803016,0.6056,0.362,0.5653397667872939,0.2133333333333333,24.0,0.0492291544138039,0.4057492931196986,0
Unknown_572039,ATH,572039,2018,151,609,549,146,41,0,27,43,116,12,5,0.266,0.5180722891566266,0.5804066543438078,0.818,0.5620052770448548,0.4656716417910447,0.2982292637465051,0.3623939679547597,0.7192,0.362,0.5653397667872939,0.38,27.0,0.0422208877616961,0.6376060320452404,2
Unknown_475253,TOR,475253,2018,143,594,505,122,34,0,25,83,156,3,3,0.242,0.5783132530120482,0.5231053604436231,0.808,0.546174142480211,0.4865671641791045,0.6202236719478098,0.5322808671065032,0.5926,0.362,0.5653397667872939,0.3733333333333333,32.0,0.0263772742291184,0.4677191328934968,2
Unknown_457708,LAA,457708,2018,145,613,533,137,18,1,30,64,176,10,6,0.257,0.5602409638554217,0.534195933456562,0.808,0.5197889182058048,0.5582089552238807,0.4557315936626281,0.5900094250706881,0.5922,0.362,0.5653397667872939,0.3866666666666667,31.0,0.0432215625495867,0.409990574929312,0
Unknown_641355,LAD,641355,2018,167,657,578,146,28,7,25,73,156,3,3,0.253,0.5421686746987954,0.5194085027726434,0.793,0.5092348284960422,0.5014925373134328,0.4869524697110904,0.4729029217719133,0.6469,0.361,0.5625251306795336,0.4,23.0,0.0313530238353389,0.5270970782280866,0
Unknown_593160,KC,593160,2018,158,707,632,192,43,3,12,61,114,6,6,0.304,0.6295180722891566,0.4879852125693162,0.806,0.3298153034300791,0.6507462686567164,0.3713886300093196,0.2933553251649388,0.7412,0.361,0.5625251306795336,0.42,29.0,0.0261481118697068,0.7066446748350612,3
Unknown_543257,MIN,543257,2018,128,465,396,108,27,1,5,60,83,2,5,0.273,0.6295180722891566,0.3881700554528651,0.751,0.2691292875989445,0.5820895522388061,0.570363466915191,0.3341187558906692,0.6839,0.361,0.5625251306795336,0.32,29.0,0.01677652367432,0.6658812441093309,3
Unknown_516782,PIT,516782,2018,145,606,559,155,32,5,20,35,109,8,3,0.277,0.5090361445783133,0.5286506469500927,0.787,0.4564643799472295,0.5313432835820896,0.2385834109972041,0.3374175306314798,0.7475,0.36,0.5601125854443103,0.3733333333333333,30.0,0.0502371005811803,0.6625824693685203,3
Unknown_624428,PIT,624428,2018,112,352,318,88,23,2,10,29,53,3,1,0.277,0.5542168674698796,0.5212569316081332,0.798,0.4485488126649076,0.5104477611940299,0.353215284249767,0.2683788878416588,0.7557,0.36,0.5601125854443103,0.2733333333333333,27.0,0.0253693859240193,0.7316211121583411,3
Unknown_518735,LAD,518735,2018,147,543,462,109,24,2,25,75,134,3,3,0.236,0.5602409638554217,0.5268022181146028,0.803,0.5646437994722955,0.4208955223880598,0.6127679403541473,0.4950518378887842,0.6096,0.359,0.55729794933655,0.3466666666666667,30.0,0.0245843432775995,0.5049481621112157,2
Unknown_543807,HOU,543807,2018,143,641,567,153,28,0,25,66,125,5,3,0.27,0.575301204819277,0.512014787430684,0.801,0.4564643799472295,0.5104477611940299,0.4492078285181733,0.3729971724787936,0.6927,0.359,0.55729794933655,0.3866666666666667,29.0,0.0266378300526781,0.6270028275212063,3
Unknown_455976,ATL,455976,2018,166,720,635,186,43,2,14,75,82,1,9,0.293,0.6204819277108434,0.478743068391867,0.797,0.345646437994723,0.5373134328358209,0.4547996272134203,0.181903864278982,0.7806,0.359,0.55729794933655,0.4133333333333333,35.0,0.0111512156131655,0.8180961357210179,3
Unknown_624424,NYM,624424,2018,153,638,543,132,25,1,28,84,159,7,4,0.243,0.5783132530120482,0.5064695009242146,0.797,0.5145118733509234,0.4626865671641791,0.5829450139794968,0.5007068803016023,0.6082,0.359,0.55729794933655,0.38,25.0,0.0266179966789742,0.4992931196983978,2
Unknown_605480,TB,605480,2018,136,544,480,142,27,10,2,47,98,8,2,0.296,0.6295180722891566,0.4288354898336415,0.773,0.2664907651715039,0.6925373134328358,0.3718546132339236,0.3378887841658813,0.7059,0.358,0.5544833132287896,0.3466666666666667,25.0,0.0303402862258875,0.6621112158341187,3
Unknown_621311,COL,621311,2018,80,282,260,68,11,3,16,19,71,1,2,0.262,0.463855421686747,0.6247689463955639,0.824,0.6358839050131926,0.4865671641791045,0.2833178005591799,0.5068331762488218,0.6773,0.357,0.5520707679935666,0.2466666666666667,24.0,0.0623042652025934,0.4931668237511781,0
Unknown_592669,SD,592669,2018,117,441,403,100,23,1,26,30,109,3,5,0.248,0.4337349397590361,0.6099815157116453,0.805,0.6517150395778364,0.4089552238805971,0.2861136999068033,0.4959943449575872,0.678,0.357,0.5520707679935666,0.3,26.0,0.0603568886152977,0.504005655042413,0
Unknown_572816,PIT,572816,2018,135,533,504,151,35,7,13,21,80,4,4,0.3,0.5180722891566266,0.5545286506469502,0.804,0.4379947229551451,0.5940298507462688,0.1528424976700838,0.2672007540056551,0.803,0.357,0.5520707679935666,0.34,29.0,0.0637315338384181,0.7327992459943451,3
Unknown_493316,NYM,493316,2018,38,157,141,37,6,0,9,13,50,1,2,0.262,0.5030120481927711,0.5951940850277266,0.821,0.5936675461741425,0.5940298507462688,0.3550792171481826,0.6639962299717248,0.5924,0.357,0.5520707679935666,0.2,33.0,0.0644471787042976,0.3360037700282752,0
Unknown_621035,LAD,621035,2018,155,618,549,142,35,9,18,56,181,9,4,0.259,0.533132530120482,0.5175600739371535,0.789,0.4907651715039578,0.644776119402985,0.391425908667288,0.6036757775683317,0.6019,0.356,0.5492561318858061,0.3666666666666667,28.0,0.0525681840110672,0.3963242224316685,0
Unknown_476704,ATH,476704,2018,158,684,600,159,37,1,23,78,129,3,3,0.265,0.5813253012048193,0.500924214417745,0.796,0.4511873350923482,0.5014925373134328,0.5004659832246039,0.3579170593779453,0.693,0.356,0.5492561318858061,0.3866666666666667,34.0,0.022015385574985,0.6420829406220547,2
Unknown_543068,TB,543068,2018,140,560,501,127,28,1,30,37,145,17,5,0.253,0.496987951807229,0.5896487985212571,0.816,0.6094986807387862,0.4746268656716418,0.277260018639329,0.5235626767200754,0.6446,0.356,0.5492561318858061,0.3466666666666667,28.0,0.0658054401817913,0.4764373232799246,0
Unknown_592200,CIN,592200,2018,51,156,140,41,10,0,4,12,32,2,1,0.293,0.5933734939759036,0.5101663585951943,0.805,0.3905013192612137,0.6507462686567164,0.3275862068965517,0.3967954759660698,0.6987,0.356,0.5492561318858061,0.2,30.0,0.0416169926396882,0.6032045240339301,3
Unknown_592696,MIN,592696,2018,136,592,559,161,31,2,24,30,104,0,2,0.288,0.496987951807229,0.5637707948243993,0.803,0.4802110817941952,0.5432835820895523,0.2054986020503262,0.3275212064090481,0.772,0.356,0.5492561318858061,0.3533333333333334,27.0,0.057070111045491,0.672478793590952,3
Unknown_650402,NYY,650402,2018,127,502,447,121,16,1,24,44,125,5,5,0.271,0.5451807228915663,0.5508317929759705,0.811,0.5065963060686016,0.555223880597015,0.3774464119291705,0.5002356267672007,0.6514,0.355,0.5464414957780458,0.32,22.0,0.0450112850872833,0.4997643732327992,0
Unknown_457705,SF,457705,2018,160,701,587,147,30,3,20,96,148,11,7,0.25,0.6144578313253012,0.4436229205175602,0.776,0.4089709762532981,0.4895522388059701,0.6071761416589002,0.410933081998115,0.6362,0.355,0.5464414957780458,0.3933333333333333,32.0,0.0198401253058298,0.5890669180018848,2
Unknown_592192,ATH,592192,2018,120,412,366,91,22,0,17,34,89,10,2,0.249,0.5120481927710844,0.5064695009242146,0.776,0.5013192612137203,0.4417910447761193,0.3536812674743709,0.4224787935909519,0.6772,0.355,0.5464414957780458,0.2866666666666667,29.0,0.0406701533830523,0.5775212064090482,0
Unknown_607208,WSH,607208,2018,161,740,664,180,27,6,19,69,132,5,0,0.271,0.5602409638554217,0.4473197781885398,0.76,0.3588390501319261,0.5373134328358209,0.4035414725069897,0.3338831291234684,0.7189,0.355,0.5464414957780458,0.4066666666666667,25.0,0.027043506350065,0.6661168708765315,3
Unknown_622168,STL,622168,2018,103,329,293,81,16,0,8,30,71,4,2,0.276,0.5783132530120482,0.4417744916820703,0.763,0.337730870712401,0.6089552238805972,0.3942218080149114,0.4220075400565504,0.6809,0.355,0.5464414957780458,0.26,23.0,0.0357934581249364,0.5779924599434496,3
Unknown_622666,ATL,622666,2018,138,540,479,126,27,1,19,52,113,6,3,0.263,0.5512048192771085,0.4972273567467654,0.783,0.4511873350923482,0.5134328358208955,0.417986952469711,0.4066918001885015,0.6833,0.354,0.5440289505428226,0.3333333333333333,25.0,0.0320614885445731,0.5933081998114984,0
Unknown_621566,ATH,621566,2018,161,664,582,143,33,0,29,72,163,8,2,0.246,0.5361445783132531,0.5138632162661738,0.788,0.5197889182058048,0.4686567164179104,0.4743709226467847,0.4919886899151743,0.634,0.354,0.5440289505428226,0.3733333333333333,24.0,0.033829493941896,0.5080113100848256,0
Unknown_621563,TB,621563,2018,139,545,487,146,33,6,7,37,96,9,10,0.3,0.5903614457831324,0.4824399260628466,0.789,0.3350923482849604,0.6537313432835822,0.2856477166821994,0.3284637134778511,0.7358,0.354,0.5440289505428226,0.3333333333333333,28.0,0.0401928088414082,0.6715362865221488,3
Unknown_605137,PIT,605137,2018,148,583,501,131,31,4,12,77,104,0,5,0.261,0.5993975903614458,0.4380776340110906,0.768,0.3720316622691292,0.5104477611940299,0.5848089468779124,0.3338831291234684,0.6895,0.353,0.5412143144350623,0.34,26.0,0.016133361519575,0.6661168708765315,3
Unknown_518614,AZ,518614,2018,138,423,350,83,22,4,13,64,110,2,7,0.237,0.5843373493975904,0.4805914972273569,0.787,0.496042216358839,0.4925373134328358,0.6742777260018639,0.5261545711592837,0.5816,0.353,0.5412143144350623,0.2866666666666667,32.0,0.0232551881742398,0.4738454288407163,2
Unknown_614173,SD,614173,2018,38,154,139,33,5,1,7,14,55,0,0,0.237,0.4487951807228916,0.489833641404806,0.746,0.5065963060686016,0.6089552238805972,0.3928238583410997,0.7549481621112157,0.5455,0.353,0.5412143144350623,0.1933333333333333,24.0,0.0660319018888759,0.2450518378887842,0
Unknown_435062,WSH,435062,2018,40,160,152,46,14,0,4,5,29,2,1,0.303,0.5210843373493976,0.5545286506469502,0.805,0.4274406332453826,0.644776119402985,0.1146318732525628,0.3404806786050895,0.775,0.353,0.5412143144350623,0.1933333333333333,35.0,0.1024047804841852,0.6595193213949104,3
Unknown_454560,SD,454560,2018,64,183,151,41,8,0,1,26,37,1,2,0.272,0.6626506024096387,0.3142329020332717,0.722,0.1688654353562005,0.6388059701492538,0.6314072693383038,0.3899622997172479,0.6339,0.352,0.538399678327302,0.2,37.0,0.0175356598614771,0.6100377002827522,3
Unknown_471865,COL,471865,2018,136,518,475,130,32,5,16,39,118,1,3,0.274,0.5120481927710844,0.534195933456562,0.791,0.4749340369393139,0.5880597014925374,0.3201304753028891,0.4502827521206409,0.695,0.351,0.5359871330920788,0.3133333333333333,33.0,0.0485488282430491,0.549717247879359,0
Unknown_664023,CHC,664023,2018,135,463,387,90,19,2,15,71,167,3,2,0.233,0.5903614457831324,0.4325323475046211,0.762,0.4406332453825857,0.6805970149253732,0.6835973904939422,0.763430725730443,0.4795,0.351,0.5359871330920788,0.2933333333333333,24.0,0.0355355407166217,0.2365692742695571,0
Unknown_553869,PIT,553869,2018,81,277,252,72,12,0,10,21,40,1,3,0.286,0.5451807228915663,0.5138632162661738,0.792,0.41688654353562,0.5014925373134328,0.3224603914259087,0.253770028275212,0.7762,0.351,0.5359871330920788,0.2333333333333333,28.0,0.0268664053456759,0.746229971724788,3
Unknown_605119,MIA,605119,2018,156,670,590,161,34,4,11,62,129,16,2,0.273,0.5993975903614458,0.4177449168207025,0.757,0.3113456464379947,0.5910447761194031,0.4002795899347623,0.3671065032987747,0.691,0.351,0.5359871330920788,0.3666666666666667,25.0,0.0302742904976016,0.6328934967012252,3
Unknown_448602,WSH,448602,2018,85,235,206,51,8,0,13,24,64,2,3,0.248,0.5120481927710844,0.5582255083179299,0.803,0.5778364116094987,0.4597014925373134,0.4450139794967381,0.5551366635249764,0.617,0.35,0.5331724969843183,0.22,35.0,0.0416149218690492,0.4448633364750236,0
Unknown_595909,MIN,595909,2018,87,309,283,75,16,2,13,18,102,3,3,0.265,0.4668674698795181,0.5526802218114604,0.786,0.525065963060686,0.6835820895522388,0.2409133271202236,0.6913289349670122,0.5955,0.35,0.5331724969843183,0.24,26.0,0.099586623219513,0.3086710650329878,0
Unknown_593871,MIN,593871,2018,77,333,302,87,18,3,6,25,62,2,1,0.288,0.5632530120481928,0.467652495378928,0.773,0.3430079155672823,0.6298507462686568,0.3191985088536813,0.3522620169651272,0.7237,0.35,0.5331724969843183,0.2466666666666667,25.0,0.0379832017028266,0.6477379830348726,3
Unknown_594953,CWS,594953,2018,124,449,417,100,15,3,27,30,153,2,0,0.24,0.4096385542168674,0.5730129390018486,0.778,0.6226912928759895,0.5194029850746269,0.2805219012115563,0.7165409990574929,0.588,0.35,0.5331724969843183,0.2866666666666667,27.0,0.08874179980633,0.2834590009425071,0
Unknown_606466,AZ,606466,2018,151,580,520,135,26,12,14,54,79,3,2,0.26,0.5240963855421686,0.4861367837338263,0.768,0.4432717678100263,0.4417910447761193,0.4030754892823858,0.2344486333647502,0.7638,0.35,0.5331724969843183,0.3333333333333333,25.0,0.0183099092499839,0.7655513666352498,3
Unknown_547989,CWS,547989,2018,128,553,499,132,36,1,22,37,109,11,6,0.265,0.5030120481927711,0.5526802218114604,0.798,0.525065963060686,0.4776119402985074,0.2809878844361603,0.3779453345900094,0.7161,0.35,0.5331724969843183,0.32,31.0,0.0470188894751927,0.6220546654099905,0
Unknown_640457,PIT,640457,2018,58,191,178,51,9,2,6,10,40,1,2,0.287,0.5030120481927711,0.5304990757855823,0.785,0.4353562005277044,0.6029850746268658,0.2134203168685927,0.4069274269557022,0.733,0.349,0.530357860876558,0.2,23.0,0.0673420837962527,0.5930725730442978,3
Unknown_595777,TEX,595777,2018,145,594,524,133,35,6,20,54,88,12,4,0.254,0.533132530120482,0.524953789279113,0.793,0.5145118733509234,0.4029850746268657,0.3928238583410997,0.26248821866164,0.7407,0.349,0.530357860876558,0.3333333333333333,25.0,0.0215291161534132,0.73751178133836,3
Unknown_664056,STL,664056,2018,128,427,379,100,20,2,12,31,125,11,4,0.264,0.5301204819277109,0.4584103512014788,0.756,0.3931398416886543,0.6686567164179104,0.3075489282385834,0.6032045240339302,0.6042,0.349,0.530357860876558,0.28,24.0,0.0680291511541874,0.3967954759660699,0
Unknown_594988,CIN,594988,2018,106,430,380,97,19,0,17,39,99,9,2,0.255,0.5391566265060243,0.489833641404806,0.777,0.4617414248021108,0.4985074626865672,0.3918918918918919,0.455937794533459,0.6581,0.349,0.530357860876558,0.28,28.0,0.039118918337954,0.5440622054665412,0
Unknown_467793,PHI,467793,2018,161,679,560,128,28,2,24,110,93,1,8,0.229,0.5843373493975904,0.4436229205175602,0.766,0.467018469656992,0.2895522388059702,0.7241379310344828,0.2363336475023563,0.6996,0.349,0.530357860876558,0.36,32.0,0.0063624437473959,0.7636663524976435,2
Unknown_516416,SEA,516416,2018,144,632,586,178,29,3,10,32,69,4,6,0.304,0.5512048192771085,0.4454713493530499,0.755,0.2691292875989445,0.5761194029850747,0.2050326188257222,0.1708294062205466,0.8275,0.349,0.530357860876558,0.3466666666666667,28.0,0.0317650851076517,0.8291705937794533,3
Unknown_643393,HOU,643393,2018,96,301,260,69,16,0,6,34,45,3,1,0.265,0.5963855421686747,0.4103512014787432,0.752,0.3218997361477572,0.4955223880597015,0.4958061509785647,0.2657869934024505,0.7176,0.348,0.527945315641335,0.2333333333333333,27.0,0.0156014099152232,0.7342130065975494,3
Unknown_545341,TOR,545341,2018,117,462,424,104,32,1,25,27,122,8,3,0.245,0.4307228915662651,0.6062846580406656,0.803,0.6543535620052771,0.4417910447761193,0.2413793103448275,0.5358152686145146,0.6602,0.348,0.527945315641335,0.2866666666666667,27.0,0.0775245778554376,0.4641847313854854,0
Unknown_608336,TEX,608336,2018,148,577,500,103,24,1,40,74,207,3,0,0.206,0.463855421686747,0.5988909426987061,0.81,0.7467018469656991,0.3432835820895522,0.5666356011183598,0.7589538171536286,0.5078,0.348,0.527945315641335,0.3266666666666666,25.0,0.0441651817878418,0.2410461828463714,0
Unknown_430832,NYM,430832,2018,122,399,325,66,18,0,13,67,111,6,1,0.203,0.5722891566265059,0.3770794824399261,0.727,0.4379947229551451,0.382089552238806,0.7516309412861136,0.5690386427898209,0.5388,0.348,0.527945315641335,0.2666666666666666,38.0,0.0220647941933379,0.4309613572101791,0
Unknown_592743,LAA,592743,2018,146,600,554,162,26,5,11,35,44,5,5,0.292,0.5391566265060243,0.4491682070240296,0.754,0.3060686015831134,0.4955223880597015,0.2409133271202236,0.0862393967954759,0.8583,0.348,0.527945315641335,0.3333333333333333,29.0,0.0143293852278353,0.9137606032045238,3
Unknown_547982,DET,547982,2018,83,353,318,81,15,3,11,30,77,3,2,0.255,0.496987951807229,0.4639556377079483,0.747,0.4248021108179419,0.5014925373134328,0.3653308480894688,0.4274269557021677,0.6884,0.348,0.527945315641335,0.2533333333333333,30.0,0.0396578701518674,0.5725730442978323,0
Unknown_493329,HOU,493329,2018,141,596,557,160,34,1,14,26,68,6,7,0.287,0.4939759036144578,0.467652495378928,0.749,0.345646437994723,0.5044776119402985,0.1724137931034482,0.1823751178133836,0.8322,0.347,0.5251306795335746,0.3266666666666666,34.0,0.0406467459595061,0.8176248821866163,3
Unknown_514917,PHI,514917,2018,161,708,605,153,15,3,15,95,155,4,3,0.253,0.5963855421686747,0.3475046210720888,0.718,0.2638522427440633,0.5402985074626866,0.5945945945945946,0.4293119698397739,0.6398,0.347,0.5251306795335746,0.36,28.0,0.0215655938466389,0.5706880301602262,3
Unknown_434158,TOR,434158,2018,123,406,346,83,22,2,13,54,107,4,1,0.24,0.5722891566265059,0.4695009242144178,0.776,0.4722955145118733,0.5194029850746269,0.5890027958993477,0.53440150801131,0.5911,0.346,0.5223160434258142,0.2666666666666666,37.0,0.0283410986654301,0.4655984919886897,0
Unknown_572041,AZ,572041,2018,113,460,413,106,21,5,21,31,100,8,7,0.257,0.4759036144578313,0.5730129390018486,0.8,0.5778364116094987,0.4477611940298507,0.2833178005591799,0.4257775683317625,0.6957,0.346,0.5223160434258142,0.28,31.0,0.0524254845966727,0.5742224316682374,0
Unknown_455139,TEX,455139,2018,111,426,360,80,15,1,18,45,140,19,2,0.222,0.5421686746987954,0.4528650646950093,0.757,0.496042216358839,0.5074626865671642,0.4613233923578751,0.6877945334590009,0.5211,0.346,0.5223160434258142,0.2733333333333333,34.0,0.0502232744864844,0.3122054665409992,0
Unknown_503556,HOU,503556,2018,146,575,510,129,27,3,17,54,132,4,2,0.253,0.5120481927710844,0.4510166358595195,0.746,0.4116094986807387,0.5223880597014926,0.4068033550792171,0.4545240339302545,0.6609,0.345,0.5195014073180538,0.3133333333333333,29.0,0.0373211184872127,0.5454759660697455,0
Unknown_502517,WSH,502517,2018,92,356,332,98,15,0,12,21,41,0,3,0.295,0.5301204819277109,0.5083179297597045,0.783,0.3825857519788918,0.5104477611940299,0.244175209692451,0.1849670122525918,0.8258,0.345,0.5195014073180538,0.2466666666666667,33.0,0.0277863572411133,0.8150329877474081,3
Unknown_640461,ATH,640461,2018,107,333,298,77,12,1,13,27,88,6,0,0.258,0.5240963855421686,0.4842883548983365,0.769,0.445910290237467,0.5701492537313434,0.3471575023299161,0.536286522148916,0.6306,0.345,0.5195014073180538,0.24,26.0,0.0530723516718776,0.4637134778510841,0
Unknown_641598,MIN,641598,2018,95,335,302,81,19,2,7,29,72,2,1,0.268,0.533132530120482,0.4436229205175602,0.749,0.3614775725593667,0.5850746268656717,0.3727865796831314,0.4198868991517436,0.6896,0.345,0.5195014073180538,0.24,27.0,0.0380250753763671,0.5801131008482565,3
Unknown_571976,SD,571976,2018,83,343,312,79,25,1,11,30,94,0,1,0.253,0.4819277108433735,0.5027726432532349,0.763,0.4828496042216359,0.5761194029850747,0.3769804287045666,0.55937794533459,0.6385,0.345,0.5195014073180538,0.2466666666666667,28.0,0.050626430650845,0.44062205466541,0
Unknown_474832,SF,474832,2018,112,456,399,101,18,2,14,49,107,6,2,0.253,0.5542168674698796,0.4436229205175602,0.756,0.3984168865435356,0.5283582089552239,0.4701770736253494,0.4663053722902922,0.6447,0.345,0.5195014073180538,0.28,30.0,0.0322339302271142,0.5336946277097077,0
Unknown_596059,TEX,596059,2018,129,535,474,120,23,2,18,43,127,11,5,0.253,0.5060240963855422,0.4621072088724585,0.751,0.4274406332453826,0.5104477611940299,0.3438956197576887,0.4729029217719133,0.6579,0.344,0.5170888620828307,0.3,24.0,0.0471456289722975,0.5270970782280866,0
Unknown_134181,TEX,134181,2018,119,481,433,118,23,1,15,34,96,6,8,0.273,0.5120481927710844,0.4805914972273569,0.763,0.4036939313984168,0.5313432835820896,0.298695246971109,0.3838360037700283,0.7173,0.344,0.5170888620828307,0.28,39.0,0.0446383207489231,0.6161639962299716,3
Unknown_571431,WSH,571431,2018,119,337,306,73,10,0,21,27,73,4,0,0.239,0.4548192771084337,0.5600739371534196,0.786,0.6068601583113455,0.3313432835820895,0.342497670083877,0.4238925541941564,0.6914,0.344,0.5170888620828307,0.24,30.0,0.0423335284925274,0.5761074458058435,0
Unknown_596748,PHI,596748,2018,131,465,433,117,17,1,22,29,62,0,3,0.27,0.4698795180722892,0.5415896487985215,0.78,0.4934036939313984,0.4059701492537314,0.2600186393289841,0.2276154571159284,0.8043,0.344,0.5170888620828307,0.28,26.0,0.0313414931214152,0.7723845428840714,3
Unknown_519346,MIL,519346,2018,94,278,247,54,10,3,16,29,97,2,0,0.219,0.4457831325301205,0.5619223659889094,0.783,0.6596306068601583,0.4477611940298507,0.4552656104380242,0.7356267672007539,0.5396,0.343,0.5142742259750703,0.22,32.0,0.0547411576442333,0.264373232799246,0
Unknown_570267,MIL,570267,2018,89,241,215,57,14,1,5,22,79,1,3,0.265,0.5240963855421686,0.434380776340111,0.741,0.3562005277044854,0.7582089552238808,0.3946877912395154,0.6859095193213949,0.5768,0.342,0.51145958986731,0.2066666666666666,26.0,0.0594871934845559,0.3140904806786051,0
Unknown_518934,COL,518934,2018,132,599,548,150,34,2,15,40,85,2,7,0.274,0.4939759036144578,0.4639556377079483,0.747,0.3746701846965699,0.4865671641791045,0.2805219012115563,0.2478793590951932,0.7846,0.342,0.51145958986731,0.3133333333333333,30.0,0.0311098762521209,0.7521206409048065,3
Unknown_642715,TB,642715,2018,85,323,288,80,7,0,10,31,95,1,2,0.278,0.5722891566265059,0.4288354898336415,0.754,0.3139841688654353,0.728358208955224,0.4165890027958993,0.6065032987747407,0.6037,0.342,0.51145958986731,0.2333333333333333,23.0,0.049290323864526,0.3934967012252592,0
Unknown_434778,TOR,434778,2018,130,471,413,103,15,0,21,50,95,3,5,0.249,0.5210843373493976,0.4879852125693162,0.769,0.4749340369393139,0.4119402985074627,0.4641192917054986,0.3887841658812441,0.6858,0.342,0.51145958986731,0.2733333333333333,35.0,0.0267547919790285,0.6112158341187559,0
Unknown_518626,TOR,518626,2018,55,231,198,47,14,0,8,32,58,0,1,0.237,0.5542168674698796,0.4713493530499077,0.771,0.4828496042216359,0.4746268656716418,0.614631873252563,0.5051837888784165,0.6104,0.341,0.5090470446320868,0.2066666666666666,33.0,0.0250853724813329,0.4948162111215834,0
Unknown_543228,CLE,543228,2018,115,444,411,109,26,0,16,22,123,8,3,0.265,0.4668674698795181,0.500924214417745,0.758,0.4511873350923482,0.6089552238805972,0.1999068033550792,0.5662111215834119,0.6554,0.341,0.5090470446320868,0.2666666666666666,31.0,0.0983065842102056,0.4337888784165882,0
Unknown_467827,COL,467827,2018,139,452,409,118,17,0,6,33,76,5,3,0.289,0.5692771084337348,0.3696857670979668,0.721,0.2031662269129287,0.6119402985074628,0.309412861136999,0.3096135721017908,0.7434,0.341,0.5090470446320868,0.2666666666666666,31.0,0.0345646083487285,0.690386427898209,3
Unknown_606299,CIN,606299,2018,156,683,632,182,31,4,14,29,75,9,5,0.288,0.5060240963855422,0.4473197781885398,0.742,0.3139841688654353,0.5164179104477612,0.1672879776328052,0.1722431668237511,0.8228,0.341,0.5090470446320868,0.3333333333333333,24.0,0.0399994381133101,0.8277568331762486,3
Unknown_452678,NYM,452678,2018,147,592,546,143,36,1,23,41,119,3,2,0.262,0.4759036144578313,0.524953789279113,0.774,0.4934036939313984,0.4835820895522388,0.2921714818266542,0.3871347785108389,0.7247,0.341,0.5090470446320868,0.3066666666666666,33.0,0.0461332692338912,0.612865221489161,0
Unknown_519058,KC,519058,2018,158,660,595,150,34,1,28,52,108,7,6,0.252,0.4789156626506025,0.5175600739371535,0.77,0.5092348284960422,0.382089552238806,0.3364398881640261,0.2990103675777568,0.747,0.34,0.5062324085243264,0.32,30.0,0.0301786945802819,0.7009896324222431,3
Unknown_460075,MIL,460075,2018,131,469,430,110,26,1,20,34,92,2,3,0.256,0.4608433734939758,0.5286506469500927,0.772,0.5171503957783641,0.4358208955223881,0.3070829450139795,0.3758246936852027,0.7271,0.34,0.5062324085243264,0.2666666666666666,35.0,0.0423739243556156,0.6241753063147972,0
Unknown_435559,ATL,435559,2018,105,396,355,96,24,0,12,22,44,13,6,0.27,0.5210843373493976,0.489833641404806,0.77,0.4221635883905013,0.4208955223880598,0.2283317800559179,0.1753063147973609,0.8005,0.34,0.5062324085243264,0.2466666666666667,35.0,0.0286701121058688,0.8246936852026392,3
Unknown_452655,SEA,452655,2018,135,501,437,114,22,7,11,51,79,6,7,0.261,0.5512048192771085,0.4528650646950093,0.76,0.3931398416886543,0.4686567164179104,0.4436160298229263,0.2851083883129123,0.7285,0.34,0.5062324085243264,0.28,34.0,0.019977829220563,0.7148916116870878,3
Unknown_516770,MIA,516770,2018,153,647,593,165,32,2,12,48,124,0,6,0.278,0.5150602409638555,0.4177449168207025,0.729,0.2955145118733509,0.5850746268656717,0.315004659832246,0.3652214891611687,0.7342,0.34,0.5062324085243264,0.32,28.0,0.039999990514326,0.6347785108388313,3
Unknown_542303,STL,542303,2018,148,628,583,163,16,2,23,38,110,3,4,0.28,0.5030120481927711,0.4768946395563772,0.757,0.3799472295514511,0.5194029850746269,0.2511649580615098,0.3263430725730443,0.758,0.34,0.5062324085243264,0.3133333333333333,28.0,0.0460449087432753,0.6736569274269557,3
Unknown_592567,PIT,592567,2018,144,465,415,115,19,1,11,39,82,4,7,0.277,0.5481927710843374,0.4306839186691313,0.747,0.3192612137203166,0.5432835820895523,0.3602050326188257,0.3289349670122526,0.7312,0.339,0.503417772416566,0.2666666666666666,26.0,0.0306658526915866,0.6710650329877474,3
Unknown_457763,SF,457763,2018,105,448,398,113,22,1,5,45,53,3,2,0.284,0.6054216867469878,0.3844731977818855,0.741,0.2348284960422163,0.5432835820895523,0.4370922646784715,0.1922714420358153,0.7746,0.339,0.503417772416566,0.26,31.0,0.0128002407246762,0.8077285579641849,3
Unknown_408045,MIN,408045,2018,127,543,486,137,27,1,6,51,86,2,3,0.282,0.5813253012048193,0.378927911275416,0.729,0.2321899736147757,0.5850746268656717,0.4068033550792171,0.2867577756833177,0.7422,0.338,0.501005227181343,0.28,35.0,0.0226447301119803,0.7132422243166823,3
Unknown_576397,STL,576397,2018,117,402,351,92,19,1,11,44,77,3,4,0.262,0.5662650602409639,0.4473197781885398,0.762,0.3825857519788918,0.5044776119402985,0.4794967381174277,0.3647502356267672,0.6915,0.338,0.501005227181343,0.2466666666666667,30.0,0.0238439493945263,0.6352497643732329,3
Unknown_519048,BOS,519048,2018,123,464,408,101,23,4,15,51,103,0,5,0.248,0.5120481927710844,0.4805914972273569,0.761,0.467018469656992,0.4716417910447761,0.4813606710158434,0.4366163996229972,0.6681,0.337,0.4981905910735826,0.26,33.0,0.0290923867832946,0.563383600377003,0
Unknown_649557,TOR,649557,2018,125,452,422,111,26,0,18,23,62,3,4,0.263,0.4367469879518072,0.5157116451016637,0.756,0.4775725593667546,0.4029850746268657,0.206430568499534,0.2368049010367577,0.8053,0.337,0.4981905910735826,0.2533333333333333,28.0,0.0421663255763672,0.7631950989632423,3
Unknown_606192,TOR,606192,2018,133,523,476,114,29,7,22,41,163,3,3,0.239,0.4337349397590361,0.5434380776340113,0.771,0.5804749340369393,0.5343283582089553,0.3345759552656104,0.6479736098020734,0.6042,0.337,0.4981905910735826,0.2733333333333333,26.0,0.0669468847693576,0.3520263901979266,0
Unknown_518618,MIA,518618,2018,149,551,499,132,26,2,16,29,140,21,2,0.265,0.5180722891566266,0.4565619223659889,0.751,0.387862796833773,0.6029850746268658,0.2143522833178005,0.5122525918944392,0.6552,0.337,0.4981905910735826,0.28,29.0,0.0834964945811736,0.4877474081055608,0
Unknown_592348,DET,592348,2018,127,492,444,109,29,3,16,42,132,4,2,0.245,0.4728915662650602,0.4768946395563772,0.747,0.4696569920844327,0.5313432835820896,0.3671947809878844,0.5457115928369463,0.6382,0.337,0.4981905910735826,0.2666666666666666,26.0,0.0508028514361759,0.4542884071630537,0
Unknown_622110,TB,622110,2018,131,560,503,148,22,1,4,47,93,7,2,0.294,0.6114457831325301,0.3548983364140481,0.727,0.1662269129287598,0.6537313432835822,0.3602050326188257,0.3049010367577757,0.7357,0.337,0.4981905910735826,0.2866666666666667,27.0,0.0283127384876068,0.6950989632422242,3
Unknown_666971,TOR,666971,2018,64,263,249,70,8,0,11,9,59,2,2,0.281,0.4548192771084337,0.5027726432532349,0.755,0.4116094986807387,0.573134328358209,0.1286113699906803,0.4420358152686145,0.73,0.337,0.4981905910735826,0.2066666666666666,25.0,0.1169366559827831,0.5579641847313856,3
Unknown_645277,ATL,645277,2018,161,699,654,170,40,5,24,36,117,5,3,0.26,0.4337349397590361,0.5027726432532349,0.749,0.4696569920844327,0.444776119402985,0.2092264678471574,0.3079641847313855,0.7725,0.336,0.4953759549658222,0.3133333333333333,21.0,0.0529087173395656,0.6920358152686146,3
Unknown_575929,CHC,575929,2018,138,549,477,118,27,5,10,55,121,13,2,0.247,0.5481927710843374,0.3955637707948244,0.728,0.345646437994723,0.5253731343283582,0.4361602982292637,0.4328463713477852,0.6521,0.336,0.4953759549658222,0.28,26.0,0.032568300997669,0.5671536286522147,3
Unknown_570799,SD,570799,2018,109,384,351,83,15,0,20,23,104,9,1,0.236,0.4246987951807228,0.5101663585951943,0.75,0.5408970976253298,0.4238805970149254,0.2483690587138863,0.551602262016965,0.6458,0.336,0.4953759549658222,0.2333333333333333,27.0,0.0774976318690449,0.448397737983035,0
Unknown_444432,BAL,444432,2018,90,358,330,86,12,0,17,24,87,2,2,0.261,0.4668674698795181,0.5138632162661738,0.764,0.4802110817941952,0.5044776119402985,0.2814538676607642,0.4860980207351555,0.6844,0.336,0.4953759549658222,0.2266666666666666,32.0,0.0601937516784892,0.5139019792648445,0
Unknown_600524,BAL,600524,2018,71,261,236,61,14,0,8,19,62,4,2,0.258,0.4939759036144578,0.4528650646950093,0.741,0.4010554089709762,0.5402985074626866,0.3084808946877913,0.473138548539114,0.6743,0.335,0.4929634097305991,0.2066666666666666,24.0,0.0531386067048451,0.5268614514608858,0
Unknown_571602,CWS,571602,2018,123,496,434,99,23,0,20,52,165,7,3,0.228,0.4849397590361446,0.4528650646950093,0.738,0.4802110817941952,0.5343283582089553,0.4575955265610438,0.6974552309142318,0.5484,0.335,0.4929634097305991,0.26,27.0,0.0514402700187799,0.3025447690857683,0
Unknown_571506,MIA,571506,2018,141,501,423,96,13,1,20,73,124,2,3,0.227,0.5512048192771085,0.4251386321626618,0.746,0.4432717678100263,0.4059701492537314,0.6481826654240447,0.4967012252591894,0.6028,0.335,0.4929634097305991,0.26,30.0,0.0228730282920285,0.5032987747408104,0
Unknown_608577,TEX,608577,2018,128,536,489,126,25,1,20,40,116,4,3,0.258,0.4789156626506025,0.4842883548983365,0.753,0.445910290237467,0.4895522388059701,0.3168685927306617,0.423421300659755,0.7015,0.335,0.4929634097305991,0.2733333333333333,23.0,0.046140457662452,0.5765786993402449,0
Unknown_595751,PHI,595751,2018,107,377,344,90,16,2,10,18,138,14,1,0.262,0.5,0.4306839186691313,0.731,0.3588390501319261,0.8119402985074627,0.1915191053122087,0.7759189443920829,0.5491,0.335,0.4929634097305991,0.2333333333333333,25.0,0.1385079246235538,0.2240810556079171,0
Unknown_543939,STL,543939,2018,119,407,353,88,18,2,9,31,60,14,3,0.249,0.5240963855421686,0.3955637707948244,0.72,0.3430079155672823,0.4208955223880598,0.3243243243243243,0.2608388312912347,0.7273,0.335,0.4929634097305991,0.24,28.0,0.0274348770875425,0.7391611687087651,3
Unknown_434670,BOS,434670,2018,44,195,177,45,7,0,6,14,35,2,2,0.254,0.4668674698795181,0.4085027726432533,0.708,0.3482849604221635,0.444776119402985,0.3038210624417521,0.3364750235626767,0.7385,0.335,0.4929634097305991,0.1866666666666666,35.0,0.0383826830958145,0.6635249764373232,3
Unknown_466320,CLE,466320,2018,81,286,258,71,17,0,6,20,38,3,5,0.275,0.5150602409638555,0.4380776340110906,0.74,0.3350923482849604,0.4865671641791045,0.2949673811742777,0.2266729500471253,0.7867,0.334,0.4901487736228387,0.2066666666666666,34.0,0.0267942936743343,0.7733270499528746,3
Unknown_657557,STL,657557,2018,114,490,437,105,25,1,19,36,123,12,5,0.24,0.463855421686747,0.4768946395563772,0.745,0.4828496042216359,0.4567164179104477,0.3117427772600186,0.5049481621112158,0.649,0.334,0.4901487736228387,0.26,25.0,0.0560923235456747,0.4950518378887842,0
Unknown_430945,BAL,430945,2018,144,613,580,163,35,0,15,24,93,5,4,0.281,0.4668674698795181,0.4528650646950093,0.732,0.3403693931398417,0.5283582089552239,0.151910531220876,0.2709707822808671,0.801,0.334,0.4901487736228387,0.2866666666666667,33.0,0.0648977674496479,0.7290292177191329,3
Unknown_425877,STL,425877,2018,123,503,459,120,20,0,20,29,66,9,6,0.261,0.4698795180722892,0.4842883548983365,0.75,0.4353562005277044,0.3880597014925373,0.2381174277726002,0.2226672950047125,0.7932,0.334,0.4901487736228387,0.26,36.0,0.0340050486506341,0.7773327049952876,3
Unknown_467055,SF,467055,2018,90,252,230,57,10,1,9,19,52,2,1,0.248,0.4578313253012048,0.4491682070240296,0.727,0.4248021108179419,0.4417910447761193,0.3205964585274929,0.3996229971724788,0.7103,0.334,0.4901487736228387,0.2,32.0,0.0429520228452652,0.600377002827521,3
Unknown_435622,COL,435622,2018,164,636,572,133,21,8,22,53,151,6,4,0.233,0.4337349397590361,0.4417744916820703,0.715,0.4511873350923482,0.4208955223880598,0.3574091332712022,0.4729029217719133,0.6682,0.332,0.4849215922798552,0.2866666666666667,33.0,0.0451559525353084,0.5270970782280866,0
Unknown_475174,CLE,475174,2018,144,580,522,129,19,0,23,51,127,2,5,0.247,0.4698795180722892,0.4473197781885398,0.73,0.4221635883905013,0.4388059701492538,0.3788443616029823,0.4295475966069745,0.6897,0.332,0.4849215922798552,0.2733333333333333,31.0,0.0382175336264025,0.5704524033930256,0
Unknown_546318,PHI,546318,2018,147,597,550,140,19,3,22,38,122,7,1,0.255,0.4578313253012048,0.4547134935304991,0.73,0.4116094986807387,0.4656716417910447,0.266076421248835,0.3951460885956644,0.7186,0.332,0.4849215922798552,0.2733333333333333,27.0,0.0521017039647511,0.6048539114043354,3
Unknown_592122,NYY,592122,2018,68,268,244,56,10,0,17,19,95,2,3,0.23,0.3885542168674698,0.5656192236598891,0.767,0.6358839050131926,0.4626865671641791,0.2996272134203169,0.7488218661639962,0.5672,0.332,0.4849215922798552,0.2,27.0,0.0867714776335365,0.2511781338360037,0
Unknown_608384,PHI,608384,2018,137,448,407,104,12,3,17,32,111,9,0,0.256,0.5,0.4639556377079483,0.749,0.4248021108179419,0.5313432835820896,0.3019571295433365,0.4974081055607917,0.6607,0.332,0.4849215922798552,0.24,25.0,0.0571689209751654,0.5025918944392083,0
Unknown_543543,TB,543543,2018,75,254,230,57,13,2,7,22,82,0,2,0.248,0.4608433734939758,0.4417744916820703,0.724,0.4116094986807387,0.644776119402985,0.3727865796831314,0.6741281809613572,0.5906,0.332,0.4849215922798552,0.2,29.0,0.062141245956599,0.3258718190386429,0
Unknown_542340,MIL,542340,2018,139,515,466,121,14,1,14,41,138,5,2,0.26,0.5030120481927711,0.3881700554528651,0.709,0.3034300791556728,0.6119402985074628,0.3401677539608574,0.545004712535344,0.6408,0.331,0.4821069561720948,0.2533333333333333,27.0,0.0551607073325121,0.4549952874646559,1
Unknown_596146,MIN,596146,2018,156,611,532,119,30,4,20,71,96,5,3,0.224,0.4849397590361446,0.4325323475046211,0.727,0.4617414248021108,0.3044776119402985,0.51071761416589,0.2836946277097078,0.7185,0.331,0.4821069561720948,0.2733333333333333,25.0,0.0161621488743614,0.7163053722902921,3
Unknown_502143,BAL,502143,2018,77,282,255,67,8,1,9,22,53,0,5,0.263,0.4759036144578313,0.4325323475046211,0.723,0.3588390501319261,0.4746268656716418,0.3327120223671947,0.3562676720075401,0.734,0.331,0.4821069561720948,0.2,34.0,0.0366208346793128,0.64373232799246,3
Unknown_646240,BOS,646240,2018,123,501,460,112,24,0,21,39,122,0,2,0.243,0.4307228915662651,0.478743068391867,0.734,0.4749340369393139,0.4507462686567164,0.3317800559179869,0.4872761545711593,0.6786,0.33,0.4792923200643345,0.2466666666666667,22.0,0.050573176321256,0.5127238454288405,0
Unknown_518792,CHC,518792,2018,126,491,443,119,23,4,8,42,61,2,2,0.269,0.5271084337349398,0.4048059149722737,0.726,0.3034300791556728,0.4805970149253731,0.3676607642124884,0.2061734213006598,0.7821,0.33,0.4792923200643345,0.2466666666666667,29.0,0.0181103249631688,0.7938265786993404,3
Unknown_623520,CHC,623520,2018,73,212,186,44,9,2,6,19,62,4,3,0.237,0.4759036144578313,0.4232902033271721,0.719,0.41688654353562,0.5373134328358209,0.3867660764212488,0.6027332704995286,0.5991,0.33,0.4792923200643345,0.1866666666666666,25.0,0.0531801492825732,0.3972667295004712,0
Unknown_543333,SD,543333,2018,157,677,613,155,31,2,18,62,142,1,1,0.253,0.4939759036144578,0.4140480591497229,0.72,0.3588390501319261,0.5014925373134328,0.3960857409133271,0.4076343072573044,0.6972,0.33,0.4792923200643345,0.2866666666666667,29.0,0.0343045008487488,0.5923656927426957,3
Unknown_607345,CWS,607345,2018,51,187,171,50,6,0,3,10,18,5,1,0.292,0.5722891566265059,0.3807763401109058,0.728,0.20844327176781,0.5283582089552239,0.2185461323392357,0.1404335532516493,0.8235,0.33,0.4792923200643345,0.18,30.0,0.0248338206252523,0.8595664467483506,3
Unknown_592325,SEA,592325,2018,98,293,257,70,14,4,1,31,61,4,1,0.272,0.6024096385542169,0.3622920517560075,0.728,0.2321899736147757,0.6507462686567164,0.4622553588070829,0.4040999057492931,0.6724,0.329,0.4768797748291113,0.2,26.0,0.0280829132187871,0.5959000942507071,3
Unknown_541645,CWS,541645,2018,91,385,356,84,11,2,19,20,102,4,5,0.236,0.3704819277108434,0.4879852125693162,0.719,0.5092348284960422,0.4089552238805971,0.2110904007455731,0.5377002827521207,0.6727,0.329,0.4768797748291113,0.22,27.0,0.0887853465391527,0.4622997172478793,0
Unknown_502210,HOU,502210,2018,135,503,450,110,13,2,18,50,79,0,2,0.244,0.4849397590361446,0.4214417744916822,0.721,0.3931398416886543,0.373134328358209,0.4324324324324324,0.2836946277097078,0.7416,0.327,0.4712505026135906,0.24,31.0,0.0205849534348576,0.7163053722902921,3
Unknown_546991,CHC,546991,2018,146,485,449,129,24,1,5,24,85,3,6,0.287,0.5,0.378927911275416,0.702,0.2163588390501319,0.6149253731343284,0.1999068033550792,0.3265786993402451,0.7629,0.327,0.4712505026135906,0.24,24.0,0.0585397930628413,0.6734213006597549,3
Unknown_571718,KC,571718,2018,73,180,159,38,6,0,6,16,57,3,1,0.239,0.4819277108433735,0.3992606284658042,0.708,0.3746701846965699,0.5850746268656717,0.3835041938490214,0.6597549481621111,0.5722,0.327,0.4712505026135906,0.1733333333333333,28.0,0.0589465600095956,0.340245051837889,0
Unknown_608671,SD,608671,2018,113,387,347,90,12,3,4,37,73,1,0,0.259,0.5240963855421686,0.3179297597042514,0.678,0.2031662269129287,0.5522388059701493,0.4147250698974837,0.3579170593779453,0.708,0.327,0.4712505026135906,0.22,27.0,0.0281785188920438,0.6420829406220547,3
Unknown_527038,NYM,527038,2018,126,429,386,103,25,0,11,29,42,5,9,0.267,0.4849397590361446,0.4491682070240296,0.736,0.3720316622691292,0.4029850746268657,0.2842497670083876,0.1442035815268614,0.8228,0.327,0.4712505026135906,0.2266666666666666,27.0,0.0180250304826072,0.8557964184731384,3
Unknown_608597,TEX,608597,2018,117,428,387,91,18,2,16,33,121,7,1,0.235,0.4457831325301205,0.4473197781885398,0.722,0.4538258575197889,0.4925373134328358,0.3285181733457595,0.5796418473138548,0.6238,0.326,0.4688379573783675,0.22,24.0,0.0609641205467514,0.4203581526861453,0
Unknown_543760,ATH,543760,2018,159,707,635,162,35,2,15,62,132,1,7,0.255,0.4849397590361446,0.3937153419593347,0.707,0.3245382585751979,0.4865671641791045,0.3779123951537744,0.353440150801131,0.7214,0.325,0.4660233212706071,0.2733333333333333,28.0,0.0311988506570329,0.6465598491988691,3
Unknown_462101,TEX,462101,2018,97,428,395,101,20,3,6,28,66,3,2,0.256,0.4518072289156626,0.356746765249538,0.675,0.2691292875989445,0.4716417910447761,0.2739981360671015,0.276861451460886,0.7734,0.325,0.4660233212706071,0.22,30.0,0.0356302929477973,0.723138548539114,3
Unknown_600869,DET,600869,2018,143,619,539,121,28,3,19,66,160,9,5,0.224,0.4789156626506025,0.4048059149722737,0.71,0.4221635883905013,0.4328358208955225,0.4659832246039142,0.5226201696512723,0.6204,0.325,0.4660233212706071,0.2533333333333333,25.0,0.0369301114023744,0.4773798303487278,0
Unknown_608700,NYM,608700,2018,77,277,238,50,13,2,7,28,65,9,1,0.21,0.4728915662650602,0.3622920517560075,0.685,0.3984168865435356,0.3671641791044776,0.4403541472506989,0.4665409990574929,0.6282,0.325,0.4660233212706071,0.1933333333333333,27.0,0.0349270243761077,0.5334590009425071,0
Unknown_621020,ATL,621020,2018,134,533,478,114,25,4,14,44,122,2,3,0.238,0.4397590361445783,0.4085027726432533,0.699,0.3905013192612137,0.4656716417910447,0.3541472506989748,0.4528746465598491,0.6735,0.325,0.4660233212706071,0.24,24.0,0.0436316370795674,0.5471253534401508,3
Unknown_578428,DET,578428,2018,123,464,432,116,31,3,5,19,47,8,2,0.269,0.4578313253012048,0.3974121996303143,0.699,0.2928759894459102,0.4686567164179104,0.1598322460391426,0.1522148916116871,0.8341,0.325,0.4660233212706071,0.2266666666666666,28.0,0.0379331050536547,0.8477851083883128,3
Unknown_594828,HOU,594828,2018,131,453,409,92,17,0,25,33,102,3,8,0.225,0.3765060240963854,0.5101663585951943,0.732,0.5699208443271768,0.2895522388059702,0.3084808946877913,0.4441564561734213,0.6954,0.324,0.4632086851628467,0.22,32.0,0.049868374986087,0.5558435438265785,0
Unknown_598265,BOS,598265,2018,144,557,492,114,35,4,13,50,142,11,4,0.232,0.4698795180722892,0.4140480591497229,0.713,0.41688654353562,0.4835820895522388,0.3876980428704566,0.5141376060320453,0.6355,0.324,0.4632086851628467,0.24,28.0,0.0449351078349982,0.4858623939679547,0
Unknown_444489,MIL,444489,2018,97,345,311,79,13,2,9,24,62,5,4,0.254,0.4698795180722892,0.4085027726432533,0.709,0.3482849604221635,0.4567164179104477,0.2935694315004659,0.3369462770970782,0.7333,0.324,0.4632086851628467,0.2,31.0,0.0399678332617054,0.6630537229029219,3
Unknown_455104,COL,455104,2018,111,369,308,67,13,1,11,50,90,7,3,0.218,0.5391566265060243,0.3678373382624769,0.71,0.387862796833773,0.3970149253731344,0.6006523765144455,0.4882186616399623,0.5989,0.324,0.4632086851628467,0.2066666666666666,35.0,0.0248338206252523,0.5117813383600378,0
Unknown_543063,SF,543063,2018,150,594,531,135,28,2,14,50,122,8,5,0.254,0.5030120481927711,0.4066543438077635,0.719,0.3430079155672823,0.5014925373134328,0.3616029822926374,0.397502356267672,0.697,0.324,0.4632086851628467,0.2466666666666667,31.0,0.0372103180025015,0.602497643732328,3
Unknown_543308,DET,543308,2018,81,312,288,75,12,1,9,22,84,0,1,0.26,0.463855421686747,0.4232902033271721,0.715,0.3509234828496042,0.6059701492537314,0.2977632805219011,0.547832233741753,0.6571,0.324,0.4632086851628467,0.2,29.0,0.0639017665130132,0.452167766258247,0
Unknown_572821,MIN,572821,2018,155,637,558,120,30,2,21,70,131,4,5,0.215,0.4427710843373493,0.3974121996303143,0.693,0.4353562005277044,0.3194029850746268,0.4813606710158434,0.3982092365692742,0.6782,0.323,0.4607961399276236,0.2533333333333333,31.0,0.0262216411928856,0.6017907634307258,3
Unknown_541650,MIL,541650,2018,124,346,326,83,13,2,9,18,73,0,2,0.255,0.4036144578313252,0.3992606284658042,0.681,0.3324538258575198,0.4985074626865672,0.211556383970177,0.4106974552309142,0.737,0.323,0.4607961399276236,0.2,27.0,0.0685326243077798,0.5893025447690858,3
Unknown_621043,HOU,621043,2018,115,490,419,99,20,1,16,58,115,2,11,0.236,0.5,0.4232902033271721,0.728,0.41688654353562,0.4298507462686568,0.5209692451071761,0.4665409990574929,0.6429,0.323,0.4607961399276236,0.2266666666666666,24.0,0.0283616253081038,0.5334590009425071,0
Unknown_543401,CLE,543401,2018,150,610,539,123,28,1,18,60,118,7,3,0.228,0.463855421686747,0.3881700554528651,0.696,0.387862796833773,0.373134328358209,0.4277726001863933,0.3692271442035815,0.6951,0.323,0.4607961399276236,0.2466666666666667,31.0,0.028036135971082,0.6307728557964185,3
Unknown_542255,ATL,542255,2018,160,674,610,161,27,6,10,49,90,6,4,0.264,0.496987951807229,0.3752310536044363,0.7,0.2744063324538258,0.4776119402985074,0.3080149114631873,0.2280867106503299,0.7774,0.322,0.4579815038198632,0.2533333333333333,28.0,0.0255366894977672,0.7719132893496703,3
Unknown_607680,TOR,607680,2018,139,542,512,129,40,2,15,18,98,6,6,0.252,0.3734939759036144,0.4658040665434381,0.708,0.4353562005277044,0.4388059701492538,0.1239515377446411,0.3395381715362865,0.7749,0.322,0.4579815038198632,0.2333333333333333,29.0,0.0953998409968894,0.6604618284637136,3
Unknown_545358,HOU,545358,2018,78,250,221,50,13,0,8,23,74,6,0,0.226,0.4759036144578313,0.4066543438077635,0.71,0.41688654353562,0.5014925373134328,0.3979496738117428,0.6109802073515551,0.588,0.322,0.4579815038198632,0.18,27.0,0.0522681632675086,0.3890197926484449,0
Unknown_660162,CWS,660162,2018,149,650,578,136,32,6,17,67,217,1,2,0.235,0.4728915662650602,0.4177449168207025,0.714,0.4089709762532981,0.626865671641791,0.4496738117427772,0.70004712535344,0.5585,0.322,0.4579815038198632,0.2533333333333333,23.0,0.0526599588459358,0.29995287464656,0
Unknown_572073,BAL,572073,2018,68,230,213,52,10,1,8,15,55,2,0,0.244,0.4277108433734939,0.4417744916820703,0.713,0.4221635883905013,0.4746268656716418,0.2730661696178937,0.4769085768143261,0.687,0.322,0.4579815038198632,0.18,27.0,0.0609740160057571,0.523091423185674,0
Unknown_405395,LAA,405395,2018,117,498,465,114,20,0,19,28,65,2,3,0.245,0.3945783132530119,0.4380776340110906,0.7,0.4142480211081794,0.3373134328358209,0.2311276794035414,0.2210179076343073,0.8092,0.322,0.4579815038198632,0.2266666666666666,38.0,0.0349386407799624,0.7789820923656927,3
Unknown_446263,KC,446263,2018,108,370,331,79,14,1,14,28,103,8,3,0.239,0.4608433734939758,0.4436229205175602,0.725,0.4379947229551451,0.4955223880597015,0.3219944082013047,0.5695098963242223,0.6243,0.321,0.4551668677121028,0.2,32.0,0.0611771931779171,0.4304901036757775,0
Unknown_600303,CHC,600303,2018,120,190,171,45,8,0,1,17,27,2,0,0.263,0.5391566265060243,0.2828096118299446,0.664,0.1451187335092348,0.5194029850746269,0.3863000931966449,0.2483506126295947,0.7474,0.321,0.4551668677121028,0.1733333333333333,29.0,0.0207248280164625,0.7516493873704053,3
Unknown_656775,BAL,656775,2018,44,191,170,40,9,0,4,17,37,2,0,0.235,0.463855421686747,0.3419593345656193,0.671,0.3034300791556728,0.4328358208955225,0.3839701770736253,0.3699340245051838,0.6963,0.321,0.4551668677121028,0.1733333333333333,24.0,0.0321193245219431,0.6300659754948161,3
Unknown_571466,CIN,571466,2018,134,522,460,114,21,3,10,54,96,2,3,0.248,0.5120481927710844,0.3659889094269872,0.699,0.3034300791556728,0.4686567164179104,0.451071761416589,0.3468426013195099,0.7031,0.321,0.4551668677121028,0.2266666666666666,27.0,0.024418257283381,0.6531573986804902,3
Unknown_519222,NYY,519222,2018,74,265,242,59,12,0,10,17,67,2,3,0.244,0.4126506024096384,0.4491682070240296,0.713,0.4353562005277044,0.4716417910447761,0.2684063373718546,0.5091894439208294,0.6717,0.321,0.4551668677121028,0.1866666666666666,30.0,0.0662100085527101,0.4908105560791704,0
Unknown_640447,CIN,640447,2018,75,247,218,55,10,1,7,20,60,5,4,0.252,0.5,0.4251386321626618,0.728,0.3746701846965699,0.5253731343283582,0.3466915191053122,0.4858623939679548,0.6559,0.32,0.4527543224768797,0.18,26.0,0.0480365463023526,0.5141376060320453,0
Unknown_456078,CWS,456078,2018,48,181,170,44,7,0,6,9,46,2,0,0.259,0.4397590361445783,0.4288354898336415,0.71,0.3641160949868073,0.5611940298507463,0.200838769804287,0.5122525918944392,0.6851,0.32,0.4527543224768797,0.1666666666666666,31.0,0.0889523810493212,0.4877474081055608,0
Unknown_431145,TOR,431145,2018,89,352,289,56,8,0,10,56,82,7,0,0.194,0.5421686746987954,0.279112754158965,0.663,0.3218997361477572,0.2985074626865672,0.7106244175209692,0.4625353440150802,0.5881,0.32,0.4527543224768797,0.1933333333333333,35.0,0.0183398071684991,0.5374646559849199,3
Unknown_458731,NYY,458731,2018,144,621,538,125,20,7,12,68,108,5,6,0.232,0.4909638554216867,0.3475046210720888,0.683,0.3192612137203166,0.3970149253731344,0.4794967381174277,0.3232799245994345,0.7021,0.319,0.4499396863691193,0.2333333333333333,35.0,0.0207329255265303,0.6767200754005656,3
Unknown_452095,ATL,452095,2018,80,304,258,58,9,0,8,36,79,9,1,0.225,0.5451807228915663,0.3308687615526802,0.692,0.3139841688654353,0.4686567164179104,0.5209692451071761,0.525918944392083,0.5921,0.319,0.4499396863691193,0.1866666666666666,32.0,0.0324812118700991,0.4740810556079171,0
Unknown_641820,BAL,641820,2018,154,636,582,141,23,3,24,44,153,5,5,0.242,0.4246987951807228,0.4473197781885398,0.715,0.4353562005277044,0.4507462686567164,0.2917054986020503,0.4804429783223374,0.6824,0.319,0.4499396863691193,0.24,26.0,0.057290674487433,0.5195570216776626,0
Unknown_595978,SD,595978,2018,91,326,303,70,14,2,14,21,90,1,1,0.231,0.3734939759036144,0.4713493530499077,0.711,0.4986807387862797,0.4358208955223881,0.2693383038210624,0.5640904806786051,0.6564,0.319,0.4499396863691193,0.1933333333333333,26.0,0.0729761629175028,0.4359095193213949,0
Unknown_534606,MIN,534606,2018,65,180,165,46,11,0,2,10,53,2,3,0.279,0.4939759036144578,0.3844731977818855,0.704,0.2480211081794195,0.7611940298507464,0.2283317800559179,0.607210179076343,0.6389,0.319,0.4499396863691193,0.1666666666666666,30.0,0.0924806591473397,0.3927898209236571,1
Unknown_571912,TOR,571912,2018,62,231,202,50,13,1,3,25,67,2,2,0.248,0.5271084337349398,0.3548983364140481,0.7,0.2902374670184696,0.6477611940298508,0.4734389561975769,0.5968426013195098,0.5931,0.318,0.447125050261359,0.1733333333333333,27.0,0.0418709695782011,0.4031573986804901,1
Unknown_453943,NYM,453943,2018,115,472,408,87,18,0,18,48,112,8,8,0.213,0.4367469879518072,0.3992606284658042,0.693,0.4406332453825857,0.3194029850746268,0.4431500465983224,0.4726672950047125,0.6441,0.318,0.447125050261359,0.2133333333333333,32.0,0.0351567634599664,0.5273327049952874,0
Unknown_445055,AZ,445055,2018,143,586,527,141,19,7,3,33,95,18,3,0.268,0.5180722891566266,0.3197781885397412,0.678,0.1873350923482849,0.5522388059701493,0.2315936626281454,0.2954759660697455,0.7423,0.318,0.447125050261359,0.2266666666666666,33.0,0.0457226529954974,0.7045240339302543,3
Unknown_544725,CWS,544725,2018,77,275,258,70,7,4,4,9,69,3,1,0.271,0.4367469879518072,0.3733826247689465,0.679,0.2532981530343007,0.6597014925373134,0.1216216216216216,0.5047125353440151,0.6909,0.317,0.4447125050261358,0.18,27.0,0.1385045741790645,0.4952874646559848,1
Unknown_605512,ATL,605512,2018,92,184,166,38,11,0,6,13,43,4,1,0.229,0.4246987951807228,0.4251386321626618,0.703,0.4379947229551451,0.4089552238805971,0.298695246971109,0.4641847313854854,0.6739,0.317,0.4447125050261358,0.1666666666666666,28.0,0.0539738675310239,0.5358152686145146,0
Unknown_520471,SD,520471,2018,162,656,602,149,31,5,13,45,147,2,6,0.248,0.4246987951807228,0.3807763401109058,0.68,0.3271767810026385,0.5074626865671642,0.2889095992544268,0.441564561734213,0.7027,0.317,0.4447125050261358,0.2333333333333333,29.0,0.053223794423419,0.558435438265787,1
Unknown_446308,WSH,446308,2018,76,271,235,56,8,0,8,30,45,3,2,0.238,0.5180722891566266,0.3696857670979668,0.704,0.3350923482849604,0.3791044776119403,0.4850885368126747,0.3049010367577757,0.7085,0.317,0.4447125050261358,0.18,32.0,0.0190359076103621,0.6950989632422242,3
Unknown_571875,AZ,571875,2018,56,238,207,46,8,0,6,26,65,1,4,0.222,0.4487951807228916,0.321626617375231,0.655,0.308707124010554,0.453731343283582,0.4780987884436161,0.5570216776625825,0.6134,0.317,0.4447125050261358,0.1733333333333333,28.0,0.0384004079289785,0.4429783223374175,1
Unknown_628338,SEA,628338,2018,106,337,292,69,14,1,5,32,52,4,2,0.236,0.4819277108433735,0.3105360443622921,0.661,0.2559366754617414,0.4059701492537314,0.4119291705498602,0.2770970782280867,0.7181,0.316,0.4418978689183755,0.1866666666666666,27.0,0.0214313243356525,0.7229029217719132,3
Unknown_521692,KC,521692,2018,129,544,510,120,23,0,27,17,108,12,5,0.235,0.3493975903614459,0.489833641404806,0.713,0.5145118733509234,0.3313432835820895,0.1146318732525628,0.38124410933082,0.7482,0.316,0.4418978689183755,0.2133333333333333,28.0,0.1131371669649877,0.6187558906691799,3
Unknown_643396,TEX,643396,2018,104,396,356,93,18,2,4,28,62,6,1,0.261,0.5030120481927711,0.3382624768946395,0.682,0.2295514511873351,0.5134328358208955,0.298695246971109,0.282516493873704,0.7449,0.316,0.4418978689183755,0.1933333333333333,23.0,0.032866223633664,0.7174835061262961,3
Unknown_460086,KC,460086,2018,141,568,506,124,24,0,13,50,124,10,2,0.245,0.5,0.3622920517560075,0.694,0.3060686015831134,0.4925373134328358,0.3793103448275862,0.4278982092365692,0.6761,0.316,0.4418978689183755,0.22,34.0,0.0380087696834775,0.5721017907634309,3
Unknown_621453,SF,621453,2018,40,152,141,36,11,1,2,10,44,0,1,0.255,0.4367469879518072,0.3992606284658042,0.693,0.3324538258575198,0.6567164179104478,0.2758620689655172,0.5956644674835061,0.6447,0.316,0.4418978689183755,0.16,25.0,0.0751522838083692,0.4043355325164939,1
Unknown_571980,CLE,571980,2018,58,183,174,46,7,0,3,6,42,2,1,0.264,0.4126506024096384,0.3364140480591498,0.651,0.2189973614775725,0.5880597014925374,0.1220876048462255,0.4542884071630538,0.7268,0.316,0.4418978689183755,0.1666666666666666,27.0,0.1254235025386682,0.5457115928369463,1
Unknown_570560,CWS,570560,2018,155,662,600,145,34,10,8,49,138,8,3,0.242,0.4457831325301205,0.3659889094269872,0.678,0.3192612137203166,0.4955223880597015,0.3140726933830381,0.4048067860508954,0.7024,0.315,0.4390832328106151,0.2266666666666666,26.0,0.044529367807363,0.5951932139491045,3
Unknown_605113,AZ,605113,2018,148,564,516,121,33,5,16,40,109,2,5,0.234,0.3975903614457831,0.4380776340110906,0.7,0.4406332453825857,0.391044776119403,0.2996272134203169,0.3689915174363808,0.7305,0.315,0.4390832328106151,0.2133333333333333,28.0,0.0427642918536731,0.6310084825636191,3
Unknown_605486,SD,605486,2018,113,329,298,70,9,4,7,25,108,2,0,0.235,0.4216867469879518,0.3475046210720888,0.661,0.3139841688654353,0.626865671641791,0.3233923578751165,0.6870876531573986,0.5775,0.315,0.4390832328106151,0.1866666666666666,27.0,0.0736046319619564,0.3129123468426014,1
Unknown_593700,SF,593700,2018,104,310,294,74,17,5,8,9,71,1,3,0.252,0.3493975903614459,0.4639556377079483,0.699,0.4327176781002638,0.5044776119402985,0.1043802423112768,0.4531102733270499,0.729,0.315,0.4390832328106151,0.18,26.0,0.1428357361324145,0.54688972667295,0
Unknown_605131,LAD,605131,2018,94,242,203,41,5,0,4,32,68,6,0,0.202,0.5120481927710844,0.2070240295748613,0.614,0.1978891820580475,0.4417910447761193,0.5852749301025164,0.575636192271442,0.5579,0.314,0.436670687575392,0.1733333333333333,29.0,0.0311353447308607,0.4243638077285578,1
Unknown_446386,CLE,446386,2018,89,223,196,40,11,0,7,15,49,11,0,0.204,0.4186746987951807,0.356746765249538,0.665,0.4063324538258575,0.3044776119402985,0.2828518173345759,0.4311969839773799,0.6592,0.314,0.436670687575392,0.1666666666666666,32.0,0.0531797320049723,0.5688030160226201,3
Unknown_641343,TB,641343,2018,95,388,323,65,22,2,11,54,104,3,6,0.201,0.4759036144578313,0.3881700554528651,0.7,0.4591029023746701,0.3522388059701492,0.6178937558247902,0.545004712535344,0.5799,0.314,0.436670687575392,0.1866666666666666,23.0,0.0272588222825451,0.4549952874646559,0
Unknown_502226,BAL,502226,2018,50,169,156,42,5,2,1,11,31,1,0,0.269,0.4909638554216867,0.3179297597042514,0.668,0.179419525065963,0.5880597014925374,0.2726001863932898,0.3456644674835061,0.7396,0.314,0.436670687575392,0.16,35.0,0.0445223365962996,0.6543355325164939,3
Unknown_457727,MIA,457727,2018,126,384,342,85,14,2,4,38,75,2,2,0.249,0.5060240963855422,0.2994454713493531,0.662,0.20844327176781,0.5134328358208955,0.4305684995340167,0.3737040527803958,0.7005,0.313,0.4338560514676316,0.1866666666666666,31.0,0.0281770464296767,0.6262959472196041,3
Unknown_459964,ATH,459964,2018,80,246,207,43,9,0,7,35,53,1,2,0.208,0.4939759036144578,0.3308687615526802,0.675,0.3588390501319261,0.3223880597014925,0.6323392357875117,0.4210650329877475,0.6341,0.313,0.4338560514676316,0.1666666666666666,34.0,0.019292402524151,0.5789349670122526,3
Unknown_474568,PIT,474568,2018,116,436,394,99,29,2,6,32,87,6,3,0.251,0.4728915662650602,0.3826247689463957,0.696,0.3166226912928759,0.5134328358208955,0.3112767940354147,0.3836003770028275,0.711,0.313,0.4338560514676316,0.1933333333333333,32.0,0.0426018695405205,0.6163996229971724,3
Unknown_460026,SF,460026,2018,96,305,282,68,13,2,10,22,85,1,0,0.241,0.4216867469879518,0.4325323475046211,0.706,0.41688654353562,0.5253731343283582,0.3052190121155638,0.5702167766258247,0.6459,0.312,0.4310414153598713,0.1733333333333333,35.0,0.0648119581151695,0.4297832233741754,0
Unknown_446334,SF,446334,2018,124,512,480,117,25,4,16,22,101,5,5,0.244,0.3704819277108434,0.4399260628465805,0.694,0.4221635883905013,0.4179104477611941,0.1696178937558247,0.378416588124411,0.75,0.312,0.4310414153598713,0.2,33.0,0.0788042063468605,0.621583411875589,3
Unknown_519023,NYM,519023,2018,84,274,244,54,10,0,11,25,52,4,1,0.221,0.4367469879518072,0.4140480591497229,0.7,0.4406332453825857,0.3044776119402985,0.3942218080149114,0.3607445805843544,0.7044,0.312,0.4310414153598713,0.1733333333333333,30.0,0.0302754376951961,0.6392554194156457,3
Unknown_596142,NYY,596142,2018,94,394,341,63,18,0,20,47,99,3,3,0.185,0.3885542168674698,0.4417744916820703,0.7,0.5804749340369393,0.1701492537313432,0.5251630941286114,0.5056550424128181,0.6218,0.311,0.4286288701246481,0.18,26.0,0.0307654026145201,0.4943449575871816,0
Unknown_501303,MIN,501303,2018,108,366,335,84,23,1,6,24,82,1,2,0.251,0.4307228915662651,0.378927911275416,0.68,0.3139841688654353,0.5343283582089553,0.2749301025163094,0.4413289349670122,0.6967,0.311,0.4286288701246481,0.18,29.0,0.0560859006096152,0.5586710650329878,1
Unknown_664058,LAA,664058,2018,79,306,283,78,18,2,1,15,34,3,2,0.276,0.4789156626506025,0.3512014787430684,0.681,0.20844327176781,0.5194029850746269,0.1975768872320596,0.1753063147973609,0.8203,0.311,0.4286288701246481,0.1733333333333333,24.0,0.0338795626245489,0.8246936852026392,3
Unknown_642708,NYM,642708,2018,153,592,554,142,26,8,9,29,119,3,3,0.256,0.4126506024096384,0.3826247689463957,0.676,0.3060686015831134,0.5253731343283582,0.1975768872320596,0.3871347785108389,0.7399,0.31,0.4258142340168878,0.2,23.0,0.0693910126567221,0.612865221489161,3
Unknown_593528,KC,593528,2018,68,270,236,53,16,2,4,29,71,2,2,0.225,0.463855421686747,0.3438077634011091,0.672,0.3350923482849604,0.4985074626865672,0.4697110904007455,0.5332233741753063,0.6185,0.31,0.4258142340168878,0.1666666666666666,25.0,0.037391478738431,0.4667766258246937,1
Unknown_641313,CWS,641313,2018,153,606,567,136,28,3,20,30,149,4,3,0.24,0.3704819277108434,0.4288354898336415,0.687,0.4142480211081794,0.4626865671641791,0.1999068033550792,0.4929311969839774,0.6947,0.31,0.4258142340168878,0.2,25.0,0.086145844734463,0.5070688030160226,1
Unknown_456488,BOS,456488,2018,131,518,494,129,24,3,10,18,71,2,3,0.261,0.3915662650602409,0.3863216266173753,0.671,0.2955145118733509,0.453731343283582,0.1309412861136999,0.236569274269557,0.8224,0.309,0.4229995979091274,0.1933333333333333,31.0,0.0664677067842791,0.7634307257304431,3
Unknown_435522,NYY,435522,2018,112,403,351,77,12,1,11,42,89,6,4,0.219,0.4578313253012048,0.3308687615526802,0.663,0.3298153034300791,0.373134328358209,0.4547996272134203,0.4337888784165881,0.66,0.309,0.4229995979091274,0.18,33.0,0.0310082679589716,0.5662111215834118,1
Unknown_545350,HOU,545350,2018,83,235,214,45,8,1,10,15,85,4,1,0.21,0.3493975903614459,0.412199630314233,0.671,0.4696569920844327,0.4716417910447761,0.2665424044734389,0.7657869934024506,0.5532,0.309,0.4229995979091274,0.16,27.0,0.0997257191806258,0.2342130065975496,0
Unknown_595281,TB,595281,2018,87,367,332,72,12,9,7,25,91,6,2,0.217,0.3734939759036144,0.3622920517560075,0.653,0.3825857519788918,0.4208955223880598,0.2865796831314072,0.4978793590951932,0.6621,0.309,0.4229995979091274,0.1733333333333333,28.0,0.0604809431563601,0.5021206409048069,1
Unknown_608654,TB,608654,2018,74,233,221,49,13,0,9,7,72,3,1,0.222,0.2891566265060241,0.4232902033271721,0.657,0.4538258575197889,0.4477611940298507,0.1090400745573159,0.6416116870876531,0.6438,0.308,0.4205870526739043,0.16,26.0,0.1893557220535073,0.3583883129123471,1
Unknown_608365,CHC,608365,2018,124,465,420,105,21,1,5,40,99,2,2,0.25,0.4789156626506025,0.3068391866913125,0.657,0.2137203166226912,0.5373134328358209,0.3699906803355078,0.4151743638077286,0.6946,0.308,0.4205870526739043,0.18,24.0,0.0379100483584693,0.5848256361922715,1
Unknown_593934,MIN,593934,2018,71,299,266,53,14,0,13,31,115,0,2,0.199,0.3704819277108434,0.4140480591497229,0.679,0.5013192612137203,0.453731343283582,0.4524697110904007,0.8197455230914231,0.5117,0.308,0.4205870526739043,0.1666666666666666,25.0,0.0617791552088461,0.1802544769085767,0
Unknown_435079,LAA,435079,2018,133,552,504,121,28,0,14,41,74,4,3,0.24,0.4307228915662651,0.378927911275416,0.68,0.3430079155672823,0.3611940298507463,0.3154706430568499,0.2295004712535344,0.7844,0.307,0.4177724165661439,0.1866666666666666,36.0,0.0249276024073981,0.7704995287464655,3
Unknown_656185,CLE,656185,2018,84,292,266,68,11,3,2,14,58,7,1,0.256,0.4548192771084337,0.3105360443622921,0.651,0.2031662269129287,0.5522388059701493,0.1924510717614165,0.3814797360980207,0.7158,0.307,0.4177724165661439,0.1666666666666666,25.0,0.0702445323592749,0.6185202639019793,1
Unknown_592261,TEX,592261,2018,100,393,334,72,14,1,2,43,83,3,1,0.216,0.4578313253012048,0.1977818853974123,0.591,0.1503957783641161,0.4358208955223881,0.4790307548928239,0.4111687087653157,0.6412,0.307,0.4177724165661439,0.1733333333333333,26.0,0.0273602995502932,0.588831291234684,1
Unknown_592387,SEA,592387,2018,133,524,493,116,15,0,24,27,113,2,2,0.235,0.3584337349397591,0.4399260628465805,0.688,0.4406332453825857,0.3671641791044776,0.2092264678471574,0.421536286522149,0.729,0.307,0.4177724165661439,0.1866666666666666,26.0,0.0710239786732992,0.578463713477851,3
Unknown_500743,MIA,500743,2018,148,528,489,123,13,0,11,24,69,9,4,0.252,0.4186746987951807,0.3179297597042514,0.642,0.2242744063324538,0.4089552238805971,0.1812674743709226,0.2214891611687088,0.803,0.307,0.4177724165661439,0.1866666666666666,29.0,0.04559314522693,0.7785108388312911,3
Unknown_641857,COL,641857,2018,92,206,184,42,9,1,5,19,65,2,1,0.228,0.4457831325301205,0.3622920517560075,0.675,0.3482849604221635,0.5611940298507463,0.3988816402609506,0.6569274269557022,0.5825,0.306,0.4149577804583835,0.16,24.0,0.0562267071118942,0.3430725730442978,1
Unknown_491676,SF,491676,2018,135,451,414,97,16,2,15,27,113,4,4,0.234,0.3825301204819277,0.401109057301294,0.676,0.3905013192612137,0.444776119402985,0.2483690587138863,0.5040056550424128,0.6763,0.306,0.4149577804583835,0.1733333333333333,31.0,0.0709703954773121,0.4959943449575874,1
Unknown_622534,SD,622534,2018,138,519,477,117,26,8,8,32,88,2,7,0.245,0.4036144578313252,0.3881700554528651,0.675,0.3403693931398417,0.4388059701492538,0.2567567567567567,0.313147973609802,0.763,0.306,0.4149577804583835,0.18,24.0,0.043198034772664,0.686852026390198,3
Unknown_519306,AZ,519306,2018,71,272,241,53,15,3,5,28,75,3,0,0.22,0.4548192771084337,0.3604436229205176,0.678,0.3693931398416886,0.4895522388059701,0.4487418452935695,0.5631479736098021,0.6103,0.306,0.4149577804583835,0.16,29.0,0.041853133083068,0.4368520263901978,0
Unknown_596103,SF,596103,2018,74,225,199,50,6,1,1,20,69,5,1,0.251,0.5271084337349398,0.2458410351201479,0.64,0.1213720316622691,0.7253731343283581,0.3835041938490214,0.6361922714420357,0.5822,0.305,0.4125452352231604,0.16,26.0,0.0567693364083482,0.3638077285579644,1
Unknown_446359,LAA,446359,2018,58,253,224,49,13,2,5,19,42,7,3,0.219,0.4156626506024096,0.3475046210720888,0.658,0.3535620052770448,0.3283582089552239,0.3191985088536813,0.3046654099905749,0.7312,0.305,0.4125452352231604,0.16,33.0,0.0327770570974366,0.695334590009425,3
Unknown_457803,NYM,457803,2018,94,361,319,71,18,1,9,41,75,0,1,0.223,0.4578313253012048,0.3622920517560075,0.68,0.3641160949868073,0.3850746268656717,0.4986020503261883,0.4031573986804901,0.6787,0.304,0.4097305991154,0.1666666666666666,31.0,0.0253994924487215,0.5968426013195098,3
Unknown_543829,SEA,543829,2018,140,588,556,149,17,8,4,9,80,9,5,0.268,0.3915662650602409,0.3234750462107209,0.637,0.1899736147757255,0.5074626865671642,0.0405405405405405,0.2342130065975495,0.818,0.304,0.4097305991154,0.18,30.0,0.1621694424557126,0.7657869934024506,3
Unknown_542921,BAL,542921,2018,96,402,369,85,17,0,12,27,100,3,2,0.23,0.3885542168674698,0.3696857670979668,0.661,0.3562005277044854,0.4417910447761193,0.282385834109972,0.4997643732327992,0.6741,0.302,0.4045034177724165,0.1666666666666666,28.0,0.0616553890401475,0.5002356267672008,1
Unknown_543281,PIT,543281,2018,96,374,344,86,13,1,8,18,68,5,5,0.25,0.4066265060240963,0.3493530499075786,0.656,0.2744063324538258,0.453731343283582,0.1933830382106244,0.341894439208294,0.7513,0.302,0.4045034177724165,0.16,31.0,0.0631505026700082,0.6581055607917059,3
Unknown_400121,DET,400121,2018,133,508,467,117,21,0,9,32,49,2,7,0.251,0.4186746987951807,0.3308687615526802,0.651,0.2480211081794195,0.3761194029850746,0.2628145386766076,0.1409048067860508,0.8366,0.302,0.4045034177724165,0.1666666666666666,40.0,0.0196416261637444,0.859095193213949,3
Unknown_570731,BAL,570731,2018,130,503,475,110,22,1,21,19,116,4,4,0.232,0.322289156626506,0.4454713493530499,0.68,0.4591029023746701,0.3761194029850746,0.1453867660764212,0.456880301602262,0.7217,0.301,0.4016887816646561,0.1666666666666666,27.0,0.1080727882448512,0.543119698397738,1
Unknown_594694,WSH,594694,2018,139,456,408,94,14,7,7,39,82,2,4,0.23,0.4216867469879518,0.3253234750462108,0.649,0.2928759894459102,0.4029850746268657,0.3676607642124884,0.337181903864279,0.7237,0.301,0.4016887816646561,0.1666666666666666,26.0,0.0306970710511096,0.6628180961357211,3
Unknown_400284,LAD,400284,2018,83,187,164,35,10,1,1,17,34,5,1,0.213,0.4427710843373493,0.2421441774491682,0.61,0.2163588390501319,0.382089552238806,0.3928238583410997,0.341894439208294,0.7005,0.301,0.4016887816646561,0.1466666666666666,40.0,0.0287049241882701,0.6581055607917059,1
Unknown_581527,TOR,581527,2018,100,378,357,83,14,3,11,16,64,5,0,0.232,0.3524096385542169,0.3826247689463957,0.656,0.366754617414248,0.3611940298507463,0.1663560111835973,0.3124410933081998,0.7751,0.301,0.4016887816646561,0.16,27.0,0.0674617175437789,0.6875589066918002,3
Unknown_547170,CWS,547170,2018,88,318,284,61,11,5,8,27,80,6,1,0.215,0.4156626506024096,0.3678373382624769,0.669,0.3931398416886543,0.4029850746268657,0.3648648648648648,0.5063619227144203,0.6447,0.299,0.3964616003216726,0.1533333333333333,26.0,0.0473537034258939,0.4936380772855795,1
Unknown_641531,KC,641531,2018,102,388,362,83,19,4,11,24,109,1,1,0.229,0.3614457831325302,0.4085027726432533,0.673,0.4142480211081794,0.4835820895522388,0.2576887232059646,0.5754005655042412,0.6546,0.299,0.3964616003216726,0.1533333333333333,27.0,0.0778285404847233,0.4245994344957589,1
Unknown_408236,NYM,408236,2018,53,187,169,40,5,0,6,15,34,1,2,0.237,0.4246987951807228,0.3678373382624769,0.672,0.3350923482849604,0.3761194029850746,0.3429636533084808,0.341894439208294,0.7326,0.299,0.3964616003216726,0.1466666666666666,36.0,0.0338696134805756,0.6581055607917059,3
Unknown_572191,WSH,572191,2018,121,385,353,80,22,3,6,29,116,1,0,0.227,0.3885542168674698,0.3382624768946395,0.644,0.3192612137203166,0.555223880597015,0.3201304753028891,0.6234684260131951,0.6156,0.298,0.3936469642139123,0.1533333333333333,27.0,0.0674416643573788,0.3765315739868049,1
Unknown_456124,MIL,456124,2018,67,235,218,54,8,0,6,7,43,7,2,0.248,0.4006024096385542,0.356746765249538,0.658,0.2902374670184696,0.4388059701492538,0.1081081081081081,0.3447219604147031,0.7532,0.297,0.3908323281061519,0.1466666666666666,38.0,0.1088549543353157,0.6552780395852968,3
Unknown_527043,LAA,527043,2018,78,209,194,42,7,1,7,13,41,2,0,0.216,0.3463855421686748,0.3641404805914973,0.644,0.3852242744063324,0.3164179104477612,0.2590866728797763,0.3758246936852027,0.7321,0.297,0.3908323281061519,0.1466666666666666,27.0,0.0510477888044016,0.6241753063147972,1
Unknown_451192,DET,451192,2018,56,185,176,47,8,2,3,6,45,0,1,0.267,0.3975903614457831,0.3918669131238448,0.676,0.2902374670184696,0.6179104477611942,0.1202236719478098,0.486569274269557,0.7135,0.297,0.3908323281061519,0.1466666666666666,33.0,0.13527975067629,0.5134307257304431,1
Unknown_460576,TB,460576,2018,111,408,360,75,15,2,9,25,103,21,0,0.208,0.4216867469879518,0.2994454713493531,0.634,0.3139841688654353,0.3940298507462687,0.2548928238583411,0.5084825636192272,0.6299,0.297,0.3908323281061519,0.1533333333333333,33.0,0.0697209399171451,0.491517436380773,1
Unknown_572122,SEA,572122,2018,155,630,583,129,36,1,22,38,138,5,4,0.221,0.3463855421686748,0.4177449168207025,0.673,0.445910290237467,0.3492537313432836,0.2502329916123019,0.4295475966069745,0.7127,0.296,0.3884197828709288,0.1533333333333333,31.0,0.060290047787022,0.5704524033930256,1
Unknown_543484,DET,543484,2018,66,250,223,45,4,2,9,21,66,3,3,0.202,0.355421686746988,0.3419593345656193,0.635,0.3905013192612137,0.3104477611940298,0.3606710158434296,0.5355796418473139,0.64,0.296,0.3884197828709288,0.1466666666666666,29.0,0.050825515976943,0.4644203581526862,1
Unknown_500208,TOR,500208,2018,122,506,468,106,20,0,17,31,72,3,3,0.226,0.3584337349397591,0.3770794824399261,0.655,0.3773087071240105,0.2955223880597015,0.2548928238583411,0.2488218661639962,0.7885,0.296,0.3884197828709288,0.1533333333333333,31.0,0.0349252129477684,0.7511781338360037,3
Unknown_605412,SF,605412,2018,101,392,358,91,14,1,4,26,30,3,4,0.254,0.4487951807228916,0.2920517560073938,0.639,0.1820580474934036,0.391044776119403,0.2781919850885368,0.0937794533459,0.8469,0.295,0.3856051467631684,0.1466666666666666,28.0,0.0123271783447334,0.9062205466540998,3
Unknown_594807,CIN,594807,2018,135,427,384,75,20,0,15,37,117,5,1,0.195,0.3493975903614459,0.3530499075785583,0.639,0.4221635883905013,0.3074626865671641,0.3732525629077353,0.5591423185673893,0.6276,0.295,0.3856051467631684,0.1466666666666666,30.0,0.0511635757707145,0.4408576814326108,1
Unknown_595885,NYY,595885,2018,81,311,272,54,16,1,11,30,78,5,4,0.199,0.3855421686746987,0.3918669131238448,0.672,0.4722955145118733,0.2865671641791045,0.4189189189189189,0.5044769085768144,0.6367,0.295,0.3856051467631684,0.1466666666666666,26.0,0.0402981773459088,0.4955230914231856,0
Unknown_435263,HOU,435263,2018,63,219,192,40,3,0,7,19,42,6,2,0.208,0.4186746987951807,0.2939001848428836,0.63,0.3060686015831134,0.2805970149253731,0.3737185461323392,0.3654571159283695,0.6941,0.294,0.3827905106554081,0.14,34.0,0.0327633392140145,0.6345428840716305,1
Unknown_595375,MIA,595375,2018,96,332,308,71,10,4,9,20,67,0,1,0.231,0.3584337349397591,0.3752310536044363,0.653,0.3614775725593667,0.3940298507462687,0.249767008387698,0.3890197926484449,0.7289,0.294,0.3827905106554081,0.1466666666666666,27.0,0.0548766708684732,0.6109802073515551,1
Unknown_517369,SD,517369,2018,145,473,438,109,23,2,5,30,89,3,2,0.249,0.4277108433734939,0.3160813308687616,0.645,0.2295514511873351,0.4985074626865672,0.2646784715750233,0.3569745523091424,0.7421,0.294,0.3827905106554081,0.1466666666666666,29.0,0.0474498578451542,0.6430254476908577,1
Unknown_572287,SEA,572287,2018,109,405,373,75,18,0,20,24,150,6,2,0.201,0.3042168674698795,0.4362292051756007,0.669,0.5277044854881267,0.4,0.2455731593662627,0.7862865221489161,0.5556,0.294,0.3827905106554081,0.1466666666666666,27.0,0.1108924349106877,0.2137134778510838,0
Unknown_605170,CHC,605170,2018,75,201,182,42,7,0,2,12,42,4,1,0.231,0.4006024096385542,0.2365988909426987,0.594,0.1635883905013192,0.4597014925373134,0.2474370922646784,0.4059849198868991,0.7015,0.293,0.3803779654201849,0.14,25.0,0.0577544115623397,0.594015080113101,1
Unknown_489149,MIN,489149,2018,93,359,318,59,13,0,15,34,80,6,1,0.186,0.355421686746988,0.3585951940850277,0.644,0.4564643799472295,0.1850746268656716,0.4105312208760485,0.4385014137606032,0.6657,0.293,0.3803779654201849,0.14,31.0,0.0355314742941198,0.5614985862393969,1
Unknown_595284,PHI,595284,2018,84,215,187,37,6,2,4,24,75,2,1,0.198,0.4096385542168674,0.2624768946395564,0.61,0.2875989445910289,0.5044776119402985,0.48928238583411,0.7353911404335532,0.5256,0.292,0.3775633293124246,0.14,27.0,0.0504885535572231,0.2646088595664468,1
Unknown_607054,BAL,607054,2018,77,246,210,42,13,2,3,31,58,3,1,0.2,0.4578313253012048,0.2772643253234751,0.634,0.3034300791556728,0.3761194029850746,0.5563839701770736,0.4691328934967012,0.622,0.292,0.3775633293124246,0.14,28.0,0.0262163576120444,0.5308671065032988,1
Unknown_594824,STL,594824,2018,104,208,181,40,6,0,3,20,37,4,2,0.221,0.4548192771084337,0.2402957486136784,0.613,0.1952506596306068,0.373134328358209,0.4175209692451071,0.3327049952874646,0.7019,0.291,0.3747486932046642,0.14,29.0,0.0257875124593846,0.6672950047125354,1
Unknown_594777,LAA,594777,2018,137,551,491,102,18,2,19,53,133,1,6,0.208,0.3765060240963854,0.3604436229205176,0.652,0.4010554089709762,0.3194029850746268,0.4175209692451071,0.4823279924599434,0.6606,0.291,0.3747486932046642,0.14,31.0,0.0385637638238143,0.5176720075400565,1
Unknown_457706,SF,457706,2018,115,375,347,85,17,1,3,26,133,1,1,0.245,0.4246987951807228,0.2809611829944548,0.624,0.1899736147757255,0.755223880597015,0.2921714818266542,0.7492931196983977,0.5733,0.291,0.3747486932046642,0.14,31.0,0.089061740924788,0.2507068803016024,1
Unknown_445988,MIA,445988,2018,54,209,197,48,9,0,1,11,35,1,0,0.244,0.3885542168674698,0.2421441774491682,0.592,0.1372031662269129,0.4716417910447761,0.2143522833178005,0.3081998114985863,0.7751,0.29,0.3719340570969038,0.14,35.0,0.0516298055548106,0.6918001885014138,1
Unknown_571740,CIN,571740,2018,149,556,504,119,16,9,4,46,132,1,4,0.236,0.4246987951807228,0.2828096118299446,0.626,0.2163588390501319,0.5223880597014926,0.3546132339235787,0.4729029217719133,0.6763,0.289,0.3695215118616807,0.1333333333333333,28.0,0.0455561609801249,0.5270970782280866,1
Unknown_641553,CWS,641553,2018,130,463,429,101,17,4,6,18,129,8,1,0.235,0.3644578313253013,0.2994454713493531,0.614,0.2401055408970976,0.5611940298507463,0.1505125815470643,0.5699811498586239,0.6501,0.289,0.3695215118616807,0.1333333333333333,27.0,0.1286172115216849,0.4300188501413762,1
Unknown_455117,LAA,455117,2018,118,420,387,86,19,1,10,16,104,12,2,0.222,0.3463855421686748,0.3327171903881701,0.627,0.3245382585751979,0.4238805970149254,0.146784715750233,0.4969368520263902,0.6786,0.288,0.3667068757539203,0.1333333333333333,32.0,0.1157793534141552,0.5030631479736096,1
Unknown_592444,DET,592444,2018,124,467,429,89,22,6,11,24,142,11,2,0.207,0.3253012048192771,0.3512014787430684,0.63,0.387862796833773,0.4388059701492538,0.2087604846225536,0.6300659754948161,0.6188,0.288,0.3667068757539203,0.1333333333333333,26.0,0.1045077595224603,0.3699340245051838,1
Unknown_571437,PHI,571437,2018,104,285,243,44,11,1,8,36,91,4,2,0.181,0.4126506024096384,0.2939001848428836,0.628,0.3773087071240105,0.3373134328358209,0.5577819198508853,0.6658812441093307,0.5404,0.288,0.3667068757539203,0.1333333333333333,27.0,0.0389267217992473,0.3341187558906695,1
Unknown_444876,KC,444876,2018,139,531,485,112,22,3,4,29,74,5,4,0.231,0.3644578313253013,0.2569316081330869,0.593,0.1926121372031662,0.3850746268656717,0.2236719478098788,0.2419886899151743,0.7815,0.287,0.3638922396461599,0.1266666666666666,32.0,0.0394107234193265,0.7580113100848258,1
Unknown_588751,TB,588751,2018,91,325,299,73,11,0,6,17,58,0,7,0.244,0.3644578313253013,0.3086876155268023,0.62,0.2321899736147757,0.4268656716417911,0.2129543336439888,0.3341187558906692,0.7631,0.286,0.3614796944109368,0.1266666666666666,29.0,0.0560543078696288,0.6658812441093309,1
Unknown_596119,BOS,596119,2018,74,208,193,44,10,0,3,15,58,0,0,0.228,0.3795180722891565,0.2809611829944548,0.61,0.2348284960422163,0.5283582089552239,0.3052190121155638,0.5704524033930254,0.649,0.286,0.3614796944109368,0.1333333333333333,26.0,0.0648388034935538,0.4295475966069748,1
Unknown_523253,MIN,523253,2018,115,416,371,86,16,0,2,41,83,3,1,0.232,0.463855421686747,0.2162661737523105,0.604,0.1319261213720316,0.4746268656716418,0.4287045666356011,0.3836003770028275,0.6947,0.285,0.3586650583031764,0.1266666666666666,31.0,0.0291564220683381,0.6163996229971724,1
Unknown_606115,MIL,606115,2018,117,386,368,88,16,0,6,15,90,1,1,0.239,0.3373493975903615,0.2920517560073938,0.602,0.2189973614775725,0.4955223880597015,0.1505125815470643,0.4630065975494816,0.7228,0.284,0.3558504221954161,0.12,24.0,0.1060274812182136,0.5369934024505185,1
Unknown_547172,COL,547172,2018,70,219,185,33,4,4,3,26,33,6,2,0.178,0.4186746987951807,0.2181146025878004,0.589,0.2770448548812665,0.1940298507462686,0.5223671947809879,0.2686145146088596,0.7032,0.284,0.3558504221954161,0.1333333333333333,26.0,0.0145674061211412,0.7313854853911403,3
Unknown_518960,ATH,518960,2018,127,458,419,101,21,1,4,29,67,3,6,0.241,0.4006024096385542,0.279112754158965,0.616,0.1978891820580475,0.4179104477611941,0.2642124883504193,0.2582469368520264,0.7817,0.283,0.3534378769601929,0.12,32.0,0.0347286793376737,0.7417530631479734,1
Unknown_594011,KC,594011,2018,84,302,278,65,14,3,1,19,57,2,2,0.234,0.3855421686746987,0.2643253234750463,0.602,0.1952506596306068,0.4597014925373134,0.2623485554520037,0.3581526861451461,0.7384,0.283,0.3534378769601929,0.1266666666666666,26.0,0.0480604420033589,0.6418473138548539,1
Unknown_452254,SF,452254,2018,97,248,235,53,11,1,4,11,59,0,2,0.226,0.3012048192771085,0.2920517560073938,0.59,0.2559366754617414,0.4417910447761193,0.1761416589002795,0.4740810556079171,0.7177,0.282,0.3506232408524326,0.1266666666666666,35.0,0.0937028454997508,0.5259189443920829,1
Unknown_488671,AZ,488671,2018,79,234,194,32,6,0,7,37,90,1,2,0.165,0.4246987951807228,0.2402957486136784,0.603,0.3430079155672823,0.3552238805970149,0.70596458527493,0.8197455230914231,0.453,0.282,0.3506232408524326,0.1266666666666666,31.0,0.0370788484042857,0.1802544769085767,1
Unknown_571974,AZ,571974,2018,77,223,208,42,9,0,9,11,71,1,1,0.202,0.2590361445783132,0.3715341959334566,0.619,0.4327176781002638,0.3641791044776119,0.1989748369058713,0.663760603204524,0.6188,0.281,0.3478086047446722,0.1266666666666666,27.0,0.1149999103090921,0.336239396795476,1
Unknown_641319,SD,641319,2018,72,218,189,37,8,1,2,24,46,1,3,0.196,0.3855421686746987,0.1959334565619224,0.566,0.2005277044854881,0.3253731343283582,0.4822926374650512,0.4106974552309142,0.6697,0.28,0.3453960595094491,0.1266666666666666,27.0,0.0270875693844661,0.5893025447690858,1
Unknown_572008,AZ,572008,2018,105,309,281,58,15,0,4,24,75,2,2,0.206,0.3433734939759036,0.2365988909426987,0.574,0.2295514511873351,0.391044776119403,0.331314072693383,0.4853911404335533,0.6731,0.277,0.3373542420587052,0.1133333333333333,27.0,0.0504518573318641,0.5146088595664466,1
Unknown_641583,ATH,641583,2018,61,203,192,43,3,2,6,8,47,1,2,0.224,0.2951807228915662,0.3327171903881701,0.61,0.3192612137203166,0.382089552238806,0.1528424976700838,0.4590009425070688,0.7241,0.276,0.3345396059509449,0.12,24.0,0.1037198371416727,0.5409990574929311,1
Unknown_664068,PHI,664068,2018,137,484,452,102,23,2,8,24,126,3,5,0.226,0.3283132530120483,0.3031423290203328,0.605,0.2744063324538258,0.4686567164179104,0.2003727865796831,0.5268614514608859,0.6839,0.275,0.3317249698431845,0.0933333333333333,24.0,0.0915713338659074,0.4731385485391142,1
Unknown_434658,CLE,434658,2018,74,216,196,44,6,1,1,11,48,4,1,0.224,0.3614457831325302,0.1977818853974123,0.559,0.1240105540897097,0.4686567164179104,0.206430568499534,0.4370876531573986,0.6898,0.273,0.326497788500201,0.12,38.0,0.0744888995308378,0.5629123468426014,1
Unknown_500135,DET,500135,2018,59,206,191,42,7,0,5,10,42,0,2,0.22,0.2951807228915662,0.2975970425138634,0.591,0.2796833773087071,0.3552238805970149,0.19524697110904,0.3939679547596607,0.733,0.273,0.326497788500201,0.12,26.0,0.0713668799497751,0.6060320452403394,1
Unknown_502481,AZ,502481,2018,64,237,206,39,4,2,2,27,34,0,1,0.189,0.3734939759036144,0.1534195933456562,0.539,0.1556728232189973,0.244776119402985,0.5,0.2516493873704052,0.73,0.273,0.326497788500201,0.1133333333333333,34.0,0.0143794619247759,0.7483506126295947,1
Unknown_453923,SF,453923,2018,66,203,189,41,7,3,2,12,58,0,1,0.217,0.3132530120481928,0.2643253234750463,0.58,0.2427440633245382,0.4955223880597015,0.244641192917055,0.5867106503298775,0.6502,0.272,0.3236831523924406,0.12,35.0,0.0835619332242663,0.4132893496701224,1
Unknown_446481,PIT,446481,2018,62,173,150,25,5,1,5,22,60,1,0,0.167,0.3584337349397591,0.2569316081330869,0.591,0.3641160949868073,0.3014925373134328,0.5619757688723206,0.7306786050895382,0.5202,0.272,0.3236831523924406,0.12,33.0,0.0427650644879101,0.269321394910462,1
Unknown_451594,STL,451594,2018,90,334,289,52,10,0,8,38,75,3,4,0.18,0.3614457831325302,0.2292051756007394,0.576,0.2875989445910289,0.226865671641791,0.4995340167753961,0.4427426955702168,0.6527,0.271,0.3212706071572175,0.1,32.0,0.0281946732792607,0.5572573044297833,1
Unknown_475247,ATL,475247,2018,81,184,163,35,6,0,2,18,41,1,1,0.215,0.4126506024096384,0.2107208872458411,0.583,0.1715039577836411,0.4149253731343284,0.4249767008387697,0.4385014137606032,0.6685,0.27,0.3184559710494571,0.12,32.0,0.0340880538873541,0.5614985862393969,1
Unknown_460077,KC,460077,2018,58,185,165,31,9,0,3,16,39,2,2,0.188,0.322289156626506,0.2273567467652495,0.562,0.2638522427440633,0.2686567164179104,0.3723205964585274,0.4102262016965127,0.6919,0.27,0.3184559710494571,0.12,35.0,0.037163173591858,0.5897737983034872,1
Unknown_408314,NYM,408314,2018,100,251,228,43,12,3,4,22,39,0,0,0.189,0.3072289156626506,0.2698706099815158,0.58,0.3245382585751979,0.2298507462686567,0.3774464119291705,0.279688972667295,0.753,0.269,0.3156413349416967,0.1066666666666666,35.0,0.0243300468739007,0.7203110273327049,1
Unknown_543510,DET,543510,2018,117,457,427,94,16,0,8,26,116,2,2,0.22,0.3283132530120483,0.2587800369685768,0.581,0.2242744063324538,0.4417910447761193,0.2343895619757688,0.511545711592837,0.6849,0.269,0.3156413349416967,0.08,28.0,0.0763283423624781,0.488454288407163,1
Unknown_547379,CLE,547379,2018,62,210,179,30,9,1,2,21,70,1,2,0.168,0.2951807228915662,0.1645101663585952,0.519,0.2269129287598944,0.3671641791044776,0.4352283317800559,0.6988689915174363,0.5286,0.267,0.3104141535987132,0.1133333333333333,30.0,0.0545058294357835,0.3011310084825638,1
Unknown_472528,LAA,472528,2018,92,288,266,53,9,0,9,19,100,1,2,0.199,0.286144578313253,0.2975970425138634,0.588,0.3324538258575198,0.4268656716417911,0.2767940354147251,0.7316211121583411,0.5833,0.267,0.3104141535987132,0.1,33.0,0.0918156428823173,0.2683788878416591,1
Unknown_621446,MIA,621446,2018,108,405,382,76,10,5,11,17,120,4,2,0.199,0.2469879518072288,0.3031423290203328,0.577,0.3430079155672823,0.3671641791044776,0.1649580615097856,0.6116870876531574,0.6519,0.265,0.3051869722557297,0.08,24.0,0.1265424582869214,0.3883129123468427,1
Unknown_543376,BAL,543376,2018,80,280,265,58,14,2,3,10,68,3,1,0.219,0.2891566265060241,0.2717190388170056,0.575,0.2453825857519788,0.4417910447761193,0.135601118359739,0.4858623939679548,0.7071,0.265,0.3051869722557297,0.1,32.0,0.1216873136921281,0.5141376060320453,1
Unknown_571595,COL,571595,2018,67,153,146,34,4,1,2,6,24,1,0,0.233,0.3313253012048193,0.2606284658040667,0.583,0.1926121372031662,0.3970149253731344,0.151910531220876,0.2832233741753063,0.7974,0.263,0.2995577000402091,0.1133333333333333,27.0,0.0674653361394046,0.7167766258246935,1
Unknown_553988,DET,553988,2018,64,233,214,44,13,1,1,14,41,3,1,0.206,0.3162650602409639,0.2144177449168207,0.553,0.1978891820580475,0.3432835820895522,0.2493010251630941,0.3282280867106503,0.7468,0.263,0.2995577000402091,0.1,26.0,0.046675604622246,0.6717719132893498,1
Unknown_425772,AZ,425772,2018,67,218,195,39,9,1,1,20,66,0,2,0.2,0.3433734939759036,0.1811460258780038,0.544,0.1662269129287598,0.4716417910447761,0.396551724137931,0.6270028275212064,0.6009,0.261,0.2943305186972255,0.1,35.0,0.05390720147422,0.3729971724787937,1
Unknown_642082,BAL,642082,2018,62,184,160,29,8,0,2,13,66,11,0,0.181,0.3915662650602409,0.1756007393715343,0.557,0.20844327176781,0.4746268656716418,0.298695246971109,0.758718190386428,0.5109,0.26,0.2915158825894652,0.1066666666666666,23.0,0.0881950800753818,0.2412818096135722,1
Unknown_605509,SF,605509,2018,61,152,140,29,4,2,0,9,35,2,0,0.207,0.322289156626506,0.1663585951940851,0.529,0.1266490765171504,0.4238805970149254,0.2451071761416589,0.4561734213006598,0.6908,0.259,0.289103337354242,0.1133333333333333,28.0,0.0652907762745613,0.5438265786993404,1
Unknown_622682,DET,622682,2018,75,219,212,47,5,3,1,5,46,0,1,0.222,0.2439759036144577,0.2107208872458411,0.526,0.1503957783641161,0.4268656716417911,0.0754892823858341,0.4083411875589067,0.7626,0.259,0.289103337354242,0.1,24.0,0.1682683947497,0.5916588124410933,1
Unknown_501659,KC,501659,2018,47,151,134,24,1,2,3,15,36,0,1,0.179,0.3072289156626506,0.2033271719038817,0.544,0.2506596306068601,0.2537313432835821,0.4319664492078285,0.4752591894439208,0.6556,0.258,0.2862887012464816,0.1133333333333333,29.0,0.0364627248835423,0.5247408105560794,1
Unknown_543877,BOS,543877,2018,81,283,264,55,10,0,4,14,44,4,0,0.208,0.3042168674698795,0.2181146025878004,0.551,0.1952506596306068,0.3044776119402985,0.1999068033550792,0.2799245994344957,0.7774,0.256,0.2810615199034981,0.08,28.0,0.0507975859368058,0.7200754005655043,1
Unknown_448801,BAL,448801,2018,128,522,470,79,12,0,16,41,192,7,4,0.168,0.2560240963855421,0.2255083179297597,0.539,0.3139841688654353,0.3074626865671641,0.3350419384902143,0.7801602262016966,0.5402,0.252,0.2702050663449939,0.02,32.0,0.0806812701171965,0.2198397737983035,1
Unknown_435064,MIN,435064,2018,47,151,135,24,8,0,2,12,37,0,2,0.178,0.253012048192771,0.1977818853974123,0.523,0.2506596306068601,0.2686567164179104,0.3397017707362535,0.4908105560791706,0.6623,0.25,0.2649778850020104,0.1066666666666666,35.0,0.0496429686171712,0.5091894439208295,1
Unknown_506702,BOS,506702,2018,89,295,271,47,12,0,5,15,76,4,1,0.173,0.2078313253012048,0.1829944547134936,0.5,0.2401055408970976,0.2567164179104477,0.20596458527493,0.5204995287464655,0.6644,0.245,0.2513067953357458,0.06,29.0,0.0881431285023224,0.4795004712535342,1
Unknown_592407,MIA,592407,2018,59,166,151,31,5,0,1,10,29,2,2,0.205,0.3102409638554217,0.1552680221811461,0.519,0.1160949868073878,0.3283582089552239,0.249767008387698,0.3251649387370405,0.747,0.243,0.2460796139927623,0.0933333333333333,31.0,0.0461634726493884,0.6748350612629594,1
Unknown_592680,MIA,592680,2018,83,160,139,24,3,0,1,19,51,0,2,0.173,0.3343373493975904,0.077634011090573,0.485,0.0897097625329815,0.3701492537313433,0.5228331780055918,0.664703110273327,0.5625,0.237,0.2299959790912746,0.0933333333333333,26.0,0.0419344531999301,0.335296889726673,1
Unknown_600474,WSH,600474,2018,62,213,190,32,9,0,2,18,47,4,1,0.168,0.2891566265060241,0.1349353049907579,0.501,0.1846965699208443,0.2298507462686567,0.3630009319664492,0.4335532516493874,0.6761,0.237,0.2299959790912746,0.0733333333333333,25.0,0.0405472942597504,0.5664467483506126,1
Unknown_491696,TB,491696,2018,63,198,182,38,5,0,1,9,29,1,2,0.209,0.2680722891566265,0.1460258780036969,0.5,0.0923482849604221,0.3164179104477612,0.1812674743709226,0.2587181903864279,0.7828,0.235,0.2243667068757538,0.0733333333333333,30.0,0.0523144019627191,0.7412818096135723,1
Unknown_642423,MIA,642423,2018,50,156,147,28,3,0,0,6,39,0,0,0.19,0.1927710843373493,0.0683918669131238,0.433,0.0290237467018469,0.373134328358209,0.1486486486486486,0.5025918944392083,0.6923,0.232,0.21632488942501,0.0866666666666666,22.0,0.1156790691755523,0.4974081055607917,1
Unknown_592885,MIL,592885,2019,134,591,499,165,30,3,45,80,120,9,3,0.331,0.819277108433735,0.9223659889094272,1.103,0.8812664907651715,0.6626865671641792,0.6001863932898415,0.3918473138548539,0.6464,0.487,0.8492159227985525,0.7266666666666667,28.0,0.0190128702158696,0.6081526861451458,2
Unknown_545361,LAA,545361,2019,139,614,484,141,28,2,46,110,123,16,4,0.291,0.8343373493975904,0.8669131238447321,1.077,0.9023746701846964,0.4895522388059701,0.804287045666356,0.3854853911404335,0.5945,0.477,0.8222758343385603,0.7133333333333333,28.0,0.0116284321873463,0.6145146088595663,2
Unknown_641355,LAD,641355,2019,166,700,591,177,36,3,48,101,121,3,5,0.299,0.7319277108433736,0.8133086876155269,1.016,0.8073878627968337,0.5014925373134328,0.6416589002795899,0.3209236569274269,0.6786,0.456,0.7659831121833534,0.7133333333333333,24.0,0.013185635129325,0.6790763430725728,2
Unknown_443558,MIN,443558,2019,127,548,478,147,27,0,43,60,136,7,3,0.308,0.7018072289156628,0.8502772643253236,1.024,0.8364116094986808,0.626865671641791,0.4794967381174277,0.4983506126295947,0.6277,0.451,0.7523120225170887,0.5733333333333334,39.0,0.0338663956056271,0.5016493873704053,2
Unknown_608324,HOU,608324,2019,170,741,593,174,39,2,43,130,92,10,8,0.293,0.8012048192771085,0.756007393715342,1.007,0.7414248021108178,0.4388059701492538,0.7865796831314072,0.2061734213006598,0.6869,0.449,0.7470848411741053,0.72,25.0,0.0036994490634176,0.7938265786993404,2
Unknown_670541,HOU,670541,2019,99,410,351,105,29,0,27,55,109,2,2,0.299,0.7138554216867471,0.811460258780037,1.008,0.8021108179419525,0.6716417910447762,0.5941286113699906,0.5400565504241283,0.5951,0.447,0.7418576598311217,0.4533333333333333,22.0,0.0283729503554982,0.4599434495758718,2
Unknown_543685,WSH,543685,2019,160,702,588,190,48,3,37,89,94,12,13,0.323,0.7740963855421686,0.7948243992606285,1.018,0.7176781002638523,0.573134328358209,0.5601118359739049,0.2290292177191328,0.7222,0.445,0.736228387615601,0.6733333333333333,29.0,0.0104331932539946,0.7709707822808671,2
Unknown_571448,COL,571448,2019,159,674,599,193,33,2,44,63,94,4,8,0.322,0.6867469879518072,0.7948243992606285,0.99,0.7203166226912928,0.5492537313432836,0.4049394221808015,0.2422243166823751,0.7611,0.442,0.7281865701648571,0.64,28.0,0.0188719071164335,0.757775683317625,2
Unknown_501896,LAD,501896,2019,84,198,173,56,14,0,11,24,48,1,0,0.324,0.7560240963855421,0.77818853974122,1.004,0.6939313984168866,0.7791044776119403,0.5340167753960857,0.484684260131951,0.6313,0.44,0.7229593888218737,0.2866666666666667,36.0,0.0287049241882701,0.5153157398680492,2
Unknown_665487,SD,665487,2019,90,387,347,108,13,6,22,32,113,5,3,0.311,0.6536144578313253,0.7375231053604436,0.948,0.6675461741424802,0.7940298507462688,0.3546132339235787,0.6015551366635249,0.6124,0.436,0.7121029352633694,0.4133333333333333,20.0,0.0583350155472815,0.398444863336475,2
Unknown_624413,NYM,624413,2019,165,715,618,162,31,3,53,73,185,21,3,0.262,0.6024096385542169,0.7486136783733826,0.937,0.8126649076517151,0.4507462686567164,0.4450139794967381,0.5230914231856738,0.6098,0.428,0.6907921190188981,0.6133333333333333,25.0,0.0390367138153253,0.4769085768143264,2
Unknown_606466,AZ,606466,2019,149,643,584,190,37,9,32,53,90,4,2,0.325,0.6807228915662652,0.7578558225508318,0.968,0.6596306068601583,0.6179104477611942,0.353215284249767,0.2434024505183789,0.7714,0.428,0.6907921190188981,0.5666666666666667,26.0,0.0228794770788744,0.7565975494816211,2
Unknown_593428,BOS,593428,2019,160,711,626,196,53,1,33,76,122,2,7,0.313,0.6837349397590361,0.7116451016635861,0.944,0.62532981530343,0.6179104477611942,0.4673811742777259,0.3178605089538172,0.7187,0.425,0.6827503015681544,0.6000000000000001,27.0,0.0210641117299282,0.6821394910461829,2
Unknown_543807,HOU,543807,2019,135,607,526,147,22,3,41,71,126,6,4,0.279,0.6355421686746988,0.7264325323475047,0.936,0.733509234828496,0.4716417910447761,0.5144454799627214,0.4026861451460886,0.6656,0.424,0.6799356654603939,0.5266666666666666,30.0,0.0243375252966603,0.5973138548539114,2
Unknown_656669,CLE,656669,2019,87,274,237,67,16,1,16,34,63,2,1,0.283,0.6566265060240964,0.7153419593345658,0.937,0.7097625329815304,0.5582089552238807,0.5475302889095992,0.4552309142318567,0.6387,0.424,0.6799356654603939,0.3133333333333333,26.0,0.0258507261542965,0.5447690857681433,2
Unknown_643446,NYM,643446,2019,137,586,527,169,39,1,25,37,78,21,1,0.321,0.6897590361445783,0.6783733826247691,0.928,0.5567282321899736,0.6119402985074628,0.2632805219012115,0.2271442035815268,0.7679,0.424,0.6799356654603939,0.5133333333333333,27.0,0.0308214546625032,0.772855796418473,2
Unknown_435062,WSH,435062,2019,131,411,372,126,27,1,18,30,56,4,5,0.339,0.6957831325301206,0.7171903881700556,0.951,0.5646437994722955,0.6626865671641792,0.309412861136999,0.234684260131951,0.781,0.422,0.6747084841174105,0.4,36.0,0.0261330266155802,0.765315739868049,2
Unknown_519203,CHC,519203,2019,151,628,526,157,32,3,28,71,86,28,3,0.298,0.753012048192771,0.6580406654343809,0.938,0.5883905013192612,0.5283582089552239,0.4962721342031687,0.2360980207351555,0.7054,0.421,0.6718938480096501,0.5333333333333334,30.0,0.0134224507940399,0.7639019792648443,2
Unknown_467793,CLE,467793,2019,165,709,596,171,32,1,35,108,110,3,2,0.287,0.7228915662650602,0.6395563770794825,0.918,0.5910290237467019,0.4955223880597015,0.678937558247903,0.2789820923656927,0.6883,0.42,0.6690792119018898,0.58,33.0,0.0097052530565841,0.7210179076343073,2
Unknown_608336,TEX,608336,2019,72,302,246,61,15,1,22,52,116,2,1,0.248,0.674698795180723,0.7597042513863217,0.967,0.8654353562005277,0.6686567164179104,0.771668219944082,0.8185673892554194,0.4338,0.42,0.6690792119018898,0.3266666666666666,26.0,0.0331672590155583,0.1814326107445807,2
Unknown_514888,HOU,514888,2019,137,597,545,164,30,3,36,45,90,3,3,0.301,0.5963855421686747,0.722735674676525,0.921,0.6728232189973615,0.5044776119402985,0.3205964585274929,0.2688501413760603,0.7672,0.419,0.6666666666666665,0.5066666666666666,29.0,0.0287049241882701,0.7311498586239396,2
Unknown_641598,MIN,641598,2019,97,381,330,88,16,1,31,43,94,5,3,0.267,0.5993975903614458,0.7929759704251387,0.96,0.8627968337730871,0.4179104477611941,0.4953401677539608,0.4948162111215834,0.6273,0.419,0.6666666666666665,0.3733333333333333,28.0,0.0322880094171041,0.5051837888784165,2
Unknown_592192,ATH,592192,2019,129,509,421,115,18,3,27,68,112,18,2,0.273,0.7138554216867471,0.6451016635859521,0.917,0.6332453825857519,0.5253731343283582,0.591798695246971,0.4319038642789821,0.611,0.418,0.6638520305589062,0.4466666666666666,30.0,0.0218667472356339,0.5680961357210179,2
Unknown_660162,CWS,660162,2019,137,579,528,168,36,5,26,43,157,4,3,0.318,0.644578313253012,0.7005545286506472,0.925,0.5963060686015831,0.8179104477611939,0.3154706430568499,0.5525447690857681,0.6459,0.418,0.6638520305589062,0.4933333333333333,24.0,0.0606428311079186,0.4474552309142319,2
Unknown_665742,WSH,665742,2019,165,718,590,164,35,5,36,117,147,4,7,0.278,0.7198795180722893,0.6709796672828099,0.934,0.6596306068601583,0.5223880597014926,0.7287977632805219,0.3958529688972667,0.6267,0.417,0.6610373944511458,0.5733333333333334,21.0,0.0143010940596181,0.6041470311027333,2
Unknown_453568,COL,453568,2019,144,648,593,185,43,8,32,41,106,9,5,0.312,0.6174698795180723,0.7375231053604436,0.936,0.6649076517150396,0.5940298507462688,0.2642124883504193,0.2990103675777568,0.7593,0.417,0.6610373944511458,0.5266666666666666,33.0,0.0400185759917185,0.7009896324222431,2
Unknown_502110,BOS,502110,2019,151,673,591,178,34,2,36,73,142,4,5,0.301,0.6656626506024096,0.6913123844731979,0.927,0.6279683377308707,0.6149253731343284,0.4748369058713886,0.4106974552309142,0.6731,0.417,0.6610373944511458,0.5466666666666666,32.0,0.0276345729726891,0.5893025447690858,2
Unknown_571970,LAD,571970,2019,152,631,524,133,26,1,38,95,158,8,4,0.254,0.6506024096385542,0.6487985212569318,0.899,0.6912928759894459,0.453731343283582,0.6710158434296366,0.5035344015080113,0.5864,0.416,0.6586248492159228,0.5133333333333333,29.0,0.0221759712997806,0.4964655984919888,2
Unknown_553993,CIN,553993,2019,163,680,593,161,24,2,50,70,193,11,6,0.272,0.5963855421686747,0.7356746765249538,0.928,0.7678100263852242,0.5313432835820896,0.4487418452935695,0.5822337417530631,0.5971,0.416,0.6586248492159228,0.5466666666666666,28.0,0.043376745272594,0.4177662582469368,2
Unknown_592450,NYY,592450,2019,111,483,406,110,18,1,28,73,150,3,1,0.271,0.6837349397590361,0.6524953789279115,0.912,0.6517150395778364,0.6686567164179104,0.6733457595526562,0.6453817153628651,0.528,0.415,0.6558102131081622,0.4266666666666666,27.0,0.0297809423857998,0.3546182846371348,2
Unknown_457759,LAD,457759,2019,146,593,517,152,27,0,31,54,95,16,6,0.294,0.6506024096385542,0.6506469500924217,0.9,0.5883905013192612,0.5104477611940299,0.3937558247903075,0.2909990574929312,0.7218,0.415,0.6558102131081622,0.4866666666666667,35.0,0.0240307047378644,0.7090009425070687,2
Unknown_669374,MIL,669374,2019,90,364,330,98,25,2,19,25,113,8,1,0.297,0.6084337349397589,0.7097966728280962,0.917,0.6649076517150396,0.7850746268656718,0.2893755824790307,0.6449104618284637,0.5989,0.414,0.6529955770004021,0.3533333333333334,23.0,0.0774458933587266,0.3550895381715364,2
Unknown_646240,BOS,646240,2019,161,717,661,206,54,5,32,49,121,4,2,0.312,0.6144578313253012,0.702402957486137,0.915,0.6147757255936676,0.6179104477611942,0.2875116495806151,0.311262959472196,0.7559,0.414,0.6529955770004021,0.56,23.0,0.0378300731435535,0.6887370405278037,2
Unknown_518692,ATL,518692,2019,168,726,628,183,35,2,39,89,135,7,2,0.291,0.6807228915662652,0.6765249537892792,0.924,0.6306068601583114,0.5432835820895523,0.5405405405405406,0.3517907634307257,0.6818,0.413,0.6505830317651788,0.56,30.0,0.0193587035140999,0.6482092365692744,2
Unknown_605204,NYM,605204,2019,143,463,418,129,22,1,23,39,99,4,2,0.309,0.6415662650602411,0.6598890942698707,0.903,0.5620052770448548,0.6626865671641792,0.3616029822926374,0.4172950047125354,0.6933,0.413,0.6505830317651788,0.4066666666666667,26.0,0.0391412722738405,0.5827049952874648,2
Unknown_605137,PIT,605137,2019,148,629,542,149,38,3,37,75,121,5,7,0.275,0.6204819277108434,0.7153419593345658,0.925,0.7308707124010553,0.453731343283582,0.5246971109040075,0.3668708765315739,0.6804,0.413,0.6505830317651788,0.5,27.0,0.0212355129509036,0.633129123468426,2
Unknown_660670,ATL,660670,2019,167,755,661,187,25,3,43,83,197,10,1,0.283,0.6415662650602411,0.6487985212569318,0.896,0.6147757255936676,0.6179104477611942,0.4813606710158434,0.5282752120640904,0.6119,0.412,0.6477683956574185,0.5733333333333334,22.0,0.0359434299407737,0.4717247879359094,2
Unknown_543543,PHI,543543,2019,83,184,167,43,6,1,13,16,48,1,0,0.257,0.5060240963855422,0.6746765249537894,0.865,0.7176781002638523,0.444776119402985,0.374650512581547,0.5282752120640904,0.6467,0.411,0.6449537595496582,0.2466666666666667,30.0,0.0480381942817324,0.4717247879359094,2
Unknown_543760,ATH,543760,2019,166,761,670,191,44,7,33,88,104,2,1,0.285,0.6355421686746988,0.6377079482439927,0.889,0.5936675461741425,0.4835820895522388,0.5079217148182665,0.2356267672007539,0.7451,0.409,0.6397265782066746,0.56,29.0,0.0128822906802606,0.7643732327992458,2
Unknown_452254,TEX,452254,2019,87,328,297,87,17,1,18,27,72,2,2,0.293,0.5903614457831324,0.6746765249537894,0.892,0.62532981530343,0.5850746268656717,0.352749301025163,0.4307257304429783,0.6921,0.408,0.6369119420989142,0.32,36.0,0.0416164421475456,0.5692742695570217,2
Unknown_624585,KC,624585,2019,166,691,603,157,33,1,49,74,183,10,4,0.26,0.575301204819277,0.7171903881700556,0.911,0.7730870712401055,0.4597014925373134,0.4683131407269338,0.5374646559849198,0.6093,0.406,0.6316847607559308,0.5133333333333333,27.0,0.0378495479179012,0.4625353440150803,2
Unknown_605141,BOS,605141,2019,153,717,608,178,40,5,29,97,105,3,9,0.293,0.6927710843373495,0.635859519408503,0.906,0.5699208443271768,0.5194029850746269,0.5997204100652377,0.2584825636192271,0.7141,0.406,0.6316847607559308,0.5266666666666666,27.0,0.0109373313380555,0.741517436380773,2
Unknown_572816,PIT,572816,2019,82,297,277,82,29,2,13,17,59,0,3,0.296,0.5271084337349398,0.7060998151571167,0.889,0.662269129287599,0.5910447761194031,0.2357875116495806,0.3817153628652214,0.7441,0.406,0.6316847607559308,0.3,30.0,0.0572306261430251,0.6182846371347785,2
Unknown_642086,NYM,642086,2019,85,210,190,53,10,0,12,19,46,1,0,0.279,0.5722891566265059,0.6414048059149724,0.869,0.6147757255936676,0.5283582089552239,0.390959925442684,0.4295475966069745,0.6857,0.405,0.6288701246481705,0.2533333333333333,24.0,0.0368321029393571,0.5704524033930256,2
Unknown_668804,PIT,668804,2019,136,553,498,157,37,4,16,46,122,6,3,0.315,0.6626506024096387,0.6062846580406656,0.88,0.4696569920844327,0.7582089552238808,0.3569431500465983,0.4333176248821866,0.6854,0.405,0.6288701246481705,0.4333333333333333,24.0,0.0413139273803111,0.5666823751178134,2
Unknown_608385,CIN,608385,2019,119,405,355,95,18,2,18,41,62,9,0,0.268,0.6024096385542169,0.5693160813308689,0.84,0.5408970976253298,0.4358208955223881,0.4408201304753029,0.2742695570216777,0.7235,0.405,0.6288701246481705,0.3533333333333334,26.0,0.0192758033554254,0.7257304429783222,2
Unknown_547180,PHI,547180,2019,161,695,582,153,37,1,37,103,183,6,4,0.263,0.6596385542168676,0.6414048059149724,0.898,0.6569920844327176,0.546268656716418,0.6598322460391426,0.5339302544769085,0.5799,0.403,0.6236429433051869,0.5,27.0,0.0243819306681659,0.4660697455230915,2
Unknown_596115,COL,596115,2019,149,670,600,174,38,5,35,60,177,7,3,0.29,0.6084337349397589,0.6857670979667285,0.905,0.6490765171503957,0.6597014925373134,0.3867660764212488,0.5360508953817154,0.6358,0.403,0.6236429433051869,0.4866666666666667,27.0,0.0470667435441021,0.4639491046182846,2
Unknown_518934,NYY,518934,2019,154,692,635,208,35,2,27,50,95,2,4,0.328,0.6566265060240964,0.6340110905730132,0.893,0.4749340369393139,0.644776119402985,0.3061509785647717,0.2370405278039585,0.7861,0.402,0.6208283071974265,0.4933333333333333,31.0,0.0267506326246442,0.7629594721960415,2
Unknown_592178,CHC,592178,2019,151,647,554,153,35,1,31,75,146,16,2,0.276,0.6596385542168676,0.622920517560074,0.888,0.5963060686015831,0.5611940298507463,0.5093196644920783,0.4453345900094251,0.6337,0.402,0.6208283071974265,0.4733333333333333,27.0,0.027686212724318,0.554665409990575,2
Unknown_518626,ATL,518626,2019,163,694,579,146,35,0,38,104,164,9,2,0.252,0.6475903614457831,0.6192236598890943,0.883,0.6543535620052771,0.4507462686567164,0.6677539608574091,0.4703110273327051,0.6009,0.401,0.6184157619622035,0.4933333333333333,34.0,0.0205056221118315,0.5296889726672951,2
Unknown_641820,BAL,641820,2019,159,694,617,178,38,2,36,63,148,9,5,0.288,0.6084337349397589,0.6617375231053606,0.892,0.6174142480211081,0.5671641791044777,0.3923578751164958,0.4161168708765315,0.683,0.401,0.6184157619622035,0.4933333333333333,27.0,0.0354623021038903,0.5838831291234683,2
Unknown_666182,TOR,666182,2019,48,215,199,62,18,0,11,14,51,1,1,0.312,0.6024096385542169,0.7282809611829946,0.926,0.6517150395778364,0.7044776119402986,0.2726001863932898,0.4724316682375117,0.693,0.4,0.6156011258544429,0.2466666666666667,21.0,0.0605181408735927,0.5275683317624884,2
Unknown_457705,PHI,457705,2019,63,274,230,61,13,1,11,44,56,0,0,0.265,0.6777108433734941,0.5545286506469502,0.857,0.5277044854881267,0.5164179104477612,0.7176141658900279,0.3951460885956644,0.635,0.4,0.6156011258544429,0.28,33.0,0.0146281839591146,0.6048539114043354,2
Unknown_621043,HOU,621043,2019,85,357,316,85,18,1,23,35,90,2,4,0.269,0.5542168674698796,0.6968576709796674,0.892,0.7203166226912928,0.4955223880597015,0.4259086672879776,0.5075400565504241,0.6443,0.399,0.6127864897466826,0.32,25.0,0.0397849706109893,0.492459943449576,2
Unknown_640457,TB,640457,2019,149,634,566,160,32,7,33,61,144,7,0,0.283,0.6084337349397589,0.6746765249537894,0.898,0.6517150395778364,0.573134328358209,0.4175209692451071,0.4486333647502357,0.6656,0.399,0.6127864897466826,0.4533333333333333,24.0,0.0356865922567065,0.5513666352497644,2
Unknown_593934,MIN,593934,2019,107,451,392,95,19,2,35,55,167,3,1,0.242,0.5451807228915663,0.7301293900184842,0.908,0.8390501319261213,0.5373134328358209,0.537744641192917,0.7860508953817154,0.5011,0.399,0.6127864897466826,0.3666666666666667,26.0,0.0487426446804481,0.2139491046182846,2
Unknown_621566,ATH,621566,2019,128,551,486,130,26,0,36,52,139,12,1,0.267,0.5843373493975904,0.6820702402957488,0.895,0.7044854881266491,0.4985074626865672,0.4091332712022367,0.5080113100848257,0.6316,0.399,0.6127864897466826,0.4133333333333333,25.0,0.0417247905151572,0.4919886899151744,2
Unknown_621311,COL,621311,2019,104,428,388,119,28,5,15,29,113,4,5,0.307,0.5993975903614458,0.6414048059149724,0.877,0.5408970976253298,0.7701492537313434,0.2851817334575955,0.5355796418473139,0.6542,0.399,0.6127864897466826,0.3533333333333334,25.0,0.0653605065991463,0.4644203581526862,2
Unknown_493329,HOU,493329,2019,156,659,607,180,42,2,32,40,66,5,7,0.297,0.5512048192771085,0.6580406654343809,0.872,0.5936675461741425,0.4567164179104477,0.2520969245107176,0.1496229971724788,0.8316,0.398,0.6103739445114595,0.4666666666666667,35.0,0.0219448421836591,0.850377002827521,2
Unknown_666971,TOR,666971,2019,88,356,326,92,21,2,22,21,88,5,3,0.282,0.5240963855421686,0.7153419593345658,0.894,0.712401055408971,0.555223880597015,0.244175209692451,0.4959943449575872,0.677,0.398,0.6103739445114595,0.3133333333333333,26.0,0.0710902276070748,0.504005655042413,2
Unknown_607043,NYM,607043,2019,72,271,213,49,11,3,10,49,76,5,3,0.23,0.6716867469879518,0.512014787430684,0.832,0.5593667546174143,0.4955223880597015,0.8117427772600185,0.5742224316682375,0.5166,0.397,0.6075593084036992,0.2733333333333333,26.0,0.0200120699483076,0.4257775683317626,2
Unknown_650402,NYY,650402,2019,154,641,577,165,32,0,42,54,134,3,6,0.286,0.5692771084337348,0.7134935304990759,0.907,0.6992084432717678,0.5014925373134328,0.3616029822926374,0.4059849198868991,0.7005,0.396,0.6047446722959389,0.4466666666666666,23.0,0.0380378698330754,0.594015080113101,2
Unknown_575929,CHC,575929,2019,105,422,371,102,19,2,24,40,103,9,2,0.275,0.6024096385542169,0.6598890942698707,0.889,0.6517150395778364,0.546268656716418,0.4109972041006523,0.4886899151743638,0.6398,0.396,0.6047446722959389,0.34,27.0,0.0398323052106576,0.5113100848256362,2
Unknown_641313,CWS,641313,2019,128,536,515,172,32,0,18,16,111,3,2,0.334,0.5963855421686747,0.6044362292051757,0.857,0.41688654353562,0.7850746268656718,0.108574091332712,0.4015080113100848,0.7575,0.395,0.6023321270607156,0.3933333333333333,26.0,0.1240583614512327,0.5984919886899149,3
Unknown_518735,MIL,518735,2019,159,649,528,131,27,2,31,111,143,5,5,0.248,0.6716867469879518,0.5711645101663587,0.864,0.5963060686015831,0.4328358208955225,0.7660764212488351,0.4326107445805844,0.6009,0.394,0.5995174909529553,0.4466666666666666,31.0,0.0149296813923852,0.5673892554194158,2
Unknown_645801,NYY,645801,2019,50,163,143,37,7,0,12,17,28,3,0,0.259,0.5783132530120482,0.7116451016635861,0.909,0.7704485488126649,0.3253731343283582,0.4552656104380242,0.3183317624882187,0.7055,0.393,0.5967028548451949,0.2133333333333333,27.0,0.0218757481998207,0.6816682375117815,2
Unknown_606157,CIN,606157,2019,60,231,211,55,8,0,19,16,62,2,2,0.261,0.4759036144578313,0.7301293900184842,0.885,0.7889182058047493,0.4149253731343284,0.2921714818266542,0.545947219604147,0.6537,0.393,0.5967028548451949,0.2466666666666667,25.0,0.064958116286373,0.4540527803958532,2
Unknown_502054,TB,502054,2019,156,697,606,169,33,3,24,85,129,5,1,0.279,0.644578313253012,0.5323475046210722,0.834,0.4591029023746701,0.5522388059701493,0.537744641192917,0.3496701225259189,0.6858,0.392,0.5942903096099719,0.46,31.0,0.0193603340300018,0.6503298774740809,2
Unknown_488726,HOU,488726,2019,161,686,621,189,41,2,23,54,74,7,4,0.304,0.6204819277108434,0.5804066543438078,0.852,0.4617414248021108,0.5373134328358209,0.3359739049394222,0.1677662582469368,0.8032,0.391,0.5914756735022115,0.4533333333333333,32.0,0.0165308691457428,0.8322337417530632,3
Unknown_592626,LAD,592626,2019,158,542,475,118,19,3,37,53,118,12,2,0.248,0.5421686746987954,0.6672828096118302,0.872,0.7308707124010553,0.3522388059701492,0.4249767008387697,0.4264844486333648,0.6624,0.391,0.5914756735022115,0.3866666666666667,27.0,0.0330787170687758,0.5735155513666352,2
Unknown_664023,CHC,664023,2019,60,165,148,37,7,1,11,16,44,0,1,0.25,0.4909638554216867,0.6654343807763403,0.855,0.725593667546174,0.4268656716417911,0.4212488350419385,0.5419415645617341,0.6364,0.391,0.5914756735022115,0.2133333333333333,25.0,0.043211585478548,0.4580584354382659,2
Unknown_641531,KC,641531,2019,144,599,534,150,30,10,29,57,151,3,5,0.281,0.5813253012048193,0.6709796672828099,0.888,0.6543535620052771,0.6059701492537314,0.412861136999068,0.5075400565504241,0.6477,0.391,0.5914756735022115,0.4133333333333333,28.0,0.0412494142007804,0.492459943449576,2
Unknown_669242,STL,669242,2019,105,401,374,111,21,8,11,20,71,7,0,0.297,0.5602409638554217,0.5730129390018486,0.828,0.4696569920844327,0.6208955223880598,0.2017707362534948,0.3308199811498586,0.7556,0.39,0.5886610373944512,0.32,24.0,0.0586885219258726,0.6691800188501413,3
Unknown_570482,NYY,570482,2019,138,511,476,147,37,0,22,26,93,5,4,0.309,0.5722891566265059,0.6487985212569318,0.874,0.546174142480211,0.6208955223880598,0.206430568499534,0.3423656927426955,0.7573,0.39,0.5886610373944512,0.3666666666666667,28.0,0.0592022233782529,0.6576343072573045,2
Unknown_649557,HOU,649557,2019,78,271,232,59,12,1,9,27,34,6,6,0.254,0.5451807228915663,0.4750462107208873,0.771,0.4432717678100263,0.3641791044776119,0.4333643988816402,0.2092365692742696,0.7528,0.389,0.5862484921592279,0.26,29.0,0.0143826183351371,0.7907634307257305,3
Unknown_459964,ATL,459964,2019,138,267,226,63,10,0,7,40,51,0,1,0.279,0.6867469879518072,0.4473197781885398,0.802,0.337730870712401,0.5880597014925374,0.6672879776328051,0.3635721017907634,0.6592,0.389,0.5862484921592279,0.26,35.0,0.0146728198176516,0.6364278982092364,2
Unknown_519346,MIL,519346,2019,155,480,415,103,24,2,27,52,147,11,2,0.248,0.5662650602409639,0.622920517560074,0.857,0.6701846965699209,0.5343283582089553,0.4739049394221808,0.6350141376060321,0.5625,0.389,0.5862484921592279,0.3533333333333334,33.0,0.0447183535163583,0.3649858623939679,2
Unknown_656941,CHC,656941,2019,160,625,544,136,29,3,39,70,160,5,6,0.25,0.5421686746987954,0.656192236598891,0.867,0.712401055408971,0.4238805970149254,0.4911463187325257,0.5167295004712535,0.624,0.389,0.5862484921592279,0.4133333333333333,26.0,0.0342350721354383,0.4832704995287464,2
Unknown_592206,DET,592206,2019,156,677,626,180,58,3,27,42,147,5,4,0.288,0.533132530120482,0.6377079482439927,0.854,0.5883905013192612,0.6029850746268658,0.2581547064305685,0.4250706880301602,0.7134,0.389,0.5862484921592279,0.44,27.0,0.0577694194880244,0.5749293119698398,2
Unknown_664040,TB,664040,2019,92,361,329,90,19,2,19,26,128,5,1,0.274,0.533132530120482,0.6340110905730132,0.852,0.6174142480211081,0.7582089552238808,0.3047530288909599,0.749057492931197,0.5596,0.388,0.5834338560514676,0.3,25.0,0.0853198137974049,0.2509425070688031,0
Unknown_425783,TEX,425783,2019,155,675,574,151,31,2,24,82,166,18,1,0.263,0.644578313253012,0.5083179297597045,0.821,0.467018469656992,0.5850746268656717,0.5354147250698975,0.4929311969839774,0.6059,0.388,0.5834338560514676,0.4333333333333333,37.0,0.0291669077410582,0.5070688030160226,2
Unknown_623520,CHC,623520,2019,120,371,317,84,18,0,12,45,96,7,2,0.265,0.6295180722891566,0.4824399260628466,0.802,0.4248021108179419,0.6179104477611942,0.5344827586206897,0.5233270499528746,0.6011,0.388,0.5834338560514676,0.3,26.0,0.0312899150258994,0.4766729500471256,0
Unknown_527038,AZ,527038,2019,94,300,278,86,19,0,9,17,34,4,1,0.309,0.5993975903614458,0.5563770794824401,0.831,0.4116094986807387,0.573134328358209,0.233457595526561,0.1804901036757775,0.8167,0.388,0.5834338560514676,0.2733333333333333,28.0,0.0286707874725468,0.8195098963242227,3
Unknown_488671,AZ,488671,2019,64,208,169,37,8,0,11,38,68,1,0,0.219,0.6234939759036146,0.5323475046210722,0.827,0.6174142480211081,0.4626865671641791,0.820596458527493,0.6837888784165882,0.4856,0.388,0.5834338560514676,0.2333333333333333,32.0,0.0246261752234046,0.316211121583412,2
Unknown_467055,SF,467055,2019,114,312,287,78,25,0,14,18,70,2,3,0.272,0.4759036144578313,0.6118299445471351,0.821,0.5910290237467019,0.5283582089552239,0.2381174277726002,0.4422714420358153,0.7051,0.388,0.5834338560514676,0.2733333333333333,33.0,0.065269073960275,0.5577285579641849,0
Unknown_657656,ATH,657656,2019,123,492,443,128,29,0,25,28,127,11,9,0.289,0.5481927710843374,0.646950092421442,0.864,0.5963060686015831,0.6238805970149256,0.2343895619757688,0.5216776625824693,0.6606,0.387,0.5806192199437072,0.3533333333333334,25.0,0.0777910616349716,0.4783223374175307,0
Unknown_645277,ATL,645277,2019,171,741,676,200,45,8,25,56,120,4,5,0.296,0.5813253012048193,0.5970425138632165,0.848,0.5065963060686016,0.573134328358209,0.3215284249767008,0.295004712535344,0.7571,0.386,0.5782066747084841,0.4533333333333333,22.0,0.0314443956250617,0.7049952874646561,2
Unknown_593871,MIN,593871,2019,158,725,648,191,40,7,23,62,119,5,7,0.295,0.5993975903614458,0.5748613678373384,0.842,0.4775725593667546,0.5761194029850747,0.3676607642124884,0.3001885014137606,0.7393,0.386,0.5782066747084841,0.4466666666666666,26.0,0.0271428999435436,0.6998114985862394,2
Unknown_663993,TB,663993,2019,51,178,161,44,10,0,9,13,52,2,2,0.273,0.5210843373493976,0.6081330868761554,0.835,0.58311345646438,0.6238805970149256,0.309412861136999,0.6017907634307258,0.6236,0.386,0.5782066747084841,0.2133333333333333,24.0,0.0674424742264136,0.3982092365692742,0
Unknown_572228,NYY,572228,2019,122,523,440,116,21,1,21,72,144,9,2,0.264,0.6596385542168676,0.5268022181146028,0.836,0.4907651715039578,0.6238805970149256,0.6109040074557316,0.562205466540999,0.5698,0.386,0.5782066747084841,0.36,28.0,0.0286908678935605,0.437794533459001,2
Unknown_457727,NYY,457727,2019,84,278,246,70,17,0,12,32,76,0,0,0.285,0.6295180722891566,0.6025878003696858,0.867,0.5435356200527705,0.6955223880597016,0.505591798695247,0.5577285579641846,0.6115,0.385,0.5753920386007237,0.2533333333333333,32.0,0.0359695494672608,0.4422714420358153,2
Unknown_656305,ATH,656305,2019,156,682,591,147,37,3,36,76,148,12,3,0.249,0.5632530120481928,0.6099815157116453,0.849,0.6490765171503957,0.4089552238805971,0.4883504193849021,0.4248350612629595,0.654,0.385,0.5753920386007237,0.4266666666666666,26.0,0.027697186276892,0.5751649387370406,2
Unknown_519058,MIL,519058,2019,146,600,538,139,31,1,35,53,101,6,3,0.258,0.5180722891566266,0.6303142329020335,0.845,0.6543535620052771,0.3671641791044776,0.380708294501398,0.3100848256361923,0.7333,0.385,0.5753920386007237,0.3933333333333333,31.0,0.0268855493540092,0.6899151743638077,2
Unknown_605170,CHC,605170,2019,99,293,255,70,12,0,12,30,60,4,4,0.275,0.5933734939759036,0.534195933456562,0.818,0.4722955145118733,0.5253731343283582,0.4464119291705499,0.3960885956644675,0.6792,0.385,0.5753920386007237,0.26,26.0,0.0287049241882701,0.6039114043355325,2
Unknown_456781,SF,456781,2019,86,237,223,72,13,1,5,11,52,1,2,0.323,0.5903614457831324,0.5231053604436231,0.812,0.3324538258575198,0.7910447761194032,0.1854613233923578,0.4304901036757776,0.73,0.385,0.5753920386007237,0.24,32.0,0.0815154533992667,0.5695098963242224,3
Unknown_624424,NYM,624424,2019,154,661,562,144,29,1,34,84,151,10,5,0.256,0.6084337349397589,0.5896487985212571,0.853,0.6015831134564643,0.4597014925373134,0.5615097856477166,0.4516965127238454,0.6293,0.385,0.5753920386007237,0.42,26.0,0.0247759520432717,0.5483034872761547,2
Unknown_643565,NYY,643565,2019,87,304,267,73,18,1,13,35,73,1,1,0.273,0.6054216867469878,0.5914972273567469,0.853,0.5593667546174143,0.5850746268656717,0.505591798695247,0.4792648444863337,0.6414,0.385,0.5753920386007237,0.2666666666666666,29.0,0.0303697341480388,0.5207351555136663,2
Unknown_595879,CHC,595879,2019,138,574,543,153,38,4,31,29,159,0,2,0.282,0.4789156626506025,0.6728280961182997,0.855,0.6517150395778364,0.626865671641791,0.2045666356011183,0.5662111215834119,0.6725,0.384,0.5725774024929633,0.38,27.0,0.0961617783557084,0.4337888784165882,0
Unknown_519299,TOR,519299,2019,118,460,412,121,25,2,14,39,67,3,3,0.294,0.5993975903614458,0.5397412199630316,0.823,0.4300791556728232,0.555223880597015,0.3643988816402609,0.2568331762488218,0.7565,0.383,0.5701648572577402,0.3266666666666666,33.0,0.0232497723512344,0.7431668237511782,3
Unknown_596146,MIN,596146,2019,138,623,546,135,32,0,37,65,104,8,4,0.247,0.5301204819277109,0.6192236598890943,0.843,0.6675461741424802,0.3164179104477612,0.4552656104380242,0.3067860508953817,0.7159,0.382,0.5673502211499799,0.3933333333333333,26.0,0.0209664285709239,0.6932139491046181,2
Unknown_595909,MIN,595909,2019,74,244,210,54,12,2,8,25,74,8,1,0.257,0.5993975903614458,0.5064695009242146,0.804,0.4775725593667546,0.6656716417910448,0.4468779123951537,0.6281809613572102,0.5615,0.382,0.5673502211499799,0.24,27.0,0.0472673378587406,0.3718190386427897,0
Unknown_460075,MIL,460075,2019,147,519,472,134,31,2,22,35,106,9,3,0.284,0.5572289156626508,0.5988909426987061,0.841,0.5408970976253298,0.564179104477612,0.2833178005591799,0.3946748350612629,0.7033,0.382,0.5673502211499799,0.3466666666666667,36.0,0.0486347897130054,0.6053251649387372,2
Unknown_600303,LAA,600303,2019,84,335,312,88,8,0,16,20,30,3,0,0.282,0.5210843373493976,0.5323475046210722,0.793,0.4485488126649076,0.4089552238805971,0.2474370922646784,0.1246465598491988,0.8239,0.382,0.5673502211499799,0.2733333333333333,30.0,0.0190433759321621,0.875353440150801,3
Unknown_516782,PIT,516782,2019,132,593,545,160,32,6,23,25,96,16,5,0.294,0.5481927710843374,0.6044362292051757,0.841,0.5224274406332453,0.5492537313432836,0.1658900279589934,0.295004712535344,0.7656,0.382,0.5673502211499799,0.38,31.0,0.0642511950572128,0.7049952874646561,3
Unknown_527049,MIA,527049,2019,50,165,141,35,5,0,4,11,45,12,0,0.248,0.5903614457831324,0.3604436229205176,0.722,0.2955145118733509,0.6059701492537314,0.2800559179869524,0.5560791705937794,0.5818,0.382,0.5673502211499799,0.2066666666666666,28.0,0.0691280670914466,0.4439208294062207,3
Unknown_502671,STL,502671,2019,174,736,650,169,30,2,38,80,180,3,3,0.26,0.5542168674698796,0.5804066543438078,0.83,0.5778364116094987,0.4985074626865672,0.4757688723205965,0.4898680490103677,0.6399,0.381,0.5645355850422196,0.4333333333333333,32.0,0.0335482552330761,0.5101319509896323,2
Unknown_621028,PIT,621028,2019,132,541,502,154,20,7,13,29,64,7,1,0.307,0.5873493975903613,0.5138632162661738,0.805,0.3588390501319261,0.5880597014925374,0.2190121155638397,0.1922714420358153,0.8115,0.381,0.5645355850422196,0.3533333333333334,26.0,0.0327132497059471,0.8077285579641849,3
Unknown_542303,STL,542303,2019,142,599,529,133,29,1,33,65,128,3,2,0.251,0.5361445783132531,0.5970425138632165,0.833,0.62532981530343,0.4059701492537314,0.4748369058713886,0.4170593779453346,0.6728,0.38,0.5621230398069963,0.3733333333333333,29.0,0.0281162310197006,0.5829406220546653,2
Unknown_607208,WSH,607208,2019,136,627,570,168,40,5,20,51,123,3,2,0.295,0.5933734939759036,0.5804066543438078,0.842,0.4854881266490765,0.6298507462686568,0.3480894687791239,0.3758246936852027,0.7161,0.38,0.5621230398069963,0.3866666666666667,26.0,0.0367042525841739,0.6241753063147972,2
Unknown_660271,LAA,660271,2019,106,425,386,110,20,5,18,33,110,2,4,0.285,0.5512048192771085,0.6081330868761554,0.844,0.5514511873350924,0.6477611940298508,0.3308480894687791,0.5233270499528746,0.6541,0.38,0.5621230398069963,0.3066666666666666,25.0,0.0545455381785175,0.4766729500471256,0
Unknown_650333,MIN,650333,2019,93,377,337,114,24,1,4,36,31,1,3,0.338,0.7319277108433736,0.512014787430684,0.852,0.2744063324538258,0.6776119402985076,0.4142590866728797,0.107210179076343,0.8196,0.379,0.559308403699236,0.2866666666666667,22.0,0.0066538211696139,0.8927898209236569,3
Unknown_518618,CIN,518618,2019,115,316,262,50,9,3,20,28,79,25,1,0.191,0.5060240963855422,0.5600739371534196,0.803,0.7308707124010553,0.1462686567164178,0.3821062441752096,0.5025918944392083,0.5791,0.379,0.559308403699236,0.26,30.0,0.0446087808128577,0.4974081055607917,2
Unknown_429665,NYY,429665,2019,116,515,444,107,21,0,34,61,113,7,3,0.241,0.5481927710843374,0.635859519408503,0.858,0.7071240105540897,0.3253731343283582,0.5209692451071761,0.4304901036757776,0.6485,0.378,0.5564937675914756,0.3333333333333333,36.0,0.0258604477526067,0.5695098963242224,2
Unknown_547989,CWS,547989,2019,165,714,654,186,41,1,33,36,157,14,10,0.284,0.5210843373493976,0.6062846580406656,0.832,0.5488126649076517,0.564179104477612,0.2041006523765144,0.4316682375117813,0.7101,0.378,0.5564937675914756,0.4133333333333333,32.0,0.074443856167974,0.5683317624882187,0
Unknown_542454,TEX,542454,2019,130,521,485,136,23,6,29,25,153,6,5,0.28,0.4909638554216867,0.6617375231053606,0.852,0.6411609498680738,0.635820895522388,0.1929170549860205,0.6055607917059378,0.6449,0.378,0.5564937675914756,0.34,29.0,0.1084254631891672,0.3944392082940622,0
Unknown_543939,STL,543939,2019,158,602,522,146,29,4,11,52,91,14,7,0.28,0.5963855421686747,0.4436229205175602,0.77,0.3298153034300791,0.5432835820895523,0.3718546132339236,0.2697926484448633,0.7276,0.377,0.5540812223562525,0.3666666666666667,29.0,0.0238660447344979,0.7302073515551366,3
Unknown_455139,HOU,455139,2019,120,467,393,92,23,1,18,54,134,13,5,0.234,0.5542168674698796,0.4824399260628466,0.777,0.5065963060686016,0.4985074626865672,0.5079217148182665,0.5895381715362865,0.5653,0.376,0.5512665862484921,0.3133333333333333,35.0,0.0380310690178587,0.4104618284637136,0
Unknown_596847,TB,596847,2019,136,521,435,114,21,2,21,73,121,6,7,0.262,0.6385542168674699,0.5360443622920519,0.835,0.5092348284960422,0.5253731343283582,0.6220876048462255,0.460650329877474,0.6161,0.376,0.5512665862484921,0.3333333333333333,28.0,0.0220734833950919,0.539349670122526,2
Unknown_573262,SF,573262,2019,107,412,372,101,22,3,21,32,108,4,3,0.272,0.5271084337349398,0.6321626617375233,0.849,0.6226912928759895,0.5701492537313434,0.331314072693383,0.5311027332704995,0.6481,0.376,0.5512665862484921,0.2933333333333333,29.0,0.0552845091415516,0.4688972667295006,0
Unknown_621439,MIN,621439,2019,82,306,281,74,30,4,10,20,69,2,1,0.263,0.4759036144578313,0.6118299445471351,0.821,0.6147757255936676,0.5402985074626866,0.2739981360671015,0.4448633364750236,0.6961,0.376,0.5512665862484921,0.2533333333333333,26.0,0.0567319507492626,0.5551366635249764,0
Unknown_669257,LAD,669257,2019,60,215,186,44,9,0,15,21,59,5,3,0.237,0.5060240963855422,0.6524953789279115,0.852,0.7414248021108178,0.3522388059701492,0.4245107176141658,0.5600848256361922,0.6047,0.375,0.5484519501407317,0.22,24.0,0.0443557523089663,0.4399151743638079,2
Unknown_650490,TB,650490,2019,88,377,334,88,21,1,16,38,66,1,4,0.263,0.5391566265060243,0.5582255083179299,0.813,0.5382585751978891,0.4388059701492538,0.4389561975768872,0.3261074458058435,0.7215,0.375,0.5484519501407317,0.2733333333333333,28.0,0.0236164200007715,0.6738925541941563,2
Unknown_572233,AZ,572233,2019,158,616,539,141,27,2,29,70,157,6,1,0.262,0.5843373493975904,0.567467652495379,0.833,0.5540897097625329,0.5432835820895523,0.4986020503261883,0.5141376060320453,0.6218,0.375,0.5484519501407317,0.36,28.0,0.0334245354864916,0.4858623939679547,2
Unknown_596019,CLE,596019,2019,143,654,598,170,40,2,32,46,98,3,6,0.284,0.533132530120482,0.635859519408503,0.854,0.5936675461741425,0.4686567164179104,0.2968313140726933,0.2664938737040527,0.7737,0.374,0.5460394049055086,0.3733333333333333,26.0,0.0312379364770157,0.7335061262959475,2
Unknown_641933,STL,641933,2019,61,165,155,42,8,0,5,10,58,0,0,0.271,0.4728915662650602,0.4528650646950093,0.735,0.366754617414248,0.8000000000000002,0.2516309412861137,0.7417530631479735,0.5879,0.374,0.5460394049055086,0.2,24.0,0.1022622798452825,0.2582469368520266,0
Unknown_608348,AZ,608348,2019,112,369,318,77,19,0,18,48,82,2,1,0.242,0.5602409638554217,0.5508317929759705,0.816,0.58311345646438,0.4029850746268657,0.5754892823858341,0.4370876531573986,0.6423,0.374,0.5460394049055086,0.2733333333333333,25.0,0.0230515062253694,0.5629123468426014,2
Unknown_621035,LAD,621035,2019,134,443,387,100,30,4,13,45,122,4,5,0.258,0.5421686746987954,0.5231053604436231,0.795,0.5013192612137203,0.6119402985074628,0.4426840633737185,0.5624410933081997,0.6095,0.373,0.5432247687977483,0.2933333333333333,29.0,0.0424595342891501,0.4375589066918002,0
Unknown_650391,CWS,650391,2019,125,516,479,130,18,2,32,31,136,4,2,0.271,0.4879518072289157,0.635859519408503,0.838,0.62532981530343,0.5343283582089553,0.2493010251630941,0.5346371347785108,0.6686,0.373,0.5432247687977483,0.32,23.0,0.0748876405723589,0.4653628652214892,0
Unknown_519048,BOS,519048,2019,95,347,310,77,17,1,19,34,79,1,2,0.248,0.496987951807229,0.5914972273567469,0.816,0.6226912928759895,0.4089552238805971,0.4259086672879776,0.4500471253534402,0.6715,0.373,0.5432247687977483,0.26,34.0,0.0349658416855998,0.5499528746465598,2
Unknown_444482,AZ,444482,2019,104,438,395,107,29,3,13,37,91,5,1,0.271,0.5481927710843374,0.524953789279113,0.798,0.4696569920844327,0.5611940298507463,0.3630009319664492,0.4031573986804901,0.6963,0.373,0.5432247687977483,0.2933333333333333,32.0,0.037592428226441,0.5968426013195098,0
Unknown_605119,MIA,605119,2019,130,533,469,123,33,2,20,46,116,15,3,0.262,0.5632530120481928,0.5452865064695009,0.814,0.5224274406332453,0.5164179104477612,0.3713886300093196,0.426248821866164,0.6679,0.373,0.5432247687977483,0.3266666666666666,26.0,0.0387976043931252,0.573751178133836,0
Unknown_641432,TEX,641432,2019,85,339,311,83,14,1,21,23,53,3,2,0.267,0.4939759036144578,0.6414048059149724,0.842,0.6464379947229552,0.373134328358209,0.2851817334575955,0.2818096135721017,0.767,0.372,0.5404101326899879,0.26,25.0,0.0346143521937618,0.7181903864278982,2
Unknown_593160,KC,593160,2019,165,744,690,209,42,10,16,45,128,5,4,0.303,0.5722891566265059,0.5323475046210722,0.81,0.3957783641160949,0.6477611940298508,0.2511649580615098,0.3188030160226202,0.7608,0.372,0.5404101326899879,0.4,30.0,0.0450211458175185,0.6811969839773799,3
Unknown_608596,SEA,608596,2019,76,284,263,73,12,1,18,19,87,1,1,0.278,0.5090361445783133,0.66913123844732,0.864,0.6596306068601583,0.6328358208955224,0.2809878844361603,0.6352497643732328,0.6232,0.372,0.5404101326899879,0.24,28.0,0.0786126494962345,0.3647502356267673,0
Unknown_458015,CIN,458015,2019,146,622,534,138,32,1,15,81,125,4,3,0.258,0.6054216867469878,0.4288354898336415,0.765,0.366754617414248,0.5253731343283582,0.5759552656104381,0.3871347785108389,0.6624,0.371,0.5375954965822275,0.3533333333333334,36.0,0.0198745266597272,0.612865221489161,3
Unknown_657077,LAD,657077,2019,110,391,355,104,24,2,12,28,52,2,6,0.293,0.5572289156626508,0.5526802218114604,0.816,0.4511873350923482,0.5253731343283582,0.3028890959925442,0.2269085768143261,0.7903,0.37,0.5351829513470043,0.2733333333333333,23.0,0.0259475738850032,0.7730914231856738,3
Unknown_500871,AZ,500871,2019,163,714,650,175,29,11,35,51,132,3,10,0.269,0.4909638554216867,0.6192236598890943,0.83,0.6094986807387862,0.4477611940298507,0.3019571295433365,0.3491988689915175,0.7395,0.368,0.5295536791314837,0.3733333333333333,30.0,0.0401176314713967,0.6508011310084825,2
Unknown_640447,CIN,640447,2019,94,267,241,65,11,7,7,20,64,4,2,0.27,0.5271084337349398,0.5304990757855823,0.794,0.4802110817941952,0.6059701492537314,0.3182665424044734,0.4783223374175306,0.6704,0.368,0.5295536791314837,0.2266666666666666,27.0,0.0519367139289441,0.5216776625824693,0
Unknown_608577,TEX,608577,2019,121,482,442,121,28,1,20,28,112,6,6,0.274,0.4939759036144578,0.5600739371534196,0.799,0.5145118733509234,0.555223880597015,0.2399813606710158,0.4611215834118756,0.6971,0.368,0.5295536791314837,0.2933333333333333,24.0,0.0674159598184477,0.5388784165881246,0
Unknown_594809,WSH,594809,2019,165,713,614,170,30,8,15,71,117,14,4,0.277,0.6174698795180723,0.4639556377079483,0.788,0.366754617414248,0.5522388059701493,0.4333643988816402,0.3001885014137606,0.7027,0.367,0.5271411338962605,0.3666666666666667,31.0,0.0218838531510249,0.6998114985862394,3
Unknown_592663,PHI,592663,2019,149,605,551,150,36,3,26,41,127,5,8,0.272,0.5,0.5841035120147875,0.814,0.5514511873350924,0.5104477611940299,0.2851817334575955,0.4081055607917059,0.7124,0.367,0.5271411338962605,0.3333333333333333,28.0,0.0499160594930061,0.5918944392082941,0
Unknown_608369,LAD,608369,2019,142,579,520,138,45,1,20,50,109,4,5,0.265,0.5240963855421686,0.5489833641404807,0.803,0.5197889182058048,0.4895522388059701,0.3718546132339236,0.357210179076343,0.7185,0.366,0.5243264977885002,0.32,25.0,0.0321772682407455,0.6427898209236569,0
Unknown_624415,TOR,624415,2019,103,435,358,84,17,2,17,72,123,3,2,0.235,0.6265060240963854,0.4842883548983365,0.801,0.5065963060686016,0.5104477611940299,0.7404473438956198,0.5798774740810556,0.5425,0.366,0.5243264977885002,0.2733333333333333,24.0,0.0230678489091928,0.4201225259189445,2
Unknown_488771,MIN,488771,2019,77,281,242,58,11,0,14,34,90,3,1,0.24,0.5451807228915663,0.5268022181146028,0.798,0.5540897097625329,0.546268656716418,0.5330848089468779,0.6682375117813383,0.5445,0.366,0.5243264977885002,0.2266666666666666,32.0,0.0412300237330755,0.3317624882186616,0
Unknown_592518,SD,592518,2019,161,675,601,156,24,2,33,65,130,6,3,0.26,0.5361445783132531,0.5489833641404807,0.807,0.5329815303430079,0.4328358208955225,0.417986952469711,0.3673421300659755,0.7022,0.366,0.5243264977885002,0.3533333333333334,27.0,0.0287049241882701,0.6326578699340244,2
Unknown_571718,LAA,571718,2019,132,467,422,110,30,4,17,38,130,3,3,0.261,0.5,0.5508317929759705,0.796,0.5329815303430079,0.6000000000000002,0.3485554520037278,0.5695098963242223,0.6317,0.366,0.5243264977885002,0.2866666666666667,29.0,0.0561926128789859,0.4304901036757775,0
Unknown_594777,LAA,594777,2019,156,645,566,132,31,1,34,70,165,7,2,0.233,0.5,0.5508317929759705,0.796,0.6068601583113455,0.3940298507462687,0.4748369058713886,0.5162582469368521,0.6233,0.366,0.5243264977885002,0.34,32.0,0.0356265287156936,0.483741753063148,0
Unknown_571980,CLE,571980,2019,93,311,290,83,21,0,10,15,67,2,2,0.286,0.5,0.5323475046210722,0.786,0.4406332453825857,0.6149253731343284,0.1938490214352283,0.4210650329877475,0.7235,0.366,0.5243264977885002,0.24,28.0,0.0764913685865184,0.5789349670122526,3
Unknown_656555,PHI,656555,2019,160,707,574,129,33,5,29,116,174,11,6,0.225,0.6144578313253012,0.512014787430684,0.813,0.5725593667546174,0.391044776119403,0.733923578751165,0.493402450518379,0.5714,0.365,0.5215118616807397,0.3533333333333334,26.0,0.0190212678042433,0.5065975494816213,2
Unknown_624577,CIN,624577,2019,153,623,565,151,31,2,24,45,134,8,5,0.267,0.5090361445783133,0.5231053604436231,0.784,0.4749340369393139,0.5194029850746269,0.3056849953401677,0.4203581526861452,0.6998,0.365,0.5215118616807397,0.3333333333333333,29.0,0.047658319057062,0.5796418473138547,0
Unknown_553882,SEA,553882,2019,132,484,430,119,12,0,22,47,93,4,3,0.277,0.5813253012048193,0.524953789279113,0.809,0.4538258575197889,0.5104477611940299,0.4217148182665424,0.3661639962299717,0.7025,0.364,0.5190993164455167,0.2866666666666667,27.0,0.0282863187566358,0.6338360037700284,3
Unknown_593643,BAL,593643,2019,139,562,535,163,21,2,12,16,52,4,4,0.305,0.5090361445783133,0.4528650646950093,0.746,0.2770448548812665,0.5492537313432836,0.1020503261882572,0.1314797360980207,0.8665,0.364,0.5190993164455167,0.3066666666666666,27.0,0.0528144288351351,0.8685202639019789,3
Unknown_547379,CLE,547379,2019,122,464,399,96,9,1,24,49,130,5,4,0.241,0.5120481927710844,0.5083179297597045,0.777,0.525065963060686,0.4626865671641791,0.4613233923578751,0.573751178133836,0.5884,0.364,0.5190993164455167,0.28,31.0,0.041351995487902,0.426248821866164,0
Unknown_643265,MIA,643265,2019,110,432,392,111,16,1,15,33,112,5,2,0.283,0.5632530120481928,0.4990757855822552,0.789,0.4010554089709762,0.6746268656716418,0.3252562907735321,0.5245051837888783,0.6528,0.364,0.5190993164455167,0.2666666666666666,29.0,0.0556861106713455,0.4754948162111216,0
Unknown_501303,MIN,501303,2019,79,246,214,56,9,3,5,20,44,6,4,0.262,0.5361445783132531,0.4214417744916822,0.738,0.345646437994723,0.5014925373134328,0.3480894687791239,0.3350612629594722,0.6992,0.364,0.5190993164455167,0.2133333333333333,30.0,0.032585550761283,0.6649387370405277,3
Unknown_571745,SEA,571745,2019,64,287,250,55,13,1,15,30,83,5,2,0.22,0.4698795180722892,0.5286506469500927,0.774,0.6094986807387862,0.3761194029850746,0.456197576887232,0.5949575871819038,0.5889,0.364,0.5190993164455167,0.2266666666666666,29.0,0.0435595895353526,0.4050424128180963,0
Unknown_458731,NYY,458731,2019,147,585,523,130,27,7,29,54,119,5,3,0.249,0.496987951807229,0.5896487985212571,0.816,0.6226912928759895,0.3970149253731344,0.3993476234855544,0.3927898209236569,0.6957,0.363,0.5162846803377563,0.3133333333333333,36.0,0.0326473265168039,0.6072101790763431,2
Unknown_541645,TB,541645,2019,134,562,521,149,26,2,21,31,134,7,3,0.286,0.5271084337349398,0.5360443622920519,0.797,0.4485488126649076,0.635820895522388,0.2264678471575023,0.4752591894439208,0.694,0.363,0.5162846803377563,0.3066666666666666,28.0,0.0735872843392007,0.5247408105560794,0
Unknown_543068,MIN,543068,2019,128,518,475,122,26,0,26,31,112,10,2,0.257,0.4728915662650602,0.5582255083179299,0.79,0.5540897097625329,0.444776119402985,0.2479030754892823,0.4229500471253535,0.7046,0.363,0.5162846803377563,0.2933333333333333,29.0,0.0599715298895674,0.5770499528746467,0
Unknown_624428,PIT,624428,2019,155,625,569,159,34,7,10,41,76,10,1,0.279,0.5421686746987954,0.4491682070240296,0.755,0.337730870712401,0.5194029850746269,0.2749301025163094,0.2000471253534401,0.7904,0.363,0.5162846803377563,0.3266666666666666,28.0,0.025872409386062,0.7999528746465596,3
Unknown_502517,COL,502517,2019,137,494,456,126,37,1,15,32,76,2,4,0.276,0.5,0.5304990757855823,0.784,0.4617414248021108,0.4985074626865672,0.2712022367194781,0.2759189443920829,0.7733,0.363,0.5162846803377563,0.2866666666666667,34.0,0.0359333737426705,0.7240810556079171,3
Unknown_435622,COL,435622,2019,143,496,456,120,34,4,20,35,122,2,2,0.263,0.4789156626506025,0.5785582255083181,0.804,0.5672823218997362,0.5432835820895523,0.2982292637465051,0.4931668237511781,0.6774,0.363,0.5162846803377563,0.2866666666666667,34.0,0.0574366276871555,0.5068331762488218,0
Unknown_664068,PHI,664068,2019,130,514,469,123,34,5,20,37,149,5,2,0.262,0.4939759036144578,0.5730129390018486,0.806,0.5620052770448548,0.6179104477611942,0.3047530288909599,0.596606974552309,0.6265,0.363,0.5162846803377563,0.2933333333333333,25.0,0.067926730427457,0.4033930254476907,0
Unknown_446481,PHI,446481,2019,74,155,125,25,5,0,4,21,46,4,1,0.2,0.5210843373493976,0.2994454713493531,0.667,0.3350923482849604,0.4238805970149254,0.6006523765144455,0.6128652214891611,0.5161,0.362,0.513470044229996,0.1866666666666666,34.0,0.0323903290563829,0.387134778510839,0
Unknown_543105,SF,543105,2019,68,190,174,48,13,3,6,13,42,2,1,0.276,0.5240963855421686,0.5822550831792976,0.82,0.5382585751978891,0.5880597014925374,0.287977632805219,0.4344957587181904,0.7,0.362,0.513470044229996,0.1933333333333333,29.0,0.0525597509691471,0.5655042412818096,0
Unknown_614177,SD,614177,2019,156,561,507,127,19,0,39,47,162,0,7,0.25,0.4578313253012048,0.6377079482439927,0.829,0.683377308707124,0.4388059701492538,0.3597390493942218,0.5940150801131008,0.6275,0.362,0.513470044229996,0.3,24.0,0.056698823462599,0.4059849198868994,0
Unknown_596142,NYY,596142,2019,115,480,426,95,13,1,34,43,136,10,1,0.223,0.4518072289156626,0.5988909426987061,0.806,0.7018469656992085,0.3074626865671641,0.3867660764212488,0.5810556079170593,0.6062,0.361,0.5110574989947727,0.2733333333333333,27.0,0.0511927523640597,0.4189443920829407,0
Unknown_608070,CLE,608070,2019,132,554,494,124,33,3,23,52,77,2,6,0.251,0.4909638554216867,0.5471349353049908,0.791,0.5540897097625329,0.3522388059701492,0.4068033550792171,0.2410461828463714,0.7635,0.361,0.5110574989947727,0.3,27.0,0.0186458265378299,0.7589538171536285,3
Unknown_455104,COL,455104,2019,56,175,152,35,10,0,7,19,55,3,1,0.23,0.5060240963855422,0.4805914972273569,0.76,0.5145118733509234,0.5194029850746269,0.4753028890959925,0.6540999057492931,0.56,0.361,0.5110574989947727,0.1866666666666666,36.0,0.0460108245551681,0.3459000942507069,0
Unknown_408234,DET,408234,2019,142,565,507,146,23,0,15,50,112,3,5,0.288,0.5843373493975904,0.4584103512014788,0.774,0.3298153034300791,0.6149253731343284,0.3816402609506057,0.3805372290292177,0.708,0.36,0.5082428628870124,0.3,36.0,0.0333415002072518,0.6194627709707825,3
Unknown_640449,NYY,640449,2019,70,256,234,61,15,0,12,17,74,2,3,0.261,0.463855421686747,0.5637707948243993,0.791,0.5514511873350924,0.5701492537313434,0.2786579683131407,0.5947219604147032,0.6367,0.36,0.5082428628870124,0.2133333333333333,25.0,0.0742661807319204,0.4052780395852968,0
Unknown_571788,BOS,571788,2019,91,308,272,80,15,2,3,28,59,4,4,0.294,0.6204819277108434,0.412199630314233,0.761,0.2480211081794195,0.6746268656716418,0.3928238583410997,0.3649858623939679,0.7045,0.36,0.5082428628870124,0.2266666666666666,31.0,0.030791657682086,0.6350141376060321,3
Unknown_643217,BOS,643217,2019,142,629,555,150,40,5,15,59,143,7,5,0.27,0.5632530120481928,0.4935304990757856,0.786,0.4274406332453826,0.6029850746268658,0.4063373718546132,0.4491046182846371,0.663,0.36,0.5082428628870124,0.3133333333333333,25.0,0.036896971707023,0.5508953817153628,0
Unknown_592325,MIL,592325,2019,131,376,330,84,19,0,9,41,107,3,2,0.255,0.5481927710843374,0.4066543438077635,0.734,0.3430079155672823,0.635820895522388,0.4771668219944082,0.5841187558906692,0.5984,0.359,0.505428226779252,0.24,27.0,0.0405313231468473,0.4158812441093309,0
Unknown_467092,NYM,467092,2019,145,534,482,140,21,0,14,44,69,4,4,0.29,0.5843373493975904,0.4565619223659889,0.773,0.3218997361477572,0.5343283582089553,0.353215284249767,0.2179547596606975,0.7809,0.359,0.505428226779252,0.2866666666666667,32.0,0.0203425888215569,0.7820452403393026,3
Unknown_455976,ATL,455976,2019,125,502,444,124,26,2,9,50,64,2,6,0.279,0.5813253012048193,0.4325323475046211,0.758,0.3139841688654353,0.5104477611940299,0.4333643988816402,0.2139491046182846,0.7689,0.358,0.503015681544029,0.2733333333333333,36.0,0.0147712833515043,0.7860508953817156,3
Unknown_622682,DET,622682,2019,70,295,277,85,16,5,3,16,64,0,2,0.307,0.5542168674698796,0.478743068391867,0.776,0.308707124010554,0.755223880597015,0.2218080149114631,0.4245994344957587,0.7288,0.358,0.503015681544029,0.22,25.0,0.0674516711059294,0.5754005655042413,3
Unknown_542340,BAL,542340,2019,165,726,654,178,34,5,24,62,177,4,4,0.272,0.5391566265060243,0.5101663585951943,0.787,0.4432717678100263,0.6059701492537314,0.3671947809878844,0.4879830348727615,0.6612,0.358,0.503015681544029,0.3333333333333333,28.0,0.0452500389482406,0.5120169651272384,0
Unknown_645302,WSH,645302,2019,164,649,574,147,35,4,18,37,147,26,5,0.256,0.5090361445783133,0.4639556377079483,0.752,0.4221635883905013,0.5313432835820896,0.2348555452003727,0.4472196041470311,0.6656,0.357,0.5002010454362685,0.3066666666666666,22.0,0.0669066040864717,0.5527803958529689,3
Unknown_572041,LAD,572041,2019,96,373,336,87,16,1,16,26,88,7,4,0.259,0.4939759036144578,0.5194085027726434,0.777,0.4934036939313984,0.4985074626865672,0.2940354147250699,0.469368520263902,0.6756,0.357,0.5002010454362685,0.24,32.0,0.0555027357973959,0.530631479736098,0
Unknown_570731,MIN,570731,2019,125,479,448,119,25,1,24,20,121,10,1,0.266,0.4608433734939758,0.5785582255083181,0.798,0.5593667546174143,0.5313432835820896,0.1640260950605778,0.5087181903864278,0.6848,0.357,0.5002010454362685,0.2666666666666666,28.0,0.1069604866464043,0.4912818096135722,0
Unknown_608597,TEX,608597,2019,89,305,265,62,21,0,12,32,90,4,4,0.234,0.4909638554216867,0.5083179297597045,0.77,0.5435356200527705,0.4925373134328358,0.4580615097856477,0.6088595664467482,0.5869,0.357,0.5002010454362685,0.22,25.0,0.0444439677500153,0.391140433553252,0
Unknown_571976,SD,571976,2019,155,510,455,111,25,1,20,51,174,2,1,0.244,0.4939759036144578,0.4824399260628466,0.757,0.4802110817941952,0.635820895522388,0.4352283317800559,0.717483506126296,0.5529,0.357,0.5002010454362685,0.2733333333333333,29.0,0.0560349153431755,0.2825164938737043,0
Unknown_543510,CWS,543510,2019,119,488,451,120,26,1,18,30,141,6,0,0.266,0.4879518072289157,0.5064695009242146,0.768,0.4564643799472295,0.6417910447761194,0.2558247903075489,0.5942507068803016,0.6352,0.357,0.5002010454362685,0.2666666666666666,29.0,0.0809176137089731,0.4057492931196986,0
Unknown_621020,ATL,621020,2019,136,581,517,135,30,3,19,52,134,6,5,0.261,0.5271084337349398,0.4935304990757856,0.774,0.4511873350923482,0.5373134328358209,0.3863000931966449,0.456880301602262,0.6678,0.356,0.4973864093285082,0.2866666666666667,25.0,0.0398640830626677,0.543119698397738,0
Unknown_431145,LAD,431145,2019,85,264,220,49,7,0,7,34,65,8,2,0.223,0.5632530120481928,0.3253234750462108,0.695,0.3113456464379947,0.4358208955223881,0.5694315004659832,0.4936380772855797,0.5947,0.356,0.4973864093285082,0.2066666666666666,36.0,0.0269917805307234,0.5063619227144205,3
Unknown_542932,MIA,542932,2019,75,291,260,71,14,1,6,24,74,6,1,0.273,0.5692771084337348,0.4251386321626618,0.751,0.3218997361477572,0.6716417910447762,0.3536812674743709,0.5127238454288408,0.6426,0.356,0.4973864093285082,0.2133333333333333,29.0,0.0496558058959965,0.4872761545711594,0
Unknown_475253,TOR,475253,2019,126,514,425,90,17,0,23,82,110,6,1,0.212,0.5662650602409639,0.4436229205175602,0.76,0.5092348284960422,0.2835820895522388,0.7124883504193849,0.4177662582469368,0.6148,0.356,0.4973864093285082,0.2733333333333333,33.0,0.0159630472567069,0.5822337417530632,2
Unknown_608700,CLE,608700,2019,59,188,170,42,12,1,5,14,35,3,1,0.247,0.4698795180722892,0.4510166358595195,0.731,0.4274406332453826,0.4417910447761193,0.3164026095060577,0.3522620169651272,0.7234,0.356,0.4973864093285082,0.1866666666666666,28.0,0.0383696928154017,0.6477379830348726,3
Unknown_641857,COL,641857,2019,144,553,493,124,24,1,24,57,166,1,1,0.252,0.5180722891566266,0.5101663585951943,0.78,0.5013192612137203,0.5820895522388061,0.4496738117427772,0.6208765315739868,0.5931,0.356,0.4973864093285082,0.28,25.0,0.0463520500332589,0.3791234684260132,0
Unknown_519390,SF,519390,2019,100,283,258,68,24,2,10,20,67,1,4,0.264,0.4698795180722892,0.5804066543438078,0.803,0.5699208443271768,0.5373134328358209,0.298695246971109,0.471253534401508,0.689,0.356,0.4973864093285082,0.2133333333333333,35.0,0.0547951766320885,0.5287464655984919,0
Unknown_643418,SEA,643418,2019,42,168,152,40,12,1,5,16,40,0,0,0.263,0.5271084337349398,0.5175600739371535,0.787,0.4802110817941952,0.5761194029850747,0.412861136999068,0.4745523091423185,0.6667,0.355,0.494973864093285,0.18,24.0,0.0384030145220908,0.5254476908576815,0
Unknown_642708,NYM,642708,2019,162,675,633,183,31,7,15,32,124,4,3,0.289,0.5060240963855422,0.4750462107208873,0.757,0.3509234828496042,0.6089552238805972,0.190121155638397,0.3463713477851084,0.7585,0.355,0.494973864093285,0.3066666666666666,24.0,0.0650067286980042,0.6536286522148917,3
Unknown_543877,BOS,543877,2019,139,530,491,134,26,1,24,33,103,0,3,0.273,0.4789156626506025,0.5600739371534196,0.793,0.5145118733509234,0.4955223880597015,0.2595526561043802,0.3713477851083883,0.7377,0.355,0.494973864093285,0.2733333333333333,29.0,0.05035949227353,0.6286522148916116,0
Unknown_570267,SEA,570267,2019,123,511,456,115,21,1,21,51,166,2,2,0.252,0.5150602409638555,0.4935304990757856,0.77,0.4749340369393139,0.635820895522388,0.4342963653308481,0.679076343072573,0.5675,0.355,0.494973864093285,0.2666666666666666,27.0,0.0530059901424848,0.3209236569274272,0
Unknown_518792,CHC,518792,2019,150,601,524,129,20,4,21,69,114,5,3,0.246,0.5421686746987954,0.4547134935304991,0.758,0.4353562005277044,0.4238805970149254,0.5041938490214353,0.3605089538171536,0.6872,0.355,0.494973864093285,0.2866666666666667,30.0,0.0219777015330258,0.6394910461828465,3
Unknown_572821,WSH,572821,2019,143,501,433,101,20,0,21,62,113,5,1,0.233,0.533132530120482,0.4639556377079483,0.76,0.4828496042216359,0.3970149253731344,0.5461323392357875,0.4448633364750236,0.6407,0.354,0.4921592279855247,0.26,32.0,0.0252496984716831,0.5551366635249764,0
Unknown_608365,CHC,608365,2019,79,252,224,57,5,2,9,22,58,3,2,0.254,0.5090361445783133,0.4454713493530499,0.742,0.4010554089709762,0.5014925373134328,0.3760484622553588,0.455937794533459,0.6667,0.354,0.4921592279855247,0.2,25.0,0.0410321497383152,0.5440622054665412,0
Unknown_605113,AZ,605113,2019,162,640,569,145,33,6,19,54,116,4,12,0.255,0.4819277108433735,0.4805914972273569,0.752,0.4485488126649076,0.444776119402985,0.3625349487418453,0.3404806786050895,0.7266,0.354,0.4921592279855247,0.2933333333333333,29.0,0.0315486258577855,0.6595193213949104,3
Unknown_642082,BAL,642082,2019,59,206,173,39,8,0,8,24,63,9,0,0.225,0.5783132530120482,0.4362292051756007,0.76,0.4643799472295514,0.5074626865671642,0.5121155638397018,0.634071630537229,0.534,0.354,0.4921592279855247,0.1933333333333333,24.0,0.0408000460504028,0.3659283694627708,0
Unknown_592696,MIN,592696,2019,143,616,588,161,29,1,33,22,90,0,6,0.274,0.4186746987951807,0.5933456561922368,0.792,0.5593667546174143,0.4119402985074627,0.135601118359739,0.2577756833176249,0.8182,0.353,0.4893445918777643,0.2866666666666667,28.0,0.0692051253307668,0.742224316682375,3
Unknown_578428,CIN,578428,2019,149,547,520,151,22,4,13,21,71,3,2,0.29,0.4909638554216867,0.4602587800369687,0.744,0.3271767810026385,0.5402985074626866,0.1481826654240447,0.2193685202639019,0.8245,0.353,0.4893445918777643,0.2733333333333333,29.0,0.0554195711726375,0.7806314797360978,3
Unknown_596105,BAL,596105,2019,105,408,373,93,17,3,17,26,85,4,4,0.249,0.4337349397590361,0.5064695009242146,0.75,0.4986807387862797,0.4238805970149254,0.266076421248835,0.4043355325164939,0.7157,0.353,0.4893445918777643,0.24,27.0,0.0532867356677157,0.5956644674835061,0
Unknown_500874,STL,500874,2019,140,400,360,97,15,2,10,36,88,2,2,0.269,0.5421686746987954,0.4288354898336415,0.743,0.3350923482849604,0.5850746268656717,0.3886300093196644,0.4319038642789821,0.685,0.352,0.4869320466425412,0.2333333333333333,31.0,0.0373073765505318,0.5680961357210179,3
Unknown_606192,TOR,606192,2019,128,482,431,97,19,2,27,49,161,1,1,0.225,0.4427710843373493,0.5397412199630316,0.771,0.6121372031662269,0.4567164179104477,0.4431500465983224,0.7005183788878416,0.5622,0.352,0.4869320466425412,0.2533333333333333,27.0,0.0535606825624156,0.2994816211121582,0
Unknown_553902,MIN,553902,2019,62,218,203,58,10,0,4,6,8,5,4,0.286,0.4789156626506025,0.4066543438077635,0.711,0.2612137203166226,0.4268656716417911,0.097390493942218,0.0,0.9128,0.352,0.4869320466425412,0.1933333333333333,28.0,0.0158247068785928,0.9999999999999998,3
Unknown_598265,BOS,598265,2019,150,582,507,117,29,3,22,57,156,13,2,0.231,0.496987951807229,0.4731977818853974,0.753,0.5013192612137203,0.4567164179104477,0.4254426840633737,0.545004712535344,0.6065,0.352,0.4869320466425412,0.2733333333333333,29.0,0.042979371443116,0.4549952874646559,0
Unknown_474568,DET,474568,2019,78,284,269,71,18,0,9,13,61,2,0,0.264,0.4367469879518072,0.4750462107208873,0.734,0.41688654353562,0.5313432835820896,0.1826654240447343,0.4196512723845428,0.7324,0.351,0.4841174105347808,0.2066666666666666,33.0,0.0807704218917405,0.5803487276154571,3
Unknown_596103,SF,596103,2019,67,192,168,40,9,3,5,22,59,2,0,0.238,0.5271084337349398,0.4491682070240296,0.75,0.4485488126649076,0.6059701492537314,0.5032618825722274,0.6376060320452404,0.5677,0.351,0.4841174105347808,0.1866666666666666,27.0,0.0418957264688847,0.3623939679547596,0
Unknown_649966,SD,649966,2019,75,266,228,51,8,1,6,29,60,9,0,0.224,0.533132530120482,0.3179297597042514,0.681,0.3007915567282321,0.4298507462686568,0.4771668219944082,0.4450989632422243,0.6316,0.351,0.4841174105347808,0.2,22.0,0.0300544832285882,0.5549010367577756,3
Unknown_475582,WSH,475582,2019,64,231,210,55,12,0,8,19,49,0,2,0.262,0.4879518072289157,0.478743068391867,0.754,0.4274406332453826,0.5044776119402985,0.352749301025163,0.4132893496701226,0.7056,0.35,0.4813027744270204,0.1933333333333333,35.0,0.039876091821523,0.5867106503298776,3
Unknown_663757,MIL,663757,2019,54,192,164,39,7,2,6,21,51,4,3,0.238,0.5271084337349398,0.4454713493530499,0.748,0.4432717678100263,0.4955223880597015,0.4790307548928239,0.5393496701225259,0.6042,0.35,0.4813027744270204,0.18,23.0,0.0369849811694964,0.460650329877474,0
Unknown_446334,SF,446334,2019,135,526,471,118,19,2,20,43,118,7,5,0.251,0.4849397590361446,0.467652495378928,0.746,0.4406332453825857,0.4656716417910447,0.3499534016775396,0.4420358152686145,0.6806,0.35,0.4813027744270204,0.2533333333333333,34.0,0.0431327214335444,0.5579641847313856,0
Unknown_596129,SEA,596129,2019,146,564,467,96,17,0,30,93,152,2,2,0.206,0.5451807228915663,0.4824399260628466,0.773,0.5804749340369393,0.2865671641791045,0.7376514445479962,0.5485391140433553,0.5621,0.35,0.4813027744270204,0.2666666666666666,27.0,0.021627072616106,0.4514608859566444,2
Unknown_502273,CLE,502273,2019,70,213,177,49,8,0,4,22,61,4,4,0.277,0.6144578313253012,0.3992606284658042,0.752,0.2744063324538258,0.7582089552238808,0.4506057781919851,0.5883600377002827,0.5634,0.35,0.4813027744270204,0.1866666666666666,32.0,0.0436572022293551,0.4116399622997173,0
Unknown_664058,LAA,664058,2019,153,665,607,177,31,4,6,56,66,0,1,0.292,0.5813253012048193,0.3918669131238448,0.736,0.2242744063324538,0.5522388059701493,0.3616029822926374,0.1472667295004712,0.815,0.35,0.4813027744270204,0.2866666666666667,25.0,0.0127975390005724,0.852733270499529,3
Unknown_542255,ATL,542255,2019,67,244,212,53,11,2,5,26,43,4,2,0.25,0.5481927710843374,0.4029574861367839,0.732,0.3509234828496042,0.4626865671641791,0.4659832246039142,0.3286993402450518,0.7008,0.35,0.4813027744270204,0.1933333333333333,29.0,0.0219867801061098,0.671300659754948,3
Unknown_657557,STL,657557,2019,172,711,627,146,35,1,30,65,165,13,6,0.233,0.4728915662650602,0.4824399260628466,0.75,0.5118733509234829,0.391044776119403,0.3951537744641192,0.4604147031102734,0.6582,0.349,0.4788902291917973,0.2933333333333333,26.0,0.0391450448478311,0.5395852968897268,0
Unknown_452678,TEX,452678,2019,141,538,469,118,25,1,18,58,106,3,8,0.252,0.5271084337349398,0.4621072088724585,0.757,0.4327176781002638,0.444776119402985,0.4715750232991612,0.3777097078228087,0.6896,0.349,0.4788902291917973,0.2533333333333333,34.0,0.0253652893890061,0.6222902921771911,3
Unknown_607461,LAD,607461,2019,105,280,259,69,19,1,9,19,35,2,0,0.266,0.4909638554216867,0.5138632162661738,0.773,0.4643799472295514,0.4328358208955225,0.2856477166821994,0.2080584354382658,0.8,0.349,0.4788902291917973,0.2,26.0,0.0256262851248981,0.791941564561734,3
Unknown_572122,SEA,572122,2019,106,443,393,94,19,1,23,44,86,4,2,0.239,0.4909638554216867,0.5434380776340113,0.789,0.5804749340369393,0.3402985074626866,0.4319664492078285,0.3708765315739868,0.6975,0.349,0.4788902291917973,0.2333333333333333,32.0,0.0278277859187041,0.6291234684260134,0
Unknown_600524,BAL,600524,2019,155,612,553,135,25,0,33,45,147,10,4,0.244,0.4578313253012048,0.5434380776340113,0.779,0.5672823218997362,0.4089552238805971,0.3117427772600186,0.4795004712535344,0.6699,0.349,0.4788902291917973,0.2733333333333333,25.0,0.0532482474585596,0.5204995287464658,0
Unknown_642336,SD,642336,2019,82,254,236,63,11,2,8,13,58,4,1,0.267,0.4728915662650602,0.4768946395563772,0.747,0.4116094986807387,0.5611940298507463,0.2078285181733457,0.4514608859566447,0.7047,0.349,0.4788902291917973,0.1933333333333333,24.0,0.0762998400656076,0.5485391140433555,3
Unknown_518586,ATL,518586,2019,96,155,145,35,5,2,5,7,47,1,1,0.241,0.3644578313253013,0.4306839186691313,0.686,0.4142480211081794,0.5522388059701493,0.1798695246971108,0.6279453345900095,0.6387,0.349,0.4788902291917973,0.1733333333333333,30.0,0.1198300169106352,0.3720546654099905,0
Unknown_435559,WSH,435559,2019,95,346,312,78,12,0,17,23,45,7,4,0.25,0.463855421686747,0.5138632162661738,0.764,0.5092348284960422,0.3164179104477612,0.2791239515377446,0.2200754005655042,0.7832,0.348,0.4760755930840369,0.2133333333333333,36.0,0.0278608489752812,0.7799245994344959,3
Unknown_623912,MIA,623912,2019,122,455,431,119,21,4,11,18,93,5,1,0.276,0.463855421686747,0.4547134935304991,0.732,0.3562005277044854,0.5820895522388061,0.1537744641192917,0.3951460885956644,0.7429,0.348,0.4760755930840369,0.2333333333333333,25.0,0.0898996421289044,0.6048539114043354,3
Unknown_450314,CHC,450314,2019,52,194,166,43,5,0,2,25,24,1,2,0.259,0.5963855421686747,0.279112754158965,0.681,0.1503957783641161,0.4626865671641791,0.569897483690587,0.204995287464656,0.7423,0.348,0.4760755930840369,0.18,38.0,0.0085685786568239,0.7950047125353439,3
Unknown_543592,SEA,543592,2019,73,272,242,64,12,1,10,23,66,4,2,0.264,0.5361445783132531,0.5027726432532349,0.782,0.4564643799472295,0.5582089552238807,0.363466915191053,0.4851555136663525,0.6544,0.348,0.4760755930840369,0.2,30.0,0.0454980093848129,0.5148444863336474,0
Unknown_592200,CIN,592200,2019,83,243,214,53,10,0,8,25,59,1,3,0.248,0.5030120481927711,0.4306839186691313,0.732,0.3957783641160949,0.4955223880597015,0.4487418452935695,0.485626767200754,0.6502,0.348,0.4760755930840369,0.1933333333333333,31.0,0.0356646341898083,0.5143732327992461,0
Unknown_571875,AZ,571875,2019,82,237,197,40,8,2,8,33,58,5,2,0.203,0.5150602409638555,0.3918669131238448,0.715,0.4591029023746701,0.3194029850746268,0.6178937558247902,0.4901036757775683,0.5949,0.348,0.4760755930840369,0.1866666666666666,29.0,0.0240189978206803,0.5098963242224317,0
Unknown_641856,TOR,641856,2019,88,294,267,58,14,1,13,21,77,2,2,0.217,0.3584337349397591,0.4602587800369687,0.701,0.5197889182058048,0.3492537313432836,0.3019571295433365,0.530631479736098,0.6531,0.348,0.4760755930840369,0.2,25.0,0.0609912291151199,0.4693685202639019,0
Unknown_669222,CIN,669222,2019,102,418,384,97,21,4,12,30,102,3,1,0.253,0.4608433734939758,0.4584103512014788,0.733,0.4221635883905013,0.5373134328358209,0.3038210624417521,0.488454288407163,0.6651,0.348,0.4760755930840369,0.2266666666666666,24.0,0.0557703000745503,0.511545711592837,0
Unknown_514917,PHI,514917,2019,166,683,627,176,33,3,14,46,104,6,4,0.281,0.5301204819277109,0.4362292051756007,0.744,0.3166226912928759,0.5432835820895523,0.2828518173345759,0.2723845428840716,0.7716,0.347,0.4732609569762765,0.28,29.0,0.0337954541336946,0.7276154571159283,3
Unknown_474832,SF,474832,2019,161,635,542,127,33,3,19,85,130,4,4,0.234,0.5481927710843374,0.4380776340110906,0.752,0.4432717678100263,0.4119402985074627,0.5931966449207828,0.3958529688972667,0.6551,0.347,0.4732609569762765,0.2666666666666666,31.0,0.0195836906249235,0.6041470311027333,0
Unknown_466320,PIT,466320,2019,138,410,390,108,22,1,8,18,44,1,0,0.277,0.4608433734939758,0.4177449168207025,0.711,0.3007915567282321,0.4835820895522388,0.17381174277726,0.1663524976437323,0.8439,0.347,0.4732609569762765,0.2266666666666666,35.0,0.0373024776596649,0.8336475023562675,3
Unknown_453943,NYM,453943,2019,130,499,447,112,19,2,21,40,106,12,0,0.251,0.5150602409638555,0.4972273567467654,0.772,0.4828496042216359,0.4477611940298507,0.3429636533084808,0.4139962299717248,0.6834,0.347,0.4732609569762765,0.24,33.0,0.0412546364873302,0.5860037700282752,0
Unknown_665489,TOR,665489,2019,123,514,464,126,26,2,15,46,91,2,2,0.272,0.5451807228915663,0.478743068391867,0.772,0.4036939313984168,0.5194029850746269,0.3863000931966449,0.3305843543826579,0.7296,0.347,0.4732609569762765,0.2466666666666667,20.0,0.0282723986505027,0.6694156456173419,3
Unknown_592567,PIT,592567,2019,151,521,481,133,30,1,13,32,121,3,4,0.277,0.496987951807229,0.4621072088724585,0.747,0.366754617414248,0.6208955223880598,0.255358807082945,0.460650329877474,0.6987,0.347,0.4732609569762765,0.2466666666666667,27.0,0.0631917914353502,0.539349670122526,3
Unknown_588751,NYM,588751,2019,84,228,209,50,13,1,9,14,51,3,2,0.239,0.4096385542168674,0.4916820702402959,0.734,0.5065963060686016,0.4119402985074627,0.255358807082945,0.44062205466541,0.7018,0.346,0.4708484117410534,0.1866666666666666,30.0,0.0605122816401017,0.55937794533459,0
Unknown_591741,PIT,591741,2019,98,293,269,70,20,0,10,18,51,1,5,0.26,0.4397590361445783,0.5027726432532349,0.75,0.467018469656992,0.4417910447761193,0.255358807082945,0.323751178133836,0.7577,0.346,0.4708484117410534,0.2,27.0,0.0448765538937107,0.676248821866164,3
Unknown_571657,CIN,571657,2019,98,213,199,46,7,0,10,10,65,3,1,0.231,0.3584337349397591,0.4491682070240296,0.694,0.467018469656992,0.4597014925373134,0.1877912395153774,0.6326578699340245,0.6338,0.346,0.4708484117410534,0.18,29.0,0.115949198518969,0.3673421300659756,0
Unknown_429664,NYM,429664,2019,110,443,409,107,29,0,13,26,72,5,3,0.262,0.463855421686747,0.4695009242144178,0.739,0.4142480211081794,0.4567164179104477,0.2427772600186393,0.2964184731385486,0.7675,0.346,0.4708484117410534,0.2266666666666666,37.0,0.0435760290172395,0.7035815268614514,3
Unknown_640458,CLE,640458,2019,112,482,438,118,25,3,15,28,84,5,4,0.269,0.4819277108433735,0.4972273567467654,0.761,0.4353562005277044,0.4955223880597015,0.2399813606710158,0.3242224316682375,0.7427,0.346,0.4708484117410534,0.2333333333333333,25.0,0.0480604420033589,0.6757775683317624,3
Unknown_642715,TB,642715,2019,159,615,558,141,26,1,22,50,162,3,1,0.253,0.4789156626506025,0.4565619223659889,0.738,0.4195250659630607,0.546268656716418,0.3480894687791239,0.5341658812441094,0.6455,0.345,0.468033775633293,0.26,24.0,0.0527029093759817,0.4658341187558905,0
Unknown_465041,PIT,465041,2019,53,172,151,34,9,1,5,15,42,5,0,0.225,0.4759036144578313,0.412199630314233,0.713,0.4300791556728232,0.4328358208955225,0.3755824790307548,0.4889255419415646,0.6337,0.345,0.468033775633293,0.1733333333333333,33.0,0.044198217118238,0.5110744580584354,0
Unknown_435522,MIA,435522,2019,118,391,347,90,19,1,10,42,80,1,1,0.259,0.5481927710843374,0.4288354898336415,0.746,0.3641160949868073,0.5253731343283582,0.4697110904007455,0.395617342130066,0.6854,0.345,0.468033775633293,0.2133333333333333,34.0,0.0268666906527588,0.6043826578699341,3
Unknown_444489,MIL,444489,2019,76,189,167,39,8,0,8,17,53,4,1,0.234,0.4789156626506025,0.4639556377079483,0.743,0.4828496042216359,0.4656716417910447,0.3881640260950605,0.5742224316682375,0.6085,0.345,0.468033775633293,0.1733333333333333,32.0,0.050364157694365,0.4257775683317626,0
Unknown_594824,SD,594824,2019,137,381,318,78,13,4,4,55,85,5,2,0.245,0.6174698795180723,0.3234750462107209,0.712,0.2506596306068601,0.555223880597015,0.6421248835041938,0.4392082940622054,0.6168,0.345,0.468033775633293,0.2133333333333333,30.0,0.0198984316643689,0.5607917059377947,3
Unknown_592444,DET,592444,2019,90,343,307,71,20,3,11,28,96,6,1,0.231,0.4487951807228916,0.4602587800369687,0.73,0.4828496042216359,0.4925373134328358,0.3494874184529357,0.5730442978322337,0.6181,0.345,0.468033775633293,0.2066666666666666,27.0,0.0563861610635258,0.4269557021677661,0
Unknown_467827,WSH,467827,2019,126,314,286,71,14,3,9,20,59,5,2,0.248,0.4487951807228916,0.4417744916820703,0.719,0.4089709762532981,0.4417910447761193,0.266076421248835,0.3562676720075401,0.7293,0.344,0.4652191395255327,0.2,32.0,0.0470881082983623,0.64373232799246,3
Unknown_460086,KC,460086,2019,152,637,559,149,31,1,13,51,101,20,6,0.267,0.5662650602409639,0.4085027726432533,0.741,0.3166226912928759,0.5014925373134328,0.342497670083877,0.2872290292177191,0.7284,0.344,0.4652191395255327,0.26,35.0,0.0283182971158089,0.7127709707822809,3
Unknown_622534,SD,622534,2019,153,456,413,99,21,4,14,38,91,2,0,0.24,0.4487951807228916,0.4399260628465805,0.718,0.4300791556728232,0.4238805970149254,0.3574091332712022,0.3838360037700283,0.7061,0.344,0.4652191395255327,0.2266666666666666,25.0,0.0363727763839235,0.6161639962299716,3
Unknown_623993,BAL,623993,2019,93,405,380,99,20,1,20,19,86,2,3,0.261,0.4186746987951807,0.5582255083179299,0.773,0.546174142480211,0.4507462686567164,0.1877912395153774,0.413760603204524,0.7333,0.344,0.4652191395255327,0.2133333333333333,25.0,0.0776095907359892,0.5862393967954762,0
Unknown_592348,DET,592348,2019,118,488,436,109,28,5,12,47,141,2,3,0.25,0.5,0.4547134935304991,0.743,0.4248021108179419,0.6119402985074628,0.417986952469711,0.5942507068803016,0.6107,0.344,0.4652191395255327,0.2333333333333333,27.0,0.0480604420033589,0.4057492931196986,0
Unknown_451594,STL,451594,2019,161,625,534,121,25,1,21,78,157,8,4,0.227,0.5240963855421686,0.4085027726432533,0.727,0.4221635883905013,0.4298507462686568,0.5507921714818266,0.5054194156456172,0.6096,0.343,0.4628065942903095,0.2533333333333333,33.0,0.0289530718525661,0.4945805843543827,0
Unknown_543305,NYY,543305,2019,60,260,224,52,10,0,12,33,73,0,3,0.232,0.5090361445783133,0.4879852125693162,0.764,0.5171503957783641,0.4417910447761193,0.5605778191985089,0.5751649387370404,0.5923,0.343,0.4628065942903095,0.1866666666666666,30.0,0.0328231194680762,0.4248350612629596,0
Unknown_592669,SD,592669,2019,144,511,456,98,21,1,33,47,159,2,6,0.215,0.3915662650602409,0.5693160813308689,0.77,0.683377308707124,0.3194029850746268,0.3979496738117428,0.6467954759660697,0.593,0.343,0.4628065942903095,0.2333333333333333,27.0,0.0554660314282624,0.3532045240339305,0
Unknown_457803,SEA,457803,2019,99,335,312,67,17,0,26,19,84,1,3,0.215,0.3072289156626506,0.6377079482439927,0.779,0.7783641160949868,0.1970149253731343,0.233457595526561,0.5042412818096135,0.6896,0.343,0.4628065942903095,0.2,32.0,0.075574634876307,0.4957587181903866,0
Unknown_641553,CWS,641553,2019,85,266,243,58,11,2,7,16,79,6,0,0.239,0.4337349397590361,0.3937153419593347,0.689,0.366754617414248,0.5701492537313434,0.249767008387698,0.6133364750235626,0.6165,0.342,0.4599919581825492,0.1866666666666666,28.0,0.0854853967155904,0.3866635249764376,0
Unknown_642136,LAA,642136,2019,57,176,158,35,9,0,8,18,54,0,0,0.222,0.4307228915662651,0.4731977818853974,0.732,0.5277044854881267,0.4388059701492538,0.4459459459459459,0.6364278982092366,0.5909,0.342,0.4599919581825492,0.1733333333333333,24.0,0.0480415216535885,0.3635721017907636,0
Unknown_430945,AZ,430945,2019,138,540,497,128,25,1,17,31,105,9,3,0.258,0.4608433734939758,0.4436229205175602,0.726,0.3905013192612137,0.4776119402985074,0.2367194780987884,0.3715834118755891,0.7296,0.342,0.4599919581825492,0.2333333333333333,34.0,0.0555463739806232,0.6284165881244108,3
Unknown_607345,LAA,607345,2019,63,225,205,52,14,0,5,16,43,3,1,0.254,0.4759036144578313,0.4085027726432533,0.711,0.3482849604221635,0.4865671641791045,0.3005591798695247,0.3638077285579641,0.7244,0.342,0.4599919581825492,0.18,31.0,0.0420169469893649,0.6361922714420356,3
Unknown_656308,BOS,656308,2019,95,382,347,88,10,1,18,31,127,4,0,0.254,0.4939759036144578,0.4990757855822552,0.766,0.4775725593667546,0.635820895522388,0.34762348555452,0.6969839773798304,0.5759,0.342,0.4599919581825492,0.2066666666666666,24.0,0.0692513968526372,0.3030160226201697,0
Unknown_542921,SEA,542921,2019,88,332,308,72,21,1,15,21,105,3,0,0.234,0.3945783132530119,0.5194085027726434,0.744,0.5593667546174143,0.5044776119402985,0.2642124883504193,0.6588124410933083,0.6114,0.342,0.4599919581825492,0.2,29.0,0.0867103227589233,0.3411875589066917,0
Unknown_542583,MIL,542583,2019,136,384,330,78,13,0,12,45,82,2,7,0.236,0.5060240963855422,0.390018484288355,0.71,0.366754617414248,0.4119402985074627,0.5153774464119292,0.4165881244109331,0.6562,0.341,0.4571773220747888,0.2066666666666666,29.0,0.0252533002775588,0.5834118755890669,3
Unknown_520471,TOR,520471,2019,153,605,571,149,28,1,23,30,150,1,2,0.261,0.4216867469879518,0.4805914972273569,0.732,0.4327176781002638,0.5402985074626866,0.2003727865796831,0.4976437323279924,0.6992,0.341,0.4571773220747888,0.24,30.0,0.0867324544121352,0.5023562676720075,0
Unknown_545350,HOU,545350,2019,109,331,301,70,16,3,11,21,99,6,0,0.233,0.4156626506024096,0.4454713493530499,0.711,0.4591029023746701,0.5223880597014926,0.2646784715750233,0.6182846371347784,0.6103,0.34,0.4547647768395657,0.1933333333333333,28.0,0.0813067494176045,0.3817153628652217,0
Unknown_663586,ATL,663586,2019,85,308,283,64,11,1,19,18,110,5,2,0.226,0.3734939759036144,0.5526802218114604,0.756,0.6279683377308707,0.4597014925373134,0.2413793103448275,0.7549481621112157,0.5682,0.34,0.4547647768395657,0.1933333333333333,22.0,0.1083475771157674,0.2450518378887842,0
Unknown_405395,LAA,405395,2019,136,557,502,122,22,0,24,44,69,3,8,0.243,0.4367469879518072,0.4731977818853974,0.734,0.4696569920844327,0.3014925373134328,0.3373718546132339,0.2054665409990574,0.7917,0.34,0.4547647768395657,0.2333333333333333,39.0,0.0203502006756811,0.7945334590009423,3
Unknown_544725,CWS,544725,2019,141,630,588,168,27,3,10,22,140,6,3,0.286,0.4789156626506025,0.4048059149722737,0.709,0.258575197889182,0.6686567164179104,0.1318732525629077,0.4370876531573986,0.7159,0.34,0.4547647768395657,0.2466666666666667,28.0,0.113225867312039,0.5629123468426014,3
Unknown_516416,PHI,516416,2019,149,633,591,165,37,4,12,30,75,8,3,0.279,0.4909638554216867,0.4473197781885398,0.737,0.337730870712401,0.5014925373134328,0.190121155638397,0.1927426955702167,0.8199,0.34,0.4547647768395657,0.2466666666666667,29.0,0.0383826830958145,0.8072573044297828,3
Unknown_545121,AZ,545121,2019,87,225,215,57,10,1,6,9,24,0,1,0.265,0.4066265060240963,0.4269870609981517,0.698,0.345646437994723,0.4179104477611941,0.1556383970177073,0.1649387370405278,0.8533,0.34,0.4547647768395657,0.18,28.0,0.0416247323298419,0.8350612629594723,3
Unknown_628356,PIT,628356,2019,69,199,184,35,9,1,12,13,62,1,1,0.19,0.2650602409638554,0.5027726432532349,0.692,0.6490765171503957,0.217910447761194,0.2735321528424976,0.6477379830348727,0.6181,0.34,0.4547647768395657,0.1733333333333333,32.0,0.0823549812254994,0.3522620169651274,0
Unknown_592387,SEA,592387,2019,48,191,173,41,16,0,7,13,40,1,4,0.237,0.3915662650602409,0.512014787430684,0.739,0.5408970976253298,0.382089552238806,0.2865796831314072,0.4069274269557022,0.7173,0.34,0.4547647768395657,0.1733333333333333,27.0,0.049509974174533,0.5930725730442978,0
Unknown_571431,WSH,571431,2019,118,348,325,74,14,0,23,20,120,2,1,0.228,0.355421686746988,0.5711645101663587,0.759,0.6490765171503957,0.4328358208955225,0.2371854613233923,0.725966069745523,0.592,0.339,0.4519501407318053,0.1933333333333333,31.0,0.106059671908399,0.274033930254477,0
Unknown_607732,PIT,607732,2019,73,216,197,51,6,0,6,16,42,2,0,0.259,0.4909638554216867,0.3826247689463957,0.702,0.2981530343007915,0.5014925373134328,0.3145386766076421,0.3715834118755891,0.7176,0.339,0.4519501407318053,0.1733333333333333,30.0,0.0407727369150866,0.6284165881244108,3
Unknown_592122,SF,592122,2019,93,188,161,30,6,1,9,26,69,0,1,0.186,0.4216867469879518,0.4251386321626618,0.702,0.5488126649076517,0.3462686567164179,0.6136999068033551,0.7782752120640904,0.4947,0.339,0.4519501407318053,0.1666666666666666,28.0,0.0413566870984944,0.2217247879359096,0
Unknown_664056,STL,664056,2019,133,431,370,77,16,3,12,48,124,10,2,0.208,0.4698795180722892,0.3530499075785583,0.679,0.3905013192612137,0.4208955223880598,0.4883504193849021,0.5914231856738925,0.5754,0.338,0.449135504624045,0.2066666666666666,25.0,0.039981163920759,0.4085768143261072,0
Unknown_596748,PHI,596748,2019,125,441,402,95,19,0,18,36,65,0,3,0.236,0.4186746987951807,0.4510166358595195,0.715,0.4564643799472295,0.3134328358208955,0.3494874184529357,0.2608388312912347,0.771,0.338,0.449135504624045,0.2066666666666666,27.0,0.0249571646113289,0.7391611687087651,3
Unknown_592261,TEX,592261,2019,110,420,368,91,17,4,4,38,104,4,2,0.247,0.496987951807229,0.321626617375231,0.671,0.2427440633245382,0.5910447761194031,0.390959925442684,0.4969368520263902,0.6333,0.338,0.449135504624045,0.2066666666666666,27.0,0.0429488743151752,0.5030631479736096,1
Unknown_643393,HOU,643393,2019,112,292,256,58,11,4,9,25,50,6,4,0.227,0.4457831325301205,0.4288354898336415,0.712,0.4511873350923482,0.3283582089552239,0.3681267474370922,0.3169180018850141,0.7192,0.338,0.449135504624045,0.1866666666666666,28.0,0.0287049241882701,0.6830819981149858,3
Unknown_572073,BAL,572073,2019,67,201,180,40,11,2,3,18,53,3,0,0.222,0.4367469879518072,0.3364140480591498,0.659,0.3271767810026385,0.4895522388059701,0.3867660764212488,0.5348727615457115,0.6318,0.338,0.449135504624045,0.1733333333333333,28.0,0.046958732842009,0.4651272384542884,1
Unknown_642165,CIN,642165,2019,97,267,235,55,13,1,8,29,58,2,1,0.234,0.4939759036144578,0.4177449168207025,0.722,0.4142480211081794,0.4238805970149254,0.4753028890959925,0.425306314797361,0.6667,0.338,0.449135504624045,0.18,24.0,0.0287049241882701,0.574693685202639,0
Unknown_571466,CIN,571466,2019,118,375,325,74,14,0,11,46,87,2,1,0.228,0.5060240963855422,0.3659889094269872,0.699,0.3588390501319261,0.4238805970149254,0.5410065237651445,0.4601790763430726,0.6373,0.338,0.449135504624045,0.2,28.0,0.0265911186567119,0.5398209236569276,0
Unknown_641658,COL,641658,2019,105,335,306,76,9,5,9,25,89,0,2,0.248,0.4367469879518072,0.4158964879852126,0.702,0.3720316622691292,0.5522388059701493,0.3168685927306617,0.5395852968897267,0.6537,0.337,0.4467229593888218,0.1866666666666666,25.0,0.058931704690386,0.4604147031102732,0
Unknown_571506,LAA,571506,2019,57,188,165,29,5,0,9,21,55,1,1,0.176,0.3403614457831325,0.3622920517560075,0.641,0.4881266490765171,0.1850746268656716,0.4897483690587139,0.6029688972667295,0.5904,0.337,0.4467229593888218,0.1666666666666666,31.0,0.0406959880450664,0.3970311027332707,0
Unknown_595751,MIA,595751,2019,130,470,436,114,14,1,18,22,157,10,2,0.261,0.4608433734939758,0.4584103512014788,0.733,0.4010554089709762,0.6895522388059702,0.1873252562907735,0.7005183788878416,0.5979,0.337,0.4467229593888218,0.2066666666666666,26.0,0.1281294216828717,0.2994816211121582,0
Unknown_462101,TEX,462101,2019,152,660,611,168,28,4,12,34,98,5,10,0.275,0.4698795180722892,0.4048059149722737,0.706,0.2875989445910289,0.5104477611940299,0.2092264678471574,0.2634307257304429,0.7924,0.336,0.4439083232810615,0.2333333333333333,31.0,0.0458054302190767,0.7365692742695569,3
Unknown_519222,NYY,519222,2019,71,246,233,65,12,0,8,11,51,0,1,0.279,0.4578313253012048,0.478743068391867,0.744,0.3852242744063324,0.573134328358209,0.1775396085740913,0.4019792648444864,0.7439,0.336,0.4439083232810615,0.1733333333333333,31.0,0.0797567262106185,0.5980207351555136,3
Unknown_600474,BAL,600474,2019,96,345,309,76,13,0,13,29,73,4,2,0.246,0.4789156626506025,0.4436229205175602,0.731,0.4195250659630607,0.4358208955223881,0.3611369990680335,0.4121112158341188,0.6899,0.336,0.4439083232810615,0.1866666666666666,26.0,0.0386933840357713,0.5878887841658813,3
Unknown_650859,LAA,650859,2019,108,410,360,87,18,3,7,41,93,5,3,0.242,0.5030120481927711,0.356746765249538,0.692,0.3060686015831134,0.5074626865671642,0.4352283317800559,0.4479264844486334,0.6585,0.336,0.4439083232810615,0.2,22.0,0.0338922029627139,0.5520735155513667,3
Unknown_543228,WSH,543228,2019,106,385,338,76,17,0,12,41,95,5,1,0.225,0.4789156626506025,0.3844731977818855,0.699,0.3905013192612137,0.4238805970149254,0.4655172413793103,0.4950518378887842,0.6338,0.335,0.4410936871733011,0.1933333333333333,32.0,0.0348478021427302,0.5049481621112157,0
Unknown_502210,HOU,502210,2019,148,574,526,140,19,3,15,38,75,0,9,0.266,0.4608433734939758,0.4158964879852126,0.71,0.3271767810026385,0.4388059701492538,0.2777260018639328,0.2214891611687088,0.7962,0.335,0.4410936871733011,0.22,32.0,0.0282078791688494,0.7785108388312911,3
Unknown_452095,ATL,452095,2019,86,318,277,64,11,3,11,32,107,7,2,0.231,0.5,0.4399260628465805,0.735,0.4538258575197889,0.5820895522388061,0.4380242311276793,0.7064090480678605,0.5409,0.335,0.4410936871733011,0.18,33.0,0.05473674884415,0.2935909519321396,0
Unknown_596059,TEX,596059,2019,149,595,535,110,30,1,31,53,182,5,1,0.206,0.3765060240963854,0.489833641404806,0.722,0.5936675461741425,0.3313432835820895,0.3844361602982292,0.6343072573044297,0.595,0.335,0.4410936871733011,0.22,25.0,0.0564456607201089,0.36569274269557,0
Unknown_570481,PIT,570481,2019,54,172,155,37,4,1,1,12,37,1,1,0.239,0.4156626506024096,0.2273567467652495,0.593,0.129287598944591,0.5104477611940299,0.2945013979496738,0.4203581526861452,0.6919,0.335,0.4410936871733011,0.1666666666666666,28.0,0.0496410501916971,0.5796418473138547,1
Unknown_641796,AZ,641796,2019,82,250,212,53,12,2,1,14,44,22,1,0.25,0.5993975903614458,0.3068391866913125,0.697,0.2137203166226912,0.5253731343283582,0.2301957129543336,0.3282280867106503,0.676,0.335,0.4410936871733011,0.1733333333333333,27.0,0.050825515976943,0.6717719132893498,3
Unknown_572365,CWS,572365,2019,55,171,152,38,6,1,3,17,45,1,0,0.25,0.5150602409638555,0.3475046210720888,0.691,0.2717678100263852,0.6059701492537314,0.4324324324324324,0.5336946277097078,0.6257,0.334,0.4386811419380779,0.16,31.0,0.0412451188290318,0.4663053722902923,1
Unknown_545341,TOR,545341,2019,155,644,599,138,29,5,33,38,167,5,2,0.23,0.3704819277108434,0.5304990757855823,0.742,0.58311345646438,0.382089552238806,0.244175209692451,0.5245051837888783,0.6739,0.334,0.4386811419380779,0.2266666666666666,28.0,0.0750597490572879,0.4754948162111216,0
Unknown_543333,SD,543333,2019,165,683,633,166,30,2,22,42,166,3,5,0.262,0.4548192771084337,0.4547134935304991,0.729,0.3931398416886543,0.555223880597015,0.2558247903075489,0.4860980207351555,0.6911,0.334,0.4386811419380779,0.2266666666666666,30.0,0.0664717882177117,0.5139019792648445,0
Unknown_425877,STL,425877,2019,124,500,462,122,26,0,11,25,62,7,6,0.264,0.4518072289156626,0.4029574861367839,0.7,0.3139841688654353,0.4388059701492538,0.2022367194780988,0.2057021677662582,0.812,0.333,0.4358665058303176,0.2,37.0,0.0379955727395127,0.7942978322337415,3
Unknown_595777,ATH,595777,2019,140,532,471,105,24,3,21,49,77,9,3,0.223,0.4457831325301205,0.4547134935304991,0.727,0.496042216358839,0.2656716417910448,0.3984156570363467,0.2544769085768143,0.7462,0.333,0.4358665058303176,0.2066666666666666,26.0,0.0204036977637749,0.7455230914231856,3
Unknown_640461,ATH,640461,2019,121,375,346,84,22,0,13,20,88,5,3,0.243,0.4006024096385542,0.4528650646950093,0.711,0.4406332453825857,0.453731343283582,0.2176141658900279,0.4665409990574929,0.696,0.333,0.4358665058303176,0.1866666666666666,27.0,0.075223532670688,0.5334590009425071,0
Unknown_457708,LAA,457708,2019,66,266,225,47,8,0,12,34,81,2,5,0.209,0.463855421686747,0.4251386321626618,0.716,0.4934036939313984,0.3611940298507463,0.5647716682199441,0.6310084825636192,0.5602,0.333,0.4358665058303176,0.1733333333333333,32.0,0.0361109087043721,0.3689915174363809,0
Unknown_656185,CLE,656185,2019,86,271,245,55,11,3,4,12,55,9,1,0.224,0.3825301204819277,0.312384473197782,0.628,0.2875989445910289,0.4149253731343284,0.1756756756756756,0.3918473138548539,0.7048,0.332,0.4330518697225572,0.1733333333333333,26.0,0.0786884735798313,0.6081526861451458,1
Unknown_609275,KC,609275,2019,105,452,423,112,22,10,9,20,134,0,6,0.265,0.4096385542168674,0.4695009242144178,0.722,0.4063324538258575,0.6746268656716418,0.1752096924510717,0.6121583411875589,0.6527,0.332,0.4330518697225572,0.1933333333333333,24.0,0.1198335046706226,0.3878416588124411,0
Unknown_595956,KC,595956,2019,46,150,132,31,7,0,4,12,30,3,1,0.235,0.4608433734939758,0.378927911275416,0.69,0.3562005277044854,0.4149253731343284,0.342031686859273,0.3847785108388313,0.6867,0.332,0.4330518697225572,0.16,27.0,0.0383826830958145,0.6152214891611687,3
Unknown_503556,MIN,503556,2019,120,484,445,117,20,0,15,32,108,6,1,0.263,0.4879518072289157,0.434380776340111,0.729,0.3614775725593667,0.5432835820895523,0.277260018639329,0.4392082940622054,0.6983,0.331,0.4306393244873341,0.1933333333333333,30.0,0.0553224214559187,0.5607917059377947,3
Unknown_622569,PIT,622569,2019,74,177,160,36,9,2,2,15,36,1,1,0.225,0.4096385542168674,0.3142329020332717,0.638,0.2902374670184696,0.4238805970149254,0.363932898415657,0.3927898209236569,0.7062,0.331,0.4306393244873341,0.16,26.0,0.0364745535355312,0.6072101790763431,1
Unknown_475174,CWS,475174,2019,126,355,308,63,15,0,11,43,73,2,2,0.205,0.4397590361445783,0.3438077634011091,0.665,0.387862796833773,0.2865671641791045,0.5335507921714818,0.3979736098020735,0.6676,0.331,0.4306393244873341,0.18,32.0,0.0228551145100517,0.6020263901979264,3
Unknown_607752,BOS,607752,2019,63,167,154,34,5,1,7,11,37,1,1,0.221,0.3524096385542169,0.4232902033271721,0.678,0.4564643799472295,0.3253731343283582,0.2763280521901211,0.4356738925541941,0.7066,0.331,0.4306393244873341,0.16,26.0,0.0550801214537477,0.5643261074458059,0
Unknown_572039,ATH,572039,2019,96,401,365,91,17,1,14,29,87,3,3,0.249,0.4518072289156626,0.4473197781885398,0.724,0.41688654353562,0.4597014925373134,0.3061509785647717,0.4248350612629595,0.7007,0.33,0.4278246883795737,0.18,28.0,0.0480872131206688,0.5751649387370406,3
Unknown_547172,COL,547172,2019,120,416,363,96,18,2,1,37,69,8,6,0.264,0.5512048192771085,0.2939001848428836,0.674,0.158311345646438,0.5492537313432836,0.3835041938490214,0.3044297832233741,0.7212,0.33,0.4278246883795737,0.1866666666666666,27.0,0.0261140281027857,0.695570216776626,3
Unknown_547004,BAL,547004,2019,126,430,386,90,16,2,13,41,91,0,2,0.233,0.4427710843373493,0.3918669131238448,0.691,0.3799472295514511,0.4089552238805971,0.4133271202236719,0.4121112158341188,0.6907,0.33,0.4278246883795737,0.1866666666666666,25.0,0.0329700435389192,0.5878887841658813,3
Unknown_435263,ATL,435263,2019,94,343,302,74,12,0,12,33,56,2,6,0.245,0.4819277108433735,0.4251386321626618,0.722,0.3957783641160949,0.3701492537313433,0.4175209692451071,0.2983034872761546,0.7347,0.329,0.4250100522718134,0.1733333333333333,35.0,0.0228499806496101,0.7016965127238455,3
Unknown_456715,MIL,456715,2019,150,639,578,149,30,0,11,50,110,7,4,0.258,0.4939759036144578,0.356746765249538,0.689,0.2638522427440633,0.4925373134328358,0.3336439888164026,0.3190386427898209,0.7371,0.329,0.4250100522718134,0.2066666666666666,33.0,0.0325908785322201,0.6809613572101789,3
Unknown_641343,CLE,641343,2019,121,442,388,89,16,2,12,48,119,3,3,0.229,0.4789156626506025,0.3696857670979668,0.69,0.3562005277044854,0.4835820895522388,0.4753028890959925,0.547832233741753,0.6154,0.329,0.4250100522718134,0.1866666666666666,24.0,0.0379727596061763,0.452167766258247,0
Unknown_606132,COL,606132,2019,143,456,435,119,23,5,9,21,103,0,0,0.274,0.4487951807228916,0.4380776340110906,0.719,0.3403693931398417,0.6179104477611942,0.1840633737185461,0.4458058435438266,0.7281,0.329,0.4250100522718134,0.1866666666666666,25.0,0.0848401244459138,0.5541941564561734,3
Unknown_571771,LAD,571771,2019,138,485,437,102,20,1,18,38,105,6,4,0.233,0.4307228915662651,0.4306839186691313,0.708,0.4353562005277044,0.3880597014925373,0.3345759552656104,0.4236569274269557,0.6928,0.328,0.4225975070365902,0.1866666666666666,28.0,0.0434437559938926,0.5763430725730443,3
Unknown_607680,SF,607680,2019,165,659,624,161,37,3,22,18,91,10,7,0.258,0.3885542168674698,0.478743068391867,0.719,0.4379947229551451,0.4,0.0964585274930102,0.2389255419415645,0.8194,0.328,0.4225975070365902,0.2066666666666666,30.0,0.0879058669560326,0.7610744580584352,3
Unknown_546991,CHC,546991,2019,120,379,354,86,12,1,13,17,65,1,2,0.243,0.3614457831325302,0.4048059149722737,0.671,0.3720316622691292,0.3850746268656717,0.1784715750232991,0.3176248821866164,0.7678,0.328,0.4225975070365902,0.1733333333333333,25.0,0.0639242071613827,0.6823751178133837,3
Unknown_543401,CLE,543401,2019,122,512,459,112,23,1,17,40,88,2,6,0.244,0.4397590361445783,0.4362292051756007,0.713,0.4142480211081794,0.3880597014925373,0.3331780055917987,0.3185673892554194,0.7363,0.328,0.4225975070365902,0.1866666666666666,32.0,0.0325958541459768,0.6814326107445807,3
Unknown_572761,STL,572761,2019,138,510,430,95,20,2,15,66,136,7,6,0.221,0.5180722891566266,0.3826247689463957,0.711,0.3984168865435356,0.4388059701492538,0.5722273998136066,0.5419415645617341,0.5882,0.327,0.4197828709288299,0.1866666666666666,34.0,0.0298865979961464,0.4580584354382659,0
Unknown_455117,KC,455117,2019,107,392,349,78,21,0,12,34,90,6,1,0.223,0.4367469879518072,0.3937153419593347,0.689,0.4063324538258575,0.3940298507462687,0.3732525629077353,0.4545240339302545,0.6633,0.327,0.4197828709288299,0.1733333333333333,33.0,0.0412514074778663,0.5454759660697455,0
Unknown_656514,PHI,656514,2019,66,242,222,59,14,0,5,14,60,5,0,0.266,0.5,0.4103512014787432,0.72,0.3218997361477572,0.626865671641791,0.239049394221808,0.4976437323279924,0.6694,0.327,0.4197828709288299,0.16,23.0,0.072864922519414,0.5023562676720075,1
Unknown_500743,MIA,500743,2019,133,535,492,140,29,1,5,32,63,5,5,0.285,0.5210843373493976,0.3770794824399261,0.71,0.2216358839050131,0.5402985074626866,0.2479030754892823,0.1910933081998115,0.8112,0.327,0.4197828709288299,0.1866666666666666,30.0,0.0281223166286186,0.8089066918001884,3
Unknown_523253,TEX,523253,2019,102,376,327,74,17,1,8,44,102,3,2,0.226,0.4939759036144578,0.3401109057301294,0.68,0.3218997361477572,0.4985074626865672,0.5144454799627214,0.5527803958529688,0.6011,0.327,0.4197828709288299,0.1733333333333333,32.0,0.0348755294404309,0.4472196041470311,1
Unknown_546318,PHI,546318,2019,43,151,137,32,10,1,3,12,35,1,1,0.234,0.4216867469879518,0.3937153419593347,0.685,0.3799472295514511,0.4656716417910447,0.3397017707362535,0.4597078228086711,0.6821,0.327,0.4197828709288299,0.1533333333333333,28.0,0.0464292222629678,0.5402921771913289,1
Unknown_516770,MIA,516770,2019,165,686,646,175,32,4,22,28,115,3,9,0.271,0.4277108433734939,0.4824399260628466,0.735,0.4089709762532981,0.4805970149253731,0.1593662628145387,0.308435438265787,0.7872,0.326,0.4169682348210695,0.2,29.0,0.06950331958282,0.691564561734213,3
Unknown_642133,TOR,642133,2019,114,413,374,85,19,0,22,29,117,7,3,0.227,0.4066265060240963,0.5194085027726434,0.748,0.575197889182058,0.391044776119403,0.2963653308480894,0.5810556079170593,0.6295,0.326,0.4169682348210695,0.1733333333333333,24.0,0.0681052588859366,0.4189443920829407,0
Unknown_541650,MIL,541650,2019,91,263,247,57,13,0,8,12,70,0,2,0.231,0.319277108433735,0.3826247689463957,0.645,0.3720316622691292,0.4567164179104477,0.1817334575955265,0.5407634307257304,0.6806,0.325,0.4145556895858464,0.16,28.0,0.1029859684347732,0.4592365692742697,1
Unknown_647304,SD,647304,2019,95,280,253,63,15,0,8,26,64,0,1,0.249,0.4819277108433735,0.4232902033271721,0.721,0.3825857519788918,0.5014925373134328,0.402143522833178,0.452167766258247,0.6786,0.325,0.4145556895858464,0.16,22.0,0.0376222133431226,0.5478322337417529,3
Unknown_622110,TB,622110,2019,47,177,155,40,8,0,1,19,32,2,1,0.258,0.5632530120481928,0.2865064695009243,0.674,0.1635883905013192,0.546268656716418,0.4692451071761416,0.3395381715362865,0.7006,0.324,0.411741053478086,0.1533333333333333,28.0,0.022607845883051,0.6604618284637136,3
Unknown_664034,SD,664034,2019,74,209,191,44,8,1,7,10,50,7,1,0.23,0.4036144578313252,0.4048059149722737,0.685,0.4036939313984168,0.4179104477611941,0.1919850885368126,0.4771442035815269,0.6794,0.324,0.411741053478086,0.1533333333333333,25.0,0.0868524630637252,0.5228557964184732,1
Unknown_518595,TB,518595,2019,110,417,373,91,16,0,16,33,93,4,7,0.244,0.4487951807228916,0.4473197781885398,0.723,0.4300791556728232,0.4268656716417911,0.3378378378378378,0.4389726672950048,0.6882,0.323,0.4089264173703256,0.1666666666666666,30.0,0.04456127759431,0.5610273327049953,0
Unknown_543257,ATH,543257,2019,138,496,434,104,21,3,6,59,88,1,2,0.24,0.5210843373493976,0.312384473197782,0.674,0.2506596306068601,0.4567164179104477,0.5237651444547996,0.3315268614514609,0.7016,0.323,0.4089264173703256,0.1733333333333333,30.0,0.0188482487294937,0.6684731385485392,3
Unknown_641525,DET,641525,2019,112,422,393,98,20,4,15,21,137,4,4,0.249,0.4006024096385542,0.4824399260628466,0.727,0.467018469656992,0.6119402985074628,0.2013047530288909,0.6783694627709708,0.6161,0.323,0.4089264173703256,0.1666666666666666,27.0,0.1161545528709003,0.3216305372290293,0
Unknown_621453,SF,621453,2019,78,300,277,66,14,2,4,19,82,1,3,0.238,0.3885542168674698,0.3197781885397412,0.633,0.2612137203166226,0.555223880597015,0.2642124883504193,0.557492931196984,0.66,0.323,0.4089264173703256,0.16,26.0,0.0735620247170778,0.4425070688030161,1
Unknown_547982,CLE,547982,2019,71,284,252,53,7,0,9,25,80,4,0,0.21,0.4036144578313252,0.3160813308687616,0.637,0.3324538258575198,0.4059701492537314,0.3793103448275862,0.5772855796418473,0.6056,0.323,0.4089264173703256,0.16,31.0,0.0519535404729847,0.4227144203581525,1
Unknown_570256,PIT,570256,2019,42,167,154,37,8,1,6,12,49,1,0,0.24,0.4246987951807228,0.4584103512014788,0.721,0.4564643799472295,0.5343283582089553,0.304287045666356,0.6048539114043355,0.6228,0.323,0.4089264173703256,0.1533333333333333,28.0,0.0689773228688999,0.3951460885956646,0
Unknown_622168,STL,622168,2019,87,195,184,49,7,1,2,8,40,1,2,0.266,0.4186746987951807,0.321626617375231,0.645,0.1926121372031662,0.573134328358209,0.1602982292637465,0.3967954759660698,0.7487,0.321,0.4036992360273421,0.1533333333333333,24.0,0.0868186862135733,0.6032045240339301,1
Unknown_572033,ATH,572033,2019,105,345,317,75,18,0,12,15,65,6,5,0.237,0.3674698795180724,0.4306839186691313,0.687,0.4248021108179419,0.3671641791044776,0.1719478098788443,0.3574458058435438,0.7449,0.32,0.4008845999195817,0.16,31.0,0.0738233036468909,0.6425541941564561,3
Unknown_600869,DET,600869,2019,96,394,342,73,17,2,10,44,99,7,1,0.213,0.4728915662650602,0.3493530499075786,0.677,0.3693931398416886,0.4029850746268657,0.4897483690587139,0.5056550424128181,0.6193,0.32,0.4008845999195817,0.16,26.0,0.0335394716103021,0.4943449575871816,0
Unknown_456078,CWS,456078,2019,73,257,236,51,13,0,12,16,75,3,2,0.216,0.3433734939759036,0.4621072088724585,0.696,0.525065963060686,0.3701492537313433,0.2595526561043802,0.6010838831291234,0.6342,0.32,0.4008845999195817,0.1533333333333333,32.0,0.0806510329953784,0.3989161168708763,0
Unknown_595284,PHI,595284,2019,75,164,140,30,9,0,3,18,53,3,0,0.214,0.4789156626506025,0.312384473197782,0.66,0.3166226912928759,0.5582089552238807,0.4808946877912394,0.6750706880301601,0.5305,0.319,0.3984720546843586,0.1466666666666666,28.0,0.046967507481924,0.32492931196984,1
Unknown_457763,SF,457763,2019,118,459,418,107,26,0,7,35,73,4,1,0.256,0.4849397590361446,0.3585951940850277,0.687,0.2717678100263852,0.4805970149253731,0.3247903075489282,0.2881715362865221,0.7538,0.319,0.3984720546843586,0.16,32.0,0.0303284538608332,0.7118284637134777,3
Unknown_628338,TB,628338,2019,80,241,212,47,14,0,5,20,62,6,1,0.222,0.4427710843373493,0.3401109057301294,0.664,0.337730870712401,0.4597014925373134,0.3560111835973905,0.5197926484448633,0.6266,0.318,0.3956574185765982,0.1466666666666666,28.0,0.0499959937848678,0.4802073515551368,1
Unknown_641487,SEA,641487,2019,92,396,345,78,21,4,7,43,83,2,3,0.226,0.4668674698795181,0.3641404805914973,0.684,0.3588390501319261,0.4208955223880598,0.4753028890959925,0.4073986804901037,0.6692,0.318,0.3956574185765982,0.1533333333333333,24.0,0.0273503943964222,0.5926013195098963,3
Unknown_435079,SD,435079,2019,92,296,272,60,12,0,11,20,58,3,1,0.221,0.3674698795180724,0.3918669131238448,0.666,0.4116094986807387,0.3164179104477612,0.2842497670083876,0.3751178133836004,0.7264,0.318,0.3956574185765982,0.1533333333333333,37.0,0.0460848048299253,0.6248821866163996,3
Unknown_543063,SF,543063,2019,152,578,514,119,25,2,11,56,120,4,4,0.232,0.4578313253012048,0.3290203327171904,0.662,0.2955145118733509,0.4328358208955225,0.4207828518173345,0.4026861451460886,0.6886,0.317,0.3928427824688379,0.16,32.0,0.0314614375613168,0.5973138548539114,1
Unknown_544369,NYY,544369,2019,87,368,346,82,14,2,17,19,57,1,2,0.237,0.3584337349397591,0.4842883548983365,0.714,0.5013192612137203,0.3074626865671641,0.2096924510717614,0.2785108388312913,0.7908,0.316,0.3900281463610775,0.1533333333333333,29.0,0.048097952696799,0.7214891611687086,3
Unknown_605131,LAD,605131,2019,79,256,223,46,12,1,5,26,58,5,2,0.206,0.4307228915662651,0.2994454713493531,0.637,0.3192612137203166,0.3552238805970149,0.4426840633737185,0.4474552309142318,0.6523,0.316,0.3900281463610775,0.1466666666666666,30.0,0.033162789511824,0.5525447690857681,1
Unknown_596144,KC,596144,2019,92,339,317,80,15,0,9,20,68,2,0,0.252,0.4307228915662651,0.390018484288355,0.686,0.3245382585751979,0.4835820895522388,0.244175209692451,0.3861922714420358,0.7345,0.316,0.3900281463610775,0.1466666666666666,27.0,0.0558026491293944,0.6138077285579642,3
Unknown_570560,CWS,570560,2019,152,571,510,126,20,4,2,46,120,5,3,0.247,0.4698795180722892,0.2587800369685768,0.628,0.1530343007915567,0.546268656716418,0.3448275862068966,0.4088124410933082,0.6883,0.315,0.3876156011258544,0.1533333333333333,27.0,0.0404719263339196,0.591187558906692,1
Unknown_605412,SF,605412,2019,145,506,453,112,22,2,5,43,49,4,4,0.247,0.4728915662650602,0.3031423290203328,0.653,0.2163588390501319,0.3940298507462687,0.3653308480894688,0.1416116870876531,0.8063,0.315,0.3876156011258544,0.1533333333333333,29.0,0.0120364076698642,0.8583883129123466,3
Unknown_621514,DET,621514,2019,108,427,380,87,26,1,10,34,110,7,6,0.229,0.4277108433734939,0.3844731977818855,0.681,0.3799472295514511,0.4626865671641791,0.3401677539608574,0.5204995287464655,0.6464,0.314,0.384800965018094,0.1466666666666666,26.0,0.0526318457084301,0.4795004712535342,1
Unknown_592743,LAA,592743,2019,107,437,411,107,19,0,7,24,40,2,0,0.26,0.4397590361445783,0.3401109057301294,0.662,0.2321899736147757,0.4208955223880598,0.2250698974836905,0.1291234684260132,0.849,0.314,0.384800965018094,0.1466666666666666,30.0,0.0222530849165738,0.8708765315739868,3
Unknown_622666,ATL,622666,2019,99,259,242,57,13,1,7,16,44,0,0,0.236,0.3765060240963854,0.3881700554528651,0.667,0.3693931398416886,0.382089552238806,0.2572227399813607,0.3138548539114043,0.7645,0.314,0.384800965018094,0.1466666666666666,26.0,0.0432059027455292,0.6861451460885957,3
Unknown_445055,CWS,445055,2019,47,185,168,44,8,0,0,8,31,3,1,0.262,0.4457831325301205,0.2513863216266174,0.615,0.1029023746701847,0.5522388059701493,0.1705498602050326,0.308435438265787,0.7459,0.314,0.384800965018094,0.14,34.0,0.0650861289703352,0.691564561734213,1
Unknown_501981,ATH,501981,2019,137,544,491,106,11,0,23,48,151,3,2,0.216,0.3945783132530119,0.378927911275416,0.667,0.4063324538258575,0.3761194029850746,0.380242311276794,0.5676248821866164,0.6287,0.313,0.3819863289103337,0.1466666666666666,32.0,0.0509132961030885,0.4323751178133834,1
Unknown_518960,LAA,518960,2019,98,335,300,71,12,1,8,27,51,5,3,0.237,0.4487951807228916,0.3493530499075786,0.671,0.3113456464379947,0.3701492537313433,0.3448275862068966,0.2721489161168709,0.7522,0.313,0.3819863289103337,0.1466666666666666,33.0,0.0265436380798855,0.7278510838831291,3
Unknown_621002,TB,621002,2019,76,250,219,47,9,1,3,25,62,6,0,0.215,0.463855421686747,0.243992606284658,0.618,0.2163588390501319,0.453731343283582,0.4352283317800559,0.4978793590951932,0.628,0.312,0.3795737836751105,0.14,25.0,0.0379955727395127,0.5021206409048069,1
Unknown_605612,DET,605612,2019,95,370,355,103,10,4,5,9,86,0,4,0.29,0.4397590361445783,0.3863216266173753,0.687,0.2216358839050131,0.6925373134328358,0.0824790307548928,0.4611215834118756,0.7378,0.312,0.3795737836751105,0.14,26.0,0.1751059190200942,0.5388784165881246,1
Unknown_543829,SEA,543829,2019,113,422,394,108,12,6,3,18,61,1,6,0.274,0.4367469879518072,0.3401109057301294,0.661,0.1978891820580475,0.5313432835820896,0.168219944082013,0.2540056550424128,0.8033,0.311,0.3767591475673502,0.14,31.0,0.0554944113749621,0.7459943449575872,3
Unknown_641477,CWS,641477,2019,82,248,218,49,8,1,7,19,69,3,2,0.225,0.4066265060240963,0.356746765249538,0.66,0.3509234828496042,0.4716417910447761,0.32618825722274,0.5690386427898209,0.6089,0.31,0.3739445114595898,0.14,27.0,0.0602902992128928,0.4309613572101791,1
Unknown_446308,STL,446308,2019,71,196,180,37,4,0,11,13,52,1,2,0.206,0.3072289156626506,0.4380776340110906,0.671,0.5197889182058048,0.2507462686567164,0.2781919850885368,0.5386427898209236,0.6633,0.309,0.3715319662243667,0.14,33.0,0.0674451536613061,0.4613572101790764,0
Unknown_595281,TB,595281,2019,138,514,480,108,22,8,16,27,113,5,1,0.225,0.3463855421686748,0.4251386321626618,0.677,0.4485488126649076,0.3791044776119403,0.2138863000931966,0.4314326107445805,0.716,0.308,0.3687173301166063,0.1333333333333333,29.0,0.0710289898105976,0.5685673892554195,1
Unknown_434158,MIA,434158,2019,138,374,327,60,17,1,12,42,103,3,2,0.183,0.3704819277108434,0.3290203327171904,0.632,0.4195250659630607,0.2686567164179104,0.4925442684063373,0.5624410933081997,0.6043,0.308,0.3687173301166063,0.1333333333333333,38.0,0.0374605814011509,0.4375589066918002,1
Unknown_501571,NYM,501571,2019,106,297,270,58,12,1,6,22,78,2,1,0.215,0.3614457831325302,0.2939001848428836,0.611,0.2902374670184696,0.4298507462686568,0.3145386766076421,0.5322808671065032,0.6498,0.308,0.3687173301166063,0.1333333333333333,30.0,0.0585871271308633,0.4677191328934968,1
Unknown_606115,MIL,606115,2019,154,566,514,117,16,2,15,43,114,1,6,0.228,0.3825301204819277,0.3327171903881701,0.64,0.308707124010554,0.3791044776119403,0.3233923578751165,0.3880772855796419,0.7173,0.307,0.3659026940088459,0.1266666666666666,25.0,0.0412860107680778,0.6119227144203581,1
Unknown_606299,CIN,606299,2019,139,416,389,93,19,3,6,17,62,8,2,0.239,0.3795180722891565,0.3253234750462108,0.633,0.2691292875989445,0.4029850746268657,0.1598322460391426,0.2646088595664467,0.7909,0.307,0.3659026940088459,0.1333333333333333,25.0,0.0605066551705187,0.7353911404335534,3
Unknown_594694,WSH,594694,2019,47,153,138,34,2,0,2,13,33,0,0,0.246,0.4608433734939758,0.2402957486136784,0.616,0.129287598944591,0.5283582089552239,0.3653308480894688,0.4217719132893496,0.6863,0.307,0.3659026940088459,0.1333333333333333,27.0,0.039111361413559,0.5782280867106504,1
Unknown_621563,TB,621563,2019,76,285,258,60,15,2,3,16,53,8,3,0.233,0.4126506024096384,0.3086876155268023,0.636,0.2638522427440633,0.4298507462686568,0.2306616961789375,0.3517907634307257,0.7298,0.306,0.3634901487736228,0.1333333333333333,29.0,0.0541672631321837,0.6482092365692744,1
Unknown_500135,DET,500135,2019,87,301,283,62,12,3,14,13,85,0,5,0.219,0.2740963855421686,0.4750462107208873,0.68,0.5356200527704486,0.3582089552238806,0.1705498602050326,0.5789349670122526,0.6744,0.306,0.3634901487736228,0.1333333333333333,27.0,0.1165216253863582,0.4210650329877474,0
Unknown_664238,SEA,664238,2019,92,287,252,51,14,2,9,25,96,9,0,0.202,0.4186746987951807,0.3826247689463957,0.678,0.4485488126649076,0.453731343283582,0.375116495806151,0.7016965127238455,0.5436,0.306,0.3634901487736228,0.1333333333333333,27.0,0.0643270769524347,0.2983034872761545,0
Unknown_605480,SEA,605480,2019,133,572,516,116,19,9,6,42,143,11,1,0.225,0.4156626506024096,0.2902033271719039,0.628,0.258575197889182,0.4925373134328358,0.3112767940354147,0.5025918944392083,0.6538,0.305,0.3606755126658624,0.12,26.0,0.0559186767566238,0.4974081055607917,1
Unknown_643603,HOU,643603,2019,85,293,254,54,14,0,4,36,82,0,3,0.213,0.4487951807228916,0.2606284658040667,0.622,0.2453825857519788,0.4716417910447761,0.5419384902143523,0.5730442978322337,0.5973,0.305,0.3606755126658624,0.1333333333333333,29.0,0.0340753323045803,0.4269557021677661,1
Unknown_593523,BOS,593523,2019,55,155,148,37,7,0,2,3,42,3,0,0.25,0.3644578313253013,0.3031423290203328,0.617,0.20844327176781,0.6059701492537314,0.059645852749301,0.5520735155513666,0.6839,0.304,0.357860876558102,0.1333333333333333,27.0,0.2603725137070136,0.4479264844486335,1
Unknown_502481,AZ,502481,2019,124,466,414,96,11,2,7,47,88,2,2,0.232,0.463855421686747,0.268022181146026,0.631,0.2058047493403693,0.4268656716417911,0.4394221808014911,0.3583883129123468,0.7039,0.303,0.3554483313228789,0.12,35.0,0.0262111508325104,0.6416116870876531,1
Unknown_592273,TOR,592273,2019,125,466,435,95,21,1,16,27,119,1,3,0.218,0.319277108433735,0.3844731977818855,0.646,0.4063324538258575,0.3791044776119403,0.239049394221808,0.515315739868049,0.6845,0.302,0.3526336952151185,0.1133333333333333,27.0,0.075372113946239,0.4846842601319507,1
Unknown_605233,TOR,605233,2019,48,167,146,27,4,1,7,21,57,0,0,0.185,0.3885542168674698,0.3622920517560075,0.657,0.4643799472295514,0.3283582089552239,0.554986020503262,0.7177191328934966,0.5329,0.301,0.3498190591073582,0.1333333333333333,26.0,0.0425478919812413,0.2822808671065036,0
Unknown_543308,DET,543308,2019,97,345,330,73,18,0,13,14,111,0,1,0.221,0.2831325301204819,0.4066543438077635,0.646,0.4327176781002638,0.4656716417910447,0.1584342963653308,0.6715362865221488,0.6377,0.299,0.3445918777643747,0.12,30.0,0.1433601467136115,0.3284637134778512,1
Unknown_621573,MIA,621573,2019,64,190,178,40,14,0,6,10,47,0,1,0.225,0.322289156626506,0.4251386321626618,0.669,0.4511873350923482,0.4059701492537314,0.2143522833178005,0.4964655984919887,0.6947,0.299,0.3445918777643747,0.1266666666666666,26.0,0.0810310579013049,0.5035344015080112,1
Unknown_643376,TOR,643376,2019,111,395,356,74,12,1,13,33,80,4,1,0.208,0.3734939759036144,0.3382624768946395,0.638,0.3693931398416886,0.2895522388059702,0.35834109972041,0.3906691800188502,0.7013,0.299,0.3445918777643747,0.1133333333333333,24.0,0.0369339167922899,0.6093308199811498,1
Unknown_592859,BAL,592859,2019,104,361,329,74,18,2,10,22,108,7,2,0.225,0.3855421686746987,0.3863216266173753,0.669,0.3931398416886543,0.4955223880597015,0.2530288909599254,0.6185202639019793,0.6177,0.297,0.3393646964213912,0.1133333333333333,27.0,0.0850870072818129,0.3814797360980206,1
Unknown_448801,BAL,448801,2019,106,370,323,58,9,0,14,41,147,3,3,0.18,0.355421686746988,0.301293900184843,0.613,0.3931398416886543,0.3970149253731344,0.4855545200372786,0.8496701225259189,0.4838,0.296,0.3365500603136308,0.1066666666666666,33.0,0.0593977444058793,0.1503298774740813,1
Unknown_602922,CWS,602922,2019,60,165,151,32,6,0,3,11,42,2,0,0.212,0.3493975903614459,0.2532347504621072,0.586,0.237467018469657,0.4179104477611941,0.2800559179869524,0.5131950989632422,0.6606,0.296,0.3365500603136308,0.1266666666666666,25.0,0.0638466514357552,0.4868049010367579,1
Unknown_608475,DET,608475,2019,75,290,275,67,11,4,6,8,59,3,4,0.244,0.3343373493975904,0.3770794824399261,0.647,0.3324538258575198,0.4507462686567164,0.097856477166822,0.3927898209236569,0.7586,0.295,0.3337354242058705,0.1133333333333333,25.0,0.1326356394127688,0.6072101790763431,1
Unknown_656811,KC,656811,2019,108,380,337,66,13,1,14,40,102,1,2,0.196,0.3734939759036144,0.3530499075785583,0.647,0.4221635883905013,0.2955223880597015,0.4599254426840634,0.545947219604147,0.6237,0.294,0.3313228789706473,0.1066666666666666,26.0,0.0393293204818326,0.4540527803958532,1
Unknown_668942,AZ,668942,2019,41,157,138,30,7,0,2,18,41,1,0,0.217,0.463855421686747,0.2550831792975971,0.624,0.2242744063324538,0.4805970149253731,0.5032618825722274,0.5287464655984919,0.6178,0.292,0.3256936067551266,0.12,25.0,0.0340927166690845,0.4712535344015081,1
Unknown_493596,DET,493596,2019,75,247,229,48,13,2,6,14,71,4,0,0.21,0.3283132530120483,0.3475046210720888,0.63,0.3799472295514511,0.4238805970149254,0.233457595526561,0.5907163053722903,0.6397,0.292,0.3256936067551266,0.1133333333333333,33.0,0.0881028095467437,0.4092836946277098,1
Unknown_641513,DET,641513,2019,49,187,170,39,7,2,3,14,63,1,1,0.229,0.3975903614457831,0.3197781885397412,0.637,0.2875989445910289,0.6238805970149256,0.3182665424044734,0.7073515551366635,0.5775,0.29,0.3204664254121431,0.12,25.0,0.0770549560067363,0.2926484448633366,1
Unknown_643396,TEX,643396,2019,62,227,207,50,13,1,1,14,50,4,1,0.242,0.4307228915662651,0.2865064695009243,0.629,0.2058047493403693,0.5313432835820896,0.2567567567567567,0.4326107445805844,0.696,0.29,0.3204664254121431,0.1133333333333333,24.0,0.0591028119724209,0.5673892554194158,1
Unknown_456488,BOS,456488,2019,62,187,180,43,7,0,2,4,27,0,2,0.239,0.286144578313253,0.2532347504621072,0.564,0.1662269129287598,0.4,0.0689655172413793,0.253770028275212,0.8289,0.289,0.3176517893043827,0.12,32.0,0.1205984106374768,0.746229971724788,1
Unknown_543768,MIL,543768,2019,90,285,244,40,6,0,9,37,95,4,0,0.164,0.3795180722891565,0.2310536044362293,0.583,0.3324538258575198,0.2597014925373134,0.5740913327120224,0.6988689915174363,0.5228,0.288,0.3152392440691596,0.1,29.0,0.0396949215917527,0.3011310084825638,1
Unknown_650619,KC,650619,2019,43,153,136,29,8,0,1,12,44,0,4,0.213,0.3373493975903615,0.2218114602587801,0.564,0.1899736147757255,0.4805970149253731,0.3345759552656104,0.5911875589066918,0.6275,0.287,0.3124246079613992,0.12,22.0,0.060997038094056,0.408812441093308,1
Unknown_434778,ATH,434778,2019,58,216,184,35,2,1,2,27,27,4,1,0.19,0.4457831325301205,0.1312384473197782,0.55,0.1187335092348284,0.2328358208955223,0.5517241379310345,0.2080584354382658,0.7315,0.287,0.3124246079613992,0.1133333333333333,36.0,0.0093494063731812,0.791941564561734,1
Unknown_553869,PIT,553869,2019,98,332,303,73,14,0,2,23,56,2,3,0.241,0.4156626506024096,0.2458410351201479,0.603,0.1503957783641161,0.453731343283582,0.2921714818266542,0.3110273327049953,0.753,0.286,0.3096099718536389,0.0933333333333333,29.0,0.0371118662695713,0.6889726672950047,1
Unknown_448602,COL,448602,2019,83,176,148,24,8,0,4,23,63,2,3,0.162,0.3614457831325302,0.2273567467652495,0.576,0.3324538258575198,0.3104477611940298,0.5782851817334577,0.7570688030160225,0.5,0.286,0.3096099718536389,0.1133333333333333,36.0,0.0430105326116639,0.2429311969839775,1
Unknown_657061,PIT,657061,2019,56,159,147,31,10,3,2,10,40,1,0,0.211,0.3253012048192771,0.345656192236599,0.626,0.3720316622691292,0.4238805970149254,0.2623485554520037,0.5063619227144203,0.673,0.285,0.3071974266184157,0.12,23.0,0.0674159598184477,0.4936380772855795,1
Unknown_670032,KC,670032,2019,102,402,379,91,22,2,2,18,51,1,0,0.24,0.355421686746988,0.279112754158965,0.601,0.1978891820580475,0.4149253731343284,0.1780055917986952,0.2125353440150801,0.8159,0.283,0.301568154402895,0.0733333333333333,24.0,0.044820120940565,0.7874646559849199,1
Unknown_621006,BAL,621006,2019,102,322,295,60,8,3,6,15,86,6,1,0.203,0.2951807228915662,0.2550831792975971,0.567,0.2612137203166226,0.391044776119403,0.1863932898415657,0.5428840716305372,0.6522,0.282,0.2991556091676718,0.0866666666666666,25.0,0.1009350647042346,0.4571159283694628,1
Unknown_506702,BOS,506702,2019,63,196,175,34,3,0,5,15,47,1,1,0.194,0.3072289156626506,0.2273567467652495,0.558,0.2480211081794195,0.2985074626865672,0.3257222739981361,0.4785579641847314,0.6582,0.282,0.2991556091676718,0.1066666666666666,30.0,0.0506664790425147,0.5214420358152687,1
Unknown_605508,CWS,605508,2019,48,160,147,34,5,0,1,10,38,3,0,0.231,0.4096385542168674,0.2070240295748613,0.579,0.1187335092348284,0.5134328358208955,0.260484622553588,0.473138548539114,0.6813,0.282,0.2991556091676718,0.1133333333333333,27.0,0.06354485625543,0.5268614514608858,1
Unknown_571740,KC,571740,2019,110,363,325,70,15,2,0,33,89,0,2,0.215,0.3855421686746987,0.1848428835489834,0.56,0.129287598944591,0.4776119402985074,0.3928238583410997,0.4912818096135721,0.6556,0.281,0.2963409730599114,0.08,29.0,0.0422048123013243,0.508718190386428,1
Unknown_595978,SD,595978,2019,106,359,323,59,9,0,12,28,113,5,1,0.183,0.3012048192771085,0.2735674676524954,0.58,0.3430079155672823,0.3044776119402985,0.3327120223671947,0.655278039585297,0.5877,0.278,0.2882991556091676,0.0733333333333333,27.0,0.0681107732784766,0.3447219604147031,1
Unknown_543281,DET,543281,2019,39,162,150,29,10,1,2,8,31,2,2,0.193,0.25,0.2569316081330869,0.554,0.2928759894459102,0.2776119402985075,0.1994408201304753,0.3645146088595664,0.7469,0.273,0.2750301568154403,0.1066666666666666,32.0,0.0649867247890236,0.6354853911404335,1
Unknown_445988,MIA,445988,2019,107,269,254,60,10,0,2,12,42,0,3,0.236,0.3313253012048193,0.2310536044362293,0.567,0.1424802110817941,0.4119402985074627,0.1770736253494874,0.2813383600377003,0.7993,0.272,0.2722155207076799,0.08,36.0,0.0577382009109033,0.7186616399622996,1
Unknown_607776,SF,607776,2019,44,161,144,23,1,0,4,14,50,3,0,0.16,0.2710843373493976,0.1404805914972274,0.498,0.2137203166226912,0.2298507462686567,0.374650512581547,0.6453817153628651,0.5839,0.272,0.2722155207076799,0.1066666666666666,29.0,0.0590953119301222,0.3546182846371348,1
Unknown_471865,CLE,471865,2019,45,166,145,29,3,0,3,18,52,1,2,0.2,0.3945783132530119,0.2014787430683919,0.572,0.1952506596306068,0.444776119402985,0.4743709226467847,0.6517436380772856,0.5723,0.269,0.264173703256936,0.1,34.0,0.0459356203981969,0.3482563619227143,1
Unknown_621512,NYM,621512,2019,49,154,146,29,5,0,4,7,39,0,0,0.199,0.2319277108433735,0.2606284658040667,0.55,0.2823218997361477,0.3253731343283582,0.1812674743709226,0.5101319509896324,0.6948,0.268,0.2613590671491757,0.1,25.0,0.0977041547290922,0.4898680490103677,1
Unknown_656371,MIA,656371,2019,49,201,179,31,5,2,5,19,59,2,1,0.173,0.3042168674698795,0.2458410351201479,0.566,0.3298153034300791,0.2686567164179104,0.4095992544268406,0.6050895381715362,0.602,0.267,0.2589465219139525,0.0933333333333333,23.0,0.0501086449467545,0.3949104618284638,1
Unknown_542979,BAL,542979,2019,80,242,216,38,6,0,6,21,109,2,2,0.176,0.286144578313253,0.2088724584103512,0.54,0.2691292875989445,0.5283582089552239,0.3737185461323392,0.9747879359095192,0.4504,0.266,0.2561318858061921,0.08,29.0,0.0904285109534381,0.0252120640904807,1
Unknown_606988,DET,606988,2019,60,230,213,42,5,1,5,14,72,1,1,0.197,0.2740963855421686,0.232902033271719,0.549,0.2480211081794195,0.4059701492537314,0.2530288909599254,0.6510367577756833,0.6174,0.261,0.2424607961399276,0.0733333333333333,27.0,0.0894729866881877,0.3489632422243169,1
Unknown_572287,TB,572287,2019,88,299,276,45,10,1,10,20,102,3,0,0.163,0.2078313253012048,0.2606284658040667,0.543,0.3773087071240105,0.235820895522388,0.2809878844361603,0.7172478793590952,0.5819,0.258,0.2344189786891837,0.0533333333333333,28.0,0.0886809906018413,0.2827521206409049,1
Unknown_605490,KC,605490,2019,53,197,186,40,7,0,4,9,56,1,0,0.215,0.2921686746987951,0.2643253234750463,0.572,0.2453825857519788,0.453731343283582,0.1821994408201304,0.5834118755890669,0.6599,0.258,0.2344189786891837,0.08,27.0,0.110404691946052,0.416588124410933,1
Unknown_518614,CHC,518614,2019,80,198,172,29,5,1,2,24,58,0,1,0.169,0.3343373493975904,0.1293900184842883,0.513,0.1767810026385224,0.3134328358208955,0.5340167753960857,0.6036757775683317,0.5758,0.257,0.2320064334539605,0.08,33.0,0.0367697232778904,0.3963242224316685,1
Unknown_572008,KC,572008,2019,61,208,190,28,6,1,5,16,79,2,0,0.147,0.1897590361445783,0.1737523105360444,0.49,0.2955145118733509,0.2477611940298507,0.3275862068965517,0.808435438265787,0.5337,0.244,0.1970245275432247,0.06,28.0,0.0855885006019251,0.191564561734213,1
Unknown_621446,MIA,621446,2019,77,260,238,42,10,1,0,13,79,6,1,0.176,0.2349397590361445,0.0979667282809612,0.463,0.1081794195250659,0.382089552238806,0.2022367194780988,0.629359095193214,0.6154,0.237,0.1781262565339766,0.0333333333333333,25.0,0.1075980148025721,0.370640904806786,1
Unknown_425772,TEX,425772,2019,79,253,236,38,10,0,2,15,87,1,1,0.161,0.1656626506024096,0.1016635859519409,0.442,0.1556728232189973,0.3253731343283582,0.2455731593662627,0.7238454288407162,0.5929,0.215,0.1194209891435464,0.0,36.0,0.1022428358870814,0.2761545711592839,1
Unknown_545358,HOU,545358,2019,54,159,144,21,1,0,1,12,50,1,2,0.146,0.1686746987951807,0.0,0.387,0.050131926121372,0.2298507462686567,0.3210624417520969,0.6545711592836946,0.6038,0.209,0.1029352633695215,0.0466666666666666,28.0,0.0706205157480982,0.3454288407163055,1
Unknown_665742,WSH,665742,2020,47,196,154,54,14,0,13,41,28,1,0,0.351,1.0,0.9630314232902032,1.185,0.883905013192612,0.6835820895522388,0.9440820130475304,0.2502356267672008,0.6429,0.523,0.9843184559710494,0.3933333333333333,22.0,0.0032152245799672,0.749764373232799,2
Unknown_518692,ATL,518692,2020,69,303,246,82,24,1,15,52,40,5,0,0.333,0.9066265060240964,0.8280961182994455,1.081,0.7387862796833772,0.6477611940298508,0.7688723205964585,0.2245523091423186,0.6799,0.475,0.8552472858866103,0.4466666666666666,31.0,0.0048827484158531,0.7754476908576813,2
Unknown_542303,ATL,542303,2020,69,308,268,88,17,0,21,39,74,0,1,0.328,0.7650602409638553,0.8373382624768948,1.039,0.7651715039577835,0.7492537313432835,0.559179869524697,0.4797360980207352,0.6331,0.441,0.7639726578206674,0.3933333333333333,30.0,0.0267326794819933,0.520263901979265,2
Unknown_521692,KC,521692,2020,37,156,150,50,12,0,11,3,36,2,1,0.333,0.5873493975903613,0.8484288354898337,0.986,0.7678100263852242,0.719402985074627,0.0587138863000931,0.4573515551366635,0.7372,0.438,0.7559308403699234,0.2666666666666666,30.0,0.2226633422936393,0.5426484448633364,2
Unknown_443558,MIN,443558,2020,55,222,191,58,8,0,16,27,59,4,0,0.304,0.7319277108433736,0.7818853974121998,0.998,0.7493403693931397,0.6805970149253732,0.5358807082945014,0.5398209236569274,0.5946,0.436,0.75070365902694,0.3133333333333333,40.0,0.0323022490453507,0.4601790763430724,2
Unknown_608070,CLE,608070,2020,60,263,226,67,19,1,17,33,44,3,1,0.296,0.7048192771084337,0.8151571164510167,1.007,0.8179419525065963,0.4985074626865672,0.5540540540540541,0.3077285579641847,0.6958,0.436,0.75070365902694,0.3466666666666667,28.0,0.0157961047370913,0.6922714420358151,2
Unknown_545361,LAA,545361,2020,53,241,199,56,9,2,17,35,56,3,4,0.281,0.6987951807228917,0.7929759704251387,0.993,0.8258575197889182,0.4955223880597015,0.6458527493010251,0.4611215834118756,0.61,0.435,0.7478890229191797,0.3266666666666666,29.0,0.0209733812593778,0.5388784165881246,2
Unknown_474832,SF,474832,2020,48,179,149,46,13,1,9,30,36,0,0,0.309,0.8042168674698794,0.7707948243992606,1.015,0.7203166226912928,0.6626865671641792,0.750232991612302,0.3873704052780396,0.6313,0.434,0.7454764776839564,0.28,32.0,0.0132182002085361,0.6126295947219602,2
Unknown_607208,WSH,607208,2020,59,259,233,78,15,4,12,22,36,2,2,0.335,0.710843373493976,0.7652495378927913,0.982,0.6437994722955145,0.6537313432835822,0.3648648648648648,0.2410461828463714,0.7683,0.43,0.7346200241254524,0.3333333333333333,27.0,0.0216831344508763,0.7589538171536285,2
Unknown_547989,CWS,547989,2020,63,276,254,80,16,0,20,18,60,3,1,0.315,0.6265060240963854,0.8133086876155269,0.98,0.7651715039577835,0.6238805970149256,0.2730661696178937,0.4257775683317625,0.7065,0.428,0.7293928427824687,0.3466666666666667,33.0,0.0545320721930665,0.5742224316682374,2
Unknown_573262,SF,573262,2020,54,225,192,57,14,4,10,30,55,3,0,0.297,0.7289156626506025,0.7282809611829946,0.968,0.6912928759894459,0.7044776119402986,0.5904007455731594,0.4893967954759661,0.6089,0.427,0.7265782066747084,0.3066666666666666,30.0,0.02548142459716,0.5106032045240341,2
Unknown_547180,PHI,547180,2020,58,244,190,51,9,2,13,49,43,2,2,0.268,0.789156626506024,0.680221811460259,0.962,0.6992084432717678,0.4328358208955225,0.9049394221808016,0.3286993402450518,0.6107,0.426,0.7237635705669481,0.32,28.0,0.0069781626567909,0.671300659754948,2
Unknown_518934,NYY,518934,2020,57,252,227,80,10,2,10,21,25,2,2,0.352,0.7560240963855421,0.6876155268022184,0.955,0.4881266490765171,0.6776119402985076,0.3574091332712022,0.1472667295004712,0.8095,0.425,0.7213510253317248,0.32,32.0,0.0130439169765415,0.852733270499529,2
Unknown_608369,LAD,608369,2020,61,272,246,76,16,1,18,22,43,1,3,0.309,0.6204819277108434,0.7911275415896488,0.966,0.7493403693931397,0.5223880597014926,0.3462255358807083,0.2860508953817153,0.7574,0.421,0.7104945717732207,0.3333333333333333,26.0,0.0278196903697802,0.7139491046182846,2
Unknown_624424,NYM,624424,2020,54,233,202,65,12,0,9,24,57,7,0,0.322,0.7650602409638553,0.6303142329020335,0.927,0.4854881266490765,0.8298507462686567,0.4492078285181733,0.4898680490103677,0.6223,0.42,0.7076799356654604,0.3,27.0,0.0359585454277111,0.5101319509896323,2
Unknown_640449,NYY,640449,2020,42,167,138,37,6,1,9,25,49,3,1,0.268,0.6957831325301206,0.6432532347504623,0.911,0.6464379947229552,0.6328358208955224,0.6668219944082013,0.6048539114043355,0.5389,0.419,0.7052673904302371,0.2533333333333333,26.0,0.0279291519311523,0.3951460885956646,2
Unknown_642086,NYM,642086,2020,50,199,177,56,21,1,10,14,45,5,3,0.316,0.6596385542168676,0.8170055452865066,0.993,0.7651715039577835,0.6985074626865672,0.2972972972972973,0.4462770970782281,0.6784,0.418,0.7024527543224768,0.2733333333333333,25.0,0.0521569933591092,0.5537229029217721,2
Unknown_660670,ATL,660670,2020,55,244,195,49,14,0,15,44,77,5,0,0.251,0.7349397590361447,0.702402957486137,0.955,0.7757255936675461,0.5850746268656717,0.809412861136999,0.6571630537229028,0.4836,0.415,0.694410936871733,0.3,23.0,0.0238740961146206,0.3428369462770972,2
Unknown_578428,BAL,578428,2020,39,150,142,53,17,0,3,3,17,4,1,0.373,0.7289156626506025,0.7060998151571167,0.956,0.4591029023746701,0.8149253731343283,0.0624417520969245,0.1804901036757775,0.84,0.415,0.694410936871733,0.24,30.0,0.0996428969805706,0.8195098963242227,3
Unknown_605141,LAD,605141,2020,62,286,252,73,14,1,16,30,46,2,2,0.29,0.6295180722891566,0.6839186691312387,0.911,0.6464379947229552,0.4865671641791045,0.4580615097856477,0.2924128180961357,0.7273,0.411,0.6835544833132288,0.3266666666666666,28.0,0.0196637385549111,0.7075871819038642,2
Unknown_543105,SF,543105,2020,52,170,151,45,10,1,10,16,30,2,1,0.298,0.6415662650602411,0.7430683918669132,0.947,0.7097625329815304,0.5313432835820896,0.407735321528425,0.3294062205466541,0.7176,0.411,0.6835544833132288,0.2466666666666667,30.0,0.0262983401453738,0.6705937794533459,2
Unknown_571976,SD,571976,2020,61,244,220,62,15,2,17,22,64,2,0,0.282,0.5843373493975904,0.7874306839186691,0.952,0.8153034300791556,0.5671641791044777,0.3895619757688723,0.531573986804901,0.6393,0.409,0.6783273019702452,0.2933333333333333,30.0,0.0462793910292432,0.468426013195099,2
Unknown_656555,PHI,656555,2020,41,185,151,37,9,0,10,29,43,5,0,0.245,0.6807228915662652,0.6081330868761554,0.887,0.6569920844327176,0.4238805970149254,0.6999068033550792,0.4611215834118756,0.5838,0.409,0.6783273019702452,0.26,27.0,0.0186815310340277,0.5388784165881246,2
Unknown_543685,LAA,543685,2020,52,232,189,54,11,1,9,38,31,5,0,0.286,0.783132530120482,0.5970425138632165,0.915,0.5356200527704486,0.5014925373134328,0.7325256290773532,0.2283223374175306,0.681,0.408,0.6755126658624848,0.2866666666666667,30.0,0.0057808066294958,0.7716776625824695,2
Unknown_572228,NYY,572228,2020,63,263,238,64,8,0,23,21,61,3,1,0.269,0.533132530120482,0.7726432532347505,0.927,0.8311345646437994,0.391044776119403,0.3410997204100652,0.4599434495758718,0.6768,0.407,0.6726980297547245,0.3066666666666666,29.0,0.0462413143891588,0.5400565504241281,2
Unknown_665487,SD,665487,2020,65,284,246,69,13,2,19,32,68,5,1,0.28,0.6475903614457831,0.7523105360443623,0.955,0.7704485488126649,0.5313432835820896,0.494408201304753,0.4776154571159284,0.6303,0.405,0.6674708484117409,0.3133333333333333,21.0,0.0311093363392128,0.5223845428840714,2
Unknown_641313,CWS,641313,2020,52,235,222,76,13,1,10,10,50,2,1,0.342,0.6506024096385542,0.6857670979667285,0.92,0.5118733509234829,0.8089552238805972,0.1677539608574091,0.4149387370405278,0.7362,0.405,0.6674708484117409,0.2866666666666667,27.0,0.0866806066578789,0.5850612629594723,2
Unknown_518595,ATL,518595,2020,53,222,196,62,10,0,11,23,59,2,1,0.316,0.7048192771084337,0.66913123844732,0.928,0.5540897097625329,0.8000000000000002,0.4520037278657968,0.5398209236569274,0.6216,0.402,0.6594290309609971,0.2733333333333333,31.0,0.0396531224890829,0.4601790763430724,2
Unknown_592518,SD,592518,2020,66,281,250,72,12,1,18,27,41,0,4,0.288,0.5843373493975904,0.7134935304990759,0.912,0.6939313984168866,0.4268656716417911,0.4170549860205033,0.2573044297832234,0.758,0.401,0.6566143948532368,0.3066666666666666,28.0,0.0193796330869317,0.7426955702167766,2
Unknown_608385,CIN,608385,2020,56,191,155,39,7,0,12,29,48,6,1,0.252,0.6897590361445783,0.656192236598891,0.916,0.7071240105540897,0.4388059701492538,0.6766076421248834,0.5056550424128181,0.5654,0.401,0.6566143948532368,0.2533333333333333,27.0,0.0220363235181176,0.4943449575871816,2
Unknown_429664,NYM,429664,2020,49,182,171,54,9,0,10,9,24,1,1,0.316,0.5843373493975904,0.6839186691312387,0.896,0.5778364116094987,0.5522388059701493,0.1999068033550792,0.2243166823751178,0.8132,0.399,0.6513872135102532,0.2466666666666667,38.0,0.0415695006754705,0.7756833176248821,2
Unknown_543807,HOU,543807,2020,61,273,240,64,7,2,18,25,50,6,2,0.267,0.5722891566265059,0.6728280961182997,0.885,0.6912928759894459,0.3880597014925373,0.3960857409133271,0.3451932139491046,0.696,0.398,0.6485725774024929,0.2933333333333333,31.0,0.0287049241882701,0.6548067860508953,2
Unknown_519048,SD,519048,2020,46,160,144,40,10,0,10,15,34,1,0,0.278,0.5783132530120482,0.7060998151571167,0.906,0.7097625329815304,0.4955223880597015,0.4063373718546132,0.4142318567389255,0.6875,0.397,0.6461600321672698,0.2333333333333333,35.0,0.0338430094078406,0.5857681432610744,2
Unknown_502671,STL,502671,2020,61,245,205,61,14,0,8,38,45,1,1,0.298,0.753012048192771,0.5711645101663587,0.891,0.4643799472295514,0.6328358208955224,0.6919850885368126,0.3463713477851084,0.6531,0.394,0.6381182147165259,0.2733333333333333,33.0,0.0129185089490132,0.6536286522148917,2
Unknown_650391,CWS,650391,2020,55,228,215,64,15,0,14,12,56,0,1,0.298,0.5271084337349398,0.7190388170055453,0.896,0.6754617414248021,0.6208955223880598,0.2143522833178005,0.4922243166823751,0.7018,0.394,0.6381182147165259,0.2666666666666666,24.0,0.0803687017783551,0.5077756833176248,2
Unknown_666971,TOR,666971,2020,58,232,216,66,15,0,11,14,49,0,2,0.306,0.5632530120481928,0.6543438077634014,0.873,0.5620052770448548,0.6388059701492538,0.2502329916123019,0.4111687087653157,0.7284,0.394,0.6381182147165259,0.2666666666666666,27.0,0.0577863489651697,0.588831291234684,2
Unknown_607043,NYM,607043,2020,51,225,186,52,8,3,8,33,43,6,0,0.28,0.7409638554216867,0.5730129390018486,0.888,0.5145118733509234,0.573134328358209,0.6528424976700838,0.3638077285579641,0.6356,0.394,0.6381182147165259,0.2666666666666666,27.0,0.0152075181045374,0.6361922714420356,2
Unknown_664023,CHC,664023,2020,58,239,206,55,11,1,13,30,64,2,0,0.267,0.6265060240963854,0.6377079482439927,0.885,0.6411609498680738,0.573134328358209,0.5540540540540541,0.5445334590009424,0.5941,0.393,0.6353035786087655,0.2733333333333333,26.0,0.031295941712521,0.4554665409990575,2
Unknown_606192,TOR,606192,2020,52,215,198,56,7,0,16,15,67,1,1,0.283,0.533132530120482,0.7153419593345658,0.895,0.7097625329815304,0.6298507462686568,0.2945013979496738,0.6477379830348727,0.6093,0.393,0.6353035786087655,0.26,28.0,0.0764004695205806,0.3522620169651274,2
Unknown_669257,LAD,669257,2020,45,174,147,40,12,0,8,24,32,2,1,0.272,0.6656626506024096,0.6340110905730132,0.896,0.6226912928759895,0.4835820895522388,0.6118359739049394,0.3468426013195099,0.6667,0.392,0.6324889425010052,0.2333333333333333,25.0,0.0158059242810426,0.6531573986804902,2
Unknown_630105,SD,630105,2020,59,216,190,56,15,4,5,22,35,3,1,0.295,0.6536144578313253,0.5933456561922368,0.87,0.503957783641161,0.6089552238805972,0.4440820130475303,0.2952403393025448,0.7222,0.391,0.6300763972657821,0.2533333333333333,26.0,0.0207651730138764,0.7047596606974551,2
Unknown_664761,PHI,664761,2020,44,180,160,54,11,0,4,16,36,2,2,0.338,0.7289156626506025,0.567467652495379,0.881,0.3562005277044854,0.8238805970149253,0.3835041938490214,0.3847785108388313,0.7,0.391,0.6300763972657821,0.2333333333333333,24.0,0.0335383605830392,0.6152214891611687,2
Unknown_500743,MIA,500743,2020,44,163,143,41,10,1,5,17,21,3,0,0.287,0.6506024096385542,0.5582255083179299,0.85,0.4749340369393139,0.5194029850746269,0.4552656104380242,0.2170122525918944,0.7485,0.389,0.6244471250502612,0.2266666666666666,31.0,0.0138960045176652,0.7829877474081053,2
Unknown_596115,COL,596115,2020,59,259,235,68,13,4,11,24,63,0,0,0.289,0.5933734939759036,0.6377079482439927,0.874,0.58311345646438,0.6567164179104478,0.4012115563839702,0.486569274269557,0.6641,0.389,0.6244471250502612,0.2733333333333333,28.0,0.0407734131819285,0.5134307257304431,2
Unknown_518792,CHC,518792,2020,52,189,154,41,7,2,6,30,38,3,2,0.266,0.7048192771084337,0.5194085027726434,0.846,0.4722955145118733,0.5313432835820896,0.7087604846225536,0.3873704052780396,0.6243,0.386,0.6164053075995175,0.2333333333333333,31.0,0.0145206348253537,0.6126295947219602,2
Unknown_488726,HOU,488726,2020,57,237,215,66,17,0,8,21,35,1,0,0.307,0.6415662650602411,0.5988909426987061,0.869,0.4802110817941952,0.6059701492537314,0.3821062441752096,0.2615457115928369,0.7595,0.385,0.6139927623642942,0.26,33.0,0.0222603669022078,0.7384542884071632,2
Unknown_657077,BOS,657077,2020,52,221,201,62,16,0,6,17,45,2,1,0.308,0.6295180722891566,0.5619223659889094,0.844,0.4221635883905013,0.7074626865671642,0.3275862068965517,0.3932610744580584,0.7104,0.385,0.6139927623642942,0.2533333333333333,24.0,0.0412394467785357,0.6067389255419415,3
Unknown_600869,DET,600869,2020,52,206,185,55,11,3,7,20,49,1,0,0.297,0.6355421686746988,0.6081330868761554,0.872,0.5171503957783641,0.71044776119403,0.4217148182665424,0.4740810556079171,0.6602,0.384,0.6111781262565339,0.24,27.0,0.0374159038846592,0.5259189443920829,2
Unknown_664238,SEA,664238,2020,36,159,137,35,9,0,8,14,43,8,0,0.255,0.6024096385542169,0.5951940850277266,0.855,0.6121372031662269,0.5373134328358209,0.3797763280521901,0.550659754948162,0.5912,0.384,0.6111781262565339,0.22,28.0,0.0494006083901017,0.449340245051838,2
Unknown_650490,TB,650490,2020,41,168,136,38,3,0,2,31,23,1,0,0.279,0.7801204819277109,0.3179297597042514,0.762,0.1503957783641161,0.5671641791044777,0.8289841565703634,0.2360980207351555,0.6726,0.383,0.6083634901487736,0.22,29.0,0.004355787684844,0.7639019792648443,3
Unknown_643446,NYM,643446,2020,51,209,183,57,14,0,4,20,24,3,3,0.311,0.6777108433734941,0.5175600739371535,0.836,0.3509234828496042,0.6000000000000002,0.4151910531220875,0.1840245051837888,0.7751,0.383,0.6083634901487736,0.24,28.0,0.0132124198556075,0.8159754948162112,3
Unknown_623993,BAL,623993,2020,37,165,153,40,13,1,11,10,25,2,0,0.261,0.4728915662650602,0.7412199630314233,0.89,0.8047493403693932,0.3402985074626866,0.2516309412861137,0.2704995287464656,0.7758,0.381,0.60313630880579,0.22,26.0,0.0383826830958145,0.7295004712535345,2
Unknown_593428,BOS,593428,2020,56,225,203,61,8,0,11,21,41,0,1,0.3,0.6204819277108434,0.6062846580406656,0.867,0.5092348284960422,0.5820895522388061,0.4040074557315936,0.3428369462770971,0.7244,0.378,0.5950944913550462,0.2466666666666667,28.0,0.0277921237768404,0.6571630537229027,2
Unknown_594777,AZ,594777,2020,54,228,190,43,9,0,16,28,50,6,4,0.226,0.5421686746987954,0.6506469500924217,0.864,0.7678100263852242,0.2298507462686567,0.5414725069897484,0.4302544769085768,0.6316,0.378,0.5950944913550462,0.2466666666666667,33.0,0.0245595649167975,0.569745523091423,2
Unknown_457759,LAD,457759,2020,51,215,184,53,10,1,4,21,32,8,2,0.288,0.6716867469879518,0.4510166358595195,0.8,0.3192612137203166,0.5761194029850747,0.4245107176141658,0.2641376060320452,0.7163,0.377,0.5922798552472859,0.24,36.0,0.019472916714543,0.7358623939679545,3
Unknown_645277,ATL,645277,2020,38,164,155,44,7,0,8,7,35,1,1,0.284,0.4789156626506025,0.5730129390018486,0.801,0.503957783641161,0.5522388059701493,0.168219944082013,0.4163524976437323,0.7378,0.377,0.5922798552472859,0.2133333333333333,23.0,0.0867261485520024,0.5836475023562675,0
Unknown_456781,SF,456781,2020,51,203,190,62,15,1,3,10,39,2,1,0.326,0.6234939759036146,0.534195933456562,0.828,0.337730870712401,0.7820895522388062,0.1989748369058713,0.3661639962299717,0.7488,0.377,0.5922798552472859,0.2333333333333333,33.0,0.0654136648720592,0.6338360037700284,3
Unknown_598265,BOS,598265,2020,54,217,191,54,11,0,7,23,48,2,1,0.283,0.6204819277108434,0.5101663585951943,0.814,0.4195250659630607,0.6238805970149256,0.4631873252562907,0.4347313854853912,0.6636,0.376,0.5898673100120626,0.24,30.0,0.0303848370552401,0.5652686145146086,2
Unknown_621035,LAD,621035,2020,64,246,213,54,11,2,8,30,66,2,0,0.254,0.5813253012048193,0.4861367837338263,0.788,0.4591029023746701,0.5880597014925374,0.537744641192917,0.5457115928369463,0.5976,0.374,0.5842380377965419,0.2466666666666667,30.0,0.0325601625727509,0.4542884071630537,0
Unknown_650402,NYY,650402,2020,49,190,159,43,8,0,5,29,34,2,0,0.27,0.6957831325301206,0.4454713493530499,0.805,0.3588390501319261,0.546268656716418,0.6803355079217148,0.3350612629594722,0.6579,0.373,0.5818254925613189,0.22,24.0,0.0126852524972759,0.6649387370405277,2
Unknown_592663,PHI,592663,2020,47,195,173,46,6,0,11,16,48,6,0,0.266,0.575301204819277,0.5859519408502774,0.84,0.5699208443271768,0.5164179104477612,0.3518173345759552,0.4936380772855797,0.641,0.373,0.5818254925613189,0.2266666666666666,29.0,0.0480368664639982,0.5063619227144205,2
Unknown_643265,MIA,643265,2020,39,154,138,37,9,0,7,14,36,2,0,0.268,0.5602409638554217,0.5767097966728283,0.83,0.5488126649076517,0.5432835820895523,0.3928238583410997,0.4644203581526862,0.6623,0.371,0.5761962203457981,0.2066666666666666,30.0,0.0397773876248445,0.5355796418473138,2
Unknown_453568,COL,453568,2020,59,247,221,67,12,1,6,19,44,2,5,0.303,0.5963855421686747,0.5064695009242146,0.804,0.3588390501319261,0.635820895522388,0.3275862068965517,0.3331762488218662,0.7368,0.371,0.5761962203457981,0.2466666666666667,34.0,0.0348211671389418,0.6668237511781336,3
Unknown_664034,SEA,664034,2020,43,155,141,43,9,1,4,11,37,3,0,0.305,0.6325301204819277,0.5434380776340113,0.836,0.4063324538258575,0.764179104477612,0.3000931966449207,0.4759660697455231,0.671,0.369,0.5709690390028146,0.2066666666666666,26.0,0.0550665942265671,0.524033930254477,0
Unknown_543543,STL,543543,2020,49,172,143,33,8,1,7,25,46,3,1,0.231,0.5933734939759036,0.5064695009242146,0.802,0.5488126649076517,0.453731343283582,0.6463187325256291,0.5435909519321396,0.5698,0.368,0.5681544028950543,0.2066666666666666,31.0,0.0256144354524816,0.4564090480678604,2
Unknown_570731,DET,570731,2020,44,177,163,45,4,2,8,8,39,4,2,0.276,0.4939759036144578,0.5508317929759705,0.794,0.4934036939313984,0.5373134328358209,0.1798695246971108,0.4326107445805844,0.7062,0.368,0.5681544028950543,0.2133333333333333,29.0,0.0843306269356161,0.5673892554194158,0
Unknown_621043,HOU,621043,2020,69,267,239,66,9,0,11,24,56,3,1,0.276,0.5722891566265059,0.5138632162661738,0.8,0.4406332453825857,0.5492537313432836,0.3881640260950605,0.4076343072573044,0.6891,0.367,0.565741857659831,0.2466666666666667,26.0,0.035142410091175,0.5923656927426957,0
Unknown_621020,ATL,621020,2020,69,303,272,73,17,1,12,25,85,4,2,0.268,0.5391566265060243,0.5489833641404807,0.807,0.5092348284960422,0.6298507462686568,0.3536812674743709,0.5744580584354383,0.6238,0.366,0.5629272215520706,0.26,26.0,0.0558026491293944,0.4255419415645618,0
Unknown_570482,NYY,570482,2020,50,205,179,50,11,0,7,20,32,1,5,0.279,0.5662650602409639,0.524953789279113,0.804,0.4485488126649076,0.4865671641791045,0.424044734389562,0.2813383600377003,0.7415,0.366,0.5629272215520706,0.22,29.0,0.0209508181783318,0.7186616399622996,3
Unknown_600303,ATH,600303,2020,62,259,224,63,15,2,6,29,15,3,2,0.281,0.6325301204819277,0.5027726432532349,0.815,0.4116094986807387,0.4298507462686568,0.4911463187325257,0.0499528746465598,0.8108,0.366,0.5629272215520706,0.24,31.0,0.0,0.95004712535344,3
Unknown_572041,LAD,572041,2020,63,237,221,60,10,0,16,13,48,1,2,0.271,0.463855421686747,0.6654343807763403,0.846,0.6675461741424802,0.4268656716417911,0.2250698974836905,0.3906691800188502,0.7384,0.365,0.5601125854443103,0.2333333333333333,33.0,0.0613871919744037,0.6093308199811498,2
Unknown_543257,ATH,543257,2020,57,212,183,43,14,2,8,24,42,5,0,0.235,0.5481927710843374,0.5360443622920519,0.804,0.58311345646438,0.3850746268656717,0.4967381174277725,0.380301602262017,0.6651,0.365,0.5601125854443103,0.22,31.0,0.0238660447344979,0.6196983977379831,2
Unknown_543305,NYY,543305,2020,61,244,195,46,11,3,6,47,43,1,1,0.236,0.6837349397590361,0.4454713493530499,0.801,0.4485488126649076,0.4119402985074627,0.8667287977632805,0.3286993402450518,0.627,0.364,0.5577000402090873,0.2333333333333333,31.0,0.0077012729766732,0.671300659754948,2
Unknown_624415,TOR,624415,2020,61,273,229,56,17,0,8,41,67,3,0,0.245,0.6265060240963854,0.4621072088724585,0.79,0.4485488126649076,0.5313432835820896,0.6691519105312209,0.4917530631479737,0.5897,0.364,0.5577000402090873,0.2466666666666667,25.0,0.0216173510868727,0.5082469368520264,2
Unknown_664058,LAA,664058,2020,49,230,207,66,13,0,3,20,25,0,2,0.319,0.6566265060240964,0.4639556377079483,0.801,0.2559366754617414,0.6388059701492538,0.374650512581547,0.1696512723845429,0.8,0.364,0.5577000402090873,0.2266666666666666,26.0,0.0141771619661402,0.8303487276154569,3
Unknown_516782,AZ,516782,2020,62,255,232,66,15,1,6,12,41,10,1,0.284,0.5632530120481928,0.4824399260628466,0.78,0.3746701846965699,0.564179104477612,0.1887232059645852,0.2924128180961357,0.7529,0.363,0.5548854041013268,0.2333333333333333,32.0,0.0560738729459116,0.7075871819038642,3
Unknown_624413,NYM,624413,2020,57,239,208,48,6,0,16,24,61,6,1,0.231,0.5060240963855422,0.5841035120147875,0.817,0.662269129287599,0.3223880597014925,0.4370922646784715,0.5148444863336474,0.6192,0.363,0.5548854041013268,0.2266666666666666,26.0,0.0391923760721429,0.4851555136663525,2
Unknown_663656,HOU,663656,2020,69,272,252,69,12,6,9,19,51,0,1,0.274,0.5,0.5582255083179299,0.8,0.5092348284960422,0.5283582089552239,0.2949673811742777,0.355325164938737,0.739,0.361,0.5496582227583433,0.24,23.0,0.0419131960020002,0.644674835061263,3
Unknown_669221,ATH,669221,2020,48,165,138,32,5,0,9,26,41,0,1,0.232,0.5843373493975904,0.5360443622920519,0.815,0.5883905013192612,0.3701492537313433,0.7036346691519105,0.499057492931197,0.5939,0.361,0.5496582227583433,0.2,26.0,0.0205132170926709,0.5009425070688032,2
Unknown_543877,BOS,543877,2020,46,189,173,49,9,0,7,16,43,0,0,0.283,0.5602409638554217,0.5231053604436231,0.801,0.4327176781002638,0.6179104477611942,0.363932898415657,0.4495758718190386,0.6878,0.361,0.5496582227583433,0.2066666666666666,30.0,0.0419818496316781,0.5504241281809612,0
Unknown_607680,BOS,607680,2020,54,223,208,60,12,3,6,13,41,2,0,0.288,0.5361445783132531,0.5323475046210722,0.798,0.4327176781002638,0.6000000000000002,0.2409133271202236,0.3468426013195099,0.7489,0.36,0.546843586650583,0.22,31.0,0.0510484293161513,0.6531573986804902,3
Unknown_641355,LAD,641355,2020,65,283,248,60,10,2,14,35,53,0,0,0.242,0.5361445783132531,0.5434380776340113,0.803,0.5725593667546174,0.3582089552238806,0.5456663560111836,0.3548539114043355,0.689,0.359,0.5440289505428226,0.24,25.0,0.019300990310446,0.6451460885956644,2
Unknown_663757,SD,663757,2020,65,279,238,57,9,3,10,35,75,4,1,0.239,0.5632530120481928,0.4713493530499077,0.774,0.4749340369393139,0.5104477611940299,0.5535880708294502,0.54688972667295,0.5842,0.359,0.5440289505428226,0.24,24.0,0.0314832281808665,0.4531102733270502,0
Unknown_592567,PIT,592567,2020,52,200,178,44,10,0,10,19,52,2,1,0.247,0.5030120481927711,0.5508317929759705,0.797,0.5699208443271768,0.4686567164179104,0.4119291705498602,0.5261545711592837,0.635,0.359,0.5440289505428226,0.2133333333333333,28.0,0.0429668846835987,0.4738454288407163,0
Unknown_641786,SEA,641786,2020,58,242,206,54,3,0,11,34,71,0,2,0.262,0.6204819277108434,0.4861367837338263,0.801,0.4379947229551451,0.6179104477611942,0.6239515377446413,0.6048539114043355,0.5661,0.359,0.5440289505428226,0.2266666666666666,25.0,0.0304131691769327,0.3951460885956646,0
Unknown_544369,PHI,544369,2020,60,237,215,61,10,2,10,15,28,4,2,0.284,0.5451807228915663,0.5804066543438078,0.827,0.5171503957783641,0.4507462686567164,0.2642124883504193,0.1918001885014137,0.7975,0.359,0.5440289505428226,0.2266666666666666,30.0,0.0261058420172076,0.808199811498586,3
Unknown_664040,TB,664040,2020,68,273,238,56,9,2,15,29,74,4,2,0.235,0.5060240963855422,0.5637707948243993,0.805,0.6200527704485488,0.4119402985074627,0.4641192917054986,0.5523091423185674,0.6081,0.358,0.5416164053075995,0.2333333333333333,26.0,0.0394033130370998,0.4476908576814327,0
Unknown_458731,NYY,458731,2020,49,182,149,36,6,1,6,30,45,2,1,0.242,0.6506024096385542,0.4473197781885398,0.79,0.4353562005277044,0.5044776119402985,0.7371854613233924,0.4962299717247879,0.5769,0.358,0.5416164053075995,0.2,37.0,0.0190389101337688,0.5037700282752122,2
Unknown_527038,SF,527038,2020,55,213,198,53,11,1,12,13,36,1,1,0.268,0.4728915662650602,0.6303142329020335,0.83,0.6279683377308707,0.4119402985074627,0.2534948741845293,0.3117342130065976,0.7653,0.358,0.5416164053075995,0.2133333333333333,29.0,0.0436181920130106,0.6882657869934024,2
Unknown_606132,COL,606132,2020,49,206,186,59,8,2,1,14,38,2,3,0.317,0.6265060240963854,0.4140480591497229,0.764,0.1899736147757255,0.755223880597015,0.2861136999068033,0.3482563619227144,0.7233,0.358,0.5416164053075995,0.2133333333333333,26.0,0.0425099626299143,0.6517436380772856,3
Unknown_592192,ATH,592192,2020,66,271,216,51,12,2,6,39,61,10,6,0.236,0.6355421686746988,0.4066543438077635,0.763,0.3905013192612137,0.4656716417910447,0.6397949673811743,0.4439208294062205,0.5941,0.357,0.538801769199839,0.2333333333333333,31.0,0.0202713524926059,0.5560791705937795,0
Unknown_642162,BAL,642162,2020,51,150,141,39,4,0,8,8,34,0,0,0.277,0.4728915662650602,0.5563770794824401,0.791,0.5013192612137203,0.5343283582089553,0.2176141658900279,0.4476908576814326,0.7133,0.357,0.538801769199839,0.1933333333333333,28.0,0.0723183892838079,0.5523091423185673,0
Unknown_458015,CIN,458015,2020,56,233,195,44,8,0,11,38,46,0,0,0.226,0.5843373493975904,0.4842883548983365,0.788,0.5303430079155672,0.3134328358208955,0.7292637465051258,0.3786522148916117,0.6395,0.356,0.5359871330920788,0.22,37.0,0.0134198800767836,0.6213477851083882,2
Unknown_605204,NYM,605204,2020,56,229,190,47,9,0,6,31,56,7,1,0.247,0.6415662650602411,0.3974121996303143,0.761,0.3509234828496042,0.5492537313432836,0.6001863932898415,0.4896324222431669,0.5895,0.356,0.5359871330920788,0.22,27.0,0.0249453221311295,0.5103675777568333,0
Unknown_592885,MIL,592885,2020,60,256,209,43,8,1,12,46,80,1,0,0.206,0.5843373493975904,0.4658040665434381,0.777,0.5567282321899736,0.391044776119403,0.8066169617893756,0.6498586239396795,0.5039,0.355,0.5331724969843183,0.2266666666666666,29.0,0.0236533171458234,0.3501413760603205,2
Unknown_665489,TOR,665489,2020,62,251,228,59,13,2,9,20,42,3,0,0.259,0.5090361445783133,0.5138632162661738,0.778,0.4854881266490765,0.4417910447761193,0.3406337371854613,0.3077285579641847,0.741,0.355,0.5331724969843183,0.22,21.0,0.0306234761423379,0.6922714420358151,3
Unknown_600524,BAL,600524,2020,52,216,195,50,10,0,12,17,64,3,1,0.256,0.5,0.5878003696857672,0.816,0.5989445910290236,0.546268656716418,0.3359739049394222,0.6116870876531574,0.6111,0.355,0.5331724969843183,0.2133333333333333,26.0,0.0628660604591193,0.3883129123468427,0
Unknown_594807,ATL,594807,2020,59,230,210,47,9,0,17,16,65,3,1,0.224,0.3885542168674698,0.6210720887245842,0.796,0.7308707124010553,0.2955223880597015,0.2935694315004659,0.5794062205466541,0.6348,0.354,0.5307599517490953,0.2133333333333333,32.0,0.068583965203841,0.4205937794533461,0
Unknown_572233,AZ,572233,2020,57,243,218,59,18,1,7,19,50,3,3,0.271,0.5271084337349398,0.5268022181146028,0.792,0.4722955145118733,0.546268656716418,0.3336439888164026,0.398444863336475,0.7037,0.354,0.5307599517490953,0.22,29.0,0.0409320671558582,0.601555136663525,0
Unknown_605119,MIA,605119,2020,64,250,219,55,8,1,11,23,73,7,1,0.251,0.5481927710843374,0.5046210720887248,0.787,0.4934036939313984,0.5671641791044777,0.3979496738117428,0.6015551366635249,0.588,0.353,0.527945315641335,0.22,27.0,0.0514266190146787,0.398444863336475,0
Unknown_572122,SEA,572122,2020,60,248,203,49,12,0,9,32,33,7,6,0.241,0.5933734939759036,0.478743068391867,0.788,0.4828496042216359,0.3164179104477612,0.570363466915191,0.2271442035815268,0.7097,0.353,0.527945315641335,0.22,33.0,0.0099645817455988,0.772855796418473,2
Unknown_606466,AZ,606466,2020,45,195,181,52,14,1,2,7,21,4,3,0.287,0.496987951807229,0.434380776340111,0.732,0.2981530343007915,0.5283582089552239,0.1365330848089468,0.1672950047125354,0.8359,0.353,0.527945315641335,0.2,27.0,0.0480604420033589,0.8327049952874643,3
Unknown_642715,TB,642715,2020,65,249,219,52,16,1,8,29,89,1,0,0.237,0.5150602409638555,0.4713493530499077,0.759,0.4828496042216359,0.6776119402985076,0.5121155638397018,0.7556550424128181,0.5221,0.352,0.5251306795335746,0.22,25.0,0.0493729620955409,0.2443449575871821,0
Unknown_575929,CHC,575929,2020,59,233,193,47,11,0,7,21,57,17,2,0.244,0.6234939759036146,0.434380776340111,0.774,0.4142480211081794,0.5104477611940299,0.3890959925442684,0.4898680490103677,0.5923,0.352,0.5251306795335746,0.2133333333333333,28.0,0.0425395007397875,0.5101319509896323,0
Unknown_545341,TOR,545341,2020,57,239,223,60,9,0,12,14,54,0,2,0.269,0.4578313253012048,0.5489833641404807,0.78,0.5092348284960422,0.5014925373134328,0.2423112767940354,0.4458058435438266,0.7155,0.352,0.5251306795335746,0.2133333333333333,29.0,0.0646084188384434,0.5541941564561734,0
Unknown_518735,CWS,518735,2020,49,208,171,39,7,0,10,34,61,1,2,0.228,0.5963855421686747,0.4990757855822552,0.8,0.546174142480211,0.4477611940298507,0.7311276794035415,0.6046182846371347,0.5385,0.351,0.5227181342983513,0.2066666666666666,32.0,0.0247154382532946,0.3953817153628653,2
Unknown_643376,TOR,643376,2020,43,152,125,24,3,0,8,21,31,2,1,0.192,0.4728915662650602,0.4325323475046211,0.723,0.546174142480211,0.1492537313432835,0.6132339235787511,0.3939679547596607,0.625,0.35,0.519903498190591,0.1866666666666666,25.0,0.018550980327243,0.6060320452403394,0
Unknown_516416,PHI,516416,2020,54,217,192,51,5,2,7,23,45,1,0,0.266,0.5692771084337348,0.4584103512014788,0.769,0.387862796833773,0.5373134328358209,0.4631873252562907,0.4022148916116871,0.6774,0.35,0.519903498190591,0.2066666666666666,30.0,0.0278649677547851,0.5977851083883128,3
Unknown_596847,TB,596847,2020,52,179,149,35,14,0,5,26,42,1,3,0.235,0.5662650602409639,0.4731977818853974,0.776,0.4907651715039578,0.453731343283582,0.6463187325256291,0.4663053722902922,0.6145,0.349,0.5170888620828307,0.1933333333333333,29.0,0.0212451237915393,0.5336946277097077,2
Unknown_543592,SD,543592,2020,54,207,178,46,9,1,7,22,41,3,4,0.258,0.5572289156626508,0.4879852125693162,0.781,0.4511873350923482,0.4686567164179104,0.4645852749301025,0.380301602262017,0.6812,0.349,0.5170888620828307,0.2,31.0,0.0260647077412448,0.6196983977379831,3
Unknown_457705,PHI,457705,2020,57,241,217,55,9,0,10,22,48,1,1,0.253,0.5,0.478743068391867,0.757,0.4511873350923482,0.4388059701492538,0.3946877912395154,0.3828934967012252,0.7054,0.349,0.5170888620828307,0.2133333333333333,34.0,0.032224109245559,0.6171065032987746,3
Unknown_646240,BOS,646240,2020,57,248,232,61,16,1,11,13,67,3,0,0.263,0.4578313253012048,0.5711645101663587,0.793,0.5567282321899736,0.5701492537313434,0.2134203168685927,0.5501885014137605,0.6653,0.349,0.5170888620828307,0.2133333333333333,24.0,0.0898003945435313,0.4498114985862393,0
Unknown_543333,SD,543333,2020,44,183,168,45,7,0,10,10,33,2,3,0.268,0.4608433734939758,0.5804066543438078,0.8,0.5567282321899736,0.4149253731343284,0.2236719478098788,0.3383600377002827,0.7541,0.348,0.5146763168476075,0.1933333333333333,31.0,0.0539096369474791,0.6616399622997171,0
Unknown_543063,SF,543063,2020,53,193,172,44,12,0,8,15,47,4,2,0.256,0.5060240963855422,0.5378927911275417,0.792,0.5277044854881267,0.5044776119402985,0.331314072693383,0.4872761545711593,0.658,0.348,0.5146763168476075,0.1933333333333333,33.0,0.0506511419425728,0.5127238454288405,0
Unknown_542583,MIA,542583,2020,56,238,209,56,11,0,9,23,47,2,4,0.268,0.5481927710843374,0.5101663585951943,0.79,0.4564643799472295,0.4925373134328358,0.4193849021435228,0.3788878416588125,0.6975,0.347,0.5118616807398472,0.2066666666666666,30.0,0.0295665052090245,0.6211121583411876,3
Unknown_596146,MIN,596146,2020,49,204,176,39,9,0,9,25,37,2,1,0.222,0.5,0.4658040665434381,0.75,0.5171503957783641,0.2835820895522388,0.5400745573159366,0.3409519321394911,0.6863,0.347,0.5118616807398472,0.2,27.0,0.0186558553471301,0.6590480678605088,0
Unknown_614177,CLE,614177,2020,61,250,218,58,10,0,9,26,74,1,5,0.266,0.5481927710843374,0.4842883548983365,0.776,0.4248021108179419,0.644776119402985,0.4538676607642125,0.6109802073515551,0.596,0.347,0.5118616807398472,0.2133333333333333,25.0,0.0450826700318068,0.3890197926484449,0
Unknown_514917,CLE,514917,2020,60,270,242,69,21,0,3,25,60,2,0,0.285,0.5993975903614458,0.434380776340111,0.766,0.3034300791556728,0.701492537313433,0.4007455731593662,0.4370876531573986,0.6704,0.347,0.5118616807398472,0.22,30.0,0.0364387703994827,0.5629123468426014,3
Unknown_608324,HOU,608324,2020,53,228,194,47,13,1,7,29,29,4,1,0.242,0.5813253012048193,0.4695009242144178,0.779,0.467018469656992,0.3522388059701492,0.5619757688723206,0.2132422243166823,0.7281,0.345,0.5066344993968637,0.2,26.0,0.0093494063731812,0.7867577756833175,3
Unknown_592206,CIN,592206,2020,62,252,228,52,12,2,14,19,73,4,1,0.228,0.4216867469879518,0.5693160813308689,0.78,0.6464379947229552,0.4,0.3205964585274929,0.5961357210179077,0.619,0.345,0.5066344993968637,0.2066666666666666,28.0,0.0643611765028037,0.4038642789820923,0
Unknown_596748,KC,596748,2020,60,243,223,62,16,0,8,16,38,0,4,0.278,0.4909638554216867,0.5231053604436231,0.778,0.4485488126649076,0.4895522388059701,0.2758620689655172,0.2820452403393025,0.7778,0.345,0.5066344993968637,0.2066666666666666,28.0,0.0360000129696409,0.7179547596606974,3
Unknown_621566,ATH,621566,2020,67,273,233,44,4,1,16,39,87,1,0,0.189,0.4518072289156626,0.4565619223659889,0.728,0.5883905013192612,0.2417910447761194,0.6351351351351351,0.6644674835061263,0.5348,0.344,0.5038198632891033,0.2133333333333333,26.0,0.0331611630694207,0.3355325164938738,0
Unknown_542932,MIA,542932,2020,42,170,137,34,5,0,2,25,42,5,1,0.248,0.6716867469879518,0.2846580406654345,0.709,0.1873350923482849,0.6149253731343284,0.6547064305684995,0.4957587181903864,0.5647,0.344,0.5038198632891033,0.1866666666666666,30.0,0.0225074742284422,0.5042412818096136,3
Unknown_519203,CHC,519203,2020,60,251,211,45,6,0,11,28,41,10,2,0.213,0.5210843373493976,0.4140480591497229,0.729,0.4643799472295514,0.2298507462686567,0.48928238583411,0.2983034872761546,0.6853,0.344,0.5038198632891033,0.2066666666666666,31.0,0.0183160754685226,0.7016965127238455,3
Unknown_553993,CIN,553993,2020,59,241,207,42,8,0,15,31,71,2,1,0.203,0.4608433734939758,0.5268022181146028,0.77,0.6517150395778364,0.2597014925373134,0.5684995340167753,0.6076814326107445,0.5685,0.344,0.5038198632891033,0.2066666666666666,29.0,0.0343339783584437,0.3923185673892555,0
Unknown_592696,MIN,592696,2020,59,238,217,54,7,0,13,19,35,0,2,0.249,0.4487951807228916,0.5304990757855823,0.768,0.5356200527704486,0.3164179104477612,0.3410997204100652,0.2601319509896324,0.7731,0.344,0.5038198632891033,0.2066666666666666,29.0,0.0256730448312699,0.7398680490103675,3
Unknown_624585,KC,624585,2020,43,174,151,34,8,0,8,19,60,3,1,0.225,0.4939759036144578,0.4861367837338263,0.759,0.5356200527704486,0.5253731343283582,0.4780987884436161,0.725966069745523,0.5172,0.344,0.5038198632891033,0.1866666666666666,28.0,0.051109113307567,0.274033930254477,0
Unknown_656305,ATH,656305,2020,36,152,142,33,9,2,10,8,54,1,1,0.232,0.355421686746988,0.6672828096118302,0.812,0.7757255936675461,0.4686567164179104,0.2143522833178005,0.7507068803016023,0.5855,0.344,0.5038198632891033,0.18,27.0,0.1207356277159072,0.249293119698398,0
Unknown_595777,SD,595777,2020,60,217,195,54,6,0,7,15,30,4,2,0.277,0.5421686746987954,0.4454713493530499,0.753,0.3403693931398417,0.4776119402985074,0.2912395153774463,0.2391611687087653,0.7696,0.343,0.501005227181343,0.2,27.0,0.0287049241882701,0.7608388312912349,3
Unknown_593160,KC,593160,2020,60,265,248,70,12,0,9,12,33,4,1,0.282,0.5030120481927711,0.4916820702402959,0.764,0.3905013192612137,0.4805970149253731,0.1803355079217148,0.206880301602262,0.8151,0.343,0.501005227181343,0.2066666666666666,31.0,0.0431895169902902,0.793119698397738,3
Unknown_641531,KC,641531,2020,44,186,158,36,4,2,6,27,48,1,0,0.228,0.5602409638554217,0.4029574861367839,0.736,0.4116094986807387,0.4597014925373134,0.6458527493010251,0.5216776625824693,0.5914,0.342,0.4985926819461198,0.1866666666666666,29.0,0.0243992545916629,0.4783223374175307,0
Unknown_444482,AZ,444482,2020,54,218,203,61,10,1,5,13,45,0,2,0.3,0.5451807228915663,0.478743068391867,0.773,0.3271767810026385,0.6776119402985076,0.2469711090400745,0.3998586239396796,0.7339,0.341,0.4957780458383594,0.1933333333333333,33.0,0.0570237354881987,0.6001413760603205,3
Unknown_571970,LAD,571970,2020,67,289,231,45,6,0,14,52,71,4,2,0.195,0.575301204819277,0.4232902033271721,0.752,0.525065963060686,0.2238805970149253,0.8075489282385834,0.4924599434495759,0.5606,0.34,0.4929634097305991,0.2133333333333333,30.0,0.0164288564689725,0.507540056550424,2
Unknown_572816,MIA,572816,2020,57,231,214,54,5,1,8,17,40,0,0,0.252,0.4487951807228916,0.412199630314233,0.705,0.3588390501319261,0.4268656716417911,0.3122087604846225,0.3216305372290292,0.7489,0.339,0.4905508644953759,0.1933333333333333,31.0,0.0355424712425134,0.6783694627709707,3
Unknown_622534,TB,622534,2020,54,195,178,47,9,0,4,15,33,0,1,0.264,0.4879518072289157,0.3844731977818855,0.702,0.2875989445910289,0.5044776119402985,0.3275862068965517,0.312205466540999,0.7487,0.337,0.4849215922798552,0.1866666666666666,26.0,0.0325810616961032,0.6877945334590008,3
Unknown_543760,ATH,543760,2020,60,267,238,58,10,1,9,29,51,0,0,0.244,0.5060240963855422,0.4325323475046211,0.733,0.4089709762532981,0.4208955223880598,0.4753028890959925,0.3635721017907634,0.7004,0.337,0.4849215922798552,0.2,30.0,0.0240353609584789,0.6364278982092364,3
Unknown_519058,CIN,519058,2020,46,172,147,32,9,0,8,19,38,4,2,0.218,0.4879518072289157,0.4953789279112755,0.762,0.5672823218997362,0.2955223880597015,0.4841565703634669,0.4340245051837889,0.6453,0.336,0.482509047044632,0.18,32.0,0.0286874078825551,0.5659754948162112,0
Unknown_643396,TEX,643396,2020,58,228,211,59,4,3,3,14,32,2,1,0.28,0.5150602409638555,0.3622920517560075,0.699,0.2137203166226912,0.5432835820895523,0.255358807082945,0.2443449575871819,0.7895,0.336,0.482509047044632,0.1933333333333333,25.0,0.0342530856466669,0.7556550424128183,3
Unknown_514888,HOU,514888,2020,59,261,233,56,10,0,10,26,46,2,0,0.24,0.4939759036144578,0.4399260628465805,0.734,0.4300791556728232,0.3761194029850746,0.4333643988816402,0.3286993402450518,0.7165,0.335,0.4796944109368717,0.2,30.0,0.0242352765000468,0.671300659754948,3
Unknown_459964,MIA,459964,2020,51,161,138,34,5,0,2,22,44,0,1,0.246,0.5722891566265059,0.2809611829944548,0.674,0.1873350923482849,0.626865671641791,0.6057781919850885,0.557492931196984,0.5901,0.335,0.4796944109368717,0.1733333333333333,36.0,0.0287190936742255,0.4425070688030161,1
Unknown_408234,DET,408234,2020,57,231,204,51,4,0,10,24,51,1,2,0.25,0.5150602409638555,0.4491682070240296,0.746,0.41688654353562,0.444776119402985,0.4534016775396086,0.4337888784165881,0.671,0.335,0.4796944109368717,0.1933333333333333,37.0,0.0311266925385699,0.5662111215834118,0
Unknown_605113,AZ,605113,2020,57,217,199,53,10,1,5,18,46,0,0,0.266,0.5090361445783133,0.4214417744916822,0.729,0.3350923482849604,0.5671641791044777,0.3555452003727866,0.4130537229029218,0.7051,0.334,0.4768797748291113,0.1866666666666666,30.0,0.0394917145749661,0.5869462770970784,3
Unknown_600474,BAL,600474,2020,48,178,160,40,5,1,5,16,40,1,0,0.25,0.4939759036144578,0.3955637707948244,0.71,0.3403693931398417,0.5074626865671642,0.3881640260950605,0.4429783223374176,0.6742,0.334,0.4768797748291113,0.18,27.0,0.038371918069221,0.5570216776625825,3
Unknown_621563,TB,621563,2020,58,220,200,56,9,2,4,13,44,6,1,0.28,0.5512048192771085,0.4269870609981517,0.746,0.3060686015831134,0.6149253731343284,0.244641192917055,0.3847785108388313,0.7136,0.333,0.4744672295938881,0.1866666666666666,30.0,0.0554947948697297,0.6152214891611687,3
Unknown_592626,LAD,592626,2020,50,156,139,30,4,0,8,12,36,5,0,0.216,0.4307228915662651,0.4491682070240296,0.719,0.5065963060686016,0.2925373134328358,0.3275862068965517,0.4573515551366635,0.6538,0.333,0.4744672295938881,0.1733333333333333,28.0,0.0480856117274357,0.5426484448633364,0
Unknown_452678,WSH,452678,2020,52,213,190,46,9,3,8,19,40,0,4,0.242,0.4427710843373493,0.5046210720887248,0.753,0.5171503957783641,0.3761194029850746,0.3849021435228332,0.3560320452403393,0.723,0.333,0.4744672295938881,0.1866666666666666,35.0,0.0307446312225956,0.6439679547596608,0
Unknown_673357,CWS,673357,2020,59,240,217,51,8,0,12,20,77,1,2,0.235,0.4277108433734939,0.4879852125693162,0.738,0.5118733509234829,0.4955223880597015,0.3574091332712022,0.669415645617342,0.5833,0.332,0.4716525934861278,0.1866666666666666,23.0,0.0645347062661416,0.3305843543826581,0
Unknown_641857,COL,641857,2020,52,193,172,37,6,1,9,18,66,2,1,0.215,0.4126506024096384,0.4528650646950093,0.714,0.5118733509234829,0.453731343283582,0.4040074557315936,0.719368520263902,0.5544,0.332,0.4716525934861278,0.18,26.0,0.0609433750828553,0.280631479736098,0
Unknown_596019,CLE,596019,2020,62,275,244,62,14,0,8,25,44,4,2,0.254,0.5210843373493976,0.4362292051756007,0.741,0.387862796833773,0.4298507462686568,0.3928238583410997,0.2905278039585297,0.7345,0.331,0.4688379573783675,0.1933333333333333,27.0,0.0240630068244754,0.7094721960414703,3
Unknown_622682,DET,622682,2020,55,213,202,56,7,2,4,9,45,2,0,0.277,0.4728915662650602,0.401109057301294,0.706,0.2770448548812665,0.6149253731343284,0.1663560111835973,0.4114043355325165,0.7371,0.329,0.463610776035384,0.18,26.0,0.0866799621828742,0.5885956644674835,3
Unknown_656775,BAL,656775,2020,40,153,140,38,4,3,3,8,37,1,0,0.271,0.4728915662650602,0.4306839186691313,0.723,0.3350923482849604,0.644776119402985,0.2129543336439888,0.4832704995287465,0.6732,0.328,0.4607961399276236,0.1666666666666666,26.0,0.0794807758943922,0.5167295004712535,3
Unknown_656941,CHC,656941,2020,61,231,195,36,6,0,11,33,67,3,0,0.185,0.463855421686747,0.390018484288355,0.696,0.503957783641161,0.2388059701492537,0.6351351351351351,0.5968426013195098,0.5541,0.327,0.4583835946924004,0.18,27.0,0.0292738057475659,0.4031573986804901,0
Unknown_606115,MIL,606115,2020,58,196,180,46,10,1,6,14,36,1,1,0.256,0.4608433734939758,0.4584103512014788,0.733,0.41688654353562,0.4597014925373134,0.3019571295433365,0.3463713477851084,0.7398,0.326,0.4555689585846401,0.1733333333333333,26.0,0.039792328650975,0.6536286522148917,3
Unknown_643289,SF,643289,2020,50,177,158,43,4,1,4,15,36,1,2,0.272,0.533132530120482,0.3918669131238448,0.721,0.2770448548812665,0.5701492537313434,0.363932898415657,0.3927898209236569,0.6949,0.326,0.4555689585846401,0.1666666666666666,26.0,0.0364745535355312,0.6072101790763431,3
Unknown_593643,BAL,593643,2020,54,231,219,62,15,0,3,5,30,3,2,0.283,0.4457831325301205,0.4048059149722737,0.698,0.2664907651715039,0.5373134328358209,0.0698974836905871,0.2196041470311027,0.8268,0.326,0.4555689585846401,0.18,28.0,0.106395822084946,0.780395852968897,3
Unknown_455117,HOU,455117,2020,58,200,167,35,6,0,7,29,67,2,0,0.21,0.5271084337349398,0.3641404805914973,0.705,0.4036939313984168,0.4985074626865672,0.6449207828518173,0.7028746465598492,0.5,0.325,0.4527543224768797,0.1733333333333333,34.0,0.0347118090274356,0.297125353440151,0
Unknown_520471,CIN,520471,2020,48,163,144,32,5,0,7,14,31,5,0,0.222,0.4668674698795181,0.4232902033271721,0.716,0.4538258575197889,0.3044776119402985,0.369524697110904,0.3616870876531574,0.6933,0.324,0.4503417772416565,0.1666666666666666,31.0,0.032850925676019,0.6383129123468425,3
Unknown_609275,KC,609275,2020,59,233,219,56,11,3,6,11,70,1,0,0.256,0.4096385542168674,0.4473197781885398,0.71,0.3984168865435356,0.644776119402985,0.1891891891891891,0.6213477851083883,0.6395,0.324,0.4503417772416565,0.1733333333333333,25.0,0.1131802773642933,0.3786522148916118,0
Unknown_547004,BAL,547004,2020,53,204,185,41,11,0,9,17,46,0,1,0.222,0.3855421686746987,0.467652495378928,0.713,0.5171503957783641,0.3283582089552239,0.3574091332712022,0.4448633364750236,0.6863,0.324,0.4503417772416565,0.1733333333333333,26.0,0.0423908785617242,0.5551366635249764,0
Unknown_571448,COL,571448,2020,48,201,182,46,9,0,8,15,20,0,4,0.253,0.4367469879518072,0.4805914972273569,0.738,0.4538258575197889,0.3194029850746268,0.3168685927306617,0.1479736098020735,0.8259,0.322,0.4447125050261358,0.1666666666666666,29.0,0.0158098942229897,0.8520263901979261,3
Unknown_592669,TB,592669,2020,43,151,134,21,6,0,9,14,44,2,1,0.157,0.2620481927710844,0.4232902033271721,0.648,0.62532981530343,0.035820895522388,0.4012115563839702,0.6001413760603204,0.6026,0.321,0.4422999597909127,0.16,28.0,0.0508374472562249,0.3998586239396795,0
Unknown_571771,LAD,571771,2020,53,161,150,34,8,1,6,7,36,3,1,0.227,0.3463855421686748,0.4417744916820703,0.687,0.4696569920844327,0.3671641791044776,0.1719478098788443,0.4403864278982092,0.7143,0.319,0.436670687575392,0.16,29.0,0.0894856996719743,0.5596135721017907,0
Unknown_502054,SD,502054,2020,37,150,133,32,4,0,3,16,32,1,0,0.241,0.5090361445783133,0.3031423290203328,0.665,0.2348284960422163,0.4835820895522388,0.4664492078285182,0.4161168708765315,0.6733,0.319,0.436670687575392,0.16,32.0,0.0286867840591088,0.5838831291234683,3
Unknown_593934,MIN,593934,2020,55,213,193,39,12,0,13,19,91,1,0,0.202,0.3584337349397591,0.5397412199630316,0.743,0.6728232189973615,0.4716417910447761,0.3849021435228332,0.9201225259189444,0.4789,0.319,0.436670687575392,0.1666666666666666,27.0,0.0826920635648855,0.0798774740810557,0
Unknown_425877,STL,425877,2020,45,169,157,44,4,0,4,7,22,3,1,0.28,0.4909638554216867,0.3844731977818855,0.704,0.2453825857519788,0.5044776119402985,0.1621621621621621,0.220311027332705,0.8047,0.318,0.4342581423401688,0.16,38.0,0.0508655895127921,0.7796889726672951,3
Unknown_467793,CLE,467793,2020,62,264,214,41,7,0,8,48,46,1,1,0.192,0.5512048192771085,0.2994454713493531,0.677,0.3588390501319261,0.2119402985074626,0.8164026095060577,0.3239868049010367,0.6402,0.318,0.4342581423401688,0.1733333333333333,34.0,0.0085402648143547,0.6760131950989632,3
Unknown_641487,SEA,641487,2020,53,232,204,52,7,2,2,23,39,3,2,0.255,0.5361445783132531,0.3031423290203328,0.674,0.1952506596306068,0.5044776119402985,0.4310344827586206,0.3096135721017908,0.7198,0.317,0.4314435062324085,0.1666666666666666,25.0,0.0228260030355539,0.690386427898209,3
Unknown_608336,TEX,608336,2020,57,226,193,35,8,0,10,29,79,4,0,0.181,0.4307228915662651,0.3770794824399261,0.679,0.496042216358839,0.3164179104477612,0.5671015843429636,0.7372761545711594,0.5044,0.316,0.4286288701246481,0.1666666666666666,27.0,0.0427350345296829,0.2627238454288407,0
Unknown_543939,STL,543939,2020,55,223,195,51,5,2,2,20,30,4,2,0.262,0.5451807228915663,0.3031423290203328,0.678,0.179419525065963,0.4865671641791045,0.3872320596458528,0.2304429783223374,0.7489,0.315,0.4262163248894249,0.16,30.0,0.0190163762518432,0.7695570216776624,3
Unknown_541645,MIL,541645,2020,55,215,189,47,10,0,2,20,52,6,0,0.249,0.5481927710843374,0.2939001848428836,0.673,0.2005277044854881,0.5940298507462688,0.4026095060577819,0.4835061262959473,0.6372,0.315,0.4262163248894249,0.16,29.0,0.0403390472620708,0.5164938737040528,1
Unknown_669374,MIL,669374,2020,61,253,223,47,4,0,13,17,87,11,2,0.211,0.4156626506024096,0.4251386321626618,0.7,0.4854881266490765,0.4119402985074627,0.282385834109972,0.7238454288407162,0.5455,0.315,0.4262163248894249,0.1666666666666666,24.0,0.0890469030909651,0.2761545711592839,0
Unknown_657656,ATH,657656,2020,61,249,209,44,9,1,8,25,65,12,3,0.211,0.5030120481927711,0.3770794824399261,0.703,0.41688654353562,0.373134328358209,0.4370922646784715,0.5285108388312912,0.5904,0.314,0.4234016887816646,0.1666666666666666,26.0,0.0403105235156441,0.4714891611687088,0
Unknown_571718,LAA,571718,2020,49,165,145,31,9,1,6,17,54,1,2,0.214,0.4186746987951807,0.4436229205175602,0.711,0.503957783641161,0.4567164179104477,0.4492078285181733,0.684731385485391,0.5636,0.314,0.4234016887816646,0.1533333333333333,30.0,0.0514993349743892,0.3152686145146091,0
Unknown_457708,LAA,457708,2020,42,166,147,30,5,0,9,11,43,7,1,0.204,0.3945783132530119,0.4584103512014788,0.711,0.5514511873350924,0.2537313432835821,0.2781919850885368,0.5237983034872762,0.6325,0.314,0.4234016887816646,0.1533333333333333,33.0,0.0656059415612298,0.4762016965127238,0
Unknown_663586,ATL,663586,2020,60,243,221,51,7,1,9,19,62,2,1,0.231,0.4156626506024096,0.4066543438077635,0.69,0.4063324538258575,0.4298507462686568,0.3336439888164026,0.5146088595664468,0.6584,0.313,0.4205870526739043,0.16,23.0,0.0531344588218924,0.4853911404335533,0
Unknown_446334,SF,446334,2020,51,209,193,49,10,1,7,11,39,2,3,0.254,0.4186746987951807,0.4639556377079483,0.722,0.4274406332453826,0.4358208955223881,0.2143522833178005,0.3532045240339302,0.7512,0.313,0.4205870526739043,0.16,35.0,0.0586581399705558,0.6467954759660697,3
Unknown_453943,TEX,453943,2020,43,172,157,37,9,1,4,11,42,4,0,0.236,0.4337349397590361,0.3844731977818855,0.684,0.3614775725593667,0.4865671641791045,0.2674743709226468,0.4889255419415646,0.6686,0.313,0.4205870526739043,0.1533333333333333,34.0,0.0638472862212907,0.5110744580584354,1
Unknown_669242,STL,669242,2020,58,241,218,54,7,1,5,16,51,5,2,0.248,0.4608433734939758,0.3401109057301294,0.669,0.2664907651715039,0.4925373134328358,0.2786579683131407,0.4121112158341188,0.7012,0.311,0.4153598713309208,0.16,25.0,0.0516750266555743,0.5878887841658813,1
Unknown_543768,TOR,543768,2020,49,184,167,40,10,0,6,16,51,0,1,0.24,0.4397590361445783,0.4306839186691313,0.712,0.4195250659630607,0.5134328358208955,0.374650512581547,0.5666823751178134,0.6359,0.311,0.4153598713309208,0.1533333333333333,30.0,0.0516645729068582,0.4333176248821866,0
Unknown_660162,CWS,660162,2020,55,245,213,46,8,3,6,29,76,1,2,0.216,0.4578313253012048,0.3548983364140481,0.676,0.3720316622691292,0.4985074626865672,0.5209692451071761,0.6444392082940621,0.5673,0.31,0.4125452352231604,0.16,25.0,0.0407040374283674,0.3555607917059378,0
Unknown_502110,BOS,502110,2020,54,237,211,45,16,0,7,22,59,2,2,0.213,0.4006024096385542,0.3974121996303143,0.68,0.4379947229551451,0.373134328358209,0.401677539608574,0.5,0.6498,0.31,0.4125452352231604,0.16,33.0,0.0419075564910192,0.5,0
Unknown_594809,WSH,594809,2020,41,176,159,36,11,1,4,12,32,1,0,0.226,0.3825301204819277,0.3881700554528651,0.669,0.3905013192612137,0.3761194029850746,0.2870456663560111,0.341894439208294,0.7216,0.31,0.4125452352231604,0.1533333333333333,32.0,0.0415896823818923,0.6581055607917059,3
Unknown_502210,HOU,502210,2020,67,242,219,53,11,1,4,22,50,0,1,0.242,0.4578313253012048,0.3364140480591498,0.666,0.2770448548812665,0.4805970149253731,0.3928238583410997,0.4003298774740811,0.6983,0.309,0.4101326899879372,0.16,33.0,0.0339856375195594,0.5996701225259189,3
Unknown_673451,CIN,673451,2020,54,187,160,38,6,1,0,25,36,2,0,0.238,0.5722891566265059,0.2107208872458411,0.635,0.1081794195250659,0.5134328358208955,0.592264678471575,0.3671065032987747,0.6578,0.309,0.4101326899879372,0.1533333333333333,32.0,0.017861780700236,0.6328934967012252,1
Unknown_660271,LAA,660271,2020,43,175,153,29,6,0,7,22,50,0,0,0.19,0.4006024096385542,0.3548983364140481,0.657,0.4406332453825857,0.2835820895522388,0.554986020503262,0.5867106503298775,0.5886,0.309,0.4101326899879372,0.1533333333333333,26.0,0.0339865014440978,0.4132893496701224,0
Unknown_669256,TEX,669256,2020,58,233,209,56,10,0,2,18,42,2,4,0.268,0.5060240963855422,0.3142329020332717,0.671,0.179419525065963,0.555223880597015,0.3294501397949673,0.3383600377002827,0.7339,0.309,0.4101326899879372,0.1533333333333333,25.0,0.0351400704734937,0.6616399622997171,3
Unknown_455976,ATL,455976,2020,44,171,159,39,17,0,1,11,33,1,0,0.245,0.4216867469879518,0.3641404805914973,0.669,0.308707124010554,0.5074626865671642,0.2688723205964585,0.3682846371347785,0.7368,0.308,0.4073180538801769,0.1533333333333333,37.0,0.048090543897317,0.6317153628652212,3
Unknown_572761,STL,572761,2020,53,183,149,28,7,0,4,26,52,7,1,0.188,0.5271084337349398,0.2606284658040667,0.649,0.3139841688654353,0.3611940298507463,0.6314072693383038,0.5831762488218661,0.5355,0.308,0.4073180538801769,0.1533333333333333,35.0,0.0287049241882701,0.4168237511781338,1
Unknown_595281,TB,595281,2020,58,193,171,37,9,3,4,20,50,2,0,0.216,0.4457831325301205,0.3696857670979668,0.68,0.3931398416886543,0.4417910447761193,0.4520037278657968,0.5240339302544769,0.6269,0.307,0.4045034177724165,0.1533333333333333,30.0,0.0384013660280684,0.4759660697455232,0
Unknown_660294,TB,660294,2020,55,197,169,32,5,1,8,26,52,1,1,0.189,0.4246987951807228,0.3678373382624769,0.672,0.4591029023746701,0.2507462686567164,0.5843429636533085,0.5355796418473139,0.599,0.304,0.3964616003216726,0.1466666666666666,29.0,0.0287049241882701,0.4644203581526862,0
Unknown_657557,STL,657557,2020,48,188,162,40,7,0,3,20,52,2,4,0.247,0.5180722891566266,0.3179297597042514,0.675,0.237467018469657,0.5940298507462688,0.4650512581547064,0.5652686145146089,0.6064,0.304,0.3964616003216726,0.1466666666666666,27.0,0.0403109583668666,0.4347313854853913,1
Unknown_641933,STL,641933,2020,47,157,139,24,5,0,7,15,43,2,1,0.173,0.3102409638554217,0.3438077634011091,0.621,0.4696569920844327,0.1641791044776119,0.4142590866728797,0.5589066918001884,0.6178,0.304,0.3964616003216726,0.1466666666666666,25.0,0.0455067297052425,0.4410933081998114,0
Unknown_605137,PIT,605137,2020,57,223,195,44,3,0,8,22,59,2,4,0.226,0.4427710843373493,0.3512014787430684,0.669,0.3403693931398417,0.4149253731343284,0.429170549860205,0.5369934024505184,0.6278,0.301,0.3884197828709288,0.1466666666666666,28.0,0.0418831490836497,0.4630065975494817,1
Unknown_467092,NYM,467092,2020,45,155,142,34,6,0,5,10,31,2,1,0.239,0.4186746987951807,0.3937153419593347,0.684,0.366754617414248,0.4089552238805971,0.2698042870456663,0.3847785108388313,0.7226,0.301,0.3884197828709288,0.1466666666666666,33.0,0.0500109980622438,0.6152214891611687,3
Unknown_624428,PIT,624428,2020,57,230,209,48,7,0,7,17,35,3,0,0.23,0.4186746987951807,0.3512014787430684,0.661,0.3298153034300791,0.3343283582089552,0.3136067101584343,0.2721489161168709,0.7565,0.3,0.3856051467631684,0.1466666666666666,29.0,0.0298573501474905,0.7278510838831291,3
Unknown_593871,MIN,593871,2020,57,234,216,55,8,0,4,14,37,1,1,0.255,0.4337349397590361,0.3197781885397412,0.649,0.2216358839050131,0.4656716417910447,0.2479030754892823,0.2860508953817153,0.7692,0.299,0.3831926015279453,0.14,27.0,0.0411662525474828,0.7139491046182846,3
Unknown_641658,COL,641658,2020,49,184,167,39,4,3,5,13,60,0,1,0.234,0.3885542168674698,0.3863216266173753,0.671,0.3720316622691292,0.5850746268656717,0.298695246971109,0.6819038642789821,0.587,0.299,0.3831926015279453,0.14,26.0,0.0792701878438133,0.3180961357210179,1
Unknown_429665,CWS,429665,2020,45,183,162,25,5,0,10,16,55,4,1,0.154,0.2650602409638554,0.3622920517560075,0.616,0.546174142480211,0.0567164179104477,0.3765144454799627,0.621583411875589,0.5847,0.298,0.3803779654201849,0.14,37.0,0.0565423222358292,0.378416588124411,0
Unknown_592178,CHC,592178,2020,36,155,139,27,5,1,4,12,42,4,0,0.194,0.3584337349397591,0.2902033271719039,0.608,0.337730870712401,0.3373134328358209,0.3299161230195713,0.5520735155513666,0.6258,0.296,0.3751507840772014,0.14,28.0,0.0577632080398634,0.4479264844486335,1
Unknown_621005,SEA,621005,2020,45,151,143,34,12,0,2,6,34,2,0,0.238,0.3614457831325302,0.3512014787430684,0.642,0.308707124010554,0.4925373134328358,0.1542404473438956,0.4441564561734213,0.7219,0.294,0.3695215118616807,0.14,26.0,0.0997889165671101,0.5558435438265785,1
Unknown_405395,LAA,405395,2020,39,163,152,34,8,0,6,9,25,1,1,0.224,0.3373493975903615,0.4085027726432533,0.665,0.4274406332453826,0.2865671641791045,0.2264678471575023,0.27497643732328,0.7853,0.294,0.3695215118616807,0.14,40.0,0.0437825920514733,0.7250235626767201,3
Unknown_542340,MIA,542340,2020,52,209,187,43,5,0,2,19,55,0,2,0.23,0.4216867469879518,0.2125693160813309,0.587,0.1319261213720316,0.5283582089552239,0.3928238583410997,0.5336946277097078,0.6411,0.293,0.3671089666264576,0.1333333333333333,29.0,0.0460375881062924,0.4663053722902923,1
Unknown_460086,KC,460086,2020,50,184,163,34,4,0,4,18,37,3,0,0.209,0.4246987951807228,0.2458410351201479,0.606,0.2348284960422163,0.3343283582089552,0.4249767008387697,0.3873704052780396,0.6848,0.292,0.3642943305186972,0.1333333333333333,36.0,0.0297934246788937,0.6126295947219602,1
Unknown_668804,PIT,668804,2020,55,208,186,35,6,2,7,21,57,1,0,0.188,0.3493975903614459,0.3345656192236599,0.629,0.41688654353562,0.2865671641791045,0.4398881640260951,0.5591423185673893,0.6154,0.291,0.3614796944109368,0.1333333333333333,25.0,0.0425029170861552,0.4408576814326108,1
Unknown_656308,BOS,656308,2020,42,158,146,31,5,2,5,8,50,2,2,0.212,0.3042168674698795,0.3752310536044363,0.636,0.4089709762532981,0.4358208955223881,0.2050326188257222,0.6592836946277097,0.6203,0.291,0.3614796944109368,0.1333333333333333,25.0,0.1110615049311283,0.3407163053722903,1
Unknown_621028,PIT,621028,2020,44,172,156,35,5,0,1,12,21,1,2,0.224,0.3704819277108434,0.1885397412199631,0.556,0.1108179419525065,0.3462686567164179,0.2945013979496738,0.2012252591894439,0.7965,0.288,0.3534378769601929,0.1333333333333333,27.0,0.0238521797503896,0.7987747408105561,1
Unknown_640457,TB,640457,2020,44,184,162,31,8,1,6,19,60,1,2,0.191,0.3584337349397591,0.3512014787430684,0.641,0.4327176781002638,0.3611940298507463,0.4506057781919851,0.6819038642789821,0.5652,0.286,0.3482106956172094,0.1266666666666666,25.0,0.0510958668688423,0.3180961357210179,0
Unknown_645302,WSH,645302,2020,52,189,168,37,5,1,3,9,53,9,2,0.22,0.4066265060240963,0.2606284658040667,0.608,0.2269129287598944,0.4895522388059701,0.1910531220876048,0.5742224316682375,0.619,0.285,0.3453960595094491,0.1266666666666666,23.0,0.1040125271158846,0.4257775683317626,1
Unknown_572039,ATH,572039,2020,47,178,166,37,6,0,5,9,54,1,1,0.223,0.3253012048192771,0.3234750462107209,0.615,0.3113456464379947,0.4835820895522388,0.2050326188257222,0.6284165881244109,0.6348,0.282,0.3373542420587052,0.1266666666666666,29.0,0.1060504914256408,0.3715834118755892,1
Unknown_608577,CWS,608577,2020,44,156,142,34,7,0,1,11,47,3,0,0.239,0.4518072289156626,0.2513863216266174,0.618,0.1609498680738786,0.6477611940298508,0.2977632805219011,0.6234684260131951,0.609,0.282,0.3373542420587052,0.1266666666666666,25.0,0.0727147044117983,0.3765315739868049,1
Unknown_493329,HOU,493329,2020,68,274,249,53,12,1,6,15,30,4,6,0.213,0.3162650602409639,0.3086876155268023,0.604,0.3166226912928759,0.2417910447761194,0.2241379310344827,0.1715362865221489,0.8212,0.28,0.3321270607157217,0.1133333333333333,36.0,0.0287403090471642,0.828463713477851,3
Unknown_595879,CHC,595879,2020,60,243,230,46,9,1,8,7,78,4,2,0.2,0.2319277108433735,0.3290203327171904,0.587,0.3773087071240105,0.3761194029850746,0.1034482758620689,0.6698868991517436,0.6337,0.28,0.3321270607157217,0.12,28.0,0.2057272642054366,0.3301131008482565,1
Unknown_503556,MIN,503556,2020,55,205,180,38,4,0,5,18,41,3,4,0.211,0.3915662650602409,0.2643253234750463,0.604,0.2559366754617414,0.3134328358208955,0.3783783783783784,0.3847785108388313,0.6976,0.277,0.3240852432649779,0.12,31.0,0.0340839063601171,0.6152214891611687,1
Unknown_570481,PIT,570481,2020,50,193,181,41,13,1,3,8,51,0,3,0.227,0.2921686746987951,0.3419593345656193,0.614,0.3271767810026385,0.4716417910447761,0.162628145386766,0.5360508953817154,0.6891,0.273,0.3132287897064736,0.1133333333333333,29.0,0.1132162453471639,0.4639491046182846,1
Unknown_500871,AZ,500871,2020,54,222,203,43,7,3,4,15,41,2,2,0.212,0.3373493975903615,0.2975970425138634,0.605,0.3007915567282321,0.3283582089552239,0.2842497670083876,0.3487276154571159,0.7387,0.273,0.3132287897064736,0.1133333333333333,31.0,0.0428779734759461,0.651272384542884,1
Unknown_596142,NYY,596142,2020,51,187,164,24,4,0,11,18,68,4,1,0.146,0.2650602409638554,0.3659889094269872,0.618,0.5725593667546174,0.0507462686567163,0.417986952469711,0.7702639019792648,0.5187,0.272,0.3108162444712504,0.1133333333333333,28.0,0.0630745352617923,0.2297360980207354,0
Unknown_657108,SEA,657108,2020,54,202,182,32,7,0,8,18,84,1,1,0.176,0.2831325301204819,0.3179297597042514,0.599,0.4248021108179419,0.3880597014925373,0.3844361602982292,0.8932610744580585,0.4901,0.269,0.3027744270205066,0.1066666666666666,24.0,0.0803196383618403,0.1067389255419417,1
Unknown_592348,DET,592348,2020,43,179,158,29,7,1,5,18,69,0,3,0.184,0.3162650602409639,0.2975970425138634,0.598,0.3773087071240105,0.4238805970149254,0.4380242311276793,0.82186616399623,0.514,0.265,0.2919179734620024,0.1066666666666666,28.0,0.0641643867461316,0.1781338360037703,1
Unknown_670032,KC,670032,2020,55,192,169,34,8,0,1,18,41,2,0,0.201,0.3855421686746987,0.1700554528650648,0.552,0.1477572559366754,0.3761194029850746,0.4063373718546132,0.4165881244109331,0.6667,0.265,0.2919179734620024,0.1066666666666666,25.0,0.0340493582118394,0.5834118755890669,1
Unknown_570256,PIT,570256,2020,50,174,158,24,6,0,7,13,65,0,3,0.152,0.1656626506024096,0.2754158964879853,0.535,0.4274406332453826,0.1701492537313432,0.3173345759552656,0.7938265786993401,0.546,0.237,0.2167269802975472,0.08,29.0,0.0867973886346277,0.20617342130066,1
Unknown_545361,LAA,545361,2021,44,168,136,46,10,1,8,30,47,2,0,0.338,0.9216867469879518,0.7929759704251387,1.067,0.6754617414248021,1.0,0.8014911463187325,0.572808671065033,0.5298,0.538,1.0,0.36,30.0,0.0203168106446649,0.4271913289349669,2
Unknown_547180,PHI,547180,2021,148,621,504,159,44,1,37,106,137,5,4,0.315,0.8373493975903615,0.8373382624768948,1.063,0.7994722955145118,0.6895522388059702,0.7646784715750232,0.4333176248821866,0.5974,0.476,0.833936469642139,0.74,29.0,0.0150075220086407,0.5666823751178134,2
Unknown_665742,WSH,665742,2021,156,669,514,158,20,2,29,148,96,2,5,0.307,0.9096385542168676,0.6451016635859521,0.984,0.546174142480211,0.5761194029850747,1.0,0.2516493873704052,0.6323,0.455,0.777643747486932,0.7066666666666667,23.0,0.002550474482438,0.7483506126295947,2
Unknown_621439,MIN,621439,2021,68,273,252,74,24,1,19,15,66,6,0,0.294,0.5722891566265059,0.8299445471349354,0.971,0.8443271767810027,0.5820895522388061,0.2250698974836905,0.4832704995287465,0.6813,0.449,0.761158021712907,0.36,28.0,0.0752427812300137,0.5167295004712535,2
Unknown_665489,TOR,665489,2021,168,717,621,192,31,1,49,88,113,6,2,0.309,0.7259036144578314,0.7855822550831795,0.998,0.7414248021108178,0.5253731343283582,0.5410065237651445,0.2848727615457115,0.7113,0.447,0.7559308403699234,0.7133333333333333,22.0,0.0148547655561201,0.7151272384542884,2
Unknown_673357,CWS,673357,2021,80,343,315,103,23,1,13,18,74,8,2,0.327,0.6566265060240964,0.6580406654343809,0.906,0.5118733509234829,0.7671641791044778,0.2138863000931966,0.4217719132893496,0.7085,0.446,0.7531162042621633,0.4133333333333333,24.0,0.0695174160383717,0.5782280867106504,2
Unknown_643524,CHC,643524,2021,70,267,249,82,20,1,15,17,43,1,0,0.329,0.6536144578313253,0.7837338262476896,0.973,0.6860158311345647,0.6477611940298508,0.266076421248835,0.2928840716305372,0.7715,0.445,0.75070365902694,0.3533333333333334,29.0,0.0389144280907345,0.7071159283694626,2
Unknown_665487,SD,665487,2021,137,564,494,140,33,0,43,64,159,2,4,0.283,0.6234939759036146,0.8077634011090573,0.977,0.841688654353562,0.5791044776119404,0.4981360671015843,0.5777568331762487,0.6011,0.438,0.7318053880176918,0.56,22.0,0.0380671966820884,0.4222431668237512,2
Unknown_660670,ATL,660670,2021,89,380,314,86,19,1,26,51,90,10,5,0.274,0.6897590361445783,0.7670979667282809,0.976,0.8073878627968337,0.4835820895522388,0.5945945945945946,0.4714891611687088,0.6026,0.438,0.7318053880176918,0.4266666666666666,24.0,0.0241472910812894,0.5285108388312911,2
Unknown_660271,LAA,660271,2021,160,651,548,143,26,8,47,97,191,4,2,0.261,0.6536144578313253,0.77818853974122,0.97,0.8575197889182058,0.5194029850746269,0.6635601118359739,0.6048539114043355,0.5515,0.436,0.7265782066747084,0.62,27.0,0.0281073712892808,0.3951460885956646,2
Unknown_608385,CIN,608385,2021,117,507,441,133,32,1,26,56,80,10,0,0.302,0.7078313253012049,0.7060998151571167,0.948,0.6464379947229552,0.5522388059701493,0.4841565703634669,0.2853440150801131,0.712,0.433,0.7185363892239647,0.5066666666666666,28.0,0.0176346189763822,0.714655984919887,2
Unknown_656941,WSH,656941,2021,126,521,441,119,22,0,36,72,135,6,2,0.27,0.6626506024096387,0.722735674676525,0.943,0.7546174142480211,0.5104477611940299,0.6132339235787511,0.5240339302544769,0.5912,0.432,0.7157217531162041,0.5133333333333333,28.0,0.0262819831014319,0.4759660697455232,2
Unknown_518735,CWS,518735,2021,102,414,312,75,9,0,24,90,87,4,7,0.24,0.7560240963855421,0.6025878003696858,0.909,0.662269129287599,0.3313432835820895,0.9822926374650514,0.4085768143261075,0.5604,0.427,0.7024527543224768,0.4266666666666666,33.0,0.0086994740822422,0.5914231856738927,2
Unknown_606466,AZ,606466,2021,96,394,356,112,32,1,15,35,64,2,1,0.315,0.6626506024096387,0.6709796672828099,0.915,0.5620052770448548,0.6417910447761194,0.3830382106244175,0.2961828463713478,0.7437,0.423,0.6915963007639725,0.4,28.0,0.0253918175352368,0.7038171536286522,2
Unknown_474832,SF,474832,2021,101,390,331,90,14,2,29,51,105,7,1,0.272,0.6656626506024096,0.7670979667282809,0.969,0.8126649076517151,0.5194029850746269,0.5787511649580614,0.547832233741753,0.5821,0.423,0.6915963007639725,0.4,33.0,0.0298295567218685,0.452167766258247,2
Unknown_668804,PIT,668804,2021,166,667,578,175,35,8,25,77,125,8,4,0.303,0.6987951807228917,0.6414048059149724,0.911,0.5514511873350924,0.635820895522388,0.5069897483690587,0.3550895381715363,0.6852,0.422,0.6887816646562122,0.58,26.0,0.021425639325403,0.6449104618284636,2
Unknown_543068,COL,543068,2021,149,566,485,138,32,1,31,64,118,13,4,0.285,0.6686746987951807,0.6876155268022184,0.926,0.6675461741424802,0.5402985074626866,0.4962721342031687,0.4048067860508954,0.6537,0.421,0.6863691194209891,0.5066666666666666,31.0,0.0256758113206567,0.5951932139491045,2
Unknown_608369,LAD,608369,2021,109,456,396,118,25,3,19,52,73,5,3,0.298,0.6807228915662652,0.6395563770794825,0.904,0.5620052770448548,0.5611940298507463,0.5004659832246039,0.2907634307257304,0.7149,0.42,0.6835544833132288,0.4333333333333333,27.0,0.0171765061212128,0.7092365692742695,2
Unknown_663538,CHC,663538,2021,52,191,169,52,10,2,1,17,28,3,2,0.308,0.6596385542168676,0.4325323475046211,0.785,0.2427440633245382,0.6716417910447762,0.3839701770736253,0.2589538171536287,0.7487,0.42,0.6835544833132288,0.2666666666666666,24.0,0.0218761235209241,0.741046182846371,3
Unknown_643265,MIA,643265,2021,77,268,232,69,13,1,10,31,70,4,1,0.297,0.6927710843373495,0.5859519408502774,0.879,0.4881266490765171,0.7522388059701494,0.5083876980428704,0.5289820923656927,0.6082,0.419,0.6807398472054684,0.3133333333333333,31.0,0.0336901828822169,0.4710179076343073,2
Unknown_592206,CIN,592206,2021,145,605,550,169,39,1,35,42,129,7,6,0.307,0.6084337349397589,0.7375231053604436,0.933,0.6754617414248021,0.6208955223880598,0.2926374650512581,0.4158812441093308,0.7058,0.416,0.6726980297547245,0.52,29.0,0.0494549317594892,0.5841187558906691,2
Unknown_605204,NYM,605204,2021,78,231,194,54,12,0,6,28,73,7,2,0.278,0.6837349397590361,0.478743068391867,0.818,0.3852242744063324,0.8238805970149253,0.5340167753960857,0.6581055607917059,0.5325,0.415,0.6702854845195014,0.28,28.0,0.0404587699901722,0.3418944392082941,0
Unknown_656582,COL,656582,2021,72,229,196,57,11,0,8,27,46,3,3,0.291,0.6686746987951807,0.5452865064695009,0.849,0.4485488126649076,0.6089552238805972,0.5186393289841565,0.3868991517436381,0.6681,0.415,0.6702854845195014,0.28,29.0,0.0229754282447026,0.613100848256362,2
Unknown_518692,ATL,518692,2021,171,734,634,188,28,2,33,90,120,8,2,0.297,0.6987951807228917,0.6081330868761554,0.893,0.5224274406332453,0.5582089552238807,0.5405405405405406,0.2987747408105561,0.703,0.414,0.6674708484117409,0.5866666666666667,32.0,0.0158065081565184,0.7012252591894439,2
Unknown_458015,CIN,458015,2021,132,543,457,121,23,1,36,78,129,4,4,0.265,0.6506024096385542,0.7060998151571167,0.93,0.7440633245382585,0.4567164179104477,0.6383970177073626,0.4733741753063148,0.6114,0.412,0.6622436670687575,0.4666666666666667,38.0,0.0220194528538104,0.5266258246936852,2
Unknown_592450,NYY,592450,2021,154,654,569,163,25,0,40,77,164,3,5,0.286,0.644578313253012,0.6783733826247691,0.913,0.6490765171503957,0.5910447761194031,0.5177073625349488,0.5044769085768144,0.6269,0.41,0.6566143948532368,0.5266666666666666,29.0,0.0312374218463191,0.4955230914231856,2
Unknown_663656,HOU,663656,2021,148,609,547,159,39,3,32,56,95,1,5,0.291,0.5933734939759036,0.6913123844731979,0.903,0.6569920844327176,0.4925373134328358,0.3979496738117428,0.2811027332704995,0.7471,0.409,0.6542018496180138,0.4933333333333333,24.0,0.0228141144184604,0.7188972667295004,2
Unknown_608070,CLE,608070,2021,159,659,572,152,32,5,38,75,91,7,5,0.266,0.5933734939759036,0.6728280961182997,0.894,0.6965699208443272,0.3582089552238806,0.4995340167753961,0.2389255419415645,0.7375,0.408,0.6513872135102532,0.52,29.0,0.0134824387361572,0.7610744580584352,2
Unknown_621566,ATH,621566,2021,163,696,586,159,37,0,41,89,119,9,12,0.271,0.6355421686746988,0.6839186691312387,0.914,0.6965699208443272,0.4029850746268657,0.5652376514445481,0.3164467483506126,0.6882,0.407,0.6485725774024929,0.54,27.0,0.0158718678104786,0.6835532516493872,2
Unknown_606192,TOR,606192,2021,150,620,572,167,31,0,34,39,157,7,2,0.292,0.5602409638554217,0.646950092421442,0.868,0.5910290237467019,0.635820895522388,0.2623485554520037,0.5101319509896324,0.6726,0.407,0.6485725774024929,0.4933333333333333,29.0,0.06790831003314,0.4898680490103677,2
Unknown_543063,SF,543063,2021,147,588,518,154,33,3,26,59,112,5,6,0.297,0.6415662650602411,0.6451016635859521,0.894,0.5725593667546174,0.5910447761194031,0.4366262814538676,0.3623939679547597,0.7007,0.406,0.6461600321672698,0.4733333333333333,34.0,0.026755864069303,0.6376060320452404,2
Unknown_573131,SF,573131,2021,124,335,282,72,13,2,17,48,96,3,2,0.255,0.6295180722891566,0.5951940850277266,0.864,0.6121372031662269,0.5611940298507463,0.6369990680335509,0.5888312912346843,0.5612,0.406,0.6461600321672698,0.3333333333333333,35.0,0.0287049241882701,0.4111687087653159,2
Unknown_572041,LAD,572041,2021,128,458,414,120,29,1,22,35,94,7,2,0.29,0.5903614457831324,0.646950092421442,0.878,0.5936675461741425,0.5761194029850747,0.3252562907735321,0.3970311027332705,0.7031,0.406,0.6461600321672698,0.4,34.0,0.0419801746268912,0.6029688972667293,2
Unknown_663586,ATL,663586,2021,172,700,626,189,34,1,36,54,176,12,8,0.302,0.6204819277108434,0.6617375231053606,0.896,0.58311345646438,0.6835820895522388,0.3285181733457595,0.5058906691800189,0.6543,0.406,0.6461600321672698,0.54,24.0,0.0531064330290824,0.4941093308199811,2
Unknown_571970,LAD,571970,2021,151,613,515,129,26,2,38,86,127,11,1,0.25,0.6355421686746988,0.6580406654343809,0.899,0.7150395778364117,0.373134328358209,0.6230195712954334,0.4017436380772856,0.6346,0.406,0.6461600321672698,0.4866666666666667,31.0,0.0185788015394638,0.5982563619227144,2
Unknown_502110,BOS,502110,2021,160,679,610,178,46,3,30,61,158,3,5,0.292,0.5963855421686747,0.6487985212569318,0.881,0.5910290237467019,0.635820895522388,0.3876980428704566,0.4618284637134778,0.6716,0.405,0.6433453960595095,0.52,34.0,0.0401501134530943,0.538171536286522,2
Unknown_641933,STL,641933,2021,143,558,501,141,26,2,34,40,176,13,4,0.281,0.5722891566265059,0.6857670979667285,0.893,0.6701846965699209,0.6835820895522388,0.3033550792171481,0.6566918001885014,0.5896,0.404,0.6405307599517491,0.4533333333333333,26.0,0.0751365708297663,0.3433081998114986,2
Unknown_669257,LAD,669257,2021,141,545,452,120,22,2,29,64,106,18,11,0.265,0.6415662650602411,0.6303142329020335,0.886,0.6358839050131926,0.4268656716417911,0.516309412861137,0.3718190386427898,0.655,0.402,0.6353035786087655,0.44,26.0,0.0220607387713358,0.6281809613572102,2
Unknown_593428,BOS,593428,2021,157,654,574,168,35,1,26,68,123,5,7,0.293,0.6355421686746988,0.5896487985212571,0.862,0.503957783641161,0.5820895522388061,0.4538676607642125,0.3567389255419415,0.7003,0.401,0.6324889425010052,0.4933333333333333,29.0,0.0250013202986521,0.6432610744580585,2
Unknown_502671,STL,502671,2021,166,705,627,184,37,2,32,69,138,4,5,0.293,0.6234939759036146,0.6247689463955639,0.877,0.5540897097625329,0.5820895522388061,0.4254426840633737,0.3746465598491989,0.7007,0.401,0.6324889425010052,0.52,34.0,0.028685153485701,0.6253534401508012,2
Unknown_605141,LAD,605141,2021,135,597,509,138,29,3,26,71,94,11,6,0.271,0.6355421686746988,0.5896487985212571,0.862,0.5620052770448548,0.4477611940298507,0.5232991612301957,0.2846371347785109,0.7052,0.4,0.6296743063932448,0.46,29.0,0.0156330311642866,0.7153628652214892,2
Unknown_607043,NYM,607043,2021,97,410,348,100,17,4,9,55,87,5,0,0.287,0.7048192771084337,0.4861367837338263,0.829,0.3693931398416886,0.6776119402985076,0.5941286113699906,0.4135249764373233,0.6366,0.4,0.6296743063932448,0.36,28.0,0.0206220830425208,0.5864750235626768,2
Unknown_457763,SF,457763,2021,123,484,424,129,27,0,19,57,94,1,2,0.304,0.6867469879518072,0.6062846580406656,0.889,0.4986807387862797,0.6477611940298508,0.5181733457595527,0.3711121583411876,0.686,0.399,0.6272617611580216,0.3933333333333333,34.0,0.0219025605418806,0.6288878416588124,2
Unknown_519317,NYY,519317,2021,145,600,528,146,20,0,36,65,163,4,3,0.277,0.6024096385542169,0.6377079482439927,0.877,0.6147757255936676,0.5880597014925374,0.4739049394221808,0.5537229029217718,0.6133,0.399,0.6272617611580216,0.4533333333333333,32.0,0.0385524683398065,0.4462770970782279,2
Unknown_542364,CHC,542364,2021,109,347,311,92,16,3,11,32,75,2,0,0.296,0.6234939759036146,0.5526802218114604,0.838,0.4432717678100263,0.6746268656716418,0.3988816402609506,0.4227144203581527,0.6801,0.399,0.6272617611580216,0.32,30.0,0.0353596954977963,0.5772855796418475,2
Unknown_663611,CWS,663611,2021,59,234,217,67,11,4,2,13,18,3,1,0.309,0.5933734939759036,0.4621072088724585,0.779,0.2796833773087071,0.5791044776119404,0.2283317800559179,0.094721960414703,0.8547,0.399,0.6272617611580216,0.2666666666666666,24.0,0.0167643799246451,0.9052780395852972,3
Unknown_646240,BOS,646240,2021,170,715,637,178,38,1,40,67,154,7,4,0.279,0.5843373493975904,0.6598890942698707,0.883,0.6385224274406333,0.5223880597014926,0.4058713886300093,0.4210650329877475,0.6811,0.398,0.6244471250502612,0.5133333333333333,25.0,0.0344888569398441,0.5789349670122526,2
Unknown_621043,HOU,621043,2021,158,678,586,167,38,1,28,82,120,4,6,0.285,0.6475903614457831,0.5970425138632165,0.87,0.5356200527704486,0.5343283582089553,0.5326188257222739,0.3305843543826579,0.6962,0.397,0.6216324889425009,0.4933333333333333,27.0,0.018330750868024,0.6694156456173419,2
Unknown_516782,MIA,516782,2021,125,542,481,150,29,4,12,44,99,13,3,0.312,0.6777108433734941,0.5360443622920519,0.846,0.3773087071240105,0.7044776119402986,0.34762348555452,0.3440150801131009,0.7103,0.397,0.6216324889425009,0.42,33.0,0.0335438036420423,0.6559849198868992,3
Unknown_656555,PHI,656555,2021,114,465,408,101,31,0,27,49,113,6,2,0.248,0.533132530120482,0.6432532347504623,0.858,0.7018469656992085,0.4179104477611941,0.4603914259086673,0.4860980207351555,0.6387,0.397,0.6216324889425009,0.38,28.0,0.0346180899723864,0.5139019792648445,2
Unknown_641313,CWS,641313,2021,135,596,571,183,34,2,18,23,129,1,1,0.32,0.5692771084337348,0.5693160813308689,0.829,0.4010554089709762,0.7582089552238808,0.1491146318732525,0.423421300659755,0.7433,0.396,0.6192199437072778,0.4466666666666666,28.0,0.0985051335110774,0.5765786993402449,3
Unknown_543807,TOR,543807,2021,80,348,305,80,19,1,22,38,80,4,1,0.262,0.5813253012048193,0.6913123844731979,0.898,0.7282321899736147,0.4477611940298507,0.4780987884436161,0.4552309142318567,0.6466,0.396,0.6192199437072778,0.32,32.0,0.0307432800021302,0.5447690857681433,2
Unknown_607208,WSH,607208,2021,161,697,643,203,37,3,28,44,118,6,4,0.316,0.6174698795180723,0.6266173752310538,0.876,0.4986807387862797,0.6417910447761194,0.2632805219012115,0.3124410933081998,0.759,0.395,0.6164053075995175,0.4933333333333333,28.0,0.0419255710635526,0.6875589066918002,2
Unknown_656775,BAL,656775,2021,163,696,621,178,38,5,30,61,128,9,4,0.287,0.5993975903614458,0.6192236598890943,0.866,0.5620052770448548,0.546268656716418,0.3774464119291705,0.3468426013195099,0.7126,0.395,0.6164053075995175,0.4933333333333333,27.0,0.030627218765796,0.6531573986804902,2
Unknown_624413,NYM,624413,2021,158,658,581,152,28,3,38,61,130,12,4,0.262,0.5542168674698796,0.6321626617375233,0.858,0.6490765171503957,0.4149253731343284,0.4012115563839702,0.3791234684260132,0.6915,0.393,0.6111781262565339,0.4666666666666667,27.0,0.0312522523149592,0.6208765315739868,2
Unknown_663697,CIN,663697,2021,157,652,550,148,36,2,22,74,145,23,4,0.269,0.6566265060240964,0.5323475046210722,0.838,0.4854881266490765,0.573134328358209,0.4981360671015843,0.4375589066918001,0.6273,0.393,0.6111781262565339,0.46,25.0,0.02792047148387,0.5624410933082,2
Unknown_605137,WSH,605137,2021,150,589,515,137,25,1,29,68,108,2,4,0.266,0.5813253012048193,0.5785582255083181,0.839,0.5593667546174143,0.444776119402985,0.5069897483690587,0.3456644674835061,0.6978,0.393,0.6111781262565339,0.4333333333333333,29.0,0.0207547374947241,0.6543355325164939,2
Unknown_614177,CLE,614177,2021,123,492,442,113,18,3,32,45,156,2,3,0.256,0.5030120481927711,0.6524953789279115,0.852,0.6912928759894459,0.5402985074626866,0.3956197576887232,0.6606974552309142,0.5874,0.392,0.6083634901487736,0.38,26.0,0.0570718634123511,0.339302544769086,2
Unknown_501303,ATL,501303,2021,121,234,206,55,13,2,6,22,44,2,3,0.267,0.5451807228915663,0.4861367837338263,0.776,0.4248021108179419,0.5194029850746269,0.407269338303821,0.3565032987747408,0.7051,0.391,0.6055488540410132,0.2533333333333333,32.0,0.0287049241882701,0.6434967012252593,3
Unknown_665120,LAA,665120,2021,149,609,551,152,35,1,29,51,158,4,3,0.276,0.5481927710843374,0.6044362292051757,0.841,0.5699208443271768,0.6000000000000002,0.3592730661696178,0.5247408105560792,0.6502,0.391,0.6055488540410132,0.4333333333333333,28.0,0.0499798063745087,0.4752591894439206,2
Unknown_592178,CHC,592178,2021,155,622,546,146,32,2,27,64,144,10,2,0.267,0.5903614457831324,0.5693160813308689,0.835,0.5408970976253298,0.5432835820895523,0.4487418452935695,0.4590009425070688,0.6495,0.39,0.60313630880579,0.4333333333333333,29.0,0.0335391011352845,0.5409990574929311,2
Unknown_677551,TB,677551,2021,82,342,313,91,21,5,9,25,44,3,1,0.291,0.5722891566265059,0.5582255083179299,0.824,0.4643799472295514,0.5373134328358209,0.3098788443616029,0.2167766258246937,0.7895,0.39,0.60313630880579,0.3,20.0,0.024071250292729,0.7832233741753061,3
Unknown_670541,HOU,670541,2021,155,640,569,156,37,1,35,59,158,8,4,0.274,0.5722891566265059,0.6524953789279115,0.876,0.6437994722955145,0.5492537313432836,0.3988816402609506,0.495287464655985,0.6484,0.389,0.6003216726980296,0.44,24.0,0.0418255300824463,0.5047125353440152,2
Unknown_446334,SF,446334,2021,90,320,280,70,18,0,15,37,74,1,2,0.25,0.5421686746987954,0.5563770794824401,0.812,0.5699208443271768,0.4507462686567164,0.5079217148182665,0.4582940622054666,0.65,0.387,0.5950944913550462,0.2866666666666667,36.0,0.0287049241882701,0.5417059377945335,2
Unknown_642715,MIL,642715,2021,149,591,532,143,34,1,29,58,169,0,1,0.269,0.5481927710843374,0.6025878003696858,0.84,0.5857519788918206,0.6149253731343284,0.4263746505125815,0.5874175306314796,0.6159,0.387,0.5950944913550462,0.4133333333333333,26.0,0.046422819191277,0.4125824693685203,2
Unknown_663886,CIN,663886,2021,137,422,368,106,21,0,10,43,84,6,5,0.288,0.6295180722891566,0.467652495378928,0.794,0.3430079155672823,0.626865671641791,0.4440820130475303,0.3826578699340245,0.6848,0.387,0.5950944913550462,0.3333333333333333,25.0,0.0278121770466516,0.6173421300659754,3
Unknown_666182,TOR,666182,2021,168,718,665,202,33,1,31,43,145,6,4,0.304,0.5783132530120482,0.5951940850277266,0.846,0.4828496042216359,0.635820895522388,0.2483690587138863,0.3892554194156456,0.7298,0.387,0.5950944913550462,0.4733333333333333,23.0,0.0552339394239761,0.6107445805843545,0
Unknown_543760,TOR,543760,2021,170,748,674,178,40,2,47,68,156,3,3,0.264,0.5271084337349398,0.6746765249537894,0.871,0.6992084432717678,0.4238805970149254,0.3928238583410997,0.4050424128180961,0.6965,0.387,0.5950944913550462,0.4866666666666667,31.0,0.0344115014978892,0.594957587181904,2
Unknown_547989,CWS,547989,2021,164,708,607,159,30,2,31,66,154,25,10,0.262,0.5873493975903613,0.5489833641404807,0.824,0.5277044854881267,0.4835820895522388,0.4035414725069897,0.4260131950989632,0.654,0.386,0.5922798552472859,0.46,34.0,0.0351636860342922,0.5739868049010366,2
Unknown_669289,TOR,669289,2021,86,262,238,75,14,1,3,22,32,1,0,0.315,0.6536144578313253,0.4547134935304991,0.796,0.2532981530343007,0.6597014925373134,0.3606710158434296,0.2012252591894439,0.7863,0.386,0.5922798552472859,0.26,27.0,0.0181285162393108,0.7987747408105561,3
Unknown_457759,LAD,457759,2021,165,660,574,157,25,0,29,67,107,13,6,0.274,0.6054216867469878,0.5452865064695009,0.828,0.4907651715039578,0.4597014925373134,0.4422180801491147,0.2954759660697455,0.7167,0.385,0.5894652191395255,0.4333333333333333,37.0,0.0209055086351949,0.7045240339302543,2
Unknown_643393,ATH,643393,2021,123,412,342,98,18,4,8,54,53,6,6,0.287,0.6897590361445783,0.478743068391867,0.82,0.3614775725593667,0.5373134328358209,0.5801491146318732,0.2165409990574929,0.716,0.385,0.5894652191395255,0.3266666666666666,30.0,0.0089803080166769,0.7834590009425069,3
Unknown_571771,BOS,571771,2021,149,642,560,150,40,3,26,65,117,9,8,0.268,0.575301204819277,0.5822550831792976,0.838,0.5593667546174143,0.4716417910447761,0.4408201304753029,0.3428369462770971,0.7025,0.384,0.5870526739043023,0.4266666666666666,30.0,0.0248414710275508,0.6571630537229027,2
Unknown_514888,HOU,514888,2021,157,725,640,177,34,1,34,72,103,5,7,0.277,0.5813253012048193,0.5878003696857672,0.843,0.546174142480211,0.4358208955223881,0.4319664492078285,0.2483506126295947,0.7503,0.384,0.5870526739043023,0.46,31.0,0.0176919659148308,0.7516493873704053,2
Unknown_488771,HOU,488771,2021,71,195,163,36,7,0,8,27,60,3,0,0.221,0.5542168674698796,0.4380776340110906,0.753,0.4775725593667546,0.4805970149253731,0.614631873252563,0.6385485391140433,0.5282,0.383,0.5842380377965419,0.2266666666666666,34.0,0.0329952808447555,0.3614514608859567,0
Unknown_641645,NYM,641645,2021,66,169,142,39,5,0,1,26,25,0,0,0.275,0.6897590361445783,0.2902033271719039,0.718,0.1240105540897097,0.5791044776119404,0.6859273066169618,0.2620169651272385,0.6923,0.382,0.5814234016887816,0.2133333333333333,27.0,0.0086068995129145,0.7379830348727616,3
Unknown_641598,MIN,641598,2021,73,255,219,54,15,0,13,31,74,3,2,0.247,0.5632530120481928,0.5896487985212571,0.838,0.6279683377308707,0.5134328358208955,0.5358807082945014,0.5973138548539114,0.5765,0.382,0.5814234016887816,0.2533333333333333,30.0,0.0361860865016679,0.4026861451460886,2
Unknown_621550,CHC,621550,2021,116,391,353,84,14,0,30,34,157,4,0,0.238,0.463855421686747,0.6635859519408505,0.845,0.7546174142480211,0.5701492537313434,0.374650512581547,0.8595664467483507,0.4987,0.382,0.5814234016887816,0.3066666666666666,30.0,0.079318490888646,0.1404335532516496,0
Unknown_607461,LAD,607461,2021,126,257,223,59,4,1,8,23,50,10,1,0.265,0.6024096385542169,0.4158964879852126,0.757,0.3324538258575198,0.5164179104477612,0.3863000931966449,0.3720546654099906,0.677,0.381,0.5790108564535584,0.2466666666666667,28.0,0.0320786233828554,0.6279453345900095,3
Unknown_642180,NYY,642180,2021,63,166,147,40,7,1,0,18,41,1,0,0.272,0.5933734939759036,0.2939001848428836,0.689,0.1372031662269129,0.7253731343283581,0.4743709226467847,0.4955230914231857,0.6325,0.381,0.5790108564535584,0.2133333333333333,27.0,0.0340973285980088,0.5044769085768144,3
Unknown_608671,PHI,608671,2021,72,164,135,34,6,2,1,26,31,1,0,0.252,0.6596385542168676,0.321626617375231,0.725,0.2295514511873351,0.555223880597015,0.7078285181733458,0.3588595664467484,0.628,0.38,0.5761962203457981,0.2066666666666666,30.0,0.0130739697382299,0.6411404335532516,3
Unknown_664034,SEA,664034,2021,159,672,590,169,33,1,19,48,108,28,6,0.286,0.6234939759036146,0.4953789279112755,0.807,0.387862796833773,0.555223880597015,0.3019571295433365,0.292177191328935,0.7262,0.38,0.5761962203457981,0.42,27.0,0.0335573579262265,0.707822808671065,3
Unknown_475582,WSH,475582,2021,115,288,269,69,17,0,17,17,81,0,2,0.257,0.4246987951807228,0.6192236598890943,0.808,0.6437994722955145,0.4985074626865672,0.244175209692451,0.5761074458058435,0.6597,0.38,0.5761962203457981,0.26,37.0,0.0822442548225497,0.4238925541941565,0
Unknown_668227,TB,668227,2021,151,638,559,154,34,3,21,60,177,14,5,0.275,0.5993975903614458,0.5286506469500927,0.817,0.4617414248021108,0.6835820895522388,0.407269338303821,0.5671536286522149,0.6066,0.378,0.5709690390028146,0.4,26.0,0.0471132570890035,0.4328463713477852,0
Unknown_572287,TB,572287,2021,115,402,359,77,13,2,34,35,144,7,1,0.214,0.4156626506024096,0.6876155268022184,0.842,0.8496042216358839,0.3044776119402985,0.375116495806151,0.7575400565504241,0.5373,0.378,0.5709690390028146,0.3066666666666666,30.0,0.0695937333498814,0.2424599434495757,0
Unknown_521692,KC,521692,2021,166,678,633,172,26,0,48,28,177,13,4,0.272,0.4698795180722892,0.6765249537892792,0.854,0.6860158311345647,0.4985074626865672,0.1616961789375582,0.5287464655984919,0.6785,0.378,0.5709690390028146,0.42,31.0,0.1123601283043319,0.4712535344015081,0
Unknown_621493,LAA,621493,2021,67,246,217,56,15,1,10,20,58,6,1,0.258,0.5361445783132531,0.5563770794824401,0.811,0.5488126649076517,0.5164179104477612,0.3480894687791239,0.4691328934967012,0.6504,0.377,0.5681544028950543,0.24,28.0,0.0461320324793464,0.5308671065032988,0
Unknown_493329,HOU,493329,2021,152,645,566,177,32,0,15,62,75,5,12,0.313,0.6626506024096387,0.5083179297597045,0.827,0.3350923482849604,0.5910447761194031,0.4170549860205033,0.1875589066918002,0.7798,0.376,0.5653397667872939,0.3933333333333333,37.0,0.0134178919076744,0.8124410933081998,3
Unknown_649966,MIL,649966,2021,159,603,519,131,29,1,23,68,118,12,3,0.252,0.5783132530120482,0.500924214417745,0.796,0.4854881266490765,0.444776119402985,0.4948741845293569,0.3746465598491989,0.665,0.376,0.5653397667872939,0.38,24.0,0.0235743392355116,0.6253534401508012,2
Unknown_571980,CIN,571980,2021,130,468,423,116,26,2,20,36,108,5,4,0.274,0.533132530120482,0.5785582255083181,0.822,0.5382585751978891,0.5582089552238807,0.3275862068965517,0.4573515551366635,0.6816,0.376,0.5653397667872939,0.3266666666666666,30.0,0.0480856117274357,0.5426484448633364,0
Unknown_518626,MIN,518626,2021,142,563,476,117,27,0,27,75,119,4,8,0.246,0.5722891566265059,0.5526802218114604,0.821,0.575197889182058,0.3940298507462687,0.5899347623485555,0.4116399622997173,0.6483,0.375,0.5629272215520706,0.36,36.0,0.020712780946304,0.5883600377002827,2
Unknown_593871,MIN,593871,2021,158,665,608,163,36,2,34,46,122,5,6,0.268,0.4939759036144578,0.6062846580406656,0.823,0.5936675461741425,0.4417910447761193,0.2917054986020503,0.3459000942507069,0.7398,0.375,0.5629272215520706,0.4,28.0,0.0413195752498381,0.6540999057492931,2
Unknown_630105,SD,630105,2021,159,664,590,155,35,7,21,58,95,10,3,0.263,0.5391566265060243,0.5157116451016637,0.79,0.4775725593667546,0.4388059701492538,0.3760484622553588,0.2507068803016022,0.7425,0.375,0.5629272215520706,0.4,27.0,0.0217209744611762,0.7492931196983978,3
Unknown_541645,MIL,541645,2021,145,554,496,128,18,0,31,40,134,12,6,0.258,0.5030120481927711,0.5693160813308689,0.807,0.5672823218997362,0.4597014925373134,0.3056849953401677,0.4835061262959473,0.6643,0.374,0.5601125854443103,0.3533333333333334,30.0,0.0548429156975659,0.5164938737040528,0
Unknown_443558,MIN,443558,2021,151,622,553,143,21,1,34,53,138,7,9,0.259,0.5060240963855422,0.5748613678373384,0.811,0.5725593667546174,0.4328358208955225,0.3662628145386766,0.4363807728557964,0.6752,0.374,0.5601125854443103,0.38,41.0,0.0404045623041982,0.5636192271442035,0
Unknown_592518,SD,592518,2021,160,660,580,160,31,2,28,66,105,2,12,0.276,0.5632530120481928,0.567467652495379,0.826,0.5171503957783641,0.4597014925373134,0.4352283317800559,0.2884071630537229,0.7379,0.374,0.5601125854443103,0.3933333333333333,29.0,0.0207885174018987,0.711592836946277,2
Unknown_488726,HOU,488726,2021,132,554,513,159,35,3,8,34,62,5,1,0.31,0.6024096385542169,0.4861367837338263,0.795,0.3113456464379947,0.6149253731343284,0.255358807082945,0.177191328934967,0.8159,0.373,0.55729794933655,0.3533333333333334,34.0,0.0252688469214221,0.8228086710650329,3
Unknown_660162,CWS,660162,2021,156,659,560,149,37,2,15,86,168,11,2,0.266,0.6475903614457831,0.4547134935304991,0.793,0.3825857519788918,0.6567164179104478,0.5773532152842498,0.5141376060320453,0.5979,0.373,0.55729794933655,0.3933333333333333,26.0,0.0278001835087908,0.4858623939679547,0
Unknown_595879,CHC,595879,2021,145,567,522,134,19,2,31,29,191,13,3,0.257,0.4578313253012048,0.5637707948243993,0.789,0.5620052770448548,0.6149253731343284,0.2073625349487418,0.7073515551366635,0.5873,0.373,0.55729794933655,0.3533333333333334,29.0,0.1176039463252827,0.2926484448633366,0
Unknown_606213,CWS,606213,2021,76,283,258,69,9,1,7,23,50,1,1,0.267,0.5150602409638555,0.401109057301294,0.72,0.3034300791556728,0.5164179104477612,0.3480894687791239,0.3298774740810556,0.7385,0.373,0.55729794933655,0.2466666666666667,28.0,0.0320617852115512,0.6701225259189445,3
Unknown_624414,BOS,624414,2021,69,225,206,54,13,0,7,9,53,7,0,0.262,0.4728915662650602,0.467652495378928,0.742,0.4116094986807387,0.5611940298507463,0.1556383970177073,0.4686616399622997,0.6756,0.372,0.5548854041013268,0.2266666666666666,26.0,0.1039978884889656,0.5313383600377002,0
Unknown_664040,TB,664040,2021,160,652,571,135,31,0,39,69,180,9,3,0.236,0.5090361445783133,0.5951940850277266,0.822,0.6596306068601583,0.4059701492537314,0.4622553588070829,0.5640904806786051,0.6043,0.372,0.5548854041013268,0.3866666666666667,27.0,0.0405048381681683,0.4359095193213949,2
Unknown_621438,MIL,621438,2021,100,287,259,64,9,3,13,20,65,7,1,0.247,0.4789156626506025,0.5212569316081332,0.773,0.525065963060686,0.4358208955223881,0.2940354147250699,0.4472196041470311,0.6794,0.372,0.5548854041013268,0.2466666666666667,27.0,0.0528923790188904,0.5527803958529689,0
Unknown_575929,CHC,575929,2021,133,502,428,102,21,1,22,54,145,16,4,0.238,0.5572289156626508,0.5027726432532349,0.789,0.525065963060686,0.5014925373134328,0.4706430568499534,0.5940150801131008,0.5717,0.372,0.5548854041013268,0.3266666666666666,29.0,0.0419443861881821,0.4059849198868994,0
Unknown_516416,PHI,516416,2021,137,584,529,157,28,3,14,40,79,9,5,0.297,0.5873493975903613,0.4916820702402959,0.794,0.3562005277044854,0.5671641791044777,0.2884436160298229,0.2323279924599434,0.7791,0.372,0.5548854041013268,0.36,31.0,0.0282245682716912,0.7676720075400565,3
Unknown_602104,BAL,602104,2021,91,313,277,75,14,0,7,30,81,6,0,0.271,0.5933734939759036,0.412199630314233,0.752,0.308707124010554,0.6746268656716418,0.4156570363466915,0.5233270499528746,0.6262,0.372,0.5548854041013268,0.26,27.0,0.0422820723842405,0.4766729500471256,0
Unknown_592669,BOS,592669,2021,155,618,562,148,35,0,32,49,137,1,6,0.263,0.4879518072289157,0.5951940850277266,0.817,0.5910290237467019,0.4686567164179104,0.3387698042870456,0.4359095193213949,0.6974,0.371,0.5520707679935666,0.3666666666666667,29.0,0.0441063513526094,0.5640904806786051,0
Unknown_641584,SEA,641584,2021,83,281,228,51,9,0,9,48,76,2,2,0.224,0.6114457831325301,0.3844731977818855,0.742,0.3931398416886543,0.4656716417910447,0.7651444547996272,0.5508953817153629,0.548,0.371,0.5520707679935666,0.2466666666666667,26.0,0.0206476799455721,0.4491046182846372,0
Unknown_596129,MIL,596129,2021,102,280,232,51,9,0,10,48,64,0,0,0.22,0.5903614457831324,0.3955637707948244,0.742,0.4195250659630607,0.373134328358209,0.7679403541472507,0.452167766258247,0.6,0.37,0.5492561318858061,0.24,29.0,0.0158087740454279,0.5478322337417529,2
Unknown_624428,PIT,624428,2021,161,661,598,184,40,5,7,48,70,11,1,0.308,0.6355421686746988,0.4658040665434381,0.796,0.2902374670184696,0.6119402985074628,0.3075489282385834,0.1630537229029217,0.8003,0.37,0.5492561318858061,0.38,30.0,0.0182273504949782,0.8369462770970781,3
Unknown_546990,PIT,546990,2021,56,170,153,34,7,1,5,14,65,3,0,0.222,0.4277108433734939,0.378927911275416,0.679,0.3905013192612137,0.6417910447761194,0.353215284249767,0.8145617342130066,0.5176,0.37,0.5492561318858061,0.2,27.0,0.0798185246319998,0.1854382657869933,0
Unknown_456715,MIL,456715,2021,89,325,290,74,13,0,9,32,58,2,1,0.255,0.5240963855421686,0.4048059149722737,0.725,0.3403693931398417,0.4656716417910447,0.4282385834109972,0.3341187558906692,0.7169,0.369,0.546843586650583,0.2533333333333333,35.0,0.0250696238879742,0.6658812441093309,3
Unknown_571745,SEA,571745,2021,162,712,639,160,23,2,41,56,175,9,8,0.25,0.4759036144578313,0.5748613678373384,0.801,0.5963060686015831,0.4238805970149254,0.3359739049394222,0.4926955702167766,0.6629,0.369,0.546843586650583,0.3933333333333333,31.0,0.0504460649106824,0.5073044297832234,0
Unknown_666971,TOR,666971,2021,148,561,518,142,29,2,22,33,104,3,6,0.274,0.4819277108433735,0.5378927911275417,0.783,0.4802110817941952,0.5014925373134328,0.2432432432432432,0.3503770028275212,0.7487,0.369,0.546843586650583,0.34,28.0,0.0510230212607705,0.6496229971724787,3
Unknown_608324,HOU,608324,2021,101,438,382,104,19,0,13,48,62,4,4,0.272,0.5963855421686747,0.4621072088724585,0.78,0.3773087071240105,0.4746268656716418,0.4799627213420316,0.247172478793591,0.7397,0.368,0.5440289505428226,0.2933333333333333,27.0,0.0150006524505794,0.7528275212064093,3
Unknown_657757,CWS,657757,2021,57,191,172,44,9,0,12,16,45,2,1,0.256,0.5030120481927711,0.6340110905730132,0.842,0.6675461741424802,0.4238805970149254,0.3597390493942218,0.4686616399622997,0.6702,0.368,0.5440289505428226,0.2066666666666666,25.0,0.0444110722959794,0.5313383600377002,2
Unknown_661388,ATL,661388,2021,62,198,175,40,7,1,9,20,58,2,1,0.229,0.4668674698795181,0.4805914972273569,0.747,0.5197889182058048,0.4477611940298507,0.4398881640260951,0.6036757775683317,0.596,0.368,0.5440289505428226,0.2066666666666666,24.0,0.04612489022185,0.3963242224316685,0
Unknown_663993,TEX,663993,2021,165,667,576,152,24,3,19,86,166,2,3,0.264,0.6084337349397589,0.4454713493530499,0.775,0.3746701846965699,0.6089552238805972,0.569897483690587,0.5,0.6192,0.368,0.5440289505428226,0.3733333333333333,26.0,0.0273685075198892,0.5,0
Unknown_600869,DET,600869,2021,156,645,575,156,42,4,16,66,137,4,0,0.271,0.5783132530120482,0.4953789279112755,0.792,0.4248021108179419,0.5910447761194031,0.4459459459459459,0.4139962299717248,0.6791,0.368,0.5440289505428226,0.3666666666666667,28.0,0.030180711470359,0.5860037700282752,0
Unknown_543257,DET,543257,2021,162,690,573,138,26,3,25,100,159,9,6,0.241,0.6054216867469878,0.4695009242144178,0.787,0.4696569920844327,0.453731343283582,0.6444547996272134,0.4564090480678605,0.6087,0.368,0.5440289505428226,0.38,32.0,0.0207703640901591,0.5435909519321396,2
Unknown_543685,LAA,543685,2021,66,274,234,56,14,0,7,36,43,2,2,0.239,0.5572289156626508,0.3974121996303143,0.732,0.3720316622691292,0.3850746268656717,0.5815470643056849,0.2832233741753063,0.7044,0.368,0.5440289505428226,0.2333333333333333,31.0,0.0131056141683469,0.7167766258246935,3
Unknown_668942,AZ,668942,2021,147,579,514,137,33,4,12,61,144,0,3,0.267,0.5572289156626508,0.4473197781885398,0.759,0.3720316622691292,0.6328358208955224,0.4603914259086673,0.4995287464655986,0.6373,0.367,0.5412143144350623,0.34,27.0,0.0356648304993884,0.5004712535344014,0
Unknown_571976,SD,571976,2021,153,521,462,121,24,2,19,55,147,0,4,0.262,0.5421686746987954,0.5027726432532349,0.784,0.4617414248021108,0.6149253731343284,0.4613233923578751,0.5782280867106503,0.6123,0.367,0.5412143144350623,0.32,31.0,0.0417002481758629,0.4217719132893496,0
Unknown_628451,TEX,628451,2021,85,292,273,77,16,2,8,15,38,2,1,0.282,0.496987951807229,0.4972273567467654,0.766,0.4010554089709762,0.5044776119402985,0.2087604846225536,0.2200754005655042,0.8082,0.367,0.5412143144350623,0.24,28.0,0.0389851894869457,0.7799245994344959,3
Unknown_657077,BOS,657077,2021,157,653,589,173,35,2,14,54,101,5,5,0.294,0.5933734939759036,0.4750462107208873,0.787,0.3403693931398417,0.5910447761194031,0.3546132339235787,0.2780395852968897,0.755,0.366,0.538801769199839,0.36,25.0,0.0262006431650361,0.72196041470311,3
Unknown_621035,LAD,621035,2021,158,623,542,136,26,4,24,68,178,8,4,0.251,0.5512048192771085,0.5027726432532349,0.787,0.4934036939313984,0.573134328358209,0.4776328052190121,0.5867106503298775,0.5907,0.366,0.538801769199839,0.3533333333333334,31.0,0.0406801529006303,0.4132893496701224,0
Unknown_596103,SF,596103,2021,126,327,291,72,13,1,15,31,88,5,0,0.247,0.5180722891566266,0.5175600739371535,0.784,0.5197889182058048,0.5044776119402985,0.4109972041006523,0.5475966069745523,0.6208,0.366,0.538801769199839,0.2533333333333333,29.0,0.0449366084319363,0.4524033930254476,0
Unknown_592663,PHI,592663,2021,137,555,490,129,26,4,18,51,130,12,2,0.263,0.5662650602409639,0.4972273567467654,0.789,0.4511873350923482,0.564179104477612,0.3974836905871388,0.4653628652214891,0.6523,0.366,0.538801769199839,0.3266666666666666,30.0,0.0393199198126496,0.534637134778511,0
Unknown_608700,BOS,608700,2021,66,192,176,50,8,0,3,12,27,3,0,0.284,0.5481927710843374,0.3826247689463957,0.721,0.2321899736147757,0.5611940298507463,0.260484622553588,0.2448162111215834,0.776,0.365,0.5359871330920788,0.2066666666666666,30.0,0.0335360614349162,0.7551837888784163,3
Unknown_608336,TEX,608336,2021,158,640,520,104,14,1,39,112,219,6,2,0.2,0.5692771084337348,0.5212569316081332,0.803,0.6517150395778364,0.3343283582089552,0.7847157502329916,0.7198397737983034,0.4734,0.365,0.5359871330920788,0.3533333333333334,28.0,0.0278422211085118,0.2801602262016964,2
Unknown_592192,ATH,592192,2021,148,651,541,124,22,4,17,81,135,27,2,0.229,0.5963855421686747,0.378927911275416,0.735,0.3720316622691292,0.4179104477611941,0.548928238583411,0.4022148916116871,0.6267,0.365,0.5359871330920788,0.36,32.0,0.0222634576485219,0.5977851083883128,3
Unknown_596115,COL,596115,2021,149,617,546,134,34,5,25,55,145,11,5,0.245,0.5,0.534195933456562,0.788,0.5514511873350924,0.453731343283582,0.3844361602982292,0.4672478793590952,0.658,0.365,0.5359871330920788,0.3466666666666667,29.0,0.0410437952533323,0.5327521206409049,0
Unknown_572228,NYY,572228,2021,71,253,221,54,8,1,11,24,76,8,0,0.244,0.5481927710843374,0.489833641404806,0.779,0.4907651715039578,0.5582089552238807,0.4114631873252563,0.6213477851083883,0.5731,0.365,0.5359871330920788,0.2266666666666666,30.0,0.0512625666576992,0.3786522148916118,0
Unknown_543939,MIL,543939,2021,126,528,477,129,34,2,16,34,90,14,3,0.27,0.533132530120482,0.512014787430684,0.786,0.4511873350923482,0.5014925373134328,0.2693383038210624,0.3152686145146089,0.7386,0.364,0.5331724969843183,0.3133333333333333,31.0,0.041237922525059,0.6847313854853911,3
Unknown_596019,NYM,596019,2021,132,552,477,115,18,3,22,61,97,5,3,0.241,0.5240963855421686,0.4731977818853974,0.761,0.4749340369393139,0.3701492537313433,0.4841565703634669,0.3275212064090481,0.6938,0.364,0.5331724969843183,0.32,28.0,0.0207700376993694,0.672478793590952,3
Unknown_622682,DET,622682,2021,78,241,228,61,13,4,5,10,58,0,1,0.268,0.4186746987951807,0.4639556377079483,0.723,0.3931398416886543,0.6059701492537314,0.162628145386766,0.4806786050895381,0.7095,0.364,0.5331724969843183,0.22,27.0,0.1022558918856076,0.5193213949104618,0
Unknown_664774,SF,664774,2021,119,410,360,88,17,3,19,37,99,6,3,0.244,0.496987951807229,0.5415896487985215,0.789,0.5620052770448548,0.4417910447761193,0.3895619757688723,0.4825636192271442,0.6439,0.363,0.5307599517490953,0.2733333333333333,27.0,0.0418160343712183,0.5174363807728557,0
Unknown_650391,CWS,650391,2021,63,259,241,63,12,0,11,16,63,1,1,0.261,0.4548192771084337,0.5064695009242146,0.757,0.4696569920844327,0.5253731343283582,0.2572227399813607,0.486569274269557,0.6911,0.363,0.5307599517490953,0.2266666666666666,25.0,0.0661631754938465,0.5134307257304431,0
Unknown_666185,STL,666185,2021,156,642,563,150,31,4,20,59,157,11,8,0.266,0.5572289156626508,0.4953789279112755,0.785,0.4406332453825857,0.5850746268656717,0.3974836905871388,0.4896324222431669,0.6449,0.363,0.5307599517490953,0.3466666666666667,23.0,0.0414892542358859,0.5103675777568333,0
Unknown_641857,COL,641857,2021,159,624,554,142,33,1,24,60,158,5,5,0.256,0.5240963855421686,0.5083179297597045,0.781,0.4854881266490765,0.5343283582089553,0.4175209692451071,0.5101319509896324,0.6426,0.363,0.5307599517490953,0.34,27.0,0.0409379333687004,0.4898680490103677,0
Unknown_657656,ATH,657656,2021,93,395,354,89,23,3,14,31,102,9,1,0.251,0.5090361445783133,0.5138632162661738,0.779,0.5065963060686016,0.5373134328358209,0.3350419384902143,0.5219132893496701,0.6405,0.363,0.5307599517490953,0.2666666666666666,27.0,0.0536575153078495,0.4780867106503299,0
Unknown_456781,SF,456781,2021,111,370,331,91,17,0,9,25,64,8,5,0.275,0.5361445783132531,0.4325323475046211,0.744,0.3271767810026385,0.5313432835820896,0.2842497670083876,0.3211592836946277,0.7351,0.362,0.527945315641335,0.26,34.0,0.0395279800079499,0.6788407163053722,3
Unknown_571448,STL,571448,2021,165,679,615,155,36,3,35,54,98,3,7,0.252,0.463855421686747,0.5859519408502774,0.803,0.6068601583113455,0.3313432835820895,0.3397017707362535,0.2535344015080114,0.7717,0.362,0.527945315641335,0.3533333333333334,30.0,0.0251259793847253,0.7464655984919888,2
Unknown_542583,MIA,542583,2021,137,527,469,123,24,0,23,48,93,3,7,0.262,0.5180722891566266,0.5304990757855823,0.791,0.4986807387862797,0.4298507462686568,0.3937558247903075,0.3294062205466541,0.7173,0.362,0.527945315641335,0.3066666666666666,31.0,0.0274938764215741,0.6705937794533459,3
Unknown_500871,AZ,500871,2021,157,631,579,145,28,5,29,50,135,1,1,0.25,0.4608433734939758,0.5397412199630316,0.777,0.546174142480211,0.4328358208955225,0.3383038210624418,0.4175306314797362,0.7052,0.361,0.5251306795335746,0.34,32.0,0.0422684499299043,0.582469368520264,0
Unknown_624585,KC,624585,2021,159,636,554,125,32,0,29,71,150,6,5,0.226,0.4819277108433735,0.4916820702402959,0.758,0.5435356200527705,0.3552238805970149,0.48928238583411,0.4691328934967012,0.6305,0.361,0.5251306795335746,0.34,29.0,0.0308902245867478,0.5308671065032988,0
Unknown_656541,COL,656541,2021,87,263,236,49,7,2,14,26,100,1,0,0.208,0.3945783132530119,0.4768946395563772,0.721,0.5699208443271768,0.4567164179104477,0.4301025163094129,0.80937794533459,0.5171,0.361,0.5251306795335746,0.22,27.0,0.0644020571455219,0.1906220546654102,0
Unknown_664023,CHC,664023,2021,154,555,481,111,23,1,26,65,160,6,1,0.231,0.5150602409638555,0.500924214417745,0.774,0.5408970976253298,0.4567164179104477,0.5149114631873253,0.592836946277097,0.5802,0.361,0.5251306795335746,0.3133333333333333,27.0,0.0376471403607407,0.4071630537229029,0
Unknown_669720,BAL,669720,2021,137,551,508,133,27,5,24,29,112,10,1,0.262,0.4698795180722892,0.5582255083179299,0.79,0.5435356200527705,0.4716417910447761,0.2143522833178005,0.3925541941564562,0.7205,0.361,0.5251306795335746,0.3133333333333333,26.0,0.0648033328890346,0.6074458058435437,0
Unknown_643376,TOR,643376,2021,69,219,197,42,13,0,11,18,46,3,0,0.213,0.3945783132530119,0.5046210720887248,0.736,0.5936675461741425,0.2597014925373134,0.3522833178005591,0.4083411875589067,0.6895,0.361,0.5251306795335746,0.2066666666666666,26.0,0.0394422917353267,0.5916588124410933,0
Unknown_650490,TB,650490,2021,145,579,498,129,20,2,14,73,90,3,5,0.259,0.5903614457831324,0.4029574861367839,0.746,0.3271767810026385,0.4597014925373134,0.5568499534016775,0.279688972667295,0.7133,0.36,0.5227181342983513,0.32,30.0,0.0138467630106285,0.7203110273327049,3
Unknown_624641,STL,624641,2021,117,341,303,81,8,4,7,18,65,17,2,0.267,0.5512048192771085,0.3974121996303143,0.731,0.2981530343007915,0.5492537313432836,0.2152842497670083,0.3626295947219604,0.7009,0.36,0.5227181342983513,0.2466666666666667,25.0,0.0598643752163487,0.6373704052780396,3
Unknown_519203,CHC,519203,2021,149,600,518,126,24,3,23,53,95,24,5,0.243,0.5421686746987954,0.4805914972273569,0.773,0.4802110817941952,0.3582089552238806,0.380708294501398,0.2865221489161169,0.7133,0.36,0.5227181342983513,0.3266666666666666,32.0,0.0246935314814057,0.7134778510838831,3
Unknown_643217,KC,643217,2021,141,558,509,140,28,2,17,39,102,2,6,0.275,0.5060240963855422,0.4879852125693162,0.764,0.4063324538258575,0.5283582089552239,0.2949673811742777,0.3442507068803015,0.7401,0.36,0.5227181342983513,0.3133333333333333,27.0,0.0406117520287396,0.6557492931196984,3
Unknown_663624,BAL,663624,2021,150,606,553,141,24,1,35,42,165,4,7,0.255,0.4548192771084337,0.5878003696857672,0.8,0.6015831134564643,0.4776119402985074,0.2921714818266542,0.5551366635249764,0.6518,0.36,0.5227181342983513,0.3266666666666666,24.0,0.0660473878517243,0.4448633364750236,0
Unknown_657041,WSH,657041,2021,80,278,239,55,15,2,7,37,66,0,2,0.23,0.5210843373493976,0.412199630314233,0.728,0.41688654353562,0.453731343283582,0.5894687791239515,0.4729029217719133,0.6295,0.36,0.5227181342983513,0.2266666666666666,26.0,0.024516803128356,0.5270970782280866,0
Unknown_593934,MIN,593934,2021,143,555,490,109,25,0,31,62,192,2,1,0.222,0.463855421686747,0.534195933456562,0.775,0.6121372031662269,0.4686567164179104,0.4897483690587139,0.7285579641847313,0.5387,0.359,0.519903498190591,0.3066666666666666,28.0,0.0499318797151132,0.2714420358152687,0
Unknown_592885,MIL,592885,2021,128,511,429,108,19,3,11,76,125,3,3,0.252,0.6265060240963854,0.3937153419593347,0.753,0.3324538258575198,0.5791044776119404,0.6621621621621622,0.4898680490103677,0.6008,0.358,0.5170888620828307,0.2933333333333333,30.0,0.0218322184677812,0.5101319509896323,0
Unknown_656669,CLE,656669,2021,71,218,186,35,9,0,12,29,68,3,0,0.188,0.4487951807228916,0.4731977818853974,0.737,0.6147757255936676,0.2477611940298507,0.5890027958993477,0.648444863336475,0.5413,0.358,0.5170888620828307,0.2066666666666666,28.0,0.0353847607876128,0.351555136663525,0
Unknown_457705,PHI,457705,2021,150,595,500,113,24,1,27,83,135,5,7,0.226,0.5421686746987954,0.4916820702402959,0.778,0.5408970976253298,0.3432835820895522,0.6192917054986021,0.4481621112158341,0.6252,0.358,0.5170888620828307,0.3133333333333333,35.0,0.0214760892193373,0.551837888784166,2
Unknown_640461,ATH,640461,2021,79,252,233,60,17,2,7,16,65,2,1,0.258,0.4578313253012048,0.4879852125693162,0.747,0.4511873350923482,0.5761194029850747,0.2651444547996272,0.5212064090480679,0.6706,0.358,0.5170888620828307,0.2133333333333333,29.0,0.0686047239047288,0.4787935909519321,0
Unknown_594694,PIT,594694,2021,122,260,235,63,8,3,4,24,58,0,1,0.268,0.533132530120482,0.378927911275416,0.713,0.2691292875989445,0.6119402985074628,0.3993476234855544,0.4392082940622054,0.6846,0.358,0.5170888620828307,0.22,29.0,0.0367784608717037,0.5607917059377947,3
Unknown_660821,MIA,660821,2021,64,251,227,57,8,2,14,20,78,3,1,0.251,0.4849397590361446,0.5822550831792976,0.808,0.604221635883905,0.5432835820895523,0.3406337371854613,0.6458529688972667,0.5976,0.358,0.5170888620828307,0.2133333333333333,24.0,0.0654731223966069,0.3541470311027335,0
Unknown_527038,SF,527038,2021,150,469,417,106,17,1,18,45,64,4,3,0.254,0.5180722891566266,0.4713493530499077,0.76,0.4379947229551451,0.3761194029850746,0.4161230195712954,0.2351555136663525,0.7591,0.357,0.5146763168476075,0.2733333333333333,30.0,0.0175437131854086,0.7648444863336474,3
Unknown_645277,ATL,645277,2021,167,723,664,172,43,7,31,48,135,4,7,0.259,0.4578313253012048,0.5748613678373384,0.795,0.5725593667546174,0.4328358208955225,0.2786579683131407,0.353440150801131,0.7414,0.357,0.5146763168476075,0.3466666666666667,24.0,0.044416707474916,0.6465598491988691,0
Unknown_650333,MIN,650333,2021,129,503,449,133,20,6,2,45,49,3,6,0.296,0.6084337349397589,0.3826247689463957,0.741,0.2005277044854881,0.5671641791044777,0.3863000931966449,0.1430254476908576,0.8072,0.357,0.5146763168476075,0.2866666666666667,24.0,0.0110578822473623,0.8569745523091423,3
Unknown_622110,CHC,622110,2021,104,338,305,88,13,1,5,25,65,7,1,0.289,0.5933734939759036,0.3937153419593347,0.742,0.2348284960422163,0.6507462686567164,0.3140726933830381,0.3666352497643732,0.713,0.357,0.5146763168476075,0.24,30.0,0.0402920787721678,0.6333647502356268,3
Unknown_650559,MIA,650559,2021,57,220,200,60,8,2,5,18,53,1,1,0.3,0.6054216867469878,0.4824399260628466,0.794,0.3324538258575198,0.7492537313432835,0.3504193849021435,0.4811498586239397,0.6727,0.356,0.5118616807398472,0.2,25.0,0.0469956519035068,0.5188501413760602,3
Unknown_545350,CHC,545350,2021,94,215,192,45,8,3,8,12,70,7,2,0.234,0.4277108433734939,0.4768946395563772,0.733,0.4986807387862797,0.5522388059701493,0.2292637465051258,0.6807257304429783,0.5767,0.356,0.5118616807398472,0.2,30.0,0.1029357631206896,0.3192742695570219,0
Unknown_628450,WSH,628450,2021,119,297,271,75,10,1,9,23,60,1,2,0.277,0.5271084337349398,0.4565619223659889,0.754,0.3562005277044854,0.5671641791044777,0.3299161230195713,0.3894910461828464,0.7172,0.356,0.5118616807398472,0.2266666666666666,34.0,0.0405082890574199,0.6105089538171538,3
Unknown_664056,STL,664056,2021,105,411,373,98,21,1,16,29,87,7,2,0.263,0.5060240963855422,0.5157116451016637,0.779,0.4775725593667546,0.4985074626865672,0.2982292637465051,0.4123468426013195,0.7007,0.355,0.5090470446320868,0.2533333333333333,27.0,0.0480330262557455,0.5876531573986805,0
Unknown_641820,BAL,641820,2021,154,640,579,150,33,1,22,52,152,8,1,0.259,0.5120481927710844,0.4805914972273569,0.762,0.4353562005277044,0.5402985074626866,0.34762348555452,0.473138548539114,0.6687,0.354,0.5066344993968637,0.3133333333333333,29.0,0.0466063944827673,0.5268614514608858,0
Unknown_545358,LAA,545358,2021,89,335,297,71,13,1,14,29,107,8,1,0.239,0.4939759036144578,0.4750462107208873,0.753,0.4828496042216359,0.5611940298507463,0.3727865796831314,0.6661168708765316,0.5701,0.354,0.5066344993968637,0.2333333333333333,30.0,0.0613813295527734,0.3338831291234685,0
Unknown_672386,TOR,672386,2021,61,197,173,41,9,0,8,19,26,3,2,0.237,0.4879518072289157,0.4695009242144178,0.748,0.4802110817941952,0.2985074626865672,0.418452935694315,0.2245523091423186,0.7563,0.354,0.5066344993968637,0.1933333333333333,23.0,0.016497294694936,0.7754476908576813,3
Unknown_600303,SF,600303,2021,87,269,244,62,11,1,8,21,29,3,1,0.254,0.4879518072289157,0.4288354898336415,0.725,0.3773087071240105,0.3761194029850746,0.3331780055917987,0.1675306314797361,0.7955,0.353,0.5038198632891033,0.2133333333333333,32.0,0.0167099554014545,0.832469368520264,3
Unknown_668731,DET,668731,2021,125,479,429,111,20,7,15,47,128,0,3,0.259,0.5180722891566266,0.4972273567467654,0.773,0.4617414248021108,0.5910447761194031,0.4263746505125815,0.543119698397738,0.6347,0.353,0.5038198632891033,0.2666666666666666,23.0,0.0427135048699348,0.456880301602262,0
Unknown_642133,MIL,642133,2021,117,356,327,78,14,2,14,23,76,5,1,0.239,0.4216867469879518,0.4584103512014788,0.72,0.4591029023746701,0.4029850746268657,0.2702702702702703,0.4165881244109331,0.7079,0.352,0.501005227181343,0.2333333333333333,26.0,0.0539629760739046,0.5834118755890669,0
Unknown_553882,MIL,553882,2021,131,468,410,110,21,0,13,44,86,8,6,0.268,0.5662650602409639,0.4454713493530499,0.761,0.3614775725593667,0.5134328358208955,0.407269338303821,0.3466069745523091,0.7051,0.352,0.501005227181343,0.26,29.0,0.0278401031795108,0.653393025447691,3
Unknown_666915,BOS,666915,2021,139,482,444,105,22,5,27,30,166,7,1,0.236,0.4126506024096384,0.5859519408502774,0.786,0.6490765171503957,0.5253731343283582,0.2590866728797763,0.72502356267672,0.5788,0.352,0.501005227181343,0.2666666666666666,26.0,0.0971649550454974,0.2749764373232799,0
Unknown_502054,SD,502054,2021,162,582,493,114,24,2,17,81,132,4,4,0.231,0.5542168674698796,0.401109057301294,0.733,0.3984168865435356,0.4328358208955225,0.6178937558247902,0.4479264844486334,0.6271,0.352,0.501005227181343,0.2933333333333333,33.0,0.0215300339637113,0.5520735155513667,0
Unknown_606157,CIN,606157,2021,90,222,190,38,8,1,11,28,81,2,2,0.2,0.4457831325301205,0.4658040665434381,0.733,0.5725593667546174,0.4059701492537314,0.5568499534016775,0.7733270499528746,0.5,0.352,0.501005227181343,0.2,27.0,0.0460036304353796,0.2266729500471254,0
Unknown_592626,CHC,592626,2021,146,504,452,109,20,3,23,39,122,8,5,0.241,0.4578313253012048,0.512014787430684,0.761,0.5303430079155672,0.4238805970149254,0.3299161230195713,0.4839773798303488,0.6647,0.351,0.4985926819461198,0.2666666666666666,29.0,0.0505361477704051,0.5160226201696514,0
Unknown_621563,TB,621563,2021,142,523,482,128,35,4,12,28,116,10,3,0.266,0.4789156626506025,0.4713493530499077,0.747,0.4089709762532981,0.5701492537313434,0.2185461323392357,0.4361451460885957,0.7055,0.351,0.4985926819461198,0.2733333333333333,31.0,0.0702378857802738,0.5638548539114043,3
Unknown_663898,COL,663898,2021,102,415,387,110,21,3,15,19,84,7,2,0.284,0.5120481927710844,0.5471349353049908,0.798,0.467018469656992,0.5791044776119404,0.1826654240447343,0.3904335532516494,0.7349,0.351,0.4985926819461198,0.2466666666666667,25.0,0.0755300633566509,0.6095664467483506,3
Unknown_571657,CIN,571657,2021,151,547,496,133,24,2,17,26,97,19,5,0.268,0.5060240963855422,0.467652495378928,0.753,0.3957783641160949,0.4955223880597015,0.1905871388630009,0.3312912346842602,0.7386,0.351,0.4985926819461198,0.28,31.0,0.0622409055815713,0.6687087653157398,3
Unknown_621020,ATL,621020,2021,171,688,621,154,35,2,28,54,174,5,7,0.248,0.4578313253012048,0.5027726432532349,0.756,0.4986807387862797,0.4835820895522388,0.3350419384902143,0.5094250706880301,0.6599,0.35,0.4957780458383594,0.3133333333333333,27.0,0.0523507096464486,0.4905749293119699,0
Unknown_640457,TB,640457,2021,153,624,548,126,31,3,28,62,128,6,8,0.23,0.4608433734939758,0.512014787430684,0.762,0.5593667546174143,0.3313432835820895,0.4324324324324324,0.3967954759660698,0.6859,0.35,0.4957780458383594,0.2933333333333333,26.0,0.0299316823596489,0.6032045240339301,0
Unknown_683734,CWS,683734,2021,137,499,444,106,25,1,15,42,109,7,6,0.239,0.4608433734939758,0.4195933456561924,0.712,0.4036939313984168,0.4328358208955225,0.3616029822926374,0.42813383600377,0.6834,0.35,0.4957780458383594,0.2666666666666666,23.0,0.0401986996129071,0.5718661639962299,3
Unknown_543281,WSH,543281,2021,145,580,524,148,33,2,8,34,76,19,3,0.282,0.5692771084337348,0.4158964879852126,0.745,0.2823218997361477,0.5432835820895523,0.2423112767940354,0.222196041470311,0.7759,0.35,0.4957780458383594,0.2866666666666667,34.0,0.0332630495440419,0.7778039585296888,3
Unknown_571875,CWS,571875,2021,60,186,159,32,5,0,8,23,59,2,2,0.201,0.4457831325301205,0.3881700554528651,0.69,0.4564643799472295,0.3611940298507463,0.5456663560111836,0.660933081998115,0.5484,0.35,0.4957780458383594,0.1866666666666666,31.0,0.0396266310879726,0.3390669180018852,0
Unknown_670032,KC,670032,2021,151,573,504,150,21,6,2,50,76,4,3,0.298,0.6204819277108434,0.3715341959334566,0.739,0.179419525065963,0.6298507462686568,0.3760484622553588,0.225966069745523,0.7522,0.349,0.4929634097305991,0.28,26.0,0.0193929912188115,0.7740339302544765,3
Unknown_608348,AZ,608348,2021,103,373,317,75,12,1,13,45,76,6,5,0.237,0.5421686746987954,0.4251386321626618,0.742,0.41688654353562,0.3940298507462687,0.5312208760484622,0.39373232799246,0.6595,0.349,0.4929634097305991,0.2333333333333333,27.0,0.0227024667563934,0.6062676720075402,3
Unknown_622761,BAL,622761,2021,90,236,216,55,14,1,4,13,61,4,2,0.255,0.4457831325301205,0.3881700554528651,0.691,0.3192612137203166,0.5940298507462688,0.2260018639328984,0.5226201696512723,0.6653,0.349,0.4929634097305991,0.2,26.0,0.0807997207758866,0.4773798303487278,1
Unknown_457708,LAA,457708,2021,97,385,342,75,15,0,18,39,112,1,3,0.219,0.4246987951807228,0.4565619223659889,0.72,0.5092348284960422,0.391044776119403,0.4412861136999068,0.5989632422243166,0.6026,0.349,0.4929634097305991,0.2333333333333333,34.0,0.0455765157289645,0.4010367577756835,0
Unknown_573262,SF,573262,2021,149,563,498,111,29,4,28,52,140,9,3,0.223,0.4457831325301205,0.5397412199630316,0.772,0.6174142480211081,0.3432835820895522,0.3998136067101584,0.4995287464655986,0.6412,0.348,0.4905508644953759,0.2733333333333333,31.0,0.0420903959240296,0.5004712535344014,0
Unknown_595281,TB,595281,2021,118,419,374,99,23,7,5,36,105,5,4,0.265,0.5301204819277109,0.4251386321626618,0.738,0.3430079155672823,0.6477611940298508,0.369524697110904,0.5040056550424128,0.6516,0.348,0.4905508644953759,0.24,31.0,0.0464606262118906,0.4959943449575874,0
Unknown_453568,COL,453568,2021,156,600,532,142,26,4,13,54,98,11,3,0.267,0.5632530120481928,0.4251386321626618,0.749,0.337730870712401,0.5074626865671642,0.3886300093196644,0.2983034872761546,0.7283,0.348,0.4905508644953759,0.2866666666666667,35.0,0.0251134003270258,0.7016965127238455,3
Unknown_444482,AZ,444482,2021,156,561,507,129,33,8,8,48,97,3,3,0.254,0.4909638554216867,0.4140480591497229,0.719,0.3562005277044854,0.4925373134328358,0.3681267474370922,0.3209236569274269,0.7362,0.348,0.4905508644953759,0.2733333333333333,34.0,0.0290893211542239,0.6790763430725728,3
Unknown_656976,AZ,656976,2021,155,572,524,141,30,4,12,43,110,4,1,0.269,0.5150602409638555,0.4362292051756007,0.739,0.3482849604221635,0.555223880597015,0.3196644920782852,0.3666352497643732,0.7255,0.348,0.4905508644953759,0.28,25.0,0.0394894480772624,0.6333647502356268,3
Unknown_543333,SD,543333,2021,157,583,527,144,28,0,12,48,102,5,2,0.273,0.5421686746987954,0.4085027726432533,0.733,0.2955145118733509,0.5492537313432836,0.352749301025163,0.3258718190386427,0.7324,0.348,0.4905508644953759,0.28,32.0,0.0311508219437612,0.6741281809613571,3
Unknown_656308,BOS,656308,2021,49,151,146,34,8,1,4,1,52,2,2,0.233,0.2620481927710844,0.3881700554528651,0.629,0.3746701846965699,0.573134328358209,0.0,0.72502356267672,0.6358,0.348,0.4905508644953759,0.1733333333333333,26.0,1.0000000000000002,0.2749764373232799,1
Unknown_676801,HOU,676801,2021,99,342,303,78,12,0,14,27,111,4,8,0.257,0.4849397590361446,0.4842883548983365,0.754,0.445910290237467,0.626865671641791,0.33690587138863,0.6783694627709708,0.5848,0.347,0.4877362283876156,0.22,26.0,0.0696238135616137,0.3216305372290293,0
Unknown_666158,LAD,666158,2021,112,415,367,89,14,4,8,43,95,3,2,0.243,0.5030120481927711,0.3585951940850277,0.693,0.3060686015831134,0.5104477611940299,0.4520037278657968,0.4528746465598491,0.6602,0.347,0.4877362283876156,0.24,24.0,0.0327591204873765,0.5471253534401508,3
Unknown_621453,SF,621453,2021,112,312,281,70,15,5,8,29,95,2,0,0.249,0.5,0.4602587800369687,0.747,0.4353562005277044,0.6388059701492538,0.402143522833178,0.6310084825636192,0.5962,0.347,0.4877362283876156,0.2133333333333333,28.0,0.0534358172415644,0.3689915174363809,0
Unknown_647304,CLE,647304,2021,74,267,250,62,13,0,9,14,47,3,0,0.248,0.4156626506024096,0.4325323475046211,0.704,0.3984168865435356,0.4149253731343284,0.2134203168685927,0.3282280867106503,0.7566,0.347,0.4877362283876156,0.2,24.0,0.0550047880896885,0.6717719132893498,3
Unknown_594807,MIA,594807,2021,154,588,541,126,18,3,39,37,177,5,5,0.233,0.3855421686746987,0.5914972273567469,0.779,0.6649076517150396,0.3880597014925373,0.2623485554520037,0.6227615457115928,0.6276,0.346,0.4849215922798552,0.2733333333333333,33.0,0.0826172726970707,0.3772384542884073,0
Unknown_642336,TB,642336,2021,87,291,263,69,16,3,6,18,54,7,2,0.262,0.5,0.4436229205175602,0.739,0.3773087071240105,0.5164179104477612,0.2576887232059646,0.3508482563619227,0.7251,0.346,0.4849215922798552,0.2066666666666666,26.0,0.0480291729923491,0.6491517436380774,3
Unknown_624424,NYM,624424,2021,131,504,430,99,21,0,15,59,109,13,2,0.23,0.5451807228915663,0.3881700554528651,0.723,0.3799472295514511,0.4149253731343284,0.5149114631873253,0.4231856738925542,0.6409,0.346,0.4849215922798552,0.2533333333333333,28.0,0.0257462241977484,0.5768143261074459,3
Unknown_546318,PHI,546318,2021,131,516,474,122,28,2,14,30,82,6,5,0.257,0.4487951807228916,0.4436229205175602,0.72,0.387862796833773,0.4417910447761193,0.2399813606710158,0.2879359095193214,0.7674,0.346,0.4849215922798552,0.26,30.0,0.0429300637873113,0.7120640904806785,3
Unknown_666969,TEX,666969,2021,157,641,598,148,28,2,33,33,197,5,5,0.247,0.3975903614457831,0.5415896487985215,0.757,0.5540897097625329,0.5194029850746269,0.2092264678471574,0.6376060320452404,0.6334,0.346,0.4849215922798552,0.2866666666666667,28.0,0.1054880754430788,0.3623939679547596,0
Unknown_570731,DET,570731,2021,164,696,642,177,31,1,22,40,139,6,8,0.276,0.4879518072289157,0.4731977818853974,0.75,0.3825857519788918,0.546268656716418,0.2371854613233923,0.384071630537229,0.7342,0.346,0.4849215922798552,0.3,30.0,0.0572164434741487,0.6159283694627711,3
Unknown_553902,MIN,553902,2021,78,238,230,57,11,0,10,3,13,4,1,0.248,0.3343373493975904,0.4658040665434381,0.695,0.445910290237467,0.2746268656716418,0.0279589934762348,0.0421771913289349,0.916,0.346,0.4849215922798552,0.1933333333333333,30.0,0.073867799090144,0.9578228086710652,3
Unknown_501659,ATL,501659,2021,69,188,159,33,13,0,5,28,39,0,1,0.208,0.5,0.3881700554528651,0.708,0.4406332453825857,0.3194029850746268,0.66309412861137,0.4022148916116871,0.6436,0.346,0.4849215922798552,0.18,32.0,0.016953824050701,0.5977851083883128,0
Unknown_662139,AZ,662139,2021,95,321,290,72,17,2,11,30,69,0,0,0.248,0.4849397590361446,0.4805914972273569,0.753,0.467018469656992,0.4656716417910447,0.4049394221808015,0.4201225259189444,0.6885,0.345,0.4821069561720948,0.2133333333333333,25.0,0.0345012289885106,0.5798774740810557,0
Unknown_543543,PHI,543543,2021,142,385,338,76,10,3,20,46,117,1,0,0.225,0.4849397590361446,0.5101663585951943,0.769,0.5699208443271768,0.4328358208955225,0.5260950605778192,0.6295947219604147,0.574,0.345,0.4821069561720948,0.2266666666666666,32.0,0.0392168330267576,0.3704052780395852,0
Unknown_592325,PIT,592325,2021,127,421,357,84,18,3,8,55,110,3,4,0.235,0.5451807228915663,0.3622920517560075,0.709,0.3298153034300791,0.5343283582089553,0.5778191985088537,0.5292177191328934,0.5962,0.345,0.4821069561720948,0.2333333333333333,29.0,0.0287197446460152,0.4707822808671065,0
Unknown_553869,COL,553869,2021,112,390,355,85,18,1,18,32,65,2,1,0.239,0.4427710843373493,0.5064695009242146,0.753,0.525065963060686,0.3313432835820895,0.3518173345759552,0.3063147973609802,0.7462,0.345,0.4821069561720948,0.2266666666666666,31.0,0.0292943126722862,0.6936852026390199,3
Unknown_641786,SEA,641786,2021,38,155,138,34,5,0,5,16,38,1,0,0.246,0.5150602409638555,0.401109057301294,0.72,0.3588390501319261,0.5104477611940299,0.4501397949673811,0.4912818096135721,0.6452,0.345,0.4821069561720948,0.1733333333333333,26.0,0.0359819987156484,0.508718190386428,0
Unknown_676694,HOU,676694,2021,52,176,159,41,8,0,6,10,55,4,1,0.258,0.4759036144578313,0.4565619223659889,0.737,0.4089709762532981,0.6567164179104478,0.2339235787511649,0.6498586239396795,0.5966,0.344,0.4796944109368717,0.18,25.0,0.0964833131569526,0.3501413760603205,0
Unknown_606992,DET,606992,2021,104,388,358,83,12,1,24,26,121,2,2,0.232,0.3855421686746987,0.5508317929759705,0.758,0.6094986807387862,0.4179104477611941,0.2814538676607642,0.648444863336475,0.616,0.344,0.4796944109368717,0.2266666666666666,29.0,0.0800981573122149,0.351555136663525,0
Unknown_592567,PIT,592567,2021,104,374,333,87,12,0,11,36,89,2,3,0.261,0.5301204819277109,0.4103512014787432,0.731,0.3324538258575198,0.5611940298507463,0.417986952469711,0.4743166823751177,0.6604,0.344,0.4796944109368717,0.22,29.0,0.0378299554323514,0.5256833176248823,3
Unknown_669221,ATH,669221,2021,124,467,410,91,26,0,19,42,118,12,3,0.222,0.4578313253012048,0.4621072088724585,0.735,0.5092348284960422,0.3791044776119403,0.3881640260950605,0.5089538171536285,0.6317,0.344,0.4796944109368717,0.24,27.0,0.0444003329615735,0.4910461828463714,0
Unknown_605119,MIA,605119,2021,72,280,248,59,9,0,7,27,71,5,0,0.238,0.5030120481927711,0.3419593345656193,0.684,0.2955145118733509,0.5134328358208955,0.418452935694315,0.5110744580584354,0.6321,0.344,0.4796944109368717,0.2,28.0,0.0409125536816041,0.4889255419415645,1
Unknown_607054,MIL,607054,2021,101,314,268,67,13,1,6,40,71,4,2,0.25,0.5903614457831324,0.3678373382624769,0.727,0.3007915567282321,0.5432835820895523,0.5629077353215285,0.4462770970782281,0.6338,0.343,0.4768797748291113,0.2066666666666666,31.0,0.0243446152299259,0.5537229029217721,3
Unknown_665862,MIA,665862,2021,132,527,482,121,20,4,19,36,150,4,3,0.251,0.4487951807228916,0.467652495378928,0.734,0.4406332453825857,0.564179104477612,0.2875116495806151,0.5841187558906692,0.6357,0.343,0.4768797748291113,0.2533333333333333,23.0,0.070646602616281,0.4158812441093309,0
Unknown_593643,KC,593643,2021,103,270,256,71,21,3,2,4,28,4,2,0.277,0.4186746987951807,0.4288354898336415,0.703,0.3166226912928759,0.5044776119402985,0.0382106244175209,0.1578699340245051,0.8519,0.343,0.4768797748291113,0.2,29.0,0.1256132937894918,0.8421300659754947,3
Unknown_405395,LAD,405395,2021,118,324,301,72,4,0,18,15,46,6,2,0.239,0.3885542168674698,0.4768946395563772,0.719,0.4854881266490765,0.2746268656716418,0.1849953401677539,0.2481149858623939,0.7932,0.342,0.474065138721351,0.2066666666666666,41.0,0.0493563838009134,0.7518850141376061,3
Unknown_596847,TB,596847,2021,85,312,265,61,14,0,12,45,89,2,0,0.23,0.5662650602409639,0.4528650646950093,0.765,0.4749340369393139,0.4925373134328358,0.6411929170549859,0.5857681432610744,0.5641,0.342,0.474065138721351,0.2066666666666666,30.0,0.0282888208233132,0.4142318567389256,0
Unknown_664913,ATH,664913,2021,110,317,291,63,14,1,22,23,93,1,2,0.216,0.3493975903614459,0.5988909426987061,0.773,0.7203166226912928,0.2865671641791045,0.3075489282385834,0.6048539114043355,0.6309,0.342,0.474065138721351,0.2066666666666666,29.0,0.0682157746041952,0.3951460885956646,0
Unknown_544725,CWS,544725,2021,133,506,446,116,23,4,6,42,107,4,5,0.26,0.5060240963855422,0.3622920517560075,0.696,0.2664907651715039,0.5701492537313434,0.3560111835973905,0.411875589066918,0.6798,0.341,0.4716525934861278,0.24,30.0,0.0393154791350959,0.5881244109330819,3
Unknown_606132,COL,606132,2021,140,555,509,141,27,2,6,40,74,1,4,0.277,0.5150602409638555,0.3678373382624769,0.702,0.2295514511873351,0.5313432835820896,0.3052190121155638,0.2276154571159284,0.791,0.341,0.4716525934861278,0.2533333333333333,27.0,0.0257787779443801,0.7723845428840714,3
Unknown_572816,MIA,572816,2021,114,384,351,94,18,5,6,29,70,3,1,0.268,0.5120481927710844,0.4158964879852126,0.727,0.3218997361477572,0.5522388059701493,0.3210624417520969,0.3430725730442978,0.7344,0.341,0.4716525934861278,0.22,32.0,0.0367291322361148,0.6569274269557022,3
Unknown_571718,CWS,571718,2021,75,287,249,57,12,1,8,35,60,1,1,0.229,0.5030120481927711,0.3844731977818855,0.707,0.3799472295514511,0.4029850746268657,0.537744641192917,0.4062205466540999,0.662,0.341,0.4716525934861278,0.2,31.0,0.0231679768788717,0.5937794533459,3
Unknown_592696,CLE,592696,2021,122,449,414,106,21,3,14,28,65,1,4,0.256,0.4337349397590361,0.4602587800369687,0.725,0.41688654353562,0.4089552238805971,0.2600186393289841,0.2547125353440151,0.7862,0.34,0.4688379573783675,0.2266666666666666,30.0,0.0349086157956703,0.7452874646559848,3
Unknown_542340,NYM,542340,2021,143,510,458,114,18,2,18,47,134,3,0,0.249,0.496987951807229,0.4454713493530499,0.738,0.4142480211081794,0.5373134328358209,0.3988816402609506,0.532516493873704,0.6353,0.34,0.4688379573783675,0.24,30.0,0.0451424192524941,0.4674835061262961,0
Unknown_602074,COL,602074,2021,114,346,314,88,12,2,2,23,61,2,1,0.28,0.5240963855421686,0.3253234750462108,0.683,0.1609498680738786,0.6179104477611942,0.2791239515377446,0.3289349670122526,0.7341,0.34,0.4688379573783675,0.2066666666666666,27.0,0.0413078402994482,0.6710650329877474,3
Unknown_669256,TEX,669256,2021,134,532,476,118,19,2,12,37,109,15,2,0.248,0.4909638554216867,0.3659889094269872,0.693,0.3034300791556728,0.4865671641791045,0.2931034482758621,0.3963242224316682,0.6936,0.34,0.4688379573783675,0.2466666666666667,26.0,0.0470578540302032,0.6036757775683319,3
Unknown_444876,WSH,444876,2021,75,349,319,92,21,2,4,17,56,9,2,0.288,0.5481927710843374,0.4251386321626618,0.744,0.2823218997361477,0.6059701492537314,0.1961789375582479,0.2917059377945334,0.7593,0.34,0.4688379573783675,0.2066666666666666,35.0,0.0537836341293811,0.7082940622054665,3
Unknown_500743,MIA,500743,2021,138,555,510,137,30,3,11,38,76,5,1,0.269,0.5030120481927711,0.4251386321626618,0.729,0.3324538258575198,0.4865671641791045,0.2884436160298229,0.2360980207351555,0.7838,0.34,0.4688379573783675,0.2466666666666667,32.0,0.0286766679578831,0.7639019792648443,3
Unknown_650402,NYY,650402,2021,135,542,480,123,23,0,12,55,108,1,4,0.256,0.5210843373493976,0.378927911275416,0.711,0.3007915567282321,0.5104477611940299,0.4422180801491147,0.383129123468426,0.6937,0.339,0.4660233212706071,0.24,25.0,0.0279993535881141,0.6168708765315738,3
Unknown_572233,AZ,572233,2021,123,469,424,107,26,1,11,39,110,4,2,0.252,0.4879518072289157,0.4103512014787432,0.716,0.3562005277044854,0.5402985074626866,0.3569431500465983,0.4660697455230914,0.6738,0.339,0.4660233212706071,0.2266666666666666,30.0,0.0445476016306685,0.5339302544769087,3
Unknown_641470,CWS,641470,2021,82,252,216,45,14,0,6,34,73,1,0,0.208,0.4849397590361446,0.3364140480591498,0.675,0.366754617414248,0.4507462686567164,0.597856477166822,0.5961357210179077,0.5675,0.339,0.4660233212706071,0.1866666666666666,26.0,0.0315601858970934,0.4038642789820923,0
Unknown_620443,SEA,620443,2021,112,398,362,88,18,2,15,30,102,2,4,0.243,0.4337349397590361,0.4695009242144178,0.73,0.4643799472295514,0.4746268656716418,0.3205964585274929,0.5174363807728557,0.6633,0.339,0.4660233212706071,0.2133333333333333,25.0,0.055787246860576,0.4825636192271443,0
Unknown_623912,CLE,623912,2021,99,369,347,92,21,1,7,14,58,5,3,0.265,0.4307228915662651,0.4029574861367839,0.693,0.3113456464379947,0.4895522388059701,0.1458527493010251,0.2839302544769086,0.7913,0.339,0.4660233212706071,0.2066666666666666,27.0,0.0702758780180387,0.7160697455230913,3
Unknown_663647,PIT,663647,2021,102,417,383,102,20,3,7,31,89,1,2,0.266,0.4909638554216867,0.3974121996303143,0.71,0.3007915567282321,0.5820895522388061,0.3154706430568499,0.4163524976437323,0.7098,0.339,0.4660233212706071,0.22,24.0,0.0455856449745117,0.5836475023562675,3
Unknown_514917,CLE,514917,2021,160,675,603,144,22,2,23,63,142,5,4,0.239,0.4698795180722892,0.4103512014787432,0.71,0.3931398416886543,0.4179104477611941,0.4040074557315936,0.4092836946277097,0.6889,0.338,0.463610776035384,0.2666666666666666,31.0,0.0336423445955489,0.5907163053722901,3
Unknown_664702,HOU,664702,2021,157,652,577,157,30,1,4,68,122,2,4,0.272,0.575301204819277,0.321626617375231,0.697,0.1767810026385224,0.6029850746268658,0.4552656104380242,0.354382657869934,0.704,0.338,0.463610776035384,0.26,27.0,0.0247150523471923,0.6456173421300659,3
Unknown_622534,TB,622534,2021,130,494,446,115,22,3,10,41,77,1,5,0.258,0.4819277108433735,0.3955637707948244,0.706,0.3192612137203166,0.4597014925373134,0.3560111835973905,0.2808671065032988,0.7571,0.337,0.4607961399276236,0.2266666666666666,27.0,0.0263496141890846,0.7191328934967012,3
Unknown_642708,CLE,642708,2021,145,598,560,158,26,7,11,31,120,3,4,0.282,0.4909638554216867,0.4399260628465805,0.734,0.3192612137203166,0.6119402985074628,0.2106244175209692,0.3864278982092365,0.7425,0.337,0.4607961399276236,0.2466666666666667,26.0,0.0649871786254346,0.6135721017907634,3
Unknown_656305,ATH,656305,2021,158,645,541,113,16,3,28,91,205,4,9,0.209,0.4939759036144578,0.4269870609981517,0.727,0.4934036939313984,0.4,0.6267474370922647,0.6623468426013196,0.5349,0.337,0.4607961399276236,0.2533333333333333,28.0,0.0335883858056844,0.3376531573986803,0
Unknown_607732,PIT,607732,2021,118,443,387,93,20,1,8,51,88,3,2,0.24,0.5240963855421686,0.3419593345656193,0.691,0.2902374670184696,0.4656716417910447,0.505591798695247,0.3814797360980207,0.6795,0.336,0.4579815038198632,0.2133333333333333,32.0,0.0233909853267861,0.6185202639019793,3
Unknown_572039,ATH,572039,2021,73,207,189,42,9,0,7,14,53,3,1,0.222,0.3825301204819277,0.3826247689463957,0.666,0.3957783641160949,0.4029850746268657,0.2842497670083876,0.5167295004712535,0.6618,0.336,0.4579815038198632,0.1733333333333333,30.0,0.0632928909347602,0.4832704995287464,1
Unknown_670712,TB,670712,2021,63,192,171,32,10,0,6,17,60,2,2,0.187,0.3253012048192771,0.3271719038817006,0.617,0.4089709762532981,0.3253731343283582,0.3816402609506057,0.6498586239396795,0.5885,0.336,0.4579815038198632,0.1733333333333333,27.0,0.058339643554875,0.3501413760603205,1
Unknown_666135,MIN,666135,2021,60,235,218,54,11,1,8,14,52,2,1,0.248,0.4216867469879518,0.4491682070240296,0.715,0.4248021108179419,0.4626865671641791,0.2469711090400745,0.4349670122525919,0.7106,0.336,0.4579815038198632,0.18,24.0,0.0618626149419709,0.5650329877474081,3
Unknown_476704,ATH,476704,2021,145,531,475,117,30,0,15,49,113,2,5,0.246,0.4759036144578313,0.4251386321626618,0.721,0.3931398416886543,0.4656716417910447,0.3993476234855544,0.4149387370405278,0.6911,0.335,0.4555689585846401,0.2266666666666666,37.0,0.0346185276810708,0.5850612629594723,3
Unknown_570482,NYY,570482,2021,123,465,443,115,18,3,15,20,116,1,1,0.26,0.4036144578313252,0.4454713493530499,0.708,0.387862796833773,0.5522388059701493,0.1696178937558247,0.5014137606032045,0.7054,0.334,0.4527543224768797,0.2133333333333333,30.0,0.1023009047177357,0.4985862393967954,0
Unknown_600474,BAL,600474,2021,115,434,393,100,20,0,12,35,110,1,5,0.254,0.4668674698795181,0.412199630314233,0.71,0.3509234828496042,0.5522388059701493,0.3448275862068966,0.5108388312912346,0.6636,0.334,0.4527543224768797,0.2066666666666666,28.0,0.0508701139442589,0.4891611687087651,0
Unknown_543105,SF,543105,2021,120,333,303,69,13,2,13,23,84,7,0,0.228,0.4186746987951807,0.4417744916820703,0.71,0.4643799472295514,0.4119402985074627,0.2912395153774463,0.5080113100848257,0.6577,0.333,0.4499396863691193,0.1933333333333333,31.0,0.0606653378308408,0.4919886899151744,0
Unknown_649557,HOU,649557,2021,87,324,299,76,19,0,8,16,63,9,0,0.254,0.463855421686747,0.4140480591497229,0.71,0.3562005277044854,0.4895522388059701,0.1994408201304753,0.3715834118755891,0.7284,0.333,0.4499396863691193,0.1933333333333333,31.0,0.0661621610935837,0.6284165881244108,3
Unknown_543228,WSH,543228,2021,105,387,359,91,17,1,14,20,80,7,1,0.253,0.4427710843373493,0.4602587800369687,0.728,0.4248021108179419,0.4626865671641791,0.2101584342963653,0.4005655042412818,0.7235,0.333,0.4499396863691193,0.2,34.0,0.0673785216795404,0.5994344957587181,3
Unknown_660294,PIT,660294,2021,88,283,249,55,12,1,9,31,80,1,1,0.221,0.4548192771084337,0.3918669131238448,0.694,0.4116094986807387,0.453731343283582,0.4794967381174277,0.5796418473138548,0.6007,0.333,0.4499396863691193,0.1866666666666666,30.0,0.0399647094377784,0.4203581526861453,0
Unknown_644374,CLE,644374,2021,91,269,254,59,16,3,9,12,72,2,1,0.232,0.3403614457831325,0.4639556377079483,0.697,0.4854881266490765,0.4567164179104477,0.1770736253494874,0.5442978322337417,0.6803,0.333,0.4499396863691193,0.18,26.0,0.1061703934706323,0.4557021677662582,0
Unknown_518934,NYY,518934,2021,157,701,618,163,24,1,10,74,99,4,5,0.264,0.5602409638554217,0.3327171903881701,0.698,0.2163588390501319,0.4895522388059701,0.4613233923578751,0.2462299717247879,0.7475,0.333,0.4499396863691193,0.2466666666666667,33.0,0.0158745620002377,0.753770028275212,3
Unknown_516770,WSH,516770,2021,89,352,322,90,20,0,3,26,62,0,4,0.28,0.5180722891566266,0.3622920517560075,0.699,0.2137203166226912,0.5940298507462688,0.3136067101584343,0.3284637134778511,0.7472,0.333,0.4499396863691193,0.1933333333333333,31.0,0.0361171184259834,0.6715362865221488,3
Unknown_647351,SEA,647351,2021,99,382,342,82,12,0,11,31,56,7,2,0.24,0.4698795180722892,0.3641404805914973,0.685,0.3245382585751979,0.3641791044776119,0.34762348555452,0.2589538171536287,0.7539,0.332,0.4475271411338962,0.2,25.0,0.0249387027414917,0.741046182846371,3
Unknown_595943,PIT,595943,2021,83,268,234,54,6,0,5,28,56,5,1,0.231,0.5030120481927711,0.2717190388170056,0.645,0.2137203166226912,0.4417910447761193,0.456197576887232,0.4059849198868991,0.6679,0.332,0.4475271411338962,0.18,29.0,0.0287049241882701,0.594015080113101,1
Unknown_592200,SF,592200,2021,81,245,212,44,13,1,5,27,70,5,0,0.208,0.4608433734939758,0.3234750462107209,0.661,0.3509234828496042,0.4507462686567164,0.4827586206896552,0.5867106503298775,0.5796,0.331,0.4447125050261358,0.1733333333333333,33.0,0.0401742101531095,0.4132893496701224,1
Unknown_444489,MIL,444489,2021,80,224,196,38,7,0,13,22,42,5,1,0.194,0.3975903614457831,0.4713493530499077,0.719,0.5963060686015831,0.1253731343283581,0.4268406337371854,0.355325164938737,0.692,0.331,0.4447125050261358,0.1733333333333333,34.0,0.0269507071968822,0.644674835061263,0
Unknown_520471,BAL,520471,2021,111,416,377,90,17,1,14,29,79,5,3,0.239,0.4277108433734939,0.4195933456561924,0.7,0.4036939313984168,0.391044776119403,0.2940354147250699,0.3609802073515551,0.7212,0.331,0.4447125050261358,0.2,32.0,0.0427286494344966,0.6390197926484449,3
Unknown_663757,SD,663757,2021,131,527,462,112,28,3,15,54,119,6,4,0.242,0.5090361445783133,0.4417744916820703,0.74,0.4274406332453826,0.4716417910447761,0.4468779123951537,0.4455702167766258,0.6584,0.331,0.4447125050261358,0.2133333333333333,25.0,0.032632678047332,0.5544297832233742,0
Unknown_408234,DET,408234,2021,136,543,487,126,16,0,17,41,121,5,10,0.259,0.4789156626506025,0.4103512014787432,0.713,0.3403693931398417,0.5074626865671642,0.3210624417520969,0.4385014137606032,0.6924,0.331,0.4447125050261358,0.22,38.0,0.0471118934481824,0.5614985862393969,3
Unknown_607680,NYM,607680,2021,121,362,340,80,12,3,15,11,86,10,1,0.235,0.3644578313253013,0.4565619223659889,0.7,0.4643799472295514,0.4089552238805971,0.1109040074557315,0.4733741753063148,0.7044,0.331,0.4447125050261358,0.1933333333333333,32.0,0.1412725409549709,0.5266258246936852,0
Unknown_671277,WSH,671277,2021,76,263,252,62,20,2,7,11,45,0,0,0.246,0.3614457831325302,0.4639556377079483,0.702,0.4485488126649076,0.4208955223880598,0.1640260950605778,0.3166823751178134,0.7871,0.331,0.4447125050261358,0.18,21.0,0.0692218574136354,0.6833176248821866,3
Unknown_452678,AZ,452678,2021,118,376,331,78,22,0,8,37,85,3,5,0.236,0.4698795180722892,0.3715341959334566,0.688,0.3430079155672823,0.4597014925373134,0.4277726001863933,0.4462770970782281,0.6676,0.331,0.4447125050261358,0.1933333333333333,36.0,0.0344683050010963,0.5537229029217721,3
Unknown_656716,LAD,656716,2021,66,190,174,37,9,0,7,12,56,1,2,0.213,0.322289156626506,0.390018484288355,0.65,0.4300791556728232,0.391044776119403,0.2637465051258155,0.6079170593779454,0.6316,0.331,0.4447125050261358,0.1666666666666666,26.0,0.0802481781167424,0.3920829406220547,0
Unknown_596056,PIT,596056,2021,59,158,140,33,7,0,2,14,22,2,2,0.236,0.4578313253012048,0.2865064695009243,0.639,0.2216358839050131,0.3850746268656717,0.3821062441752096,0.2415174363807728,0.7595,0.331,0.4447125050261358,0.16,28.0,0.0204034605655457,0.758482563619227,3
Unknown_605612,DET,605612,2021,109,359,333,95,14,1,3,16,76,1,5,0.285,0.4728915662650602,0.3438077634011091,0.676,0.1741424802110817,0.6597014925373134,0.1770736253494874,0.4123468426013195,0.7298,0.33,0.4418978689183755,0.1866666666666666,28.0,0.0818675011467539,0.5876531573986805,1
Unknown_595777,SD,595777,2021,146,438,375,84,17,2,4,54,70,6,2,0.224,0.5180722891566266,0.2550831792975971,0.642,0.20844327176781,0.3880597014925373,0.5438024231127679,0.2900565504241282,0.6986,0.33,0.4418978689183755,0.2,28.0,0.0150791419794322,0.7099434495758719,3
Unknown_624415,TOR,624415,2021,81,315,270,61,11,1,7,38,87,2,4,0.226,0.4939759036144578,0.3290203327171904,0.674,0.308707124010554,0.4955223880597015,0.5312208760484622,0.5643261074458058,0.5905,0.33,0.4418978689183755,0.1866666666666666,26.0,0.0343221971860156,0.4356738925541943,1
Unknown_542303,ATL,542303,2021,56,230,208,46,8,0,8,21,50,1,0,0.221,0.4156626506024096,0.3715341959334566,0.671,0.3825857519788918,0.3552238805970149,0.3946877912395154,0.4257775683317625,0.687,0.33,0.4418978689183755,0.1733333333333333,31.0,0.0360824928625865,0.5742224316682374,3
Unknown_543768,MIL,543768,2021,91,274,242,49,12,0,10,25,75,4,1,0.202,0.3885542168674698,0.3733826247689465,0.663,0.4353562005277044,0.3373134328358209,0.3942218080149114,0.558435438265787,0.6131,0.329,0.4394853236831523,0.1733333333333333,31.0,0.0480816651588579,0.441564561734213,0
Unknown_669242,STL,669242,2021,167,715,664,178,41,3,11,39,100,6,4,0.268,0.4668674698795181,0.3974121996303143,0.701,0.2928759894459102,0.4955223880597015,0.2232059645852749,0.2431668237511781,0.7944,0.329,0.4394853236831523,0.2333333333333333,26.0,0.0396789700687516,0.7568331762488218,3
Unknown_596142,NYY,596142,2021,124,459,401,81,13,1,23,52,132,6,0,0.202,0.4367469879518072,0.4380776340110906,0.714,0.5277044854881267,0.3044776119402985,0.4972041006523765,0.5911875589066918,0.5861,0.329,0.4394853236831523,0.2,29.0,0.0391258119792711,0.408812441093308,0
Unknown_641487,SEA,641487,2021,165,703,633,170,37,0,9,60,116,5,4,0.269,0.533132530120482,0.3622920517560075,0.704,0.2427440633245382,0.5373134328358209,0.3667287977632805,0.3023091423185674,0.7411,0.329,0.4394853236831523,0.2333333333333333,26.0,0.0274342219635984,0.6976908576814325,3
Unknown_572122,SEA,572122,2021,166,692,623,134,31,1,35,61,166,4,4,0.215,0.3915662650602409,0.4861367837338263,0.724,0.5620052770448548,0.2925373134328358,0.380242311276794,0.4787935909519321,0.6662,0.329,0.4394853236831523,0.2333333333333333,34.0,0.0426400192138726,0.5212064090480679,0
Unknown_458731,NYY,458731,2021,137,477,403,90,18,4,10,60,104,3,6,0.223,0.5,0.3475046210720888,0.686,0.3430079155672823,0.4089552238805971,0.5554520037278657,0.4271913289349671,0.6394,0.328,0.436670687575392,0.2,38.0,0.0235352469340015,0.5728086710650331,3
Unknown_593160,KC,593160,2021,169,740,683,190,43,3,10,40,107,4,13,0.278,0.4759036144578313,0.4066543438077635,0.71,0.2823218997361477,0.5283582089552239,0.2213420316868593,0.2542412818096136,0.7959,0.328,0.436670687575392,0.2333333333333333,32.0,0.0417278603891801,0.7457587181903864,3
Unknown_656252,CLE,656252,2021,78,289,255,53,10,0,16,25,101,6,3,0.208,0.4006024096385542,0.4824399260628466,0.726,0.575197889182058,0.382089552238806,0.3723205964585274,0.7370405278039585,0.5433,0.328,0.436670687575392,0.1733333333333333,25.0,0.0681991310595207,0.2629594721960417,0
Unknown_519048,ATH,519048,2021,86,270,245,55,12,1,10,20,60,2,3,0.224,0.3825301204819277,0.4251386321626618,0.689,0.4511873350923482,0.3552238805970149,0.3145386766076421,0.4370876531573986,0.6963,0.328,0.436670687575392,0.1733333333333333,36.0,0.0480343211965909,0.5629123468426014,0
Unknown_519299,CHC,519299,2021,84,200,186,50,7,1,2,12,32,0,2,0.269,0.4578313253012048,0.3234750462107209,0.659,0.1899736147757255,0.5313432835820896,0.2488350419384902,0.2905278039585297,0.78,0.328,0.436670687575392,0.1666666666666666,35.0,0.0416086027316626,0.7094721960414703,3
Unknown_467793,KC,467793,2021,165,680,578,125,15,0,21,92,107,5,5,0.216,0.5060240963855422,0.3271719038817006,0.678,0.3324538258575198,0.2835820895522388,0.5997204100652377,0.2844015080113101,0.7,0.327,0.4338560514676316,0.22,35.0,0.0125109506726156,0.71559849198869,3
Unknown_643446,NYM,643446,2021,126,448,405,100,21,1,7,30,60,12,1,0.247,0.4789156626506025,0.3364140480591498,0.673,0.2638522427440633,0.4179104477611941,0.2814538676607642,0.2290292177191328,0.7723,0.327,0.4338560514676316,0.1933333333333333,29.0,0.0286760353557102,0.7709707822808671,3
Unknown_542932,MIA,542932,2021,92,284,242,54,10,2,4,34,63,3,4,0.223,0.4939759036144578,0.2902033271719039,0.652,0.258575197889182,0.4328358208955225,0.527027027027027,0.4361451460885957,0.6444,0.327,0.4338560514676316,0.1733333333333333,31.0,0.0258590000984993,0.5638548539114043,1
Unknown_666211,SEA,666211,2021,56,196,172,30,8,0,10,19,80,3,0,0.174,0.3313253012048193,0.4085027726432533,0.663,0.5593667546174143,0.3283582089552239,0.4207828518173345,0.8753534401508012,0.4694,0.327,0.4338560514676316,0.1666666666666666,24.0,0.0715307551434305,0.124646559849199,0
Unknown_656811,KC,656811,2021,92,273,254,58,6,2,11,13,77,3,3,0.228,0.3403614457831325,0.4140480591497229,0.669,0.4221635883905013,0.4298507462686568,0.1910531220876048,0.5782280867106503,0.6593,0.326,0.4314435062324085,0.1733333333333333,28.0,0.1047037956092806,0.4217719132893496,1
Unknown_594838,LAA,594838,2021,109,382,354,94,15,0,9,24,82,3,1,0.266,0.4789156626506025,0.3881700554528651,0.701,0.2902374670184696,0.5611940298507463,0.2618825722273998,0.4194156456173422,0.7147,0.326,0.4314435062324085,0.1866666666666666,33.0,0.0561663356106334,0.5805843543826579,3
Unknown_643396,TEX,643396,2021,164,698,655,179,26,3,8,29,93,11,2,0.273,0.4698795180722892,0.3419593345656193,0.673,0.2005277044854881,0.5194029850746269,0.162628145386766,0.2273798303487276,0.808,0.326,0.4314435062324085,0.22,26.0,0.0521181047742329,0.7726201696512722,3
Unknown_605548,CLE,605548,2021,101,361,307,70,10,1,8,32,124,17,5,0.228,0.5180722891566266,0.3160813308687616,0.675,0.2849604221635884,0.626865671641791,0.3821062441752096,0.7229029217719133,0.5208,0.326,0.4314435062324085,0.18,29.0,0.06503475051614,0.2770970782280868,1
Unknown_578428,LAA,578428,2021,141,536,506,135,27,2,10,22,77,7,1,0.267,0.4457831325301205,0.3937153419593347,0.693,0.2955145118733509,0.4895522388059701,0.1602982292637465,0.2521206409048068,0.8022,0.326,0.4314435062324085,0.2,31.0,0.0578326180709769,0.7478793590951931,3
Unknown_543592,SD,543592,2021,53,194,173,47,12,0,2,14,19,5,2,0.272,0.5481927710843374,0.3733826247689465,0.716,0.2506596306068601,0.4716417910447761,0.3056849953401677,0.1442035815268614,0.8041,0.326,0.4314435062324085,0.16,32.0,0.0162391128530674,0.8557964184731384,3
Unknown_571740,CWS,571740,2021,69,159,145,31,8,3,2,10,51,0,1,0.214,0.3162650602409639,0.3290203327171904,0.615,0.3403693931398417,0.5313432835820896,0.2623485554520037,0.669415645617342,0.5975,0.325,0.4286288701246481,0.16,31.0,0.0887101066038873,0.3305843543826581,1
Unknown_596146,MIN,596146,2021,128,511,446,91,21,4,19,54,103,6,5,0.204,0.4126506024096384,0.412199630314233,0.692,0.4854881266490765,0.2537313432835821,0.461789375582479,0.3885485391140433,0.681,0.325,0.4286288701246481,0.1933333333333333,28.0,0.0269103728676658,0.6114514608859567,0
Unknown_670351,LAA,670351,2021,67,203,187,38,15,1,6,15,55,1,0,0.203,0.3253012048192771,0.3992606284658042,0.656,0.4696569920844327,0.3582089552238806,0.3136067101584343,0.5518378887841658,0.6502,0.325,0.4286288701246481,0.16,28.0,0.0609466595473693,0.4481621112158342,0
Unknown_658069,COL,658069,2021,99,309,296,72,15,2,8,12,73,0,1,0.243,0.3433734939759036,0.3974121996303143,0.66,0.3588390501319261,0.4835820895522388,0.1500465983224604,0.4700754005655043,0.7249,0.325,0.4286288701246481,0.1733333333333333,28.0,0.1078230975252053,0.5299245994344959,1
Unknown_553993,CIN,553993,2021,152,596,524,103,25,0,32,59,183,8,5,0.197,0.3825301204819277,0.467652495378928,0.713,0.5857519788918206,0.2746268656716418,0.4305684995340167,0.6368991517436381,0.5805,0.324,0.4258142340168878,0.2,30.0,0.0500155448129638,0.3631008482563622,0
Unknown_545341,TOR,545341,2021,150,566,530,128,26,1,22,27,121,4,5,0.242,0.3704819277108434,0.4528650646950093,0.7,0.4432717678100263,0.4059701492537314,0.1915191053122087,0.4172950047125354,0.7314,0.324,0.4258142340168878,0.2,30.0,0.076748809079392,0.5827049952874648,3
Unknown_623993,BAL,623993,2021,113,448,413,100,24,0,18,26,103,4,4,0.242,0.4006024096385542,0.4750462107208873,0.722,0.4749340369393139,0.4268656716417911,0.2395153774464119,0.4552309142318567,0.7009,0.324,0.4258142340168878,0.1866666666666666,27.0,0.0667151565872117,0.5447690857681433,0
Unknown_624513,COL,624513,2021,86,280,243,46,15,3,10,36,97,0,1,0.189,0.4066265060240963,0.4158964879852126,0.692,0.5303430079155672,0.3850746268656717,0.5684995340167753,0.7297360980207351,0.525,0.323,0.4234016887816646,0.1666666666666666,26.0,0.0421303688936038,0.2702639019792647,0
Unknown_641531,KC,641531,2021,151,565,507,112,29,6,19,45,158,7,6,0.221,0.3975903614457831,0.4436229205175602,0.704,0.4854881266490765,0.4268656716417911,0.3401677539608574,0.5723374175306315,0.6283,0.323,0.4234016887816646,0.1933333333333333,30.0,0.0579813606824497,0.4276625824693685,0
Unknown_640458,CLE,640458,2021,70,238,214,48,11,1,6,21,42,2,0,0.224,0.4277108433734939,0.3604436229205176,0.669,0.3588390501319261,0.3552238805970149,0.380242311276794,0.3294062205466541,0.7227,0.323,0.4234016887816646,0.1666666666666666,27.0,0.0287268692198065,0.6705937794533459,3
Unknown_664057,WSH,664057,2021,107,229,205,48,7,0,5,15,63,6,1,0.234,0.4397590361445783,0.3086876155268023,0.645,0.258575197889182,0.5313432835820896,0.2744641192917055,0.5617342130065975,0.6245,0.323,0.4234016887816646,0.16,27.0,0.0712870633814655,0.4382657869934026,1
Unknown_621433,TB,621433,2021,92,292,253,52,9,4,13,33,113,2,2,0.206,0.4277108433734939,0.467652495378928,0.727,0.5593667546174143,0.5014925373134328,0.4958061509785647,0.8254005655042413,0.4863,0.323,0.4234016887816646,0.1666666666666666,27.0,0.0562822548805648,0.1745994344957588,0
Unknown_663616,MIN,663616,2021,86,309,268,61,12,0,9,31,105,8,2,0.228,0.5,0.3678373382624769,0.697,0.3614775725593667,0.5940298507462688,0.4366262814538676,0.7141847313854853,0.534,0.323,0.4234016887816646,0.1733333333333333,24.0,0.0555672181051232,0.2858152686145148,0
Unknown_571466,CIN,571466,2021,122,408,364,88,21,0,7,32,102,9,3,0.242,0.4759036144578313,0.3382624768946395,0.673,0.2796833773087071,0.5373134328358209,0.3345759552656104,0.5025918944392083,0.6495,0.322,0.4205870526739043,0.18,30.0,0.0517142897541665,0.4974081055607917,1
Unknown_518586,TEX,518586,2021,92,285,258,61,15,2,5,20,69,2,1,0.236,0.4126506024096384,0.3585951940850277,0.664,0.3245382585751979,0.5044776119402985,0.2963653308480894,0.4839773798303488,0.6667,0.322,0.4205870526739043,0.1666666666666666,32.0,0.0567456102537193,0.5160226201696514,1
Unknown_621466,BAL,621466,2021,98,318,270,55,10,0,12,44,89,4,0,0.204,0.5,0.3696857670979668,0.698,0.4248021108179419,0.3582089552238806,0.614165890027959,0.5730442978322337,0.5692,0.322,0.4205870526739043,0.1666666666666666,28.0,0.0291384654110069,0.4269557021677661,0
Unknown_641658,COL,641658,2021,148,521,474,111,21,6,12,37,124,3,3,0.234,0.4036144578313252,0.3807763401109058,0.672,0.3614775725593667,0.4656716417910447,0.3000931966449207,0.4743166823751177,0.6775,0.321,0.4177724165661439,0.1866666666666666,27.0,0.054875765177686,0.5256833176248823,1
Unknown_669374,MIL,669374,2021,65,216,190,37,10,1,7,16,81,7,1,0.195,0.3674698795180724,0.3585951940850277,0.649,0.4353562005277044,0.4686567164179104,0.3145386766076421,0.7971253534401508,0.5093,0.321,0.4177724165661439,0.16,25.0,0.0879469139380966,0.2028746465598494,0
Unknown_643289,SF,643289,2021,72,203,190,46,10,0,5,10,47,1,2,0.242,0.3704819277108434,0.3696857670979668,0.654,0.3245382585751979,0.4746268656716418,0.1989748369058713,0.4590009425070688,0.7143,0.321,0.4177724165661439,0.16,27.0,0.080882374850041,0.5409990574929311,1
Unknown_680777,MIN,680777,2021,88,307,281,57,10,1,15,22,111,4,0,0.203,0.3373493975903615,0.4288354898336415,0.676,0.5118733509234829,0.4089552238805971,0.3033550792171481,0.7655513666352497,0.5537,0.32,0.4153598713309208,0.1666666666666666,24.0,0.0876083270788193,0.2344486333647506,0
Unknown_664761,PHI,664761,2021,121,436,396,99,16,0,7,34,116,2,4,0.25,0.4578313253012048,0.312384473197782,0.653,0.2216358839050131,0.5910447761194031,0.3327120223671947,0.5405278039585296,0.6514,0.318,0.4097305991154,0.1733333333333333,25.0,0.0560259820272608,0.4594721960414702,1
Unknown_680911,CLE,680911,2021,67,220,208,47,10,0,5,10,56,1,1,0.226,0.319277108433735,0.3179297597042514,0.61,0.2928759894459102,0.4477611940298507,0.1812674743709226,0.5131950989632422,0.6955,0.318,0.4097305991154,0.1533333333333333,25.0,0.098257169523809,0.4868049010367579,1
Unknown_656537,DET,656537,2021,49,157,146,37,3,3,3,10,46,1,0,0.253,0.4457831325301205,0.3752310536044363,0.682,0.3007915567282321,0.6477611940298508,0.266076421248835,0.6039114043355325,0.6369,0.318,0.4097305991154,0.1533333333333333,26.0,0.0790231934218448,0.3960885956644677,1
Unknown_595909,MIN,595909,2021,71,200,180,36,6,2,3,16,66,3,0,0.2,0.355421686746988,0.243992606284658,0.582,0.2559366754617414,0.4865671641791045,0.342031686859273,0.6910933081998115,0.57,0.317,0.4073180538801769,0.1533333333333333,29.0,0.0698353995453338,0.3089066918001883,1
Unknown_621446,MIA,621446,2021,89,303,285,67,16,1,9,15,75,1,1,0.235,0.3524096385542169,0.4048059149722737,0.668,0.3931398416886543,0.4567164179104477,0.1999068033550792,0.4967012252591894,0.6964,0.317,0.4073180538801769,0.16,27.0,0.0867714776335365,0.5032987747408104,1
Unknown_664901,CWS,664901,2021,71,201,174,40,5,0,3,20,42,4,2,0.23,0.4879518072289157,0.2513863216266174,0.63,0.1873350923482849,0.4417910447761193,0.4328984156570363,0.4059849198868991,0.6667,0.317,0.4073180538801769,0.1533333333333333,28.0,0.0306502023606408,0.594015080113101,1
Unknown_467092,DET,467092,2021,49,180,169,35,6,0,8,10,38,0,1,0.207,0.2771084337349397,0.390018484288355,0.635,0.445910290237467,0.2507462686567164,0.2283317800559179,0.410933081998115,0.7222,0.317,0.4073180538801769,0.1533333333333333,34.0,0.0634821945071077,0.5890669180018848,1
Unknown_594809,CWS,594809,2021,85,308,273,59,13,2,6,22,76,8,1,0.216,0.4066265060240963,0.3142329020332717,0.637,0.3139841688654353,0.4238805970149254,0.3019571295433365,0.4950518378887842,0.6429,0.317,0.4073180538801769,0.16,33.0,0.0568978352914807,0.5049481621112157,1
Unknown_628338,ATL,628338,2021,110,356,311,68,26,0,5,33,82,11,1,0.219,0.4728915662650602,0.3253234750462108,0.665,0.3245382585751979,0.4358208955223881,0.4012115563839702,0.4561734213006598,0.6461,0.316,0.4045034177724165,0.16,30.0,0.0380799268840359,0.5438265786993404,1
Unknown_594777,AZ,594777,2021,51,182,166,39,8,0,5,15,41,0,1,0.235,0.4186746987951807,0.3678373382624769,0.67,0.3430079155672823,0.4388059701492538,0.353215284249767,0.4443920829406221,0.6923,0.316,0.4045034177724165,0.1533333333333333,34.0,0.0429161963704651,0.5556079170593777,1
Unknown_572191,KC,572191,2021,147,551,502,123,16,2,12,36,151,5,6,0.245,0.4246987951807228,0.3382624768946395,0.655,0.2717678100263852,0.5611940298507463,0.2735321528424976,0.5591423185673893,0.6479,0.316,0.4045034177724165,0.1733333333333333,30.0,0.071209997001191,0.4408576814326108,1
Unknown_518792,CHC,518792,2021,106,368,337,74,17,3,8,28,69,3,0,0.22,0.3825301204819277,0.3419593345656193,0.644,0.3430079155672823,0.3582089552238806,0.3238583410997204,0.355325164938737,0.7283,0.316,0.4045034177724165,0.16,32.0,0.037683239285151,0.644674835061263,3
Unknown_642086,NYM,642086,2021,152,514,466,114,21,1,13,33,117,9,6,0.245,0.4397590361445783,0.3770794824399261,0.681,0.3271767810026385,0.4805970149253731,0.2684063373718546,0.4498114985862394,0.6907,0.315,0.4016887816646561,0.1666666666666666,26.0,0.0586125155785631,0.5501885014137606,1
Unknown_592348,DET,592348,2021,98,347,311,66,12,2,10,30,115,4,2,0.212,0.3915662650602409,0.3438077634011091,0.648,0.366754617414248,0.4895522388059701,0.3723205964585274,0.6943920829406219,0.5706,0.315,0.4016887816646561,0.16,29.0,0.0641490169271148,0.3056079170593782,1
Unknown_667670,MIN,667670,2021,66,231,207,39,10,0,9,15,82,9,0,0.188,0.3463855421686748,0.356746765249538,0.64,0.4485488126649076,0.373134328358209,0.271668219944082,0.7499999999999999,0.5411,0.315,0.4016887816646561,0.1533333333333333,27.0,0.0958676762985629,0.2500000000000002,0
Unknown_669016,LAA,669016,2021,68,263,237,61,12,3,2,21,91,3,1,0.257,0.5,0.3419593345656193,0.683,0.2427440633245382,0.8149253731343283,0.3410997204100652,0.7287935909519321,0.5589,0.315,0.4016887816646561,0.1533333333333333,24.0,0.073916309159856,0.2712064090480679,1
Unknown_645302,WSH,645302,2021,112,394,337,70,24,1,2,34,92,17,2,0.208,0.4578313253012048,0.2384473197781886,0.613,0.2269129287598944,0.4298507462686568,0.3713886300093196,0.4637134778510839,0.6269,0.315,0.4016887816646561,0.16,24.0,0.042363684732174,0.5362865221489161,1
Unknown_657557,STL,657557,2021,120,423,374,74,10,1,19,38,109,9,2,0.198,0.3855421686746987,0.3844731977818855,0.668,0.4617414248021108,0.2626865671641791,0.3876980428704566,0.5207351555136663,0.6312,0.314,0.399276236429433,0.16,28.0,0.045538620639923,0.4792648444863336,0
Unknown_642165,AZ,642165,2021,120,332,294,62,18,2,6,34,91,1,3,0.211,0.4036144578313252,0.3197781885397412,0.639,0.3350923482849604,0.4358208955223881,0.4464119291705499,0.55937794533459,0.6205,0.314,0.399276236429433,0.1533333333333333,26.0,0.0418039220846144,0.44062205466541,1
Unknown_608577,DET,608577,2021,58,205,188,39,6,2,4,16,51,0,1,0.207,0.3313253012048193,0.2772643253234751,0.593,0.2849604221635884,0.3791044776119403,0.3327120223671947,0.4997643732327992,0.6732,0.314,0.399276236429433,0.1466666666666666,26.0,0.0517330274349399,0.5002356267672008,1
Unknown_425877,STL,425877,2021,129,499,466,116,20,0,11,24,83,5,4,0.249,0.4006024096385542,0.3493530499075786,0.653,0.2770448548812665,0.4328358208955225,0.1933830382106244,0.3053722902921772,0.7735,0.313,0.3964616003216726,0.16,39.0,0.0569132775944598,0.6946277097078228,3
Unknown_608686,LAA,608686,2021,86,295,271,60,16,0,10,17,70,3,1,0.221,0.3493975903614459,0.401109057301294,0.665,0.4248021108179419,0.3761194029850746,0.2376514445479962,0.4726672950047125,0.6847,0.313,0.3964616003216726,0.1533333333333333,31.0,0.0697345895567136,0.5273327049952874,1
Unknown_608596,SEA,608596,2021,101,341,294,58,8,0,11,41,108,3,3,0.197,0.4246987951807228,0.301293900184843,0.636,0.3430079155672823,0.3880597014925373,0.5293569431500466,0.6597549481621111,0.5455,0.313,0.3964616003216726,0.1533333333333333,30.0,0.0409913302555852,0.340245051837889,1
Unknown_519390,AZ,519390,2021,84,255,223,44,6,1,8,27,60,2,2,0.197,0.3885542168674698,0.3086876155268023,0.628,0.3535620052770448,0.2835820895522388,0.4627213420316868,0.4679547596606975,0.6471,0.313,0.3964616003216726,0.1533333333333333,37.0,0.0330000579810424,0.5320452403393023,1
Unknown_640449,NYY,640449,2021,73,242,205,37,10,0,5,34,73,3,0,0.18,0.4457831325301205,0.2365988909426987,0.608,0.2981530343007915,0.3522388059701492,0.6239515377446413,0.6244109330819981,0.5455,0.313,0.3964616003216726,0.1533333333333333,27.0,0.0315565912257956,0.3755890669180017,1
Unknown_518595,ATL,518595,2021,70,260,235,52,14,0,7,22,60,2,1,0.221,0.4036144578313252,0.3622920517560075,0.663,0.3693931398416886,0.3940298507462687,0.363466915191053,0.4573515551366635,0.6769,0.312,0.3936469642139123,0.1466666666666666,32.0,0.0427983035902733,0.5426484448633364,1
Unknown_665926,CLE,665926,2021,70,232,209,44,10,0,5,11,59,8,3,0.211,0.3463855421686748,0.2883548983364142,0.603,0.2928759894459102,0.3880597014925373,0.190121155638397,0.5127238454288408,0.6595,0.312,0.3936469642139123,0.1466666666666666,23.0,0.0938358332917863,0.4872761545711594,1
Unknown_641829,TEX,641829,2021,61,174,159,33,4,0,6,12,49,0,1,0.208,0.3132530120481928,0.3179297597042514,0.608,0.3403693931398417,0.3671641791044776,0.2907735321528425,0.5770499528746466,0.6379,0.312,0.3936469642139123,0.1466666666666666,26.0,0.0689868424237303,0.4229500471253533,1
Unknown_596059,NYY,596059,2021,105,378,338,67,12,0,16,28,105,11,0,0.198,0.3704819277108434,0.3733826247689465,0.657,0.445910290237467,0.3014925373134328,0.3145386766076421,0.5680961357210179,0.6164,0.31,0.3884197828709288,0.1466666666666666,27.0,0.0625574897595995,0.4319038642789821,0
Unknown_591720,PHI,591720,2021,118,364,338,83,10,1,7,19,45,1,1,0.246,0.3885542168674698,0.312384473197782,0.63,0.2348284960422163,0.391044776119403,0.2124883504193849,0.2047596606974552,0.8077,0.31,0.3884197828709288,0.1466666666666666,29.0,0.0358241951087625,0.7952403393025447,3
Unknown_623520,CHC,623520,2021,104,345,309,64,10,2,10,27,78,5,3,0.207,0.3644578313253013,0.3253234750462108,0.629,0.3509234828496042,0.3194029850746268,0.3341099720410065,0.4462770970782281,0.6783,0.31,0.3884197828709288,0.1466666666666666,28.0,0.0458851092220973,0.5537229029217721,1
Unknown_673490,SD,673490,2021,122,322,286,58,12,2,8,27,77,4,3,0.203,0.3614457831325302,0.312384473197782,0.621,0.345646437994723,0.3313432835820895,0.3602050326188257,0.4769085768143261,0.6584,0.309,0.3856051467631684,0.1466666666666666,26.0,0.0451536538690309,0.523091423185674,1
Unknown_501571,LAA,501571,2021,104,342,322,77,20,2,8,13,79,2,1,0.239,0.3433734939759036,0.3955637707948244,0.66,0.3693931398416886,0.4716417910447761,0.146318732525629,0.4578228086710651,0.7135,0.309,0.3856051467631684,0.1466666666666666,32.0,0.1076550626445534,0.542177191328935,1
Unknown_641432,TEX,641432,2021,74,284,260,65,10,3,6,21,34,2,1,0.25,0.4578313253012048,0.3826247689463957,0.691,0.3218997361477572,0.3970149253731344,0.3136067101584343,0.1955702167766258,0.7993,0.309,0.3856051467631684,0.1466666666666666,27.0,0.0213451129487032,0.8044297832233742,3
Unknown_643565,SF,643565,2021,71,203,173,32,5,0,5,28,60,1,0,0.185,0.4337349397590361,0.2347504621072089,0.603,0.2823218997361477,0.3462686567164179,0.6118359739049394,0.6100377002827521,0.5567,0.309,0.3856051467631684,0.1466666666666666,31.0,0.0314840340703495,0.389962299717248,1
Unknown_543877,BOS,543877,2021,141,528,485,124,23,1,7,35,89,2,4,0.256,0.4457831325301205,0.3271719038817006,0.657,0.2269129287598944,0.4895522388059701,0.2781919850885368,0.3107917059377945,0.7576,0.308,0.3831926015279453,0.1466666666666666,31.0,0.0392147076172776,0.6892082940622055,3
Unknown_605170,SD,605170,2021,113,369,325,73,10,0,7,36,84,4,4,0.225,0.4457831325301205,0.2698706099815158,0.626,0.2269129287598944,0.4268656716417911,0.424044734389562,0.4498114985862394,0.664,0.308,0.3831926015279453,0.1466666666666666,28.0,0.0351303214957381,0.5501885014137606,1
Unknown_664789,PIT,664789,2021,55,157,127,19,3,2,2,21,42,6,3,0.15,0.4066265060240963,0.144177449168207,0.545,0.2453825857519788,0.191044776119403,0.5927306616961789,0.5438265786993403,0.5605,0.308,0.3831926015279453,0.14,27.0,0.0286904581809344,0.4561734213006596,1
Unknown_543510,NYM,543510,2021,126,427,390,91,12,1,10,32,117,2,3,0.233,0.4066265060240963,0.3179297597042514,0.639,0.2744063324538258,0.5104477611940299,0.3182665424044734,0.5591423185673893,0.6464,0.307,0.3803779654201849,0.1466666666666666,31.0,0.0608004557321156,0.4408576814326108,1
Unknown_624512,TOR,624512,2021,74,225,204,50,15,0,1,17,46,2,1,0.245,0.4518072289156626,0.2939001848428836,0.641,0.20844327176781,0.5253731343283582,0.3215284249767008,0.3951460885956644,0.7067,0.306,0.3775633293124246,0.14,26.0,0.0423254737618511,0.6048539114043354,1
Unknown_519058,CIN,519058,2021,68,223,198,40,12,0,6,19,47,3,3,0.202,0.3614457831325302,0.3327171903881701,0.632,0.3773087071240105,0.2865671641791045,0.3662628145386766,0.4102262016965127,0.6906,0.306,0.3775633293124246,0.14,33.0,0.0378828927296972,0.5897737983034872,1
Unknown_608701,MIN,608701,2021,51,164,146,35,7,0,2,17,43,0,1,0.24,0.4789156626506025,0.2865064695009243,0.646,0.2110817941952506,0.5671641791044777,0.4524697110904007,0.5313383600377002,0.6341,0.306,0.3775633293124246,0.14,30.0,0.0389332981156266,0.4686616399622998,1
Unknown_595751,MIA,595751,2021,97,326,309,75,15,1,4,12,107,5,0,0.243,0.3734939759036144,0.301293900184843,0.619,0.2242744063324538,0.6716417910447762,0.1407269338303821,0.6868520263901979,0.6196,0.306,0.3775633293124246,0.14,28.0,0.1626156534198357,0.3131479736098019,1
Unknown_605131,LAD,605131,2021,83,238,210,43,8,0,6,23,60,4,0,0.205,0.4126506024096384,0.2865064695009243,0.624,0.3034300791556728,0.3671641791044776,0.4193849021435228,0.5075400565504241,0.6303,0.305,0.3751507840772014,0.14,32.0,0.0405065804958139,0.492459943449576,1
Unknown_664058,LAA,664058,2021,165,687,647,170,28,3,2,31,66,1,1,0.263,0.4186746987951807,0.279112754158965,0.622,0.1398416886543535,0.4656716417910447,0.1794035414725069,0.1399622997172478,0.8472,0.305,0.3751507840772014,0.14,27.0,0.0312370207538804,0.8600377002827522,3
Unknown_544369,PHI,544369,2021,110,430,388,82,16,2,15,25,69,10,7,0.211,0.3433734939759036,0.378927911275416,0.651,0.4195250659630607,0.2417910447761194,0.2399813606710158,0.2917059377945334,0.7581,0.304,0.3723361479694411,0.1333333333333333,31.0,0.0434630900954721,0.7082940622054665,3
Unknown_435559,LAA,435559,2021,74,258,228,51,8,0,6,13,45,12,3,0.224,0.4186746987951807,0.3031423290203328,0.635,0.2770448548812665,0.3462686567164179,0.2041006523765144,0.3244580584354383,0.7209,0.304,0.3723361479694411,0.14,38.0,0.0569701248071299,0.6755419415645616,1
Unknown_462101,ATH,462101,2021,149,561,515,126,26,3,3,33,86,6,4,0.245,0.4156626506024096,0.2772643253234751,0.62,0.1873350923482849,0.453731343283582,0.2432432432432432,0.2747408105560792,0.7718,0.304,0.3723361479694411,0.1333333333333333,33.0,0.0404564885760026,0.7252591894439209,1
Unknown_641343,SEA,641343,2021,119,337,300,64,8,0,5,33,86,4,0,0.213,0.4277108433734939,0.2144177449168207,0.59,0.179419525065963,0.4417910447761193,0.4254426840633737,0.5148444863336474,0.632,0.303,0.3695215118616807,0.1333333333333333,26.0,0.040448721514279,0.4851555136663525,1
Unknown_609280,NYY,609280,2021,44,162,154,39,2,0,6,7,28,0,1,0.253,0.3795180722891565,0.3863216266173753,0.667,0.3192612137203166,0.4149253731343284,0.1705498602050326,0.3206880301602262,0.784,0.303,0.3695215118616807,0.14,26.0,0.0674159598184477,0.6793119698397736,3
Unknown_641796,AZ,641796,2021,62,180,160,30,8,0,2,7,38,12,1,0.188,0.3433734939759036,0.1866913123844732,0.547,0.20844327176781,0.2895522388059702,0.1505125815470643,0.410933081998115,0.6833,0.302,0.3671089666264576,0.1333333333333333,29.0,0.0950311587577133,0.5890669180018848,1
Unknown_656847,TEX,656847,2021,75,254,236,47,10,1,13,13,89,2,3,0.199,0.2590361445783132,0.4454713493530499,0.659,0.546174142480211,0.3402985074626866,0.2078285181733457,0.7391611687087652,0.5906,0.3,0.3614796944109368,0.1333333333333333,26.0,0.1224582136051065,0.2608388312912346,0
Unknown_666198,WSH,666198,2021,67,265,231,46,7,0,6,27,69,5,2,0.199,0.4096385542168674,0.2458410351201479,0.602,0.2612137203166226,0.3552238805970149,0.4440820130475303,0.5270970782280867,0.6189,0.3,0.3614796944109368,0.1333333333333333,24.0,0.03945587912776,0.4729029217719134,1
Unknown_660829,PIT,660829,2021,48,153,131,25,5,2,3,19,40,1,1,0.191,0.4156626506024096,0.2846580406654345,0.624,0.337730870712401,0.3373134328358209,0.5479962721342032,0.5294533459000943,0.5948,0.3,0.3614796944109368,0.1333333333333333,25.0,0.030730864056194,0.4705466540999057,1
Unknown_641856,NYM,641856,2021,122,316,280,56,12,3,9,32,83,1,2,0.2,0.3765060240963854,0.345656192236599,0.643,0.4010554089709762,0.3373134328358209,0.4412861136999068,0.532516493873704,0.6297,0.299,0.3590671491757137,0.1266666666666666,27.0,0.0401883064260474,0.4674835061262961,1
Unknown_663630,BAL,663630,2021,70,207,178,34,6,1,2,25,76,2,0,0.191,0.4216867469879518,0.1774491682070241,0.567,0.1846965699208443,0.555223880597015,0.5321528424976701,0.7785108388312911,0.4928,0.299,0.3590671491757137,0.1333333333333333,24.0,0.0488135126468268,0.2214891611687088,1
Unknown_614173,BOS,614173,2021,53,154,144,29,6,1,2,9,58,0,0,0.201,0.2710843373493976,0.2310536044362293,0.547,0.2321899736147757,0.5582089552238807,0.2413793103448275,0.8008953817153628,0.5584,0.299,0.3590671491757137,0.1333333333333333,27.0,0.1148104640574495,0.1991046182846372,1
Unknown_624503,MIN,624503,2021,66,216,200,48,9,1,4,12,55,3,1,0.24,0.4036144578313252,0.3345656192236599,0.647,0.2796833773087071,0.5253731343283582,0.2283317800559179,0.5134307257304429,0.6759,0.298,0.3562525130679533,0.1333333333333333,26.0,0.0786254503516467,0.4865692742695571,1
Unknown_605113,AZ,605113,2021,131,485,444,97,30,3,6,36,105,2,1,0.218,0.3674698795180724,0.3068391866913125,0.62,0.2981530343007915,0.4119402985074627,0.315004659832246,0.4236569274269557,0.701,0.298,0.3562525130679533,0.12,31.0,0.0464692201883718,0.5763430725730443,1
Unknown_502210,AZ,502210,2021,54,158,151,39,11,0,2,6,31,0,1,0.258,0.3825301204819277,0.3641404805914973,0.656,0.2744063324538258,0.5283582089552239,0.146318732525629,0.3758246936852027,0.7658,0.298,0.3562525130679533,0.1333333333333333,34.0,0.0899294831717879,0.6241753063147972,1
Unknown_621311,TEX,621311,2021,68,236,220,50,12,0,5,11,66,1,3,0.227,0.319277108433735,0.3253234750462108,0.614,0.3007915567282321,0.4835820895522388,0.1863932898415657,0.5725730442978322,0.6653,0.297,0.3534378769601929,0.1266666666666666,27.0,0.1061685308945805,0.4274269557021677,1
Unknown_650489,DET,650489,2021,128,468,430,96,15,7,9,23,110,9,3,0.223,0.3524096385542169,0.3308687615526802,0.629,0.3192612137203166,0.4268656716417911,0.1980428704566635,0.4672478793590952,0.6902,0.296,0.3510253317249698,0.1133333333333333,24.0,0.0826323139459921,0.5327521206409049,1
Unknown_543309,NYY,543309,2021,70,227,208,37,10,0,10,18,64,0,1,0.178,0.253012048192771,0.3622920517560075,0.612,0.4828496042216359,0.1970149253731343,0.3387698042870456,0.5777568331762487,0.6388,0.294,0.3453960595094491,0.1266666666666666,31.0,0.0587999474745305,0.4222431668237512,1
Unknown_503556,BOS,503556,2021,98,333,301,62,15,0,6,21,83,9,1,0.206,0.3584337349397591,0.2624768946395564,0.593,0.2664907651715039,0.3850746268656717,0.2632805219012115,0.5007068803016023,0.6577,0.294,0.3453960595094491,0.12,32.0,0.0664343804680787,0.4992931196983978,1
Unknown_642727,CHC,642727,2021,84,255,220,45,6,3,5,30,74,2,2,0.205,0.4367469879518072,0.2828096118299446,0.63,0.3007915567282321,0.4358208955223881,0.5172413793103448,0.5973138548539114,0.5804,0.294,0.3453960595094491,0.12,25.0,0.0377572496970276,0.4026861451460886,1
Unknown_624431,TEX,624431,2021,90,321,303,72,16,0,5,13,65,0,3,0.238,0.3253012048192771,0.3068391866913125,0.606,0.2453825857519788,0.4477611940298507,0.1579683131407269,0.3906691800188502,0.7508,0.294,0.3453960595094491,0.12,29.0,0.0867714776335365,0.6093308199811498,1
Unknown_570256,PIT,570256,2021,114,404,356,72,13,2,11,38,110,2,8,0.202,0.3584337349397591,0.312384473197782,0.62,0.345646437994723,0.3492537313432836,0.407735321528425,0.5551366635249764,0.6287,0.294,0.3453960595094491,0.1133333333333333,30.0,0.046003532564986,0.4448633364750236,1
Unknown_596748,BAL,596748,2021,109,424,396,82,23,0,12,22,73,3,3,0.207,0.2831325301204819,0.3364140480591498,0.608,0.3693931398416886,0.2656716417910448,0.2110904007455731,0.3192742695570216,0.7689,0.293,0.3425814234016887,0.1066666666666666,29.0,0.054213930326075,0.6807257304429783,1
Unknown_621028,PIT,621028,2021,155,575,536,128,27,3,5,28,41,1,4,0.239,0.355421686746988,0.2846580406654345,0.604,0.2137203166226912,0.3432835820895522,0.1961789375582479,0.0815268614514608,0.8678,0.292,0.3401688781664655,0.0933333333333333,28.0,0.0183316384598549,0.9184731385485388,3
Unknown_571788,TEX,571788,2021,80,274,246,52,14,1,2,26,53,1,1,0.211,0.3915662650602409,0.2347504621072089,0.589,0.2110817941952506,0.3761194029850746,0.4114631873252563,0.3692271442035815,0.708,0.292,0.3401688781664655,0.12,33.0,0.0294391693319405,0.6307728557964185,1
Unknown_656577,MIA,656577,2021,57,167,146,23,6,0,5,14,77,7,0,0.158,0.3162650602409639,0.2347504621072089,0.565,0.3562005277044854,0.4388059701492538,0.3597390493942218,1.0,0.4132,0.291,0.3373542420587052,0.1266666666666666,26.0,0.0964954310943389,0.0,1
Unknown_670764,TB,670764,2021,49,176,152,32,10,0,1,23,49,0,0,0.211,0.4698795180722892,0.2255083179297597,0.61,0.2031662269129287,0.5074626865671642,0.5782851817334577,0.5695098963242223,0.5852,0.291,0.3373542420587052,0.1266666666666666,25.0,0.0312224743248922,0.4304901036757775,1
Unknown_570481,PIT,570481,2021,78,248,237,56,8,1,3,10,41,0,1,0.236,0.3253012048192771,0.2624768946395564,0.583,0.1873350923482849,0.4149253731343284,0.1570363466915191,0.3030160226201697,0.7944,0.291,0.3373542420587052,0.12,30.0,0.069385131606087,0.6969839773798303,1
Unknown_606299,NYM,606299,2021,67,162,150,29,7,0,6,9,27,3,0,0.193,0.286144578313253,0.3438077634011091,0.613,0.41688654353562,0.1880597014925373,0.2283317800559179,0.3063147973609802,0.7593,0.289,0.3321270607157217,0.1266666666666666,27.0,0.0480256299209577,0.6936852026390199,1
Unknown_672284,SEA,672284,2021,96,388,345,63,14,1,15,38,106,4,1,0.183,0.3403614457831325,0.3419593345656193,0.63,0.4432717678100263,0.235820895522388,0.4254426840633737,0.5572573044297832,0.6186,0.288,0.3293124246079614,0.1,22.0,0.044007447976706,0.4427426955702167,1
Unknown_664238,SEA,664238,2021,125,400,352,63,13,2,12,43,119,4,1,0.179,0.3524096385542169,0.2883548983364142,0.605,0.3746701846965699,0.2865671641791045,0.4701770736253494,0.6145146088595664,0.585,0.288,0.3293124246079614,0.1,29.0,0.0435591587905475,0.3854853911404337,1
Unknown_642721,BAL,642721,2021,81,295,272,63,8,3,3,19,76,4,0,0.232,0.4036144578313252,0.2624768946395564,0.608,0.2005277044854881,0.5283582089552239,0.2693383038210624,0.5204995287464655,0.6644,0.288,0.3293124246079614,0.1133333333333333,27.0,0.0674159598184477,0.4795004712535342,1
Unknown_572761,STL,572761,2021,133,263,220,36,11,1,3,36,80,6,1,0.164,0.4186746987951807,0.1663585951940851,0.56,0.2401055408970976,0.3134328358208955,0.6071761416589002,0.630301602262017,0.5361,0.287,0.326497788500201,0.1133333333333333,36.0,0.0330030084949078,0.3696983977379831,1
Unknown_621512,NYM,621512,2021,56,171,162,35,5,1,3,6,49,3,0,0.216,0.2981927710843374,0.2606284658040667,0.572,0.237467018469657,0.4686567164179104,0.1328052190121155,0.5885956644674835,0.6608,0.287,0.326497788500201,0.12,27.0,0.1479812348265525,0.4114043355325165,1
Unknown_641680,TEX,641680,2021,82,299,277,55,15,0,10,16,59,2,3,0.199,0.2620481927710844,0.345656192236599,0.606,0.4036939313984168,0.235820895522388,0.2185461323392357,0.378416588124411,0.7391,0.284,0.3184559710494571,0.1066666666666666,26.0,0.0613741439771022,0.621583411875589,1
Unknown_502481,KC,502481,2021,71,158,144,30,8,3,0,10,35,0,1,0.208,0.3012048192771085,0.243992606284658,0.564,0.2321899736147757,0.4149253731343284,0.2642124883504193,0.4354382657869934,0.6962,0.283,0.316043425814234,0.12,37.0,0.05772291219225,0.5645617342130065,1
Unknown_547379,CLE,547379,2021,50,174,151,22,4,0,7,20,60,1,0,0.146,0.2771084337349397,0.2532347504621072,0.561,0.4142480211081794,0.1343283582089551,0.5046598322460392,0.725966069745523,0.523,0.282,0.3132287897064736,0.12,33.0,0.0480772875367054,0.274033930254477,1
Unknown_642201,TEX,642201,2021,66,239,214,38,6,2,6,19,73,5,1,0.178,0.3042168674698795,0.2476894639556378,0.568,0.3218997361477572,0.3014925373134328,0.3397017707362535,0.633129123468426,0.5941,0.282,0.3132287897064736,0.1066666666666666,27.0,0.0643482928439808,0.366870876531574,1
Unknown_660634,TEX,660634,2021,47,176,152,31,5,0,0,18,38,4,1,0.204,0.4367469879518072,0.1164510166358595,0.54,0.0633245382585752,0.4059701492537314,0.4459459459459459,0.4222431668237512,0.6534,0.28,0.3080016083634901,0.1133333333333333,23.0,0.0308429237123219,0.5777568331762488,1
Unknown_547004,BAL,547004,2021,65,162,146,25,5,0,4,12,46,1,2,0.171,0.2349397590361445,0.2107208872458411,0.524,0.2823218997361477,0.2388059701492537,0.3145386766076421,0.5827049952874646,0.6296,0.278,0.3023723361479694,0.1133333333333333,27.0,0.0641769797792156,0.4172950047125352,1
Unknown_656371,MIA,656371,2021,96,293,253,46,9,0,4,35,79,1,3,0.182,0.3704819277108434,0.1682070240295749,0.546,0.1952506596306068,0.3253731343283582,0.5260950605778192,0.5487747408105561,0.6041,0.278,0.3023723361479694,0.0933333333333333,25.0,0.0336612325158158,0.4512252591894439,1
Unknown_650859,LAA,650859,2021,59,201,182,35,1,0,6,11,40,3,2,0.192,0.2680722891566265,0.2273567467652495,0.544,0.2506596306068601,0.226865671641791,0.2241379310344827,0.3824222431668237,0.7164,0.276,0.2971451548049859,0.1066666666666666,24.0,0.0604097577574101,0.6175777568331762,1
Unknown_605412,MIA,605412,2021,100,269,247,52,10,0,3,18,34,2,1,0.211,0.3343373493975904,0.2088724584103512,0.556,0.179419525065963,0.2925373134328358,0.2809878844361603,0.2113572101790763,0.7955,0.275,0.2943305186972255,0.0933333333333333,31.0,0.0265639551025951,0.7886427898209234,1
Unknown_455117,HOU,455117,2021,129,457,397,67,10,1,12,51,135,7,1,0.169,0.3493975903614459,0.2144177449168207,0.564,0.2955145118733509,0.2537313432835821,0.48928238583411,0.6095664467483506,0.5755,0.274,0.2919179734620024,0.06,35.0,0.0412270423446268,0.3904335532516494,1
Unknown_592743,MIN,592743,2021,137,470,430,95,12,0,4,33,64,3,1,0.221,0.3704819277108434,0.190388170055453,0.557,0.1240105540897097,0.3492537313432836,0.2963653308480894,0.2344486333647502,0.7809,0.272,0.2862887012464816,0.0533333333333333,32.0,0.0275469017548887,0.7655513666352498,1
Unknown_641355,LAD,641355,2021,106,393,353,60,11,2,12,36,112,1,3,0.17,0.2680722891566265,0.2587800369685768,0.561,0.3562005277044854,0.217910447761194,0.3960857409133271,0.5850612629594721,0.6209,0.27,0.2810615199034981,0.06,26.0,0.0502157507556941,0.4149387370405279,1
Unknown_642162,BAL,642162,2021,94,300,275,56,10,0,6,19,81,2,3,0.204,0.3012048192771085,0.2421441774491682,0.563,0.2453825857519788,0.382089552238806,0.2642124883504193,0.5497172478793592,0.6567,0.269,0.2782468837957378,0.08,29.0,0.0725529692859595,0.4502827521206409,1
Unknown_673451,CIN,673451,2021,79,183,163,33,8,0,0,14,40,4,1,0.202,0.3674698795180724,0.144177449168207,0.532,0.1055408970976253,0.3940298507462687,0.3257222739981361,0.4286050895381715,0.6721,0.269,0.2782468837957378,0.1,33.0,0.0453025969813397,0.5713949104618283,1
Unknown_642423,MIA,642423,2021,108,240,222,48,6,1,0,17,55,0,0,0.216,0.3433734939759036,0.144177449168207,0.524,0.071240105540897,0.4567164179104477,0.2991612301957129,0.4535815268614514,0.6958,0.268,0.2758343385605146,0.0866666666666666,25.0,0.0526532767391427,0.5464184731385486,1
Unknown_670097,DET,670097,2021,65,200,168,24,6,0,6,25,63,1,6,0.143,0.2771084337349397,0.2070240295748613,0.536,0.3535620052770448,0.1104477611940298,0.5517241379310345,0.6557492931196984,0.555,0.267,0.2730197024527543,0.0933333333333333,26.0,0.0387697934521163,0.3442507068803018,1
Unknown_663728,SEA,663728,2021,48,155,146,27,14,0,2,7,55,1,1,0.185,0.2048192771084337,0.2735674676524954,0.548,0.337730870712401,0.4298507462686568,0.1798695246971108,0.7495287464655985,0.5935,0.262,0.2597507036590269,0.1,25.0,0.1419261390181259,0.2504712535344016,1
Unknown_605421,PIT,605421,2021,73,241,219,33,9,1,7,20,70,2,0,0.151,0.2108433734939759,0.2273567467652495,0.525,0.3614775725593667,0.1462686567164178,0.3560111835973905,0.5980207351555136,0.6183,0.257,0.2460796139927623,0.0733333333333333,29.0,0.0577382009109033,0.4019792648444864,1
Unknown_668800,STL,668800,2021,64,192,168,29,7,0,1,20,39,4,0,0.173,0.355421686746988,0.1072088724584104,0.508,0.1345646437994722,0.2537313432835821,0.4547996272134203,0.3920829406220547,0.6719,0.255,0.2408524326497788,0.0866666666666666,26.0,0.0277204304798251,0.6079170593779453,1
Unknown_598265,MIL,598265,2021,134,445,401,67,15,3,6,31,135,10,3,0.167,0.2560240963855421,0.1663585951940851,0.507,0.2321899736147757,0.2925373134328358,0.2940354147250699,0.6284165881244109,0.6045,0.251,0.2299959790912746,0.0,31.0,0.0742473190473026,0.3715834118755892,1
Unknown_665750,TEX,665750,2021,55,204,190,32,7,2,3,12,66,1,0,0.168,0.1927710843373493,0.1848428835489834,0.495,0.2532981530343007,0.3164179104477612,0.2432432432432432,0.6757775683317625,0.6078,0.251,0.2299959790912746,0.08,23.0,0.0964821540883855,0.3242224316682376,1
Unknown_506702,MIA,506702,2021,85,226,207,39,6,0,4,13,67,3,2,0.188,0.2590361445783132,0.1866913123844732,0.52,0.2058047493403693,0.3582089552238806,0.2371854613233923,0.6121583411875589,0.6283,0.246,0.2167269802975472,0.0666666666666666,32.0,0.0898010369437243,0.3878416588124411,1
Unknown_595978,CLE,595978,2021,93,325,298,51,7,0,10,15,94,2,3,0.171,0.1686746987951807,0.2236598890942698,0.509,0.3034300791556728,0.2208955223880596,0.18452935694315,0.5949575871819038,0.6369,0.246,0.2167269802975472,0.0333333333333333,29.0,0.1111544026733238,0.4050424128180963,1
Unknown_595284,PHI,595284,2021,62,176,162,24,3,0,2,10,67,2,1,0.148,0.1445783132530119,0.055452865064695,0.409,0.1240105540897097,0.2985074626865672,0.2339235787511649,0.8105560791705937,0.5455,0.217,0.1387213510253317,0.0533333333333333,30.0,0.1197235651814078,0.1894439208294063,1
Unknown_572761,NYY,572761,2022,57,176,147,43,10,0,15,20,40,5,3,0.293,0.6957831325301206,0.9112754158964882,1.055,0.9630606860158312,0.4805970149253731,0.4986020503261883,0.4491046182846371,0.625,0.507,0.9195818254925612,0.34,37.0,0.0287219624962059,0.5508953817153628,2
Unknown_592450,NYY,592450,2022,171,745,618,191,31,0,67,115,190,7,5,0.309,0.789156626506024,0.9426987060998152,1.105,0.9656992084432716,0.6119402985074628,0.6887232059645854,0.514373232799246,0.5758,0.495,0.8874145556895858,0.94,30.0,0.0219605792501109,0.4856267672007539,2
Unknown_658668,KC,658668,2022,62,212,195,63,13,1,7,12,39,3,2,0.323,0.6325301204819277,0.6173752310536045,0.876,0.4643799472295514,0.7074626865671642,0.232991612301957,0.3470782280867107,0.7453,0.474,0.8311218335343786,0.34,26.0,0.052916419971102,0.6529217719132894,2
Unknown_663886,CIN,663886,2022,57,218,194,64,12,0,6,17,50,5,2,0.33,0.710843373493976,0.5748613678373384,0.879,0.3852242744063324,0.8358208955223881,0.3327120223671947,0.454052780395853,0.6697,0.468,0.815038198632891,0.34,26.0,0.0469189627475972,0.5459472196041468,2
Unknown_502671,STL,502671,2022,162,683,590,189,42,0,39,82,147,6,5,0.32,0.746987951807229,0.7689463955637708,0.995,0.6860158311345647,0.6955223880597016,0.5288909599254427,0.4205937794533459,0.653,0.455,0.780056292722155,0.72,35.0,0.0246758821784681,0.5794062205466539,2
Unknown_547180,PHI,547180,2022,117,486,426,130,33,1,29,49,105,3,7,0.305,0.6536144578313253,0.7726432532347505,0.967,0.7308707124010553,0.6089552238805972,0.4389561975768872,0.4224787935909519,0.6749,0.453,0.7748291113791717,0.5466666666666666,30.0,0.0314699981618542,0.5775212064090482,2
Unknown_670541,HOU,670541,2022,145,601,505,152,30,2,41,82,114,7,7,0.301,0.7319277108433736,0.8096118299445472,1.013,0.7968337730870712,0.5283582089552239,0.6048462255358806,0.3605089538171536,0.6622,0.448,0.761158021712907,0.6266666666666667,25.0,0.0169128161938868,0.6394910461828465,2
Unknown_545361,LAA,545361,2022,126,521,454,126,28,2,40,59,144,6,2,0.278,0.6295180722891566,0.8096118299445472,0.979,0.8601583113456465,0.5432835820895523,0.4967381174277725,0.5647973609802073,0.5988,0.442,0.7450743868114194,0.5466666666666666,31.0,0.0372541811737333,0.4352026390197927,2
Unknown_592178,COL,592178,2022,51,207,184,56,16,0,5,19,33,2,2,0.304,0.644578313253012,0.5526802218114604,0.845,0.4195250659630607,0.6298507462686568,0.397017707362535,0.2891140433553251,0.7391,0.435,0.7265782066747084,0.2933333333333333,30.0,0.0236024892086933,0.7108859566446748,2
Unknown_608701,BOS,608701,2022,67,203,176,52,13,0,7,18,55,6,3,0.295,0.6506024096385542,0.5822550831792976,0.863,0.4854881266490765,0.7492537313432835,0.3825722273998136,0.5518378887841658,0.6108,0.434,0.7237635705669481,0.2866666666666667,31.0,0.0491078657408158,0.4481621112158342,2
Unknown_518692,LAD,518692,2022,172,750,646,211,50,3,23,91,107,6,7,0.327,0.7620481927710844,0.6395563770794825,0.931,0.4854881266490765,0.6716417910447762,0.5344827586206897,0.2497643732327992,0.728,0.431,0.7157217531162041,0.6733333333333333,33.0,0.0127641473562225,0.7502356267672006,2
Unknown_686469,KC,686469,2022,84,322,281,85,12,0,12,36,41,3,2,0.302,0.6837349397590361,0.5526802218114604,0.858,0.4274406332453826,0.546268656716418,0.4902143522833178,0.2134778510838831,0.7516,0.421,0.6887816646562122,0.3533333333333334,25.0,0.0120328636731265,0.7865221489161167,2
Unknown_650391,CWS,650391,2022,97,363,326,97,16,0,19,30,81,3,4,0.298,0.6024096385542169,0.6414048059149724,0.88,0.5672823218997362,0.6119402985074628,0.3541472506989748,0.4392082940622054,0.686,0.421,0.6887816646562122,0.38,26.0,0.0422725329230599,0.5607917059377947,2
Unknown_646240,BOS,646240,2022,152,644,580,173,43,1,33,53,120,7,4,0.298,0.6144578313253012,0.689463955637708,0.908,0.6306068601583114,0.5701492537313434,0.352749301025163,0.352497643732328,0.7205,0.42,0.6863691194209891,0.56,26.0,0.033808383928093,0.6475023562676718,2
Unknown_669374,MIL,669374,2022,88,296,260,64,11,1,18,26,121,9,1,0.246,0.5301204819277109,0.6099815157116453,0.838,0.6569920844327176,0.7253731343283581,0.3783783783783784,0.8767672007540056,0.473,0.419,0.6835544833132288,0.3333333333333333,26.0,0.0801138849454308,0.1232327992459942,0
Unknown_621439,MIN,621439,2022,101,413,368,89,18,3,33,35,121,9,1,0.242,0.4939759036144578,0.7430683918669132,0.898,0.8575197889182058,0.3761194029850746,0.363932898415657,0.6039114043355325,0.6005,0.419,0.6835544833132288,0.4066666666666667,29.0,0.0569498120506665,0.3960885956644677,2
Unknown_677594,SEA,677594,2022,149,622,564,163,32,4,30,47,161,10,1,0.289,0.5903614457831324,0.6395563770794825,0.873,0.58311345646438,0.6626865671641792,0.3215284249767008,0.5233270499528746,0.6495,0.413,0.6674708484117409,0.52,22.0,0.0562532537769415,0.4766729500471256,2
Unknown_592518,SD,592518,2022,165,698,626,186,40,1,36,69,147,1,2,0.297,0.6295180722891566,0.6709796672828099,0.904,0.6094986807387862,0.6059701492537314,0.4301025163094129,0.4097549481621113,0.6891,0.413,0.6674708484117409,0.5666666666666667,30.0,0.0312099861501825,0.5902450518378888,2
Unknown_514888,HOU,514888,2022,152,646,566,166,40,0,29,68,97,10,2,0.293,0.6626506024096387,0.635859519408503,0.895,0.5672823218997362,0.5253731343283582,0.4599254426840634,0.2674363807728558,0.7291,0.412,0.6646562123039808,0.5333333333333334,32.0,0.0176026138745819,0.7325636192271443,2
Unknown_608841,WSH,608841,2022,59,244,226,74,14,0,14,15,52,1,2,0.327,0.6355421686746988,0.7412199630314233,0.944,0.6306068601583114,0.7044776119402986,0.2558247903075489,0.41564561734213,0.7213,0.411,0.6622436670687575,0.2866666666666667,30.0,0.0570615445970425,0.5843543826578699,2
Unknown_660271,LAA,660271,2022,168,698,609,166,30,7,37,81,168,5,3,0.273,0.6114457831325301,0.6524953789279115,0.888,0.6490765171503957,0.546268656716418,0.5097856477166822,0.4806786050895381,0.6361,0.409,0.6566143948532368,0.5533333333333333,28.0,0.0301565880244017,0.5193213949104618,2
Unknown_665862,MIA,665862,2022,71,272,243,62,11,4,15,23,76,3,3,0.255,0.5,0.6377079482439927,0.842,0.6701846965699209,0.5044776119402985,0.363466915191053,0.5718661639962299,0.6213,0.408,0.6542018496180138,0.3,24.0,0.0539174308457498,0.4281338360037701,2
Unknown_665742,WSH,665742,2022,170,727,578,142,28,2,29,144,104,4,0,0.246,0.7259036144578314,0.5138632162661738,0.851,0.5197889182058048,0.3582089552238806,0.8923578751164958,0.2507068803016022,0.6506,0.406,0.6485725774024929,0.5533333333333333,24.0,0.0039755876966043,0.7492931196983978,2
Unknown_641584,CIN,641584,2022,78,278,241,62,9,0,13,30,58,4,3,0.257,0.5632530120481928,0.5212569316081332,0.802,0.5013192612137203,0.444776119402985,0.4720410065237651,0.4050424128180961,0.6691,0.404,0.6433453960595095,0.2933333333333333,27.0,0.0274133604415728,0.594957587181904,2
Unknown_624413,NYM,624413,2022,174,733,637,172,31,0,42,75,139,12,9,0.27,0.5873493975903613,0.6321626617375233,0.87,0.62532981530343,0.4358208955223881,0.4459459459459459,0.3602733270499528,0.6917,0.401,0.6353035786087655,0.54,28.0,0.0258668717227145,0.639726672950047,2
Unknown_664983,AZ,664983,2022,106,390,353,101,17,4,9,25,90,8,1,0.286,0.5662650602409639,0.478743068391867,0.78,0.3641160949868073,0.6776119402985076,0.2679403541472507,0.4573515551366635,0.6769,0.398,0.6272617611580216,0.3466666666666667,25.0,0.0596858310186619,0.5426484448633364,3
Unknown_661388,ATL,661388,2022,111,412,365,98,15,1,21,44,115,1,2,0.268,0.5692771084337348,0.5804066543438078,0.835,0.5540897097625329,0.5940298507462688,0.4669151910531221,0.5711592836946278,0.6117,0.397,0.6244471250502612,0.3533333333333334,25.0,0.0405755835224303,0.4288407163053722,2
Unknown_621493,LAA,621493,2022,148,602,530,148,24,2,25,63,127,4,5,0.279,0.5993975903614458,0.5545286506469502,0.831,0.4881266490765171,0.5582089552238807,0.4571295433364399,0.4106974552309142,0.6777,0.397,0.6244471250502612,0.4533333333333333,29.0,0.0290007105159123,0.5893025447690858,2
Unknown_592626,SF,592626,2022,142,455,400,108,19,3,24,43,107,8,4,0.27,0.575301204819277,0.6247689463955639,0.862,0.6147757255936676,0.5194029850746269,0.4095992544268406,0.4677191328934967,0.6527,0.397,0.6244471250502612,0.38,30.0,0.0381676217867579,0.5322808671065034,2
Unknown_663993,TEX,663993,2022,167,673,621,189,27,3,28,48,156,4,0,0.304,0.6024096385542169,0.5896487985212571,0.851,0.4722955145118733,0.6985074626865672,0.3014911463187325,0.4597078228086711,0.6909,0.396,0.6220345798150382,0.4866666666666667,27.0,0.0529196813987318,0.5402921771913289,0
Unknown_547989,CWS,547989,2022,168,713,628,192,44,0,16,69,114,12,4,0.306,0.6777108433734941,0.5138632162661738,0.835,0.3614775725593667,0.6477611940298508,0.4203168685927306,0.2902921771913289,0.7265,0.396,0.6220345798150382,0.5066666666666666,35.0,0.0219664846183476,0.7097078228086713,3
Unknown_643376,TOR,643376,2022,76,274,239,63,12,0,16,26,51,3,6,0.264,0.5361445783132531,0.6303142329020335,0.85,0.6385224274406333,0.3880597014925373,0.4114631873252563,0.3520263901979265,0.708,0.395,0.6192199437072778,0.28,27.0,0.0279502833461644,0.6479736098020736,2
Unknown_571448,STL,571448,2022,159,650,587,171,44,1,31,52,79,7,4,0.291,0.5903614457831324,0.6543438077634014,0.882,0.6015831134564643,0.4686567164179104,0.342031686859273,0.1998114985862394,0.7877,0.394,0.6164053075995175,0.4666666666666667,31.0,0.0193900812397586,0.8001885014137609,2
Unknown_575929,CHC,575929,2022,122,512,433,104,23,2,24,52,110,25,2,0.24,0.5903614457831324,0.5452865064695009,0.822,0.5804749340369393,0.3940298507462687,0.4426840633737185,0.4196512723845428,0.6348,0.394,0.6164053075995175,0.4,30.0,0.0309148061435361,0.5803487276154571,2
Unknown_663586,ATL,663586,2022,174,741,656,175,40,2,40,63,181,18,4,0.267,0.5632530120481928,0.6340110905730132,0.862,0.6358839050131926,0.5194029850746269,0.3653308480894688,0.4891611687087653,0.6464,0.393,0.613590671491757,0.5133333333333333,25.0,0.0456239238784006,0.5108388312912349,2
Unknown_670712,MIL,670712,2022,74,188,167,41,5,0,7,16,57,5,0,0.246,0.5180722891566266,0.4195933456561924,0.731,0.387862796833773,0.5850746268656717,0.3657968313140726,0.6279453345900095,0.5851,0.393,0.613590671491757,0.2333333333333333,28.0,0.0589550284116169,0.3720546654099905,0
Unknown_608070,CLE,608070,2022,173,743,657,183,48,5,32,71,95,6,9,0.279,0.5783132530120482,0.6266173752310538,0.863,0.5936675461741425,0.4358208955223881,0.4147250698974837,0.2148916116870877,0.7685,0.392,0.6111781262565339,0.5066666666666666,30.0,0.0158889798609152,0.7851083883129124,2
Unknown_592663,PHI,592663,2022,157,626,563,158,29,5,24,45,134,13,5,0.281,0.5632530120481928,0.5619223659889094,0.823,0.496042216358839,0.5761194029850747,0.304287045666356,0.4180018850141376,0.6933,0.392,0.6111781262565339,0.4466666666666666,31.0,0.0476297211618548,0.5819981149858624,0
Unknown_405395,STL,405395,2022,114,366,322,88,14,0,24,28,56,10,6,0.273,0.5602409638554217,0.6765249537892792,0.885,0.6807387862796834,0.3701492537313433,0.3257222739981361,0.2740339302544769,0.7432,0.392,0.6111781262565339,0.32,42.0,0.0287049241882701,0.725966069745523,2
Unknown_665926,CLE,665926,2022,159,607,532,157,28,4,18,40,125,27,3,0.295,0.644578313253012,0.5360443622920519,0.836,0.4221635883905013,0.6597014925373134,0.2763280521901211,0.3986804901036758,0.6755,0.391,0.6083634901487736,0.4333333333333333,24.0,0.0504688675888479,0.6013195098963242,3
Unknown_650490,TB,650490,2022,148,598,510,146,35,0,9,81,66,6,1,0.286,0.6987951807228917,0.4325323475046211,0.797,0.2981530343007915,0.5373134328358209,0.6006523765144455,0.1736569274269557,0.7441,0.391,0.6083634901487736,0.4333333333333333,31.0,0.0057639931100172,0.8263430725730443,3
Unknown_543807,TOR,543807,2022,143,614,545,149,23,4,27,56,106,8,5,0.273,0.5692771084337348,0.5637707948243993,0.826,0.5197889182058048,0.4746268656716418,0.3942218080149114,0.3202167766258247,0.7166,0.391,0.6083634901487736,0.44,33.0,0.026625054949368,0.6797832233741754,2
Unknown_668804,PIT,668804,2022,156,650,576,153,22,5,30,57,152,14,3,0.266,0.5632530120481928,0.5600739371534196,0.822,0.5356200527704486,0.5253731343283582,0.3779123951537744,0.4644203581526862,0.6569,0.391,0.6083634901487736,0.46,27.0,0.0415938893011684,0.5355796418473138,2
Unknown_643446,NYM,643446,2022,159,636,576,185,42,2,9,43,63,11,6,0.321,0.6566265060240964,0.5064695009242146,0.824,0.3113456464379947,0.6298507462686568,0.2842497670083876,0.1470311027332704,0.816,0.388,0.6003216726980296,0.44,30.0,0.0183686195562478,0.8529688972667293,3
Unknown_621043,MIN,621043,2022,143,610,542,159,26,1,25,61,127,3,4,0.293,0.6265060240963854,0.5711645101663587,0.849,0.4775725593667546,0.6149253731343284,0.4352283317800559,0.4040999057492931,0.6869,0.388,0.6003216726980296,0.4266666666666666,28.0,0.0302920766491074,0.5959000942507071,2
Unknown_488726,HOU,488726,2022,72,304,268,75,14,1,7,32,36,2,1,0.28,0.6084337349397589,0.4510166358595195,0.778,0.3403693931398417,0.4985074626865672,0.4599254426840634,0.192507068803016,0.7664,0.388,0.6003216726980296,0.28,35.0,0.0117573577822759,0.8074929311969836,3
Unknown_605141,LAD,605141,2022,153,680,609,160,41,3,35,58,113,8,5,0.263,0.5240963855421686,0.6247689463955639,0.845,0.6358839050131926,0.4,0.3667287977632805,0.3051366635249764,0.7368,0.387,0.5975070365902693,0.4533333333333333,30.0,0.0277065152974566,0.6948633364750234,2
Unknown_650333,MIN,650333,2022,154,634,573,184,34,2,8,55,45,3,3,0.321,0.674698795180723,0.4713493530499077,0.811,0.2612137203166226,0.6059701492537314,0.3737185461323392,0.0808199811498586,0.8375,0.387,0.5975070365902693,0.4333333333333333,25.0,0.0058261669552273,0.9191800188501416,3
Unknown_672386,TOR,672386,2022,149,577,501,144,21,0,15,68,61,4,4,0.287,0.6506024096385542,0.4528650646950093,0.794,0.3245382585751979,0.4985074626865672,0.5186393289841565,0.1625824693685202,0.7695,0.386,0.5950944913550462,0.4066666666666667,24.0,0.0073465453270058,0.8374175306314797,3
Unknown_673357,CWS,673357,2022,105,438,414,121,22,0,15,18,85,4,2,0.292,0.5060240963855422,0.5175600739371535,0.781,0.4036939313984168,0.6000000000000002,0.1607642124883504,0.3708765315739868,0.7557,0.386,0.5950944913550462,0.34,25.0,0.0814027938600083,0.6291234684260134,3
Unknown_664238,SEA,664238,2022,105,293,238,53,12,2,9,40,91,13,1,0.223,0.6174698795180723,0.4232902033271721,0.766,0.4538258575197889,0.546268656716418,0.6053122087604846,0.6453817153628651,0.5017,0.385,0.5922798552472859,0.2733333333333333,30.0,0.0340365540040015,0.3546182846371348,0
Unknown_680977,STL,680977,2022,134,508,429,118,22,1,6,62,77,14,2,0.275,0.6777108433734941,0.3678373382624769,0.756,0.2348284960422163,0.5611940298507463,0.537744641192917,0.2707351555136664,0.6969,0.384,0.5894652191395255,0.3666666666666667,25.0,0.0140454992201208,0.7292648444863337,3
Unknown_519203,NYY,519203,2022,143,596,504,115,22,1,34,65,109,25,2,0.228,0.5602409638554217,0.5619223659889094,0.822,0.6358839050131926,0.2656716417910448,0.4776328052190121,0.3444863336475024,0.6661,0.382,0.5842380377965419,0.4,33.0,0.022442323098695,0.6555136663524974,2
Unknown_656811,KC,656811,2022,75,174,162,43,8,1,3,9,39,2,1,0.265,0.4578313253012048,0.3863216266173753,0.693,0.2849604221635884,0.5880597014925374,0.2101584342963653,0.441564561734213,0.7126,0.382,0.5842380377965419,0.2133333333333333,29.0,0.0738927578494155,0.558435438265787,3
Unknown_607043,NYM,607043,2022,159,717,618,168,30,8,17,77,127,16,3,0.272,0.6265060240963854,0.4713493530499077,0.794,0.3905013192612137,0.546268656716418,0.4697110904007455,0.3308199811498586,0.689,0.381,0.5814234016887816,0.4466666666666666,29.0,0.0219106688658413,0.6691800188501413,3
Unknown_665489,TOR,665489,2022,173,748,677,185,37,0,33,61,123,6,4,0.273,0.5391566265060243,0.5545286506469502,0.811,0.5065963060686016,0.4656716417910447,0.3494874184529357,0.3008953817153628,0.746,0.381,0.5814234016887816,0.46,23.0,0.028989564156139,0.6991046182846372,3
Unknown_669742,PHI,669742,2022,49,158,151,38,10,1,9,6,47,1,0,0.252,0.3825301204819277,0.6210720887245842,0.795,0.6569920844327176,0.5104477611940299,0.146318732525629,0.6145146088595664,0.6582,0.381,0.5814234016887816,0.2066666666666666,27.0,0.1415272188209589,0.3854853911404337,0
Unknown_676701,COL,676701,2022,47,151,144,37,8,0,4,5,38,2,0,0.257,0.4006024096385542,0.4103512014787432,0.687,0.3430079155672823,0.5671641791044777,0.1234855545200372,0.5065975494816211,0.702,0.381,0.5814234016887816,0.2066666666666666,26.0,0.1371776901912603,0.4934024505183789,3
Unknown_641313,CWS,641313,2022,91,386,366,115,17,0,6,14,60,6,0,0.314,0.5783132530120482,0.4362292051756007,0.76,0.2295514511873351,0.6835820895522388,0.1383970177073625,0.279688972667295,0.7927,0.381,0.5814234016887816,0.3066666666666666,29.0,0.0728547003615305,0.7203110273327049,3
Unknown_596019,NYM,596019,2022,174,756,674,182,27,5,31,63,143,11,8,0.27,0.5451807228915663,0.534195933456562,0.802,0.4854881266490765,0.4865671641791045,0.3574091332712022,0.3593308199811499,0.713,0.38,0.5790108564535584,0.46,29.0,0.0339562411465055,0.64066918001885,3
Unknown_593428,BOS,593428,2022,158,653,577,174,40,0,15,58,120,11,7,0.302,0.644578313253012,0.5083179297597045,0.821,0.3641160949868073,0.6567164179104478,0.3830382106244175,0.3466069745523091,0.7106,0.38,0.5790108564535584,0.42,30.0,0.0300563229546389,0.653393025447691,3
Unknown_675656,ATH,675656,2022,59,190,175,37,12,2,5,10,49,0,2,0.211,0.2801204819277109,0.3974121996303143,0.64,0.4432717678100263,0.3761194029850746,0.2143522833178005,0.5212064090480679,0.6737,0.38,0.5790108564535584,0.22,26.0,0.0848948019518454,0.4787935909519321,0
Unknown_516782,NYM,516782,2022,126,535,492,144,27,5,16,30,100,13,0,0.293,0.5783132530120482,0.5378927911275417,0.815,0.4327176781002638,0.6149253731343284,0.2306616961789375,0.3539114043355326,0.7327,0.379,0.5761962203457981,0.3666666666666667,34.0,0.054477779460768,0.6460885956644673,3
Unknown_673548,CHC,673548,2022,117,466,414,108,22,2,16,44,117,5,3,0.261,0.5391566265060243,0.4916820702402959,0.777,0.4485488126649076,0.5671641791044777,0.4091332712022367,0.5051837888784165,0.6438,0.379,0.5761962203457981,0.3333333333333333,28.0,0.0414787457971687,0.4948162111215834,0
Unknown_572233,AZ,572233,2022,171,700,614,152,28,2,39,71,135,8,7,0.248,0.5180722891566266,0.5841035120147875,0.82,0.6174142480211081,0.3552238805970149,0.4417520969245107,0.3680490103675777,0.6943,0.379,0.5761962203457981,0.4333333333333333,31.0,0.0268151842832466,0.6319509896324222,2
Unknown_543685,LAA,543685,2022,56,219,191,46,13,0,6,24,41,2,2,0.241,0.5150602409638555,0.4232902033271721,0.732,0.4036939313984168,0.4179104477611941,0.4799627213420316,0.3546182846371348,0.6941,0.379,0.5761962203457981,0.2333333333333333,32.0,0.0230536781108719,0.6453817153628651,3
Unknown_602074,COL,602074,2022,114,439,400,125,21,2,2,29,59,4,5,0.312,0.6114457831325301,0.3992606284658042,0.751,0.1820580474934036,0.6686567164179104,0.277260018639329,0.2302073515551366,0.7882,0.379,0.5761962203457981,0.3266666666666666,28.0,0.0293491320429326,0.7697926484448632,3
Unknown_607208,LAD,607208,2022,175,757,700,209,44,4,23,48,138,3,6,0.299,0.5572289156626508,0.5489833641404807,0.815,0.4327176781002638,0.6179104477611942,0.2646784715750233,0.3430725730442978,0.7477,0.378,0.5733815842380378,0.4533333333333333,29.0,0.0456486345784504,0.6569274269557022,3
Unknown_518595,ATL,518595,2022,118,460,429,118,28,1,23,19,99,12,0,0.275,0.5,0.613678373382625,0.83,0.5857519788918206,0.5223880597014926,0.1616961789375582,0.4205937794533459,0.7174,0.377,0.5709690390028146,0.3266666666666666,33.0,0.0908487901030589,0.5794062205466539,0
Unknown_671739,ATL,671739,2022,125,469,439,126,27,3,19,24,111,5,0,0.287,0.5210843373493976,0.5878003696857672,0.823,0.5171503957783641,0.6328358208955224,0.2078285181733457,0.471253534401508,0.6994,0.377,0.5709690390028146,0.3333333333333333,21.0,0.0794753547071456,0.5287464655984919,0
Unknown_628451,TEX,628451,2022,51,160,145,36,6,1,3,12,25,2,1,0.248,0.463855421686747,0.3548983364140481,0.678,0.2849604221635884,0.4358208955223881,0.3187325256290773,0.2815739868049011,0.7562,0.377,0.5709690390028146,0.2066666666666666,29.0,0.0303049803276508,0.7184260131950988,3
Unknown_680757,CLE,680757,2022,167,692,615,188,28,7,7,64,62,7,4,0.306,0.6536144578313253,0.4325323475046211,0.783,0.2453825857519788,0.5820895522388061,0.4002795899347623,0.1246465598491988,0.8049,0.376,0.5681544028950543,0.42,25.0,0.0087425847335731,0.875353440150801,3
Unknown_621566,ATL,621566,2022,177,751,658,162,46,0,38,84,179,5,4,0.246,0.5301204819277109,0.5822550831792976,0.824,0.6174142480211081,0.4328358208955225,0.4906803355079216,0.4750235626767201,0.6431,0.376,0.5681544028950543,0.44,28.0,0.0312130118408062,0.5249764373232801,2
Unknown_640458,CLE,640458,2022,58,162,155,33,8,2,6,5,39,1,1,0.213,0.25,0.4288354898336415,0.647,0.4881266490765171,0.3253731343283582,0.1132339235787511,0.4806786050895381,0.7222,0.376,0.5681544028950543,0.2066666666666666,28.0,0.1407664820238491,0.5193213949104618,0
Unknown_606192,TOR,606192,2022,141,570,530,140,37,1,27,36,161,3,1,0.264,0.4698795180722892,0.5859519408502774,0.805,0.5725593667546174,0.5820895522388061,0.2637465051258155,0.5791705937794532,0.6491,0.375,0.5653397667872939,0.3666666666666667,30.0,0.0765118281587663,0.4208294062205469,0
Unknown_643217,KC,643217,2022,135,548,483,145,23,3,7,57,81,2,5,0.3,0.6475903614457831,0.4251386321626618,0.777,0.2506596306068601,0.6298507462686568,0.4538676607642125,0.2617813383600377,0.7427,0.375,0.5653397667872939,0.36,28.0,0.0175010571453052,0.7382186616399624,3
Unknown_608324,HOU,608324,2022,166,697,587,153,42,0,24,89,85,11,10,0.261,0.6174698795180723,0.5194085027726434,0.818,0.4881266490765171,0.3880597014925373,0.5643056849953402,0.2009896324222431,0.7346,0.374,0.5629272215520706,0.4133333333333333,28.0,0.0084854560869948,0.7990103675777569,2
Unknown_656941,PHI,656941,2022,172,733,626,133,21,3,49,96,219,7,4,0.212,0.4939759036144578,0.5841035120147875,0.812,0.7097625329815304,0.2925373134328358,0.5796831314072693,0.6175777568331763,0.5607,0.374,0.5629272215520706,0.4266666666666666,29.0,0.0341421994218217,0.3824222431668238,2
Unknown_572204,LAD,572204,2022,93,289,247,59,14,1,13,37,108,3,2,0.239,0.5572289156626508,0.5323475046210722,0.804,0.5646437994722955,0.6716417910447762,0.565703634669152,0.7940622054665409,0.4879,0.373,0.5601125854443103,0.2533333333333333,31.0,0.046502927679176,0.2059377945334592,0
Unknown_641598,TEX,641598,2022,62,240,213,47,8,0,12,23,56,2,2,0.221,0.4277108433734939,0.467652495378928,0.727,0.5224274406332453,0.3104477611940298,0.4156570363466915,0.4632422243166824,0.6625,0.373,0.5601125854443103,0.2333333333333333,31.0,0.0371300295420196,0.5367577756833175,0
Unknown_545121,WSH,545121,2022,75,252,237,65,15,1,6,10,26,3,1,0.274,0.4608433734939758,0.4584103512014788,0.733,0.366754617414248,0.453731343283582,0.1542404473438956,0.1566918001885014,0.8413,0.372,0.55729794933655,0.2333333333333333,31.0,0.0403084839867364,0.8433081998114986,3
Unknown_596103,SF,596103,2022,119,349,300,79,17,2,7,41,97,6,2,0.263,0.6114457831325301,0.4232902033271721,0.764,0.345646437994723,0.6865671641791046,0.5167753960857409,0.5683317624882186,0.5874,0.372,0.55729794933655,0.2733333333333333,30.0,0.0357717472884174,0.4316682375117813,0
Unknown_666971,TOR,666971,2022,132,526,482,144,34,1,6,35,87,7,2,0.299,0.5903614457831324,0.4380776340110906,0.764,0.2717678100263852,0.6537313432835822,0.2791239515377446,0.3032516493873704,0.7529,0.372,0.55729794933655,0.34,29.0,0.0381352817402833,0.6967483506126295,3
Unknown_666179,AZ,666179,2022,52,159,140,32,7,0,2,12,41,6,1,0.229,0.4698795180722892,0.2717190388170056,0.636,0.2216358839050131,0.5134328358208955,0.3210624417520969,0.5212064090480679,0.6289,0.372,0.55729794933655,0.2,26.0,0.0561102864986409,0.4787935909519321,1
Unknown_660757,CLE,660757,2022,105,426,404,118,28,0,13,16,86,4,2,0.292,0.5,0.524953789279113,0.782,0.4142480211081794,0.6208955223880598,0.1444547996272134,0.3892554194156456,0.7512,0.371,0.5548854041013268,0.3,24.0,0.0939268419321997,0.6107445805843545,3
Unknown_592273,CIN,592273,2022,149,605,551,145,34,2,30,41,138,9,4,0.263,0.4939759036144578,0.5933456561922368,0.818,0.5883905013192612,0.4865671641791045,0.2851817334575955,0.4509896324222431,0.6893,0.371,0.5548854041013268,0.3666666666666667,30.0,0.0551117884640181,0.5490103675777569,0
Unknown_606115,ATL,606115,2022,81,279,250,62,10,0,10,25,56,2,2,0.248,0.4849397590361446,0.4325323475046211,0.727,0.3984168865435356,0.4358208955223881,0.3867660764212488,0.3864278982092365,0.7025,0.371,0.5548854041013268,0.2466666666666667,28.0,0.0333493843782746,0.6135721017907634,3
Unknown_518934,NYY,518934,2022,135,572,495,131,20,0,13,70,73,4,2,0.265,0.6054216867469878,0.3881700554528651,0.743,0.2902374670184696,0.4567164179104477,0.5396085740913327,0.2141847313854853,0.7413,0.371,0.5548854041013268,0.3533333333333334,34.0,0.0101716996136916,0.7858152686145148,3
Unknown_663697,CIN,663697,2022,114,469,414,103,16,2,14,38,101,17,0,0.249,0.5391566265060243,0.4158964879852126,0.735,0.3720316622691292,0.4895522388059701,0.3466915191053122,0.4210650329877475,0.6674,0.371,0.5548854041013268,0.3133333333333333,26.0,0.0414652285256249,0.5789349670122526,3
Unknown_521692,KC,521692,2022,124,502,473,124,26,1,25,19,112,7,3,0.262,0.4246987951807228,0.5656192236598891,0.779,0.5514511873350924,0.4716417910447761,0.1453867660764212,0.4392082940622054,0.7251,0.371,0.5548854041013268,0.3266666666666666,32.0,0.1042324077259844,0.5607917059377947,0
Unknown_543309,NYY,543309,2022,88,278,256,63,7,0,17,15,59,1,4,0.246,0.3855421686746987,0.5526802218114604,0.759,0.575197889182058,0.3462686567164179,0.2208760484622553,0.4135249764373233,0.723,0.37,0.5520707679935666,0.24,32.0,0.0660539048610896,0.5864750235626768,0
Unknown_669257,LAD,669257,2022,151,624,550,140,29,4,26,58,103,10,6,0.255,0.5271084337349398,0.5360443622920519,0.797,0.5277044854881267,0.3970149253731344,0.402143522833178,0.3025447690857681,0.726,0.37,0.5520707679935666,0.3733333333333333,27.0,0.0243921231250587,0.6974552309142317,2
Unknown_666182,TOR,666182,2022,172,739,690,198,46,1,24,44,165,3,2,0.287,0.5240963855421686,0.5304990757855823,0.792,0.4353562005277044,0.6328358208955224,0.2465051258154706,0.439679547596607,0.7131,0.37,0.5520707679935666,0.4133333333333333,24.0,0.0626340083582493,0.5603204524033929,0
Unknown_660766,STL,660766,2022,85,303,277,71,15,0,13,20,64,2,4,0.256,0.4487951807228916,0.512014787430684,0.758,0.4907651715039578,0.4477611940298507,0.2767940354147251,0.4111687087653157,0.7162,0.37,0.5520707679935666,0.2533333333333333,24.0,0.0519315455663767,0.588831291234684,0
Unknown_663457,STL,663457,2022,111,379,315,71,17,4,14,57,80,2,5,0.225,0.5572289156626508,0.4879852125693162,0.781,0.5382585751978891,0.3522388059701492,0.6700838769804287,0.410933081998115,0.6332,0.37,0.5520707679935666,0.28,25.0,0.0171611080445635,0.5890669180018848,2
Unknown_571745,SEA,571745,2022,73,304,275,66,14,0,11,23,77,4,2,0.24,0.4457831325301205,0.4380776340110906,0.717,0.4274406332453826,0.4686567164179104,0.3219944082013047,0.5103675777568332,0.6579,0.369,0.5492561318858061,0.2533333333333333,32.0,0.0547594455272073,0.4896324222431667,0
Unknown_606992,DET,606992,2022,119,376,346,89,20,1,16,26,101,1,3,0.257,0.4548192771084337,0.5286506469500927,0.768,0.5092348284960422,0.5402985074626866,0.2912395153774463,0.5464184731385485,0.6596,0.369,0.5492561318858061,0.28,30.0,0.0652311112083509,0.4535815268614516,0
Unknown_605137,WSH,605137,2022,170,700,605,154,30,3,19,84,116,5,6,0.255,0.5692771084337348,0.4325323475046211,0.755,0.3825857519788918,0.4477611940298507,0.5284249767008388,0.3039585296889726,0.7029,0.368,0.546843586650583,0.3933333333333333,30.0,0.0167206327410942,0.6960414703110274,3
Unknown_543068,COL,543068,2022,162,665,606,159,32,3,30,45,174,9,5,0.262,0.4879518072289157,0.5545286506469502,0.794,0.5329815303430079,0.546268656716418,0.2847157502329915,0.5301602262016964,0.6556,0.368,0.546843586650583,0.38,32.0,0.064814258014647,0.4698397737983033,0
Unknown_543939,MIL,543939,2022,143,528,457,116,24,4,16,50,98,14,5,0.254,0.5542168674698796,0.4713493530499077,0.771,0.4379947229551451,0.4567164179104477,0.4105312208760485,0.3508482563619227,0.6894,0.368,0.546843586650583,0.3266666666666666,32.0,0.0279282508229339,0.6491517436380774,3
Unknown_605204,NYM,605204,2022,124,390,338,85,17,1,12,41,127,9,2,0.251,0.5662650602409639,0.4436229205175602,0.76,0.4063324538258575,0.6835820895522388,0.4589934762348555,0.6807257304429783,0.5462,0.367,0.5440289505428226,0.28,29.0,0.0499573195818119,0.3192742695570219,0
Unknown_516416,PHI,516416,2022,116,445,404,109,11,1,11,31,63,8,1,0.27,0.5271084337349398,0.3881700554528651,0.717,0.2770448548812665,0.4835820895522388,0.2940354147250699,0.247172478793591,0.7685,0.366,0.5412143144350623,0.2933333333333333,32.0,0.0293158587534522,0.7528275212064093,3
Unknown_592192,NYM,592192,2022,149,586,504,130,25,0,14,50,104,28,4,0.258,0.5933734939759036,0.401109057301294,0.746,0.3271767810026385,0.4865671641791045,0.3667287977632805,0.3317624882186616,0.6894,0.366,0.5412143144350623,0.34,33.0,0.0302706108579549,0.6682375117813384,3
Unknown_502110,BOS,502110,2022,151,634,569,154,43,1,16,54,158,5,6,0.271,0.5361445783132531,0.4805914972273569,0.77,0.4063324538258575,0.626865671641791,0.3662628145386766,0.5007068803016023,0.6562,0.366,0.5412143144350623,0.36,35.0,0.0466065063928358,0.4992931196983978,0
Unknown_664247,MIN,664247,2022,73,189,173,36,3,0,9,11,54,4,1,0.208,0.3373493975903615,0.3844731977818855,0.651,0.4327176781002638,0.3253731343283582,0.2404473438956197,0.5867106503298775,0.6349,0.366,0.5412143144350623,0.2066666666666666,30.0,0.0850088617500319,0.4132893496701224,0
Unknown_666135,MIN,666135,2022,54,184,169,44,9,0,3,7,44,4,4,0.26,0.4246987951807228,0.356746765249538,0.666,0.258575197889182,0.5701492537313434,0.146318732525629,0.4769085768143261,0.6957,0.366,0.5412143144350623,0.2066666666666666,25.0,0.1117808440735592,0.523091423185674,1
Unknown_669394,CWS,669394,2022,57,199,184,46,10,1,10,10,61,3,1,0.25,0.4216867469879518,0.5619223659889094,0.776,0.5778364116094987,0.5432835820895523,0.2036346691519105,0.6357210179076342,0.6231,0.366,0.5412143144350623,0.2066666666666666,26.0,0.1079355627196178,0.3642789820923657,0
Unknown_663656,HOU,663656,2022,161,648,584,149,28,1,31,60,107,2,2,0.255,0.5060240963855422,0.5397412199630316,0.791,0.5329815303430079,0.3850746268656717,0.4007455731593662,0.3025447690857681,0.7346,0.365,0.538801769199839,0.36,25.0,0.0245035644897465,0.6974552309142317,3
Unknown_596129,PIT,596129,2022,143,503,425,98,20,1,19,75,125,1,2,0.231,0.5662650602409639,0.4473197781885398,0.762,0.467018469656992,0.4328358208955225,0.6640260950605779,0.499057492931197,0.6004,0.365,0.538801769199839,0.3133333333333333,30.0,0.0222530849165738,0.5009425070688032,0
Unknown_664023,CHC,664023,2022,166,665,594,159,43,2,18,61,154,6,4,0.268,0.5481927710843374,0.4879852125693162,0.778,0.4248021108179419,0.5880597014925374,0.396551724137931,0.4592365692742695,0.6677,0.365,0.538801769199839,0.3666666666666667,28.0,0.0388787078162666,0.5407634307257303,0
Unknown_669221,ATH,669221,2022,158,645,566,146,42,2,20,60,129,13,6,0.258,0.5481927710843374,0.500924214417745,0.785,0.4696569920844327,0.4895522388059701,0.4026095060577819,0.3847785108388313,0.6853,0.365,0.538801769199839,0.36,28.0,0.0316186580529071,0.6152214891611687,3
Unknown_453568,COL,453568,2022,147,614,561,151,23,6,18,37,117,8,4,0.269,0.4909638554216867,0.4695009242144178,0.749,0.3957783641160949,0.5223880597014926,0.2502329916123019,0.3626295947219604,0.7296,0.365,0.538801769199839,0.3466666666666667,36.0,0.0511740161792521,0.6373704052780396,3
Unknown_664874,CWS,664874,2022,65,217,188,51,14,0,3,21,66,3,2,0.271,0.5783132530120482,0.4066543438077635,0.744,0.2981530343007915,0.7850746268656718,0.4203168685927306,0.6300659754948161,0.5714,0.365,0.538801769199839,0.2133333333333333,29.0,0.050799807644544,0.3699340245051838,0
Unknown_592567,CIN,592567,2022,52,162,141,29,6,0,5,17,39,1,3,0.206,0.3975903614457831,0.3345656192236599,0.645,0.3693931398416886,0.3164179104477612,0.4580615097856477,0.4806786050895381,0.6481,0.365,0.538801769199839,0.1933333333333333,30.0,0.0344064065570617,0.5193213949104618,0
Unknown_553993,SEA,553993,2022,166,681,589,139,27,2,34,79,211,8,5,0.236,0.5240963855421686,0.5323475046210722,0.794,0.5725593667546174,0.4985074626865672,0.5097856477166822,0.6434967012252593,0.5624,0.364,0.5359871330920788,0.3666666666666667,31.0,0.0416864697573555,0.3565032987747407,0
Unknown_656555,PHI,656555,2022,174,736,649,156,35,2,34,77,183,6,4,0.24,0.5030120481927711,0.524953789279113,0.782,0.5488126649076517,0.4358208955223881,0.4566635601118359,0.4992931196983977,0.6372,0.364,0.5359871330920788,0.3866666666666667,29.0,0.0359956259274144,0.5007068803016024,0
Unknown_656582,COL,656582,2022,122,503,434,108,22,4,9,60,101,8,1,0.249,0.5783132530120482,0.3807763401109058,0.73,0.3218997361477572,0.5104477611940299,0.5251630941286114,0.3866635249764373,0.664,0.364,0.5359871330920788,0.3066666666666666,30.0,0.0225721616282503,0.6133364750235628,3
Unknown_640457,DET,640457,2022,44,170,149,37,8,2,0,18,20,3,0,0.248,0.5512048192771085,0.2865064695009243,0.67,0.1899736147757255,0.4567164179104477,0.4627213420316868,0.19062205466541,0.7588,0.364,0.5359871330920788,0.2,27.0,0.0114878346870296,0.80937794533459,3
Unknown_664034,SEA,664034,2022,156,672,609,164,28,1,21,36,103,22,5,0.269,0.5180722891566266,0.4584103512014788,0.752,0.3799472295514511,0.4716417910447761,0.2190121155638397,0.2747408105560792,0.7589,0.363,0.5331724969843183,0.36,28.0,0.0453521139508745,0.7252591894439209,3
Unknown_668227,TB,668227,2022,164,681,619,165,43,3,20,49,163,11,2,0.267,0.5180722891566266,0.4972273567467654,0.773,0.4406332453825857,0.5880597014925374,0.3047530288909599,0.4776154571159284,0.6725,0.363,0.5331724969843183,0.3666666666666667,27.0,0.0543509852932628,0.5223845428840714,0
Unknown_668939,BAL,668939,2022,113,470,398,101,35,1,13,65,86,4,3,0.254,0.6144578313253012,0.500924214417745,0.806,0.4802110817941952,0.4686567164179104,0.6136999068033551,0.3447219604147031,0.6702,0.363,0.5331724969843183,0.2933333333333333,24.0,0.0156053112635245,0.6552780395852968,2
Unknown_592669,MIL,592669,2022,133,548,498,127,23,1,29,41,128,4,3,0.255,0.4728915662650602,0.5656192236598891,0.795,0.5699208443271768,0.4507462686567164,0.3178005591798695,0.4639491046182847,0.6807,0.363,0.5331724969843183,0.32,30.0,0.050441067189172,0.5360508953817154,0
Unknown_519317,NYY,519317,2022,123,493,433,92,8,0,34,57,148,0,3,0.212,0.4337349397590361,0.5415896487985215,0.769,0.6464379947229552,0.2805970149253731,0.5079217148182665,0.6208765315739868,0.5822,0.362,0.5307599517490953,0.3,33.0,0.0402579581782452,0.3791234684260132,0
Unknown_457759,LAD,457759,2022,143,580,511,137,37,0,14,54,95,6,9,0.268,0.5481927710843374,0.4602587800369687,0.762,0.3852242744063324,0.4925373134328358,0.4030754892823858,0.2994816211121583,0.7328,0.362,0.5307599517490953,0.3266666666666666,38.0,0.0240479574959179,0.7005183788878417,3
Unknown_663616,MIN,663616,2022,58,195,173,42,14,0,7,20,61,0,2,0.243,0.4819277108433735,0.500924214417745,0.763,0.5092348284960422,0.5761194029850747,0.4473438956197577,0.6505655042412818,0.5846,0.362,0.5307599517490953,0.2,25.0,0.0490036933588701,0.3494344957587183,0
Unknown_624414,BOS,624414,2022,94,330,305,86,17,1,6,16,50,5,2,0.282,0.5060240963855422,0.4232902033271721,0.729,0.2955145118733509,0.5522388059701493,0.19524697110904,0.2704995287464656,0.7788,0.361,0.527945315641335,0.2466666666666667,27.0,0.0504549390526482,0.7295004712535345,3
Unknown_543333,SD,543333,2022,112,447,405,107,21,0,8,40,69,1,1,0.264,0.5210843373493976,0.3715341959334566,0.706,0.2691292875989445,0.4985074626865672,0.3863000931966449,0.2773327049952875,0.7539,0.36,0.5251306795335746,0.28,33.0,0.0233848600737317,0.7226672950047126,3
Unknown_650402,NYY,650402,2022,154,618,570,146,28,1,27,41,141,3,3,0.256,0.4518072289156626,0.512014787430684,0.759,0.4907651715039578,0.4776119402985074,0.2781919850885368,0.4512252591894439,0.699,0.359,0.5227181342983513,0.3266666666666666,26.0,0.0566142379608567,0.5487747408105561,0
Unknown_664040,TB,664040,2022,76,297,260,60,12,2,9,33,66,3,1,0.231,0.496987951807229,0.4103512014787432,0.719,0.4116094986807387,0.4179104477611941,0.4869524697110904,0.4370876531573986,0.6566,0.359,0.5227181342983513,0.2333333333333333,28.0,0.0287049241882701,0.5629123468426014,0
Unknown_663898,COL,663898,2022,146,612,554,149,34,3,14,49,106,4,5,0.269,0.5180722891566266,0.4491682070240296,0.747,0.366754617414248,0.5194029850746269,0.342497670083877,0.3216305372290292,0.7402,0.358,0.519903498190591,0.3266666666666666,26.0,0.0318462691520173,0.6783694627709707,3
Unknown_683734,CWS,683734,2022,141,578,530,146,28,1,17,34,101,9,5,0.275,0.5090361445783133,0.4695009242144178,0.755,0.3799472295514511,0.5223880597014926,0.2432432432432432,0.3251649387370405,0.7509,0.358,0.519903498190591,0.3133333333333333,24.0,0.0475008436991812,0.6748350612629594,3
Unknown_642133,MIL,642133,2022,161,631,556,122,24,0,37,65,127,5,5,0.219,0.4397590361445783,0.5323475046210722,0.767,0.6174142480211081,0.2388059701492537,0.4492078285181733,0.3878416588124411,0.6878,0.358,0.519903498190591,0.3333333333333333,27.0,0.0278217112394262,0.6121583411875589,0
Unknown_592885,MIL,592885,2022,163,702,602,152,27,4,14,92,169,5,2,0.252,0.5933734939759036,0.3807763401109058,0.736,0.3139841688654353,0.5791044776119404,0.5801491146318732,0.4806786050895381,0.6197,0.358,0.519903498190591,0.3533333333333334,31.0,0.0255306783223325,0.5193213949104618,3
Unknown_602104,BAL,602104,2022,126,473,429,110,19,1,19,32,103,5,4,0.256,0.4668674698795181,0.4879852125693162,0.751,0.4564643799472295,0.4746268656716418,0.2847157502329915,0.4267200754005655,0.6977,0.358,0.519903498190591,0.28,28.0,0.052263191071037,0.5732799245994344,0
Unknown_663728,SEA,663728,2022,131,464,413,88,22,2,29,44,141,2,5,0.213,0.3945783132530119,0.5785582255083181,0.775,0.6992084432717678,0.3104477611940298,0.4109972041006523,0.6295947219604147,0.597,0.357,0.5170888620828307,0.28,26.0,0.0520417985159563,0.3704052780395852,0
Unknown_623993,BAL,623993,2022,161,677,603,143,27,0,34,56,131,13,5,0.237,0.4668674698795181,0.512014787430684,0.764,0.5408970976253298,0.3343283582089552,0.3546132339235787,0.3694627709707823,0.7046,0.357,0.5170888620828307,0.34,28.0,0.0352815874362023,0.6305372290292177,0
Unknown_663538,CHC,663538,2022,143,547,510,142,25,6,10,29,58,6,2,0.278,0.5,0.4362292051756007,0.733,0.3218997361477572,0.4865671641791045,0.2162162162162162,0.1632893496701225,0.83,0.357,0.5170888620828307,0.3,25.0,0.0287049241882701,0.8367106503298773,3
Unknown_570482,MIN,570482,2022,151,584,533,150,29,3,14,42,102,2,7,0.281,0.5240963855421686,0.4658040665434381,0.758,0.3562005277044854,0.5582089552238807,0.304287045666356,0.3251649387370405,0.75,0.357,0.5170888620828307,0.3133333333333333,31.0,0.0370232204398173,0.6748350612629594,3
Unknown_642731,SF,642731,2022,146,566,512,137,22,2,16,33,96,15,5,0.268,0.5090361445783133,0.4399260628465805,0.74,0.3588390501319261,0.4925373134328358,0.2409133271202236,0.313147973609802,0.7438,0.357,0.5170888620828307,0.3066666666666666,26.0,0.0463008494747145,0.686852026390198,3
Unknown_660707,COL,660707,2022,58,204,193,46,16,1,7,10,64,1,0,0.238,0.3644578313253013,0.4916820702402959,0.72,0.5092348284960422,0.555223880597015,0.1975768872320596,0.6526861451460885,0.6324,0.356,0.5146763168476075,0.2,24.0,0.1139087036314264,0.3473138548539116,0
Unknown_656976,AZ,656976,2022,86,308,271,62,10,0,10,33,72,1,3,0.229,0.463855421686747,0.3733826247689465,0.688,0.366754617414248,0.4089552238805971,0.4683131407269338,0.4644203581526862,0.6558,0.356,0.5146763168476075,0.2266666666666666,26.0,0.0322471104550837,0.5355796418473138,0
Unknown_662139,AZ,662139,2022,161,629,565,131,24,3,30,50,153,7,5,0.232,0.4277108433734939,0.4990757855822552,0.744,0.5356200527704486,0.3791044776119403,0.3397017707362535,0.486569274269557,0.6614,0.356,0.5146763168476075,0.32,26.0,0.0492047304779616,0.5134307257304431,0
Unknown_458015,CIN,458015,2022,102,414,359,76,22,2,13,45,101,10,0,0.212,0.4759036144578313,0.4048059149722737,0.709,0.4538258575197889,0.3671641791044776,0.4757688723205965,0.488454288407163,0.6232,0.356,0.5146763168476075,0.26,39.0,0.0334414170482642,0.511545711592837,0
Unknown_622666,PHI,622666,2022,64,201,185,43,4,0,4,14,42,1,0,0.232,0.3975903614457831,0.268022181146026,0.609,0.2031662269129287,0.4388059701492538,0.2940354147250699,0.4059849198868991,0.7114,0.356,0.5146763168476075,0.2,29.0,0.0480326722503961,0.594015080113101,1
Unknown_642086,NYM,642086,2022,61,181,157,35,13,1,1,17,43,5,2,0.223,0.4728915662650602,0.3031423290203328,0.652,0.2796833773087071,0.4835820895522388,0.4068033550792171,0.4733741753063148,0.6409,0.356,0.5146763168476075,0.1933333333333333,27.0,0.0389701508889242,0.5266258246936852,1
Unknown_660670,ATL,660670,2022,123,550,482,129,25,0,15,54,131,11,3,0.268,0.5873493975903613,0.4417744916820703,0.766,0.3588390501319261,0.6029850746268658,0.4268406337371854,0.4747879359095193,0.6436,0.355,0.5118616807398472,0.2933333333333333,25.0,0.0369438309568109,0.5252120640904807,0
Unknown_687093,ATL,687093,2022,46,163,148,43,7,0,5,11,38,3,1,0.291,0.5783132530120482,0.489833641404806,0.789,0.3693931398416886,0.6686567164179104,0.2837837837837837,0.4627709707822808,0.681,0.355,0.5118616807398472,0.1866666666666666,21.0,0.0568349434128658,0.5372290292177193,3
Unknown_623912,TB,623912,2022,127,460,427,126,24,0,7,19,78,10,4,0.295,0.5391566265060243,0.4177449168207025,0.737,0.2532981530343007,0.626865671641791,0.1616961789375582,0.313147973609802,0.7674,0.355,0.5118616807398472,0.2733333333333333,28.0,0.0694780488834935,0.686852026390198,3
Unknown_596847,TB,596847,2022,124,453,377,85,22,0,11,70,128,2,4,0.225,0.5692771084337348,0.3641404805914973,0.718,0.3614775725593667,0.5134328358208955,0.6891891891891891,0.5794062205466541,0.5585,0.355,0.5118616807398472,0.2666666666666666,31.0,0.0253975735713229,0.4205937794533461,0
Unknown_624503,MIN,624503,2022,137,465,426,117,28,5,10,20,110,10,6,0.275,0.4819277108433735,0.4805914972273569,0.752,0.3984168865435356,0.6238805970149256,0.1696178937558247,0.4710179076343073,0.6925,0.355,0.5118616807398472,0.2733333333333333,27.0,0.0964942493732091,0.5289820923656927,0
Unknown_643265,MIA,643265,2022,128,500,441,113,34,2,9,43,126,11,5,0.256,0.5301204819277109,0.4251386321626618,0.738,0.3641160949868073,0.5970149253731344,0.3699906803355078,0.5073044297832233,0.64,0.355,0.5118616807398472,0.28,32.0,0.0467100570395155,0.4926955702167765,0
Unknown_642180,LAA,642180,2022,67,194,173,41,5,1,1,15,40,1,0,0.237,0.4337349397590361,0.2236598890942698,0.596,0.129287598944591,0.5044776119402985,0.3294501397949673,0.399387370405278,0.6856,0.355,0.5118616807398472,0.1933333333333333,28.0,0.0416252957181353,0.6006126295947221,1
Unknown_621028,PIT,621028,2022,87,335,312,87,20,2,3,17,51,3,1,0.279,0.4909638554216867,0.390018484288355,0.706,0.2559366754617414,0.5671641791044777,0.2054986020503262,0.2721489161168709,0.7821,0.354,0.5090470446320868,0.2333333333333333,29.0,0.0480986185670967,0.7278510838831291,3
Unknown_593871,MIN,593871,2022,115,479,404,90,17,0,17,68,104,3,4,0.223,0.5361445783132531,0.401109057301294,0.727,0.4195250659630607,0.3582089552238806,0.6309412861136998,0.4250706880301602,0.6347,0.354,0.5090470446320868,0.2733333333333333,29.0,0.0195860217810205,0.5749293119698398,0
Unknown_605131,LAD,605131,2022,69,233,198,43,8,0,9,29,42,3,1,0.217,0.5030120481927711,0.4066543438077635,0.719,0.4432717678100263,0.2865671641791045,0.5493942218080149,0.3383600377002827,0.6738,0.353,0.5066344993968637,0.2066666666666666,33.0,0.0180244095384982,0.6616399622997171,3
Unknown_444482,AZ,444482,2022,146,524,468,118,32,3,16,44,123,6,6,0.252,0.4909638554216867,0.4842883548983365,0.757,0.4617414248021108,0.5074626865671642,0.3606710158434296,0.4665409990574929,0.6698,0.353,0.5066344993968637,0.28,35.0,0.0440741270247751,0.5334590009425071,0
Unknown_621438,MIL,621438,2022,125,434,400,98,24,3,20,23,111,7,4,0.245,0.4126506024096384,0.5471349353049908,0.765,0.5699208443271768,0.453731343283582,0.2162162162162162,0.5162582469368521,0.6751,0.353,0.5066344993968637,0.26,28.0,0.0834116518995966,0.483741753063148,0
Unknown_656305,TOR,656305,2022,165,653,566,133,29,1,29,70,179,10,7,0.235,0.5060240963855422,0.4972273567467654,0.77,0.525065963060686,0.4507462686567164,0.4687791239515377,0.55937794533459,0.6034,0.352,0.5038198632891033,0.3133333333333333,29.0,0.0394840698371582,0.44062205466541,0
Unknown_660636,PIT,660636,2022,107,318,295,65,13,0,17,15,85,3,5,0.22,0.3102409638554217,0.4861367837338263,0.698,0.5488126649076517,0.3223880597014925,0.1891891891891891,0.5433553251649387,0.6761,0.352,0.5038198632891033,0.2266666666666666,25.0,0.0996068104219323,0.4566446748350614,0
Unknown_681584,SF,681584,2022,57,190,165,37,6,1,9,18,61,6,1,0.224,0.4909638554216867,0.4842883548983365,0.757,0.5356200527704486,0.4716417910447761,0.4105312208760485,0.6701225259189444,0.5526,0.352,0.5038198632891033,0.1933333333333333,25.0,0.0556227879290008,0.3298774740810557,0
Unknown_668942,AZ,668942,2022,130,530,462,124,28,1,11,56,104,2,5,0.268,0.5692771084337348,0.4269870609981517,0.751,0.3350923482849604,0.5582089552238807,0.461789375582479,0.3758246936852027,0.6849,0.352,0.5038198632891033,0.28,28.0,0.0259215384665165,0.6241753063147972,3
Unknown_642715,MIL,642715,2022,151,652,597,141,33,0,33,50,179,1,4,0.236,0.4096385542168674,0.5231053604436231,0.752,0.5593667546174143,0.4298507462686568,0.3266542404473439,0.560320452403393,0.6472,0.352,0.5038198632891033,0.3133333333333333,27.0,0.0592649399302161,0.4396795475966071,0
Unknown_645277,ATL,645277,2022,75,299,274,70,17,0,9,17,50,3,5,0.255,0.4307228915662651,0.4473197781885398,0.717,0.4010554089709762,0.4268656716417911,0.2343895619757688,0.3074929311969839,0.7659,0.352,0.5038198632891033,0.22,25.0,0.0468698565490037,0.6925070688030159,3
Unknown_628450,WSH,628450,2022,107,347,321,87,18,0,9,23,79,1,2,0.271,0.4879518072289157,0.4380776340110906,0.731,0.345646437994723,0.5910447761194031,0.2781919850885368,0.4500471253534402,0.7032,0.352,0.5038198632891033,0.2333333333333333,35.0,0.0564682687465649,0.5499528746465598,3
Unknown_677551,TB,677551,2022,96,386,354,96,24,3,6,27,41,0,5,0.271,0.4849397590361446,0.4306839186691313,0.725,0.3350923482849604,0.4597014925373134,0.2949673811742777,0.163760603204524,0.8238,0.351,0.501005227181343,0.24,21.0,0.0194009842943218,0.8362393967954758,3
Unknown_456781,CIN,456781,2022,84,315,288,83,18,0,4,19,62,6,2,0.288,0.5572289156626508,0.4029574861367839,0.735,0.2506596306068601,0.6537313432835822,0.2502329916123019,0.3772384542884072,0.7238,0.351,0.501005227181343,0.22,35.0,0.0531641357555962,0.6227615457115929,3
Unknown_641857,COL,641857,2022,155,634,561,139,25,3,20,64,161,5,4,0.248,0.5120481927710844,0.4362292051756007,0.738,0.4036939313984168,0.5253731343283582,0.4394221808014911,0.5117813383600377,0.6372,0.351,0.501005227181343,0.3066666666666666,28.0,0.0386992004832763,0.4882186616399622,0
Unknown_657757,CWS,657757,2022,134,445,406,99,22,0,16,33,92,3,3,0.244,0.4367469879518072,0.4473197781885398,0.72,0.4300791556728232,0.4238805970149254,0.315004659832246,0.4005655042412818,0.7124,0.351,0.501005227181343,0.26,26.0,0.0439128310429827,0.5994344957587181,3
Unknown_614173,BOS,614173,2022,93,294,260,61,21,1,8,29,97,1,2,0.235,0.463855421686747,0.4454713493530499,0.727,0.4538258575197889,0.6089552238805972,0.4287045666356011,0.6908576814326108,0.5612,0.351,0.501005227181343,0.22,28.0,0.0547543888339322,0.3091423185673891,0
Unknown_647304,CLE,647304,2022,130,530,481,124,31,0,20,38,86,6,5,0.258,0.4789156626506025,0.5046210720887248,0.764,0.4749340369393139,0.4179104477611941,0.3033550792171481,0.295947219604147,0.7547,0.35,0.4985926819461198,0.2733333333333333,25.0,0.0338070062901554,0.704052780395853,3
Unknown_621020,ATL,621020,2022,177,742,683,185,33,1,26,52,196,3,4,0.271,0.496987951807229,0.4842883548983365,0.76,0.4116094986807387,0.6208955223880598,0.2958993476234855,0.5360508953817154,0.6617,0.35,0.4985926819461198,0.3333333333333333,28.0,0.0629429300238052,0.4639491046182846,0
Unknown_592200,SF,592200,2022,62,193,163,35,6,1,5,26,53,2,2,0.215,0.5060240963855422,0.3364140480591498,0.682,0.3482849604221635,0.4358208955223881,0.5969245107176141,0.5605560791705938,0.5803,0.35,0.4985926819461198,0.1866666666666666,34.0,0.029452130518177,0.4394439208294063,0
Unknown_595909,MIN,595909,2022,62,198,183,40,9,3,5,13,58,0,2,0.219,0.3313253012048193,0.3863216266173753,0.65,0.4089709762532981,0.4567164179104477,0.2753960857409133,0.6036757775683317,0.6414,0.35,0.4985926819461198,0.1933333333333333,30.0,0.0762835562603682,0.3963242224316685,0
Unknown_670770,CIN,670770,2022,76,269,236,58,11,5,10,20,42,7,6,0.246,0.4759036144578313,0.5323475046210722,0.778,0.546174142480211,0.3552238805970149,0.3154706430568499,0.2813383600377003,0.7435,0.35,0.4985926819461198,0.2066666666666666,27.0,0.0306587113163073,0.7186616399622996,3
Unknown_665828,NYY,665828,2022,52,191,173,42,10,1,8,16,53,0,1,0.243,0.4427710843373493,0.512014787430684,0.756,0.525065963060686,0.4985074626865672,0.3597390493942218,0.5673892554194157,0.6335,0.349,0.4957780458383594,0.1866666666666666,23.0,0.0540888312035238,0.4326107445805842,0
Unknown_666158,LAD,666158,2022,141,509,455,123,21,7,7,50,108,0,4,0.27,0.5481927710843374,0.4048059149722737,0.733,0.3007915567282321,0.6059701492537314,0.4268406337371854,0.4135249764373233,0.6896,0.349,0.4957780458383594,0.2666666666666666,25.0,0.0318191521055654,0.5864750235626768,3
Unknown_663630,BAL,663630,2022,74,202,183,41,12,0,4,14,60,2,1,0.224,0.3825301204819277,0.3345656192236599,0.64,0.3218997361477572,0.5194029850746269,0.2921714818266542,0.6133364750235626,0.6139,0.349,0.4957780458383594,0.1933333333333333,25.0,0.072946107765616,0.3866635249764376,1
Unknown_657041,WSH,657041,2022,148,581,528,130,27,3,19,44,142,4,5,0.246,0.4457831325301205,0.4491682070240296,0.723,0.4248021108179419,0.4895522388059701,0.3219944082013047,0.4893967954759661,0.673,0.349,0.4957780458383594,0.2866666666666667,27.0,0.0524838298263581,0.5106032045240341,0
Unknown_608577,SD,608577,2022,65,202,185,46,9,0,2,13,47,3,1,0.249,0.4487951807228916,0.2883548983364142,0.637,0.1899736147757255,0.5582089552238807,0.2693383038210624,0.4618284637134778,0.6881,0.349,0.4957780458383594,0.1933333333333333,27.0,0.0599322269986385,0.538171536286522,1
Unknown_624585,MIA,624585,2022,77,324,287,64,14,0,14,33,95,3,1,0.223,0.4548192771084337,0.4510166358595195,0.727,0.4907651715039578,0.4328358208955225,0.4440820130475303,0.6043826578699341,0.5926,0.349,0.4957780458383594,0.22,30.0,0.0456861144990546,0.3956173421300659,0
Unknown_677951,KC,677951,2022,161,664,621,161,33,6,23,32,138,6,5,0.259,0.4277108433734939,0.4972273567467654,0.743,0.4617414248021108,0.4865671641791045,0.1938490214352283,0.4031573986804901,0.7349,0.348,0.4929634097305991,0.3,22.0,0.0734394612131849,0.5968426013195098,3
Unknown_543760,TEX,543760,2022,173,759,689,170,35,5,27,56,125,4,10,0.247,0.4367469879518072,0.4731977818853974,0.733,0.4591029023746701,0.3791044776119403,0.3131407269338304,0.3016022620169651,0.7563,0.348,0.4929634097305991,0.3266666666666666,32.0,0.0331897392917663,0.6983977379830346,3
Unknown_578428,COL,578428,2022,129,501,471,136,33,0,3,18,58,9,3,0.289,0.5030120481927711,0.3770794824399261,0.703,0.2110817941952506,0.5611940298507463,0.1365330848089468,0.1863807728557964,0.8303,0.348,0.4929634097305991,0.26,32.0,0.0524275644073204,0.8136192271442033,3
Unknown_673490,SD,673490,2022,167,645,571,145,34,4,12,59,117,8,4,0.254,0.5180722891566266,0.401109057301294,0.721,0.337730870712401,0.4895522388059701,0.3956197576887232,0.3409519321394911,0.7101,0.347,0.4905508644953759,0.2933333333333333,27.0,0.0283664670461483,0.6590480678605088,3
Unknown_595777,SD,595777,2022,169,722,629,153,38,2,16,83,110,4,3,0.243,0.5301204819277109,0.3918669131238448,0.72,0.3535620052770448,0.4089552238805971,0.5051258154706431,0.2726201696512724,0.723,0.347,0.4905508644953759,0.3133333333333333,29.0,0.0156441573843493,0.7273798303487276,3
Unknown_686681,KC,686681,2022,58,207,186,47,11,1,4,9,48,8,2,0.253,0.463855421686747,0.3937153419593347,0.699,0.3298153034300791,0.5432835820895523,0.1719478098788443,0.4599434495758718,0.6763,0.347,0.4905508644953759,0.1866666666666666,24.0,0.0931788214619798,0.5400565504241281,3
Unknown_545341,COL,545341,2022,143,566,531,140,22,3,21,27,131,6,2,0.264,0.4457831325301205,0.4824399260628466,0.741,0.4274406332453826,0.5313432835820896,0.1915191053122087,0.458765315739868,0.7102,0.347,0.4905508644953759,0.2733333333333333,31.0,0.0838904676442885,0.5412346842601319,0
Unknown_665833,PIT,665833,2022,91,374,344,81,13,4,18,28,129,1,1,0.235,0.4096385542168674,0.5157116451016637,0.748,0.5514511873350924,0.5492537313432836,0.3182665424044734,0.7262016965127238,0.5775,0.347,0.4905508644953759,0.2266666666666666,24.0,0.079122301033715,0.2737983034872762,0
Unknown_666969,TEX,666969,2022,168,692,633,157,36,5,28,46,190,6,7,0.248,0.4337349397590361,0.5157116451016637,0.755,0.5171503957783641,0.5134328358208955,0.2791239515377446,0.5605560791705938,0.6503,0.347,0.4905508644953759,0.3066666666666666,29.0,0.069919079415587,0.4394439208294063,0
Unknown_608369,TEX,608369,2022,162,694,622,149,24,1,35,59,110,7,6,0.24,0.4578313253012048,0.5101663585951943,0.76,0.5329815303430079,0.3044776119402985,0.3653308480894688,0.2869934024505184,0.7464,0.347,0.4905508644953759,0.3066666666666666,28.0,0.0260862364838757,0.7130065975494817,3
Unknown_622534,TB,622534,2022,100,395,364,101,22,2,5,28,72,2,1,0.277,0.5240963855421686,0.3992606284658042,0.722,0.2744063324538258,0.5940298507462688,0.2996272134203169,0.3430725730442978,0.7418,0.346,0.4877362283876156,0.2333333333333333,28.0,0.0397613201193152,0.6569274269557022,3
Unknown_670623,TB,670623,2022,115,397,344,72,16,0,21,46,69,5,2,0.209,0.4578313253012048,0.489833641404806,0.749,0.58311345646438,0.1940298507462686,0.5093196644920783,0.3230442978322337,0.6977,0.346,0.4877362283876156,0.2333333333333333,23.0,0.0190188151867588,0.6769557021677663,0
Unknown_644374,TB,644374,2022,77,226,202,45,9,0,6,18,69,4,2,0.223,0.4156626506024096,0.3364140480591498,0.653,0.3298153034300791,0.5014925373134328,0.3401677539608574,0.6328934967012253,0.5973,0.346,0.4877362283876156,0.1933333333333333,27.0,0.0642305668111906,0.3671065032987748,1
Unknown_609280,NYY,609280,2022,43,162,152,38,7,1,2,7,32,0,3,0.25,0.3614457831325302,0.3234750462107209,0.626,0.237467018469657,0.4895522388059701,0.1705498602050326,0.3788878416588125,0.7593,0.346,0.4877362283876156,0.18,27.0,0.0784826563469823,0.6211121583411876,1
Unknown_595751,SD,595751,2022,90,298,278,72,16,0,10,11,107,6,3,0.259,0.4246987951807228,0.4621072088724585,0.723,0.4116094986807387,0.728358208955224,0.141192917054986,0.7596606974552308,0.5839,0.346,0.4877362283876156,0.2066666666666666,29.0,0.1783561229049324,0.2403393025447693,0
Unknown_607054,MIL,607054,2022,118,356,311,74,17,2,9,37,91,2,3,0.238,0.4879518072289157,0.4029574861367839,0.712,0.3825857519788918,0.5074626865671642,0.4534016775396086,0.5157869934024505,0.6264,0.346,0.4877362283876156,0.22,32.0,0.0376095801224495,0.4842130065975494,0
Unknown_664761,PHI,664761,2022,171,691,639,175,27,3,14,36,116,5,11,0.274,0.4668674698795181,0.401109057301294,0.704,0.2849604221635884,0.5253731343283582,0.212022367194781,0.3091423185673893,0.7728,0.345,0.4849215922798552,0.3,26.0,0.0523699238969295,0.6908576814326108,3
Unknown_571980,CIN,571980,2022,111,369,342,79,21,4,12,21,100,4,1,0.231,0.3765060240963854,0.4565619223659889,0.704,0.4775725593667546,0.4656716417910447,0.2343895619757688,0.5520735155513666,0.6585,0.345,0.4849215922798552,0.2266666666666666,31.0,0.0821792194524522,0.4479264844486335,0
Unknown_663698,SF,663698,2022,95,315,282,64,7,0,14,29,120,4,0,0.227,0.4518072289156626,0.4195933456561924,0.709,0.4353562005277044,0.6089552238805972,0.3984156570363467,0.8112629594721961,0.5143,0.345,0.4849215922798552,0.2133333333333333,26.0,0.0700639459690462,0.1887370405278041,0
Unknown_656185,PIT,656185,2022,47,157,133,26,4,1,3,14,43,6,1,0.195,0.4246987951807228,0.2476894639556378,0.607,0.2744063324538258,0.3791044776119403,0.3849021435228332,0.5589066918001884,0.5796,0.345,0.4849215922798552,0.1733333333333333,29.0,0.049427479696577,0.4410933081998114,1
Unknown_670768,SF,670768,2022,106,373,330,88,19,2,5,33,77,4,6,0.267,0.533132530120482,0.3844731977818855,0.717,0.2796833773087071,0.5761194029850747,0.3816402609506057,0.3998586239396796,0.6944,0.345,0.4849215922798552,0.2266666666666666,27.0,0.0351348928183674,0.6001413760603205,3
Unknown_641645,NYM,641645,2022,105,358,315,83,13,1,2,38,53,3,0,0.263,0.5722891566265059,0.2883548983364142,0.678,0.1530343007915567,0.5313432835820896,0.4636533084808947,0.2622525918944392,0.7318,0.344,0.482509047044632,0.22,28.0,0.016993102852467,0.7377474081055608,3
Unknown_462101,ATH,462101,2022,158,607,565,142,34,1,18,39,99,3,0,0.251,0.4367469879518072,0.4380776340110906,0.714,0.3957783641160949,0.4268656716417911,0.2688723205964585,0.297832233741753,0.7677,0.344,0.482509047044632,0.2733333333333333,34.0,0.039090077603831,0.7021677662582468,3
Unknown_669304,MIN,669304,2022,129,495,453,121,25,0,15,30,91,10,2,0.267,0.5030120481927711,0.4584103512014788,0.747,0.3852242744063324,0.5074626865671642,0.2516309412861137,0.3466069745523091,0.7354,0.344,0.482509047044632,0.2533333333333333,24.0,0.0486992379708536,0.653393025447691,3
Unknown_630105,SD,630105,2022,174,739,640,151,31,4,19,75,149,16,8,0.236,0.5090361445783133,0.3918669131238448,0.713,0.3720316622691292,0.4208955223880598,0.4422180801491147,0.3885485391140433,0.6712,0.343,0.4796944109368717,0.3,28.0,0.0284379515287516,0.6114514608859567,3
Unknown_669016,LAA,669016,2022,154,518,477,119,22,4,15,31,182,3,3,0.249,0.4216867469879518,0.4306839186691313,0.704,0.3905013192612137,0.6955223880597016,0.2479030754892823,0.7415174363807728,0.5753,0.343,0.4796944109368717,0.2533333333333333,25.0,0.1037318310367247,0.2584825636192274,0
Unknown_669289,TOR,669289,2022,146,526,481,132,29,0,9,39,71,2,3,0.274,0.5180722891566266,0.401109057301294,0.72,0.2823218997361477,0.5074626865671642,0.3145386766076421,0.2316211121583412,0.7852,0.343,0.4796944109368717,0.2533333333333333,28.0,0.0252569776948939,0.7683788878416589,3
Unknown_663527,BAL,663527,2022,65,216,184,37,4,0,3,25,51,4,3,0.201,0.4457831325301205,0.1811460258780038,0.577,0.1635883905013192,0.3641791044776119,0.5083876980428704,0.4698397737983035,0.6296,0.343,0.4796944109368717,0.1866666666666666,25.0,0.029491189821208,0.5301602262016967,1
Unknown_664913,ATH,664913,2022,159,588,532,119,28,3,26,52,160,3,1,0.224,0.4156626506024096,0.4805914972273569,0.73,0.5329815303430079,0.4,0.3811742777260019,0.5546654099905749,0.6344,0.343,0.4796944109368717,0.2666666666666666,30.0,0.0495712233712787,0.445334590009425,0
Unknown_640492,SD,640492,2022,93,238,221,57,11,3,1,14,53,1,1,0.258,0.4397590361445783,0.321626617375231,0.652,0.2137203166226912,0.5940298507462688,0.2432432432432432,0.4382657869934025,0.7101,0.343,0.4796944109368717,0.1933333333333333,26.0,0.0633012664053761,0.5617342130065974,1
Unknown_665161,HOU,665161,2022,146,596,560,143,22,2,25,24,144,6,5,0.255,0.4006024096385542,0.4842883548983365,0.726,0.4511873350923482,0.4895522388059701,0.1570363466915191,0.482799245994345,0.7013,0.342,0.4768797748291113,0.2666666666666666,25.0,0.1060309382882527,0.5172007540056549,0
Unknown_676801,HOU,676801,2022,120,435,384,94,12,2,14,46,116,3,1,0.245,0.5150602409638555,0.4103512014787432,0.725,0.3746701846965699,0.5373134328358209,0.461789375582479,0.5419415645617341,0.6184,0.342,0.4768797748291113,0.2333333333333333,27.0,0.0388313209259655,0.4580584354382659,0
Unknown_571970,LAD,571970,2022,151,614,505,100,25,1,22,98,161,5,6,0.198,0.5210843373493976,0.3844731977818855,0.713,0.4617414248021108,0.3104477611940298,0.7129543336439887,0.5313383600377002,0.57,0.342,0.4768797748291113,0.2666666666666666,32.0,0.0217922392543098,0.4686616399622998,0
Unknown_500871,NYM,500871,2022,146,582,529,129,27,4,24,45,136,1,7,0.244,0.4307228915662651,0.5027726432532349,0.747,0.5092348284960422,0.4328358208955225,0.3294501397949673,0.4641847313854854,0.6873,0.342,0.4768797748291113,0.26,33.0,0.0485111526381216,0.5358152686145146,0
Unknown_624415,TOR,624415,2022,104,332,278,58,18,1,7,44,92,6,3,0.209,0.5060240963855422,0.3364140480591498,0.682,0.3641160949868073,0.4358208955223881,0.5866728797763281,0.5664467483506126,0.5693,0.342,0.4768797748291113,0.2133333333333333,27.0,0.030472484683082,0.4335532516493874,0
Unknown_606466,AZ,606466,2022,147,592,524,125,44,2,12,57,106,6,5,0.239,0.4819277108433735,0.4158964879852126,0.716,0.3984168865435356,0.4208955223880598,0.417986952469711,0.3355325164938737,0.7145,0.342,0.4768797748291113,0.2666666666666666,29.0,0.0259915338403604,0.6644674835061262,3
Unknown_543592,SD,543592,2022,122,452,390,101,19,0,5,43,72,6,10,0.259,0.5301204819277109,0.3179297597042514,0.68,0.2058047493403693,0.4865671641791045,0.4123951537744641,0.2888784165881244,0.7257,0.341,0.474065138721351,0.2333333333333333,33.0,0.0224159073587617,0.7111215834118756,3
Unknown_663845,CHC,663845,2022,105,321,279,67,8,2,3,35,98,4,2,0.24,0.5210843373493976,0.2606284658040667,0.647,0.1741424802110817,0.6626865671641792,0.4771668219944082,0.6328934967012253,0.5701,0.341,0.474065138721351,0.2066666666666666,26.0,0.0442070957961348,0.3671065032987748,1
Unknown_572191,KC,572191,2022,134,485,437,112,10,3,11,39,110,3,4,0.256,0.4849397590361446,0.3585951940850277,0.687,0.2717678100263852,0.5432835820895523,0.3438956197576887,0.4479264844486334,0.6825,0.341,0.474065138721351,0.24,31.0,0.0445937820961788,0.5520735155513667,3
Unknown_641531,KC,641531,2022,138,534,496,123,28,5,13,34,133,3,1,0.248,0.4277108433734939,0.4232902033271721,0.703,0.3852242744063324,0.5343283582089553,0.266076421248835,0.5004712535344015,0.6816,0.341,0.474065138721351,0.2466666666666667,31.0,0.0656839904064225,0.4995287464655986,0
Unknown_656775,BAL,656775,2022,163,703,638,162,33,4,17,49,136,10,5,0.254,0.4728915662650602,0.4140480591497229,0.713,0.3562005277044854,0.4835820895522388,0.2940354147250699,0.3694627709707823,0.7183,0.34,0.4716525934861278,0.28,28.0,0.0437283605411582,0.6305372290292177,3
Unknown_657077,BOS,657077,2022,161,672,619,170,41,1,11,43,91,3,7,0.275,0.4909638554216867,0.412199630314233,0.719,0.3007915567282321,0.5044776119402985,0.2674743709226468,0.2325636192271442,0.7961,0.34,0.4716525934861278,0.2733333333333333,26.0,0.0309429059356397,0.7674363807728557,3
Unknown_621550,CHC,621550,2022,144,561,493,103,29,0,27,56,193,9,2,0.209,0.4277108433734939,0.4768946395563772,0.732,0.5646437994722955,0.4238805970149254,0.4342963653308481,0.724081055607917,0.5383,0.34,0.4716525934861278,0.2533333333333333,31.0,0.0567103026702222,0.2759189443920831,0
Unknown_571657,CIN,571657,2022,156,618,559,145,25,1,16,33,103,17,7,0.259,0.4789156626506025,0.4066543438077635,0.71,0.3298153034300791,0.4626865671641791,0.2180801491146319,0.3063147973609802,0.7492,0.34,0.4716525934861278,0.2666666666666666,32.0,0.0504164507261693,0.6936852026390199,3
Unknown_649966,MIL,649966,2022,119,471,405,97,17,1,16,50,99,11,5,0.24,0.533132530120482,0.4269870609981517,0.74,0.4116094986807387,0.4208955223880598,0.4641192917054986,0.4088124410933082,0.6603,0.34,0.4716525934861278,0.2333333333333333,25.0,0.0283039624256223,0.591187558906692,3
Unknown_457705,MIL,457705,2022,143,606,535,130,25,0,19,63,129,4,4,0.243,0.5030120481927711,0.4103512014787432,0.721,0.3799472295514511,0.4477611940298507,0.4538676607642125,0.4151743638077286,0.6766,0.34,0.4716525934861278,0.26,36.0,0.0296168668545579,0.5848256361922715,3
Unknown_669222,CIN,669222,2022,119,456,414,98,13,1,7,33,80,6,1,0.237,0.4337349397590361,0.2772643253234751,0.625,0.2058047493403693,0.4268656716417911,0.3066169617893756,0.3268143261074458,0.7149,0.34,0.4716525934861278,0.2333333333333333,27.0,0.0368855712206142,0.6731856738925541,3
Unknown_518626,NYY,518626,2022,143,587,512,116,29,0,17,61,156,8,6,0.227,0.4728915662650602,0.3863216266173753,0.698,0.387862796833773,0.4567164179104477,0.4534016775396086,0.5398209236569274,0.6167,0.339,0.4688379573783675,0.2533333333333333,37.0,0.0395097368280694,0.4601790763430724,0
Unknown_593643,LAD,593643,2022,79,184,178,44,11,2,2,4,27,2,0,0.247,0.3433734939759036,0.3530499075785583,0.637,0.2875989445910289,0.4417910447761193,0.070363466915191,0.2591894439208294,0.8207,0.339,0.4688379573783675,0.1733333333333333,30.0,0.1208443246628634,0.7408105560791702,3
Unknown_620443,SEA,620443,2022,64,194,178,45,3,0,4,12,56,1,3,0.253,0.4246987951807228,0.301293900184843,0.636,0.1978891820580475,0.6119402985074628,0.2576887232059646,0.5937794533459001,0.6443,0.339,0.4688379573783675,0.18,26.0,0.0802675233434905,0.4062205466541,1
Unknown_682985,DET,682985,2022,102,439,394,102,21,6,6,38,126,3,4,0.259,0.5060240963855422,0.3955637707948244,0.714,0.3166226912928759,0.6776119402985076,0.3727865796831314,0.5897737983034872,0.6196,0.339,0.4688379573783675,0.2266666666666666,22.0,0.0541397732339642,0.410226201696513,0
Unknown_596115,BOS,596115,2022,99,409,368,86,22,0,16,33,127,3,5,0.234,0.4216867469879518,0.4621072088724585,0.722,0.4775725593667546,0.5074626865671642,0.3452935694315004,0.6451460885956645,0.6015,0.339,0.4688379573783675,0.22,30.0,0.0644658623075978,0.3548539114043356,0
Unknown_624641,STL,624641,2022,74,211,193,47,13,4,2,7,54,8,2,0.244,0.4126506024096384,0.3863216266173753,0.679,0.345646437994723,0.5671641791044777,0.1239515377446411,0.5164938737040528,0.6682,0.338,0.4660233212706071,0.18,26.0,0.1391829550906596,0.4835061262959472,1
Unknown_663624,BAL,663624,2022,154,637,579,144,29,1,24,47,161,4,7,0.249,0.4457831325301205,0.467652495378928,0.733,0.445910290237467,0.4925373134328358,0.3131407269338304,0.5089538171536285,0.6672,0.338,0.4660233212706071,0.26,25.0,0.0562694895319806,0.4910461828463714,0
Unknown_666801,PIT,666801,2022,75,290,264,62,9,4,11,23,79,2,1,0.235,0.4277108433734939,0.4621072088724585,0.724,0.4749340369393139,0.4686567164179104,0.3387698042870456,0.555372290292177,0.6414,0.338,0.4660233212706071,0.1933333333333333,23.0,0.0564811906114366,0.4446277097078228,0
Unknown_527038,SF,527038,2022,159,624,543,127,28,1,21,63,106,11,7,0.234,0.4939759036144578,0.4269870609981517,0.727,0.4274406332453826,0.3492537313432836,0.4398881640260951,0.3138548539114043,0.7115,0.338,0.4660233212706071,0.26,31.0,0.0225533190212963,0.6861451460885957,3
Unknown_503556,NYY,503556,2022,76,232,208,43,8,0,9,15,61,4,2,0.207,0.3403614457831325,0.3715341959334566,0.646,0.4195250659630607,0.3253731343283582,0.2707362534948741,0.5329877474081056,0.6422,0.338,0.4660233212706071,0.1866666666666666,33.0,0.0686425073152308,0.4670122525918945,1
Unknown_446334,SF,446334,2022,88,298,266,65,13,0,14,27,83,2,3,0.244,0.4728915662650602,0.512014787430684,0.767,0.5224274406332453,0.4865671641791045,0.391425908667288,0.5697455230914232,0.6242,0.338,0.4660233212706071,0.1933333333333333,37.0,0.0494918103186028,0.430254476908577,0
Unknown_668472,KC,668472,2022,57,201,171,32,9,2,7,24,75,2,3,0.187,0.3975903614457831,0.3918669131238448,0.676,0.5013192612137203,0.4119402985074627,0.5256290773532153,0.7926484448633364,0.4925,0.338,0.4660233212706071,0.18,24.0,0.0504758290673859,0.2073515551366636,0
Unknown_572816,STL,572816,2022,97,319,300,83,19,1,6,15,51,2,2,0.277,0.4668674698795181,0.4306839186691313,0.72,0.3192612137203166,0.5373134328358209,0.1882572227399813,0.2902921771913289,0.7868,0.337,0.463610776035384,0.2,33.0,0.0558438310821925,0.7097078228086713,3
Unknown_669720,BAL,669720,2022,151,605,557,138,36,2,16,35,117,10,3,0.248,0.4337349397590361,0.4288354898336415,0.708,0.3931398416886543,0.453731343283582,0.239049394221808,0.3692271442035815,0.7322,0.337,0.463610776035384,0.2533333333333333,27.0,0.0546459981511525,0.6307728557964185,3
Unknown_664059,SEA,664059,2022,66,204,179,46,9,1,5,18,53,4,2,0.257,0.533132530120482,0.4214417744916822,0.737,0.3588390501319261,0.5940298507462688,0.380242311276794,0.5256833176248821,0.6275,0.337,0.463610776035384,0.18,28.0,0.0470070804896126,0.4743166823751177,0
Unknown_594807,ATL,594807,2022,93,343,313,71,19,1,13,23,106,5,2,0.227,0.3945783132530119,0.4528650646950093,0.707,0.4828496042216359,0.4835820895522388,0.2819198508853681,0.6416116870876531,0.6093,0.337,0.463610776035384,0.2,34.0,0.0791273461566386,0.3583883129123471,0
Unknown_641820,BAL,641820,2022,155,624,552,129,25,1,18,56,147,11,5,0.234,0.4698795180722892,0.3807763401109058,0.695,0.3641160949868073,0.444776119402985,0.3872320596458528,0.4686616399622997,0.6571,0.336,0.4607961399276236,0.2533333333333333,30.0,0.0408317926521273,0.5313383600377002,3
Unknown_642708,CLE,642708,2022,168,726,691,191,26,9,15,25,125,6,4,0.276,0.4457831325301205,0.4269870609981517,0.711,0.3166226912928759,0.546268656716418,0.1295433364398881,0.3192742695570216,0.7851,0.336,0.4607961399276236,0.2666666666666666,27.0,0.0868840097138568,0.6807257304429783,3
Unknown_542194,ATH,542194,2022,114,363,344,87,19,0,12,15,85,2,1,0.253,0.3885542168674698,0.4417744916820703,0.7,0.3984168865435356,0.5014925373134328,0.1616961789375582,0.4653628652214891,0.7163,0.336,0.4607961399276236,0.2066666666666666,31.0,0.0997532656112111,0.534637134778511,3
Unknown_666185,STL,666185,2022,134,517,456,109,31,4,9,49,99,7,5,0.239,0.4849397590361446,0.3881700554528651,0.703,0.3588390501319261,0.444776119402985,0.4109972041006523,0.3647502356267672,0.7002,0.336,0.4607961399276236,0.2333333333333333,24.0,0.0290928512330873,0.6352497643732329,3
Unknown_666915,BOS,666915,2022,119,387,349,78,12,2,13,30,123,4,4,0.223,0.3945783132530119,0.3826247689463957,0.67,0.3931398416886543,0.4955223880597015,0.3303821062441752,0.6623468426013196,0.5943,0.336,0.4607961399276236,0.2066666666666666,27.0,0.069363999030805,0.3376531573986803,0
Unknown_656896,KC,656896,2022,114,391,360,82,17,3,13,25,89,5,1,0.228,0.3855421686746987,0.4177449168207025,0.686,0.4300791556728232,0.3940298507462687,0.2670083876980428,0.4498114985862394,0.6957,0.336,0.4607961399276236,0.2066666666666666,26.0,0.0589346687570629,0.5501885014137606,0
Unknown_596146,MIN,596146,2022,126,479,420,97,20,1,10,50,72,5,4,0.231,0.4789156626506025,0.3345656192236599,0.672,0.3034300791556728,0.3582089552238806,0.4557315936626281,0.2676720075400565,0.7349,0.336,0.4607961399276236,0.2266666666666666,29.0,0.0178591598953324,0.7323279924599435,3
Unknown_467793,SEA,467793,2022,145,563,484,103,24,0,20,74,101,2,3,0.213,0.4819277108433735,0.3918669131238448,0.704,0.4353562005277044,0.2776119402985075,0.5815470643056849,0.336239396795476,0.6856,0.335,0.4579815038198632,0.24,36.0,0.0164199151640813,0.663760603204524,3
Unknown_666624,CHC,666624,2022,112,429,383,89,19,4,16,38,138,3,2,0.232,0.4427710843373493,0.4695009242144178,0.733,0.4934036939313984,0.5432835820895523,0.3821062441752096,0.6715362865221488,0.5758,0.335,0.4579815038198632,0.2133333333333333,23.0,0.0602723319115244,0.3284637134778512,0
Unknown_542932,MIA,542932,2022,106,423,375,91,18,3,5,44,94,3,1,0.243,0.5060240963855422,0.3197781885397412,0.673,0.2506596306068601,0.5253731343283582,0.4538676607642125,0.4370876531573986,0.6667,0.335,0.4579815038198632,0.2133333333333333,32.0,0.0313476968130226,0.5629123468426014,3
Unknown_592325,PIT,592325,2022,120,445,392,91,22,2,10,49,105,3,1,0.232,0.4909638554216867,0.3715341959334566,0.696,0.3535620052770448,0.4686567164179104,0.4822926374650512,0.4696041470311027,0.6472,0.335,0.4579815038198632,0.2133333333333333,30.0,0.0314825552643682,0.5303958529688972,0
Unknown_641487,SEA,641487,2022,159,656,564,135,27,3,7,75,86,10,5,0.239,0.5361445783132531,0.2975970425138634,0.671,0.2295514511873351,0.4029850746268657,0.5018639328984157,0.2224316682375117,0.7363,0.334,0.4555689585846401,0.2466666666666667,27.0,0.0121943118788111,0.777568331762488,3
Unknown_664056,STL,664056,2022,96,351,330,84,12,3,7,15,69,4,2,0.255,0.4066265060240963,0.3678373382624769,0.666,0.2875989445910289,0.4985074626865672,0.168219944082013,0.3767672007540056,0.7493,0.334,0.4555689585846401,0.2,28.0,0.0791108628542625,0.6232327992459943,3
Unknown_572228,SD,572228,2022,145,599,529,120,23,0,23,57,193,7,6,0.227,0.4487951807228916,0.4195933456561924,0.708,0.4353562005277044,0.5074626865671642,0.412861136999068,0.6727144203581527,0.571,0.334,0.4555689585846401,0.24,31.0,0.0555017440205044,0.3272855796418472,0
Unknown_608385,SEA,608385,2022,147,581,483,102,16,0,14,90,113,5,3,0.211,0.5451807228915663,0.2902033271719039,0.67,0.2928759894459102,0.3313432835820895,0.6910531220876048,0.3718190386427898,0.642,0.334,0.4555689585846401,0.2333333333333333,29.0,0.0142976213859477,0.6281809613572102,3
Unknown_681082,PHI,681082,2022,143,520,471,114,22,2,11,46,97,1,1,0.242,0.4578313253012048,0.356746765249538,0.678,0.3060686015831134,0.444776119402985,0.3816402609506057,0.3529688972667295,0.7212,0.333,0.4527543224768797,0.2266666666666666,25.0,0.0307826351401723,0.6470311027332705,3
Unknown_641933,STL,641933,2022,103,410,358,82,12,1,14,41,108,4,7,0.229,0.4578313253012048,0.390018484288355,0.695,0.387862796833773,0.4358208955223881,0.4352283317800559,0.5341658812441094,0.6268,0.333,0.4527543224768797,0.2066666666666666,27.0,0.0409763224830364,0.4658341187558905,0
Unknown_660688,WSH,660688,2022,119,456,416,107,24,0,9,31,53,6,2,0.257,0.4759036144578313,0.3807763401109058,0.696,0.3007915567282321,0.4208955223880598,0.2861136999068033,0.1873232799245994,0.8004,0.333,0.4527543224768797,0.2133333333333333,24.0,0.0230690528244648,0.8126767200754006,3
Unknown_669004,KC,669004,2022,137,551,476,107,22,3,19,67,134,1,7,0.225,0.4819277108433735,0.4232902033271721,0.721,0.4485488126649076,0.3970149253731344,0.5358807082945014,0.486569274269557,0.6334,0.332,0.4499396863691193,0.2266666666666666,24.0,0.0287049241882701,0.5134307257304431,0
Unknown_641914,ATH,641914,2022,101,330,306,70,6,2,8,21,90,2,1,0.229,0.3734939759036144,0.3068391866913125,0.622,0.2691292875989445,0.4865671641791045,0.2656104380242311,0.5560791705937794,0.6576,0.332,0.4499396863691193,0.1933333333333333,28.0,0.0729852361709025,0.4439208294062207,1
Unknown_669242,STL,669242,2022,160,660,605,156,32,4,13,47,115,6,1,0.258,0.4789156626506025,0.3955637707948244,0.706,0.3218997361477572,0.4925373134328358,0.3010251630941286,0.3239868049010367,0.7439,0.331,0.4475271411338962,0.24,27.0,0.0373496638865822,0.6760131950989632,3
Unknown_641680,TEX,641680,2022,130,468,423,99,20,1,17,42,90,1,2,0.234,0.4367469879518072,0.4306839186691313,0.71,0.4327176781002638,0.3701492537313433,0.3872320596458528,0.3666352497643732,0.7158,0.331,0.4475271411338962,0.2066666666666666,27.0,0.0314884936399384,0.6333647502356268,3
Unknown_621563,MIA,621563,2022,109,401,375,100,26,1,3,17,57,5,3,0.267,0.4427710843373493,0.3530499075785583,0.67,0.237467018469657,0.5104477611940299,0.1668219944082013,0.2483506126295947,0.8005,0.331,0.4475271411338962,0.2,32.0,0.0548622631223406,0.7516493873704053,3
Unknown_645801,LAA,645801,2022,59,170,150,31,6,0,4,19,47,1,0,0.207,0.4277108433734939,0.2828096118299446,0.627,0.2928759894459102,0.4149253731343284,0.4902143522833178,0.5650329877474082,0.6059,0.331,0.4475271411338962,0.1666666666666666,30.0,0.037863304263567,0.4349670122525919,1
Unknown_592206,PHI,592206,2022,151,610,573,152,31,0,14,32,142,3,2,0.265,0.4487951807228916,0.4048059149722737,0.699,0.3113456464379947,0.5820895522388061,0.2138863000931966,0.4620640904806786,0.7098,0.33,0.4447125050261358,0.2266666666666666,30.0,0.0758217846981434,0.5379359095193215,1
Unknown_595879,DET,595879,2022,156,624,587,139,31,4,17,26,153,8,3,0.237,0.3584337349397591,0.3992606284658042,0.667,0.3799472295514511,0.4656716417910447,0.1635601118359739,0.4912818096135721,0.7003,0.33,0.4447125050261358,0.2266666666666666,30.0,0.1038061899552094,0.508718190386428,1
Unknown_641779,MIA,641779,2022,49,171,158,41,10,0,4,12,54,1,0,0.259,0.4759036144578313,0.4158964879852126,0.715,0.3430079155672823,0.7044776119402986,0.2963653308480894,0.6576343072573044,0.6082,0.33,0.4447125050261358,0.1666666666666666,26.0,0.0770661467632926,0.3423656927426954,0
Unknown_605612,DET,605612,2022,130,471,448,122,21,2,7,17,89,1,2,0.272,0.4246987951807228,0.3715341959334566,0.674,0.2480211081794195,0.5701492537313434,0.1374650512581547,0.3588595664467484,0.7665,0.33,0.4447125050261358,0.2066666666666666,29.0,0.0913288710249009,0.6411404335532516,3
Unknown_571976,SD,571976,2022,94,343,313,74,16,0,9,25,111,1,4,0.236,0.4036144578313252,0.3696857670979668,0.665,0.337730870712401,0.5850746268656717,0.3089468779123951,0.6760131950989632,0.6006,0.329,0.4418978689183755,0.1866666666666666,32.0,0.0759122090651259,0.3239868049010368,1
Unknown_666176,LAA,666176,2022,100,325,306,69,14,2,10,13,117,4,2,0.225,0.322289156626506,0.3844731977818855,0.647,0.3905013192612137,0.573134328358209,0.1556383970177073,0.7617813383600377,0.5846,0.329,0.4418978689183755,0.1866666666666666,23.0,0.1641935488938918,0.2382186616399624,1
Unknown_573262,SF,573262,2022,155,576,499,108,31,3,19,65,145,5,6,0.216,0.4578313253012048,0.4269870609981517,0.714,0.4722955145118733,0.3791044776119403,0.4948741845293569,0.5065975494816211,0.625,0.329,0.4418978689183755,0.22,32.0,0.0331834615550592,0.4934024505183789,0
Unknown_605170,MIL,605170,2022,99,334,289,60,14,0,10,34,68,9,1,0.208,0.4548192771084337,0.3438077634011091,0.669,0.3773087071240105,0.3044776119402985,0.4436160298229263,0.3932610744580584,0.6647,0.329,0.4418978689183755,0.1866666666666666,29.0,0.0287049241882701,0.6067389255419415,3
Unknown_543305,NYY,543305,2022,133,486,414,90,11,2,8,63,118,4,4,0.217,0.5,0.2550831792975971,0.635,0.2242744063324538,0.4388059701492538,0.5731593662628145,0.485626767200754,0.6173,0.328,0.4394853236831523,0.2066666666666666,33.0,0.0262556148351261,0.5143732327992461,1
Unknown_650489,DET,650489,2022,118,421,390,96,20,3,9,18,91,9,3,0.246,0.4066265060240963,0.3844731977818855,0.675,0.3350923482849604,0.4865671641791045,0.1686859273066169,0.4229500471253535,0.7173,0.328,0.4394853236831523,0.1933333333333333,25.0,0.0877663874277701,0.5770499528746467,1
Unknown_542364,CHC,542364,2022,125,405,349,81,15,1,7,46,85,2,7,0.232,0.4849397590361446,0.3086876155268023,0.66,0.2638522427440633,0.4358208955223881,0.4986020503261883,0.4081055607917059,0.6667,0.328,0.4394853236831523,0.1933333333333333,31.0,0.0257572969153736,0.5918944392082941,3
Unknown_663837,PHI,663837,2022,120,402,364,89,15,3,6,26,80,4,7,0.245,0.4186746987951807,0.3290203327171904,0.648,0.258575197889182,0.4686567164179104,0.2707362534948741,0.3824222431668237,0.7239,0.327,0.436670687575392,0.1933333333333333,26.0,0.0495263158409777,0.6175777568331762,1
Unknown_664731,CHC,664731,2022,79,240,210,47,11,1,6,22,61,3,2,0.224,0.4397590361445783,0.3641404805914973,0.675,0.366754617414248,0.444776119402985,0.396551724137931,0.5124882186616398,0.6292,0.327,0.436670687575392,0.1733333333333333,29.0,0.043648988106572,0.48751178133836,1
Unknown_664728,KC,664728,2022,100,311,285,63,12,6,8,20,82,3,2,0.221,0.3584337349397591,0.3974121996303143,0.667,0.4195250659630607,0.4328358208955225,0.2688723205964585,0.5348727615457115,0.6592,0.327,0.436670687575392,0.18,25.0,0.0693725829257273,0.4651272384542884,0
Unknown_668731,DET,668731,2022,78,258,233,49,4,3,5,25,75,0,0,0.21,0.3885542168674698,0.2661737523105361,0.604,0.258575197889182,0.4597014925373134,0.4207828518173345,0.5984919886899152,0.6124,0.327,0.436670687575392,0.1733333333333333,24.0,0.0480604420033589,0.401508011310085,1
Unknown_622682,DET,622682,2022,102,365,342,88,21,3,5,15,83,4,4,0.257,0.4066265060240963,0.3807763401109058,0.673,0.3007915567282321,0.5611940298507463,0.1607642124883504,0.4493402450518378,0.7205,0.327,0.436670687575392,0.1866666666666666,28.0,0.0970850017247882,0.550659754948162,1
Unknown_543543,TEX,543543,2022,90,272,253,58,5,0,10,18,82,0,1,0.229,0.3644578313253013,0.3585951940850277,0.647,0.3403693931398417,0.4835820895522388,0.2777260018639328,0.6239396795475965,0.6324,0.327,0.436670687575392,0.1733333333333333,33.0,0.0781462846494713,0.3760603204524035,1
Unknown_669261,PIT,669261,2022,106,377,331,68,11,1,19,41,115,4,1,0.205,0.4277108433734939,0.4491682070240296,0.717,0.5329815303430079,0.3373134328358209,0.4762348555452003,0.6321866163996229,0.5756,0.326,0.4338560514676316,0.1866666666666666,24.0,0.0442533824331116,0.3678133836003772,0
Unknown_543063,SF,543063,2022,126,481,429,100,16,2,11,39,104,9,4,0.233,0.4518072289156626,0.3382624768946395,0.664,0.3034300791556728,0.4358208955223881,0.3471575023299161,0.4229500471253535,0.684,0.326,0.4338560514676316,0.2,35.0,0.0415926919073181,0.5770499528746467,1
Unknown_680777,MIN,680777,2022,75,262,234,47,10,1,9,27,66,0,0,0.201,0.3795180722891565,0.3585951940850277,0.651,0.41688654353562,0.3134328358208955,0.4496738117427772,0.5070688030160226,0.6412,0.326,0.4338560514676316,0.1733333333333333,25.0,0.0372844311150359,0.4929311969839773,0
Unknown_606157,CIN,606157,2022,91,308,286,58,14,0,13,21,110,1,0,0.203,0.3072289156626506,0.3955637707948244,0.648,0.4643799472295514,0.4238805970149254,0.2870456663560111,0.7549481621112157,0.5714,0.326,0.4338560514676316,0.18,28.0,0.091340742103081,0.2450518378887842,0
Unknown_443558,WSH,443558,2022,135,543,484,109,17,0,12,52,130,4,3,0.225,0.4397590361445783,0.2975970425138634,0.639,0.2664907651715039,0.4388059701492538,0.4156570363466915,0.4776154571159284,0.6519,0.326,0.4338560514676316,0.2066666666666666,42.0,0.0383624790062371,0.5223845428840714,1
Unknown_669357,STL,669357,2022,94,328,298,67,13,0,14,28,109,2,0,0.225,0.4156626506024096,0.434380776340111,0.705,0.4643799472295514,0.5044776119402985,0.3671947809878844,0.6965127238454288,0.5762,0.325,0.4314435062324085,0.18,22.0,0.065308157527109,0.303487276154571,0
Unknown_571771,BOS,571771,2022,104,435,391,89,25,0,8,37,78,3,4,0.228,0.4186746987951807,0.3308687615526802,0.649,0.3060686015831134,0.382089552238806,0.3657968313140726,0.3360037700282752,0.7287,0.325,0.4314435062324085,0.1933333333333333,31.0,0.0307746681614464,0.6639962299717248,3
Unknown_669352,TEX,669352,2022,56,190,178,49,7,0,3,8,57,2,0,0.275,0.4698795180722892,0.3530499075785583,0.679,0.2137203166226912,0.764179104477612,0.1654240447343895,0.6204052780395852,0.6368,0.325,0.4314435062324085,0.16,24.0,0.1279191936537372,0.3795947219604147,1
Unknown_543281,CWS,543281,2022,126,453,411,105,20,2,7,23,75,15,2,0.255,0.4789156626506025,0.3530499075785583,0.682,0.2638522427440633,0.4835820895522388,0.20596458527493,0.3037229029217719,0.7461,0.325,0.4314435062324085,0.1933333333333333,35.0,0.0530898285222402,0.6962770970782282,3
Unknown_643396,NYY,643396,2022,153,575,524,140,20,0,5,38,75,5,5,0.267,0.4879518072289157,0.2957486136783735,0.654,0.1530343007915567,0.4985074626865672,0.277260018639329,0.2207822808671065,0.7896,0.324,0.4286288701246481,0.2,27.0,0.0281778450344552,0.7792177191328935,3
Unknown_663757,SD,663757,2022,162,589,505,99,17,2,21,65,166,9,2,0.196,0.4216867469879518,0.3475046210720888,0.66,0.4142480211081794,0.3283582089552239,0.483690587138863,0.577521206409048,0.5789,0.324,0.4286288701246481,0.2066666666666666,26.0,0.039399549067984,0.422478793590952,0
Unknown_519058,CIN,519058,2022,86,310,274,61,16,0,8,25,79,8,3,0.223,0.4367469879518072,0.3604436229205176,0.672,0.3614775725593667,0.4328358208955225,0.3448275862068966,0.5139019792648445,0.6387,0.324,0.4286288701246481,0.1733333333333333,34.0,0.05118229971547,0.4860980207351555,1
Unknown_543877,BOS,543877,2022,126,454,426,113,24,0,10,22,79,3,3,0.265,0.4397590361445783,0.4029574861367839,0.696,0.3113456464379947,0.5044776119402985,0.19524697110904,0.3235155513666352,0.7709,0.323,0.4258142340168878,0.1866666666666666,32.0,0.0594343029874833,0.676484448633365,3
Unknown_622110,LAA,622110,2022,84,268,246,64,9,0,3,20,53,2,0,0.26,0.4909638554216867,0.2939001848428836,0.654,0.1688654353562005,0.5582089552238807,0.3168685927306617,0.3795947219604147,0.7201,0.323,0.4258142340168878,0.1666666666666666,31.0,0.0413145510758481,0.6204052780395855,1
Unknown_572041,CWS,572041,2022,139,549,508,123,26,1,16,35,104,2,4,0.242,0.4006024096385542,0.4029574861367839,0.683,0.3720316622691292,0.4149253731343284,0.2665424044734389,0.3598020735155514,0.7432,0.323,0.4258142340168878,0.2,35.0,0.0474536859589988,0.6401979264844486,3
Unknown_649557,HOU,649557,2022,98,352,325,77,14,0,12,22,56,3,2,0.237,0.3975903614457831,0.401109057301294,0.681,0.3825857519788918,0.3492537313432836,0.260484622553588,0.2884071630537229,0.7699,0.322,0.4234016887816646,0.1733333333333333,32.0,0.0392652947081825,0.711592836946277,3
Unknown_621035,LAD,621035,2022,129,486,429,94,27,3,11,46,172,6,5,0.219,0.4277108433734939,0.3678373382624769,0.673,0.3825857519788918,0.5880597014925374,0.4105312208760485,0.7474081055607916,0.5391,0.322,0.4234016887816646,0.1866666666666666,32.0,0.0623267053982184,0.2525918944392085,0
Unknown_593160,KC,593160,2022,146,584,533,136,30,2,12,42,88,1,8,0.255,0.4487951807228916,0.3918669131238448,0.693,0.3218997361477572,0.4388059701492538,0.304287045666356,0.2686145146088596,0.7757,0.322,0.4234016887816646,0.2,33.0,0.0305624078172563,0.7313854853911403,3
Unknown_542583,MIA,542583,2022,138,536,497,117,21,0,18,30,124,4,5,0.235,0.3734939759036144,0.3918669131238448,0.668,0.3746701846965699,0.4208955223880598,0.2301957129543336,0.4585296889726674,0.694,0.322,0.4234016887816646,0.1933333333333333,32.0,0.0699390898193432,0.5414703110273327,1
Unknown_640461,ATH,640461,2022,121,411,390,93,21,0,13,17,123,0,3,0.238,0.3313253012048193,0.4029574861367839,0.661,0.3825857519788918,0.5283582089552239,0.1621621621621621,0.61875589066918,0.6545,0.322,0.4234016887816646,0.18,30.0,0.1299239968203167,0.3812441093308201,1
Unknown_605119,MIA,605119,2022,107,407,361,78,16,1,8,38,109,7,1,0.216,0.4337349397590361,0.2920517560073938,0.635,0.2823218997361477,0.453731343283582,0.4044734389561975,0.5445334590009424,0.6216,0.322,0.4234016887816646,0.18,29.0,0.0454907586960023,0.4554665409990575,1
Unknown_669450,AZ,669450,2022,78,231,198,34,8,3,4,31,70,1,1,0.172,0.3855421686746987,0.2384473197781886,0.589,0.3218997361477572,0.3164179104477612,0.5945945945945946,0.6274740810556079,0.5584,0.322,0.4234016887816646,0.16,28.0,0.0336952439826223,0.3725259189443923,1
Unknown_665120,LAA,665120,2022,128,489,453,101,19,2,16,31,144,5,0,0.223,0.3674698795180724,0.3807763401109058,0.66,0.3905013192612137,0.4656716417910447,0.2646784715750233,0.6074458058435438,0.6319,0.322,0.4234016887816646,0.1866666666666666,29.0,0.0799024058537337,0.3925541941564563,1
Unknown_624512,CWS,624512,2022,89,294,270,69,14,1,3,12,60,3,3,0.256,0.4036144578313252,0.321626617375231,0.64,0.2216358839050131,0.5373134328358209,0.1593662628145387,0.3944392082940622,0.7211,0.321,0.4205870526739043,0.1666666666666666,27.0,0.0868189176281814,0.605560791705938,1
Unknown_663743,MIA,663743,2022,70,244,221,51,6,1,9,18,45,5,0,0.231,0.4367469879518072,0.3974121996303143,0.692,0.3931398416886543,0.3492537313432836,0.3131407269338304,0.3480207351555137,0.7213,0.321,0.4205870526739043,0.16,26.0,0.0383564561069052,0.6519792648444862,3
Unknown_493329,HOU,493329,2022,156,620,579,146,41,0,12,32,77,6,3,0.252,0.4186746987951807,0.390018484288355,0.682,0.3271767810026385,0.4119402985074627,0.2096924510717614,0.2061734213006598,0.8145,0.32,0.4177724165661439,0.1933333333333333,38.0,0.03658216981069,0.7938265786993404,3
Unknown_680911,CLE,680911,2022,140,514,461,111,26,1,9,36,100,8,9,0.241,0.4337349397590361,0.3438077634011091,0.662,0.2902374670184696,0.444776119402985,0.2954333643988817,0.3720546654099906,0.7198,0.32,0.4177724165661439,0.1866666666666666,26.0,0.0438022280840394,0.6279453345900095,3
Unknown_573131,SF,573131,2022,127,416,357,72,14,0,11,49,113,7,3,0.202,0.4518072289156626,0.2939001848428836,0.641,0.3245382585751979,0.3701492537313433,0.5181733457595527,0.5534872761545712,0.5938,0.32,0.4177724165661439,0.1733333333333333,36.0,0.0346200230112174,0.4465127238454287,1
Unknown_650859,LAA,650859,2022,133,525,503,131,23,4,17,17,81,4,0,0.26,0.3975903614457831,0.4602587800369687,0.714,0.4063324538258575,0.4388059701492538,0.1202236719478098,0.2770970782280867,0.8038,0.32,0.4177724165661439,0.1866666666666666,25.0,0.0821715551898272,0.7229029217719132,3
Unknown_643393,ATH,643393,2022,157,592,530,128,29,3,8,46,77,8,3,0.242,0.4578313253012048,0.3308687615526802,0.663,0.2691292875989445,0.4,0.331314072693383,0.2200754005655042,0.7703,0.32,0.4177724165661439,0.1933333333333333,31.0,0.0224025483746054,0.7799245994344959,3
Unknown_656669,AZ,656669,2022,87,249,219,40,7,0,12,26,62,3,1,0.183,0.3584337349397591,0.378927911275416,0.656,0.4934036939313984,0.1731343283582089,0.4557315936626281,0.5002356267672007,0.6345,0.32,0.4177724165661439,0.16,29.0,0.0361579109331606,0.4997643732327992,0
Unknown_680776,BOS,680776,2022,64,238,217,49,15,3,3,16,68,4,1,0.226,0.3975903614457831,0.3512014787430684,0.654,0.3403693931398417,0.5343283582089553,0.282385834109972,0.5867106503298775,0.6303,0.32,0.4177724165661439,0.16,26.0,0.0722836421261114,0.4132893496701224,1
Unknown_663897,MIA,663897,2022,59,151,141,34,6,1,2,10,48,0,0,0.241,0.4006024096385542,0.3068391866913125,0.632,0.237467018469657,0.6507462686567164,0.2777260018639328,0.6625824693685203,0.6159,0.32,0.4177724165661439,0.1533333333333333,26.0,0.0829413071897652,0.3374175306314797,1
Unknown_572039,ATH,572039,2022,48,158,142,29,6,0,5,12,51,2,2,0.204,0.3433734939759036,0.3290203327171904,0.624,0.366754617414248,0.4149253731343284,0.3229263746505125,0.6741281809613572,0.5886,0.32,0.4177724165661439,0.1533333333333333,31.0,0.0723122172894583,0.3258718190386429,1
Unknown_643524,CHC,643524,2022,82,311,287,68,13,0,8,21,63,1,2,0.237,0.3945783132530119,0.3548983364140481,0.655,0.3166226912928759,0.4208955223880598,0.2837837837837837,0.3909048067860509,0.7267,0.32,0.4177724165661439,0.1666666666666666,30.0,0.0480891168445664,0.609095193213949,1
Unknown_624431,NYY,624431,2022,113,376,356,87,14,1,11,16,65,2,2,0.244,0.3644578313253013,0.3844731977818855,0.661,0.3403693931398417,0.4059701492537314,0.1677539608574091,0.3209236569274269,0.7793,0.319,0.4153598713309208,0.1733333333333333,30.0,0.0685518470141689,0.6790763430725728,3
Unknown_502054,CIN,502054,2022,150,642,574,136,25,1,18,56,172,7,5,0.237,0.4578313253012048,0.3770794824399261,0.688,0.3482849604221635,0.5044776119402985,0.3755824790307548,0.5447690857681433,0.634,0.319,0.4153598713309208,0.1933333333333333,34.0,0.0494588337721096,0.4552309142318567,1
Unknown_553869,COL,553869,2022,113,408,376,84,18,2,9,27,86,2,3,0.223,0.3584337349397591,0.3327171903881701,0.631,0.3192612137203166,0.3880597014925373,0.2777260018639328,0.4102262016965127,0.7181,0.319,0.4153598713309208,0.1733333333333333,32.0,0.0516274709662605,0.5897737983034872,1
Unknown_682928,SD,682928,2022,100,336,316,79,13,2,3,7,59,9,2,0.25,0.3795180722891565,0.2920517560073938,0.617,0.1926121372031662,0.4865671641791045,0.0661696178937558,0.3272855796418473,0.7708,0.319,0.4153598713309208,0.1666666666666666,22.0,0.1533991254970154,0.6727144203581528,1
Unknown_677649,TEX,677649,2022,65,234,220,54,10,1,7,13,58,0,1,0.245,0.3855421686746987,0.4085027726432533,0.682,0.3720316622691292,0.4985074626865672,0.2283317800559179,0.4976437323279924,0.6966,0.319,0.4153598713309208,0.16,23.0,0.0762930408307636,0.5023562676720075,1
Unknown_656541,COL,656541,2022,70,236,206,38,6,1,3,26,71,1,3,0.184,0.3524096385542169,0.1719038817005546,0.542,0.1952506596306068,0.373134328358209,0.4827586206896552,0.6222902921771913,0.5847,0.319,0.4153598713309208,0.16,28.0,0.0428263727575363,0.3777097078228089,1
Unknown_595281,TB,595281,2022,65,236,219,50,9,0,7,16,63,1,0,0.228,0.3795180722891565,0.3530499075785583,0.649,0.337730870712401,0.4626865671641791,0.2851817334575955,0.5424128180961357,0.661,0.319,0.4153598713309208,0.16,32.0,0.0661883974791427,0.4575871819038641,1
Unknown_641658,COL,641658,2022,78,258,228,49,12,3,2,23,70,1,3,0.215,0.3855421686746987,0.2698706099815158,0.606,0.2532981530343007,0.4835820895522388,0.3844361602982292,0.5527803958529688,0.624,0.318,0.4125452352231604,0.16,28.0,0.0489293765854055,0.4472196041470311,1
Unknown_663611,CHC,663611,2022,66,246,226,57,9,0,1,15,28,3,0,0.252,0.4487951807228916,0.2421441774491682,0.613,0.1160949868073878,0.4477611940298507,0.2534948741845293,0.1816682375117813,0.8049,0.318,0.4125452352231604,0.16,25.0,0.026103034908209,0.8183317624882187,3
Unknown_622761,BAL,622761,2022,153,555,515,116,29,7,15,29,149,6,2,0.225,0.3493975903614459,0.4103512014787432,0.67,0.4274406332453826,0.453731343283582,0.2129543336439888,0.5461828463713478,0.6595,0.317,0.4097305991154,0.18,27.0,0.0893620823124203,0.4538171536286524,1
Unknown_656716,CHC,656716,2022,60,199,179,37,7,3,5,16,55,2,0,0.207,0.3644578313253013,0.3493530499075786,0.642,0.387862796833773,0.4029850746268657,0.3438956197576887,0.5647973609802073,0.6231,0.317,0.4097305991154,0.1533333333333333,27.0,0.0565344995542436,0.4352026390197927,1
Unknown_660821,MIA,660821,2022,103,366,333,72,15,3,13,29,96,3,1,0.216,0.3795180722891565,0.4103512014787432,0.681,0.4511873350923482,0.382089552238806,0.3383038210624418,0.531573986804901,0.6503,0.317,0.4097305991154,0.1666666666666666,25.0,0.0540968219280141,0.468426013195099,0
Unknown_544369,PHI,544369,2022,74,269,248,53,10,4,3,14,40,5,2,0.214,0.3313253012048193,0.2754158964879853,0.59,0.2638522427440633,0.3223880597014925,0.211556383970177,0.2639019792648445,0.7807,0.317,0.4097305991154,0.16,32.0,0.0453432250793176,0.7360980207351553,1
Unknown_614177,CLE,614177,2022,130,508,469,108,18,2,15,34,165,2,3,0.23,0.3765060240963854,0.3678373382624769,0.657,0.3535620052770448,0.5492537313432836,0.2809878844361603,0.6788407163053722,0.6043,0.316,0.4073180538801769,0.1733333333333333,27.0,0.083965072210422,0.3211592836946277,1
Unknown_608336,NYY,608336,2022,130,443,380,64,10,2,20,59,175,3,1,0.168,0.3795180722891565,0.3493530499075786,0.648,0.4907651715039578,0.3074626865671641,0.5899347623485555,0.8442507068803017,0.465,0.316,0.4073180538801769,0.1666666666666666,29.0,0.0473920082049399,0.1557492931196984,0
Unknown_664058,LAA,664058,2022,68,248,236,62,12,1,2,7,17,3,0,0.263,0.4066265060240963,0.3197781885397412,0.64,0.2005277044854881,0.4238805970149254,0.1006523765144454,0.0749293119698397,0.8831,0.316,0.4073180538801769,0.1533333333333333,28.0,0.0370099513358791,0.92507068803016,3
Unknown_663647,PIT,663647,2022,137,570,515,127,24,3,7,48,124,5,2,0.247,0.4759036144578313,0.3179297597042514,0.661,0.237467018469657,0.5283582089552239,0.3616029822926374,0.4260131950989632,0.6895,0.316,0.4073180538801769,0.18,25.0,0.0399918116552637,0.5739868049010366,1
Unknown_650559,MIA,650559,2022,104,360,335,84,20,0,13,19,90,2,4,0.251,0.4036144578313252,0.467652495378928,0.719,0.4406332453825857,0.4985074626865672,0.2152842497670083,0.5025918944392083,0.6889,0.316,0.4073180538801769,0.16,26.0,0.0816393327583236,0.4974081055607917,0
Unknown_657656,ATH,657656,2022,99,402,362,76,19,0,13,27,109,12,1,0.21,0.3855421686746987,0.3622920517560075,0.656,0.3984168865435356,0.3791044776119403,0.282385834109972,0.5523091423185674,0.6318,0.316,0.4073180538801769,0.1666666666666666,28.0,0.0680784254579523,0.4476908576814327,1
Unknown_546991,CIN,546991,2022,67,241,220,51,10,1,5,18,47,1,1,0.232,0.4036144578313252,0.3345656192236599,0.646,0.3007915567282321,0.4119402985074627,0.3173345759552656,0.3729971724787936,0.722,0.316,0.4073180538801769,0.1533333333333333,28.0,0.0405203406858343,0.6270028275212063,1
Unknown_542303,ATL,542303,2022,138,548,508,112,20,0,24,33,132,2,5,0.22,0.3313253012048193,0.4214417744916822,0.67,0.4538258575197889,0.3343283582089552,0.249767008387698,0.4811498586239397,0.6953,0.315,0.4045034177724165,0.1733333333333333,32.0,0.0674481118413964,0.5188501413760602,0
Unknown_621512,NYM,621512,2022,103,344,313,78,16,0,4,16,84,1,2,0.249,0.3855421686746987,0.3049907578558227,0.625,0.2110817941952506,0.573134328358209,0.1859273066169617,0.4889255419415646,0.6715,0.315,0.4045034177724165,0.16,28.0,0.0916415756644299,0.5110744580584354,1
Unknown_671277,WSH,671277,2022,98,386,368,100,24,2,7,12,86,1,4,0.272,0.4096385542168674,0.4269870609981517,0.698,0.3271767810026385,0.5940298507462688,0.1141658900279589,0.4385014137606032,0.7409,0.315,0.4045034177724165,0.16,22.0,0.128656569239822,0.5614985862393969,1
Unknown_676391,CLE,676391,2022,69,206,189,41,8,0,2,12,30,2,1,0.217,0.3373493975903615,0.2162661737523105,0.561,0.1715039577836411,0.3373134328358209,0.2409133271202236,0.2565975494816211,0.7767,0.315,0.4045034177724165,0.1533333333333333,26.0,0.0383328833072679,0.7434024505183789,1
Unknown_600869,DET,600869,2022,136,500,460,102,22,2,14,30,118,6,4,0.222,0.355421686746988,0.3622920517560075,0.646,0.366754617414248,0.391044776119403,0.2488350419384902,0.4696041470311027,0.692,0.315,0.4045034177724165,0.1666666666666666,29.0,0.0661255919641085,0.5303958529688972,1
Unknown_665482,MIN,665482,2022,119,354,315,76,12,1,2,35,78,2,0,0.241,0.4909638554216867,0.2421441774491682,0.626,0.1424802110817941,0.5402985074626866,0.4301025163094129,0.4326107445805844,0.6695,0.315,0.4045034177724165,0.16,23.0,0.0331083534181942,0.5673892554194158,1
Unknown_642336,TB,642336,2022,96,325,314,79,23,0,7,8,69,2,1,0.252,0.3493975903614459,0.4029574861367839,0.666,0.345646437994723,0.4985074626865672,0.0838769804287045,0.413760603204524,0.7569,0.314,0.4016887816646561,0.16,27.0,0.1570335809216435,0.5862393967954762,1
Unknown_546318,PHI,546318,2022,62,197,185,44,9,1,5,11,42,0,1,0.238,0.3644578313253013,0.3770794824399261,0.658,0.3482849604221635,0.4388059701492538,0.2292637465051258,0.4158812441093308,0.731,0.314,0.4016887816646561,0.1533333333333333,31.0,0.0639472290272132,0.5841187558906691,1
Unknown_664670,CIN,664670,2022,60,163,152,39,5,1,1,9,23,2,0,0.257,0.4487951807228916,0.2735674676524954,0.629,0.1503957783641161,0.4865671641791045,0.2264678471575023,0.2459943449575872,0.7914,0.313,0.399276236429433,0.1466666666666666,26.0,0.0394696777557198,0.7540056550424128,3
Unknown_514917,WSH,514917,2022,156,648,590,148,30,4,2,46,119,7,2,0.251,0.463855421686747,0.279112754158965,0.637,0.1741424802110817,0.5253731343283582,0.3000931966449207,0.3461357210179077,0.7299,0.312,0.3964616003216726,0.1666666666666666,32.0,0.0400456219503503,0.6538642789820923,1
Unknown_669701,TEX,669701,2022,78,265,221,48,6,0,4,31,50,8,3,0.217,0.5210843373493976,0.2310536044362293,0.629,0.1899736147757255,0.373134328358209,0.5144454799627214,0.3581526861451461,0.6566,0.312,0.3964616003216726,0.1533333333333333,25.0,0.0212108647265306,0.6418473138548539,1
Unknown_408234,DET,408234,2022,122,461,423,109,11,0,7,30,106,3,5,0.258,0.4518072289156626,0.2939001848428836,0.641,0.1767810026385224,0.5671641791044777,0.2726001863932898,0.4552309142318567,0.6985,0.312,0.3964616003216726,0.16,39.0,0.0583477064642202,0.5447690857681433,1
Unknown_596142,MIN,596142,2022,133,499,445,91,27,0,16,42,143,7,5,0.204,0.3704819277108434,0.3678373382624769,0.654,0.4221635883905013,0.3701492537313433,0.3616029822926374,0.5888312912346843,0.6152,0.311,0.3936469642139123,0.16,30.0,0.0558762092921121,0.4111687087653159,1
Unknown_642851,SF,642851,2022,62,180,165,42,7,0,3,10,38,3,1,0.255,0.4487951807228916,0.3290203327171904,0.659,0.2321899736147757,0.5313432835820896,0.2283317800559179,0.410933081998115,0.7111,0.311,0.3936469642139123,0.1466666666666666,32.0,0.0634821945071077,0.5890669180018848,1
Unknown_664774,SF,664774,2022,80,260,224,46,8,1,8,27,55,6,1,0.205,0.4457831325301205,0.3382624768946395,0.663,0.3773087071240105,0.3014925373134328,0.4529356943150047,0.411875589066918,0.6538,0.31,0.3912344189786891,0.1466666666666666,28.0,0.0294321546264092,0.5881244109330819,3
Unknown_543228,CHC,543228,2022,92,313,297,70,15,0,9,8,51,3,4,0.236,0.3072289156626506,0.3752310536044363,0.637,0.3482849604221635,0.3552238805970149,0.0885368126747437,0.2973609802073515,0.7987,0.31,0.3912344189786891,0.1466666666666666,35.0,0.1131584921548881,0.7026390197926482,3
Unknown_474832,SF,474832,2022,80,307,263,54,9,1,8,37,85,6,1,0.205,0.4759036144578313,0.3031423290203328,0.654,0.3271767810026385,0.4029850746268657,0.5307548928238583,0.565975494816211,0.5831,0.31,0.3912344189786891,0.1466666666666666,34.0,0.0344714228568318,0.4340245051837892,1
Unknown_543257,DET,543257,2022,142,516,446,92,20,1,8,59,140,6,5,0.206,0.4397590361445783,0.2495378927911276,0.614,0.2480211081794195,0.4268656716417911,0.5018639328984157,0.5527803958529688,0.6027,0.309,0.3884197828709288,0.1533333333333333,33.0,0.0359357256817459,0.4472196041470311,1
Unknown_676369,CHC,676369,2022,74,210,189,38,7,3,6,19,68,2,0,0.201,0.3704819277108434,0.3530499075785583,0.646,0.4089709762532981,0.4298507462686568,0.390959925442684,0.6764844486333647,0.5762,0.309,0.3884197828709288,0.1466666666666666,24.0,0.059246006442355,0.3235155513666354,1
Unknown_679529,DET,679529,2022,123,438,387,80,19,1,9,40,104,8,3,0.207,0.4036144578313252,0.2902033271719039,0.623,0.3034300791556728,0.3641791044776119,0.3946877912395154,0.4729029217719133,0.653,0.309,0.3884197828709288,0.1533333333333333,23.0,0.0403224748593201,0.5270970782280866,1
Unknown_677950,AZ,677950,2022,116,434,402,94,19,1,8,23,81,4,5,0.234,0.3644578313253013,0.3179297597042514,0.625,0.2717678100263852,0.4059701492537314,0.2162162162162162,0.3532045240339302,0.7512,0.309,0.3884197828709288,0.1533333333333333,22.0,0.0581399192051787,0.6467954759660697,1
Unknown_606132,TOR,606132,2022,135,457,435,113,20,3,7,16,87,1,2,0.26,0.3855421686746987,0.3585951940850277,0.654,0.2612137203166226,0.5223880597014926,0.1323392357875116,0.3621583411875589,0.7615,0.308,0.3856051467631684,0.1466666666666666,28.0,0.0952879054721756,0.6378416588124411,1
Unknown_643289,HOU,643289,2022,94,292,267,59,13,0,7,15,35,1,6,0.221,0.3072289156626506,0.321626617375231,0.608,0.3113456464379947,0.2716417910447761,0.2087604846225536,0.1960414703110273,0.8151,0.308,0.3856051467631684,0.1466666666666666,28.0,0.0351442112434845,0.8039585296889726,3
Unknown_455139,BAL,455139,2022,74,238,210,38,10,0,6,22,74,4,1,0.181,0.3373493975903615,0.2587800369685768,0.584,0.3271767810026385,0.3283582089552239,0.3998136067101584,0.6460885956644675,0.5756,0.307,0.3831926015279453,0.14,38.0,0.0551197596480396,0.3539114043355327,1
Unknown_608348,AZ,608348,2022,105,378,339,76,20,0,7,30,74,5,4,0.224,0.4096385542168674,0.3160813308687616,0.639,0.2955145118733509,0.3850746268656717,0.3392357875116495,0.3748821866163996,0.7116,0.307,0.3831926015279453,0.1466666666666666,28.0,0.0377244979811956,0.6251178133836004,1
Unknown_608700,BOS,608700,2022,70,207,187,43,8,0,2,16,34,2,1,0.23,0.4156626506024096,0.2421441774491682,0.601,0.1741424802110817,0.4059701492537314,0.3294501397949673,0.3006597549481621,0.744,0.307,0.3831926015279453,0.14,31.0,0.0311337537200471,0.6993402450518378,1
Unknown_656180,WSH,656180,2022,54,172,156,28,4,0,7,15,50,1,0,0.179,0.2951807228915662,0.3068391866913125,0.596,0.3984168865435356,0.2328358208955223,0.3755824790307548,0.5984919886899152,0.6163,0.307,0.3831926015279453,0.14,26.0,0.0545196801733025,0.401508011310085,1
Unknown_666139,TB,666139,2022,59,220,201,43,12,2,2,15,73,2,1,0.214,0.3493975903614459,0.2754158964879853,0.597,0.2638522427440633,0.564179104477612,0.2870456663560111,0.695334590009425,0.5864,0.307,0.3831926015279453,0.14,24.0,0.0841604693652254,0.304665409990575,1
Unknown_661531,COL,661531,2022,66,219,197,40,4,1,7,14,48,5,1,0.203,0.3433734939759036,0.3068391866913125,0.612,0.337730870712401,0.2895522388059702,0.2670083876980428,0.4300188501413761,0.6849,0.306,0.3803779654201849,0.14,27.0,0.0563902814386475,0.5699811498586238,1
Unknown_600303,SF,600303,2022,62,200,184,46,15,0,3,12,30,1,3,0.25,0.4126506024096384,0.3807763401109058,0.675,0.3192612137203166,0.4328358208955225,0.2488350419384902,0.2669651272384543,0.785,0.306,0.3803779654201849,0.14,33.0,0.0383826830958145,0.7330348727615454,3
Unknown_665750,TEX,665750,2022,94,347,319,82,14,2,5,22,88,2,3,0.257,0.4457831325301205,0.345656192236599,0.667,0.2480211081794195,0.6029850746268658,0.2646784715750233,0.5110744580584354,0.6744,0.305,0.3775633293124246,0.14,24.0,0.0674159598184477,0.4889255419415645,1
Unknown_444876,WSH,444876,2022,45,161,152,31,4,2,1,7,36,2,0,0.204,0.2710843373493976,0.1885397412199631,0.525,0.1662269129287598,0.3791044776119403,0.1719478098788443,0.4403864278982092,0.7205,0.305,0.3775633293124246,0.14,36.0,0.0894856996719743,0.5596135721017907,1
Unknown_608703,CIN,608703,2022,86,276,247,60,10,1,3,26,79,1,2,0.243,0.4728915662650602,0.2846580406654345,0.643,0.2005277044854881,0.6179104477611942,0.4082013047530289,0.5878887841658812,0.6159,0.304,0.3751507840772014,0.14,32.0,0.048800143321133,0.4121112158341187,1
Unknown_672284,SEA,672284,2022,69,234,212,34,6,1,10,19,76,1,2,0.16,0.2198795180722892,0.3068391866913125,0.57,0.4485488126649076,0.1611940298507462,0.34762348555452,0.6788407163053722,0.5897,0.303,0.3723361479694411,0.14,23.0,0.0674159598184477,0.3211592836946277,1
Unknown_668800,STL,668800,2022,96,308,269,58,12,0,4,31,64,6,1,0.216,0.4548192771084337,0.2421441774491682,0.614,0.2110817941952506,0.3970149253731344,0.4380242311276793,0.4031573986804901,0.6688,0.303,0.3723361479694411,0.14,27.0,0.0299747692934349,0.5968426013195098,1
Unknown_624428,SEA,624428,2022,172,657,593,145,26,4,3,49,82,5,6,0.245,0.4427710843373493,0.2643253234750463,0.622,0.1688654353562005,0.4238805970149254,0.3168685927306617,0.2075871819038642,0.7869,0.302,0.3695215118616807,0.1333333333333333,31.0,0.0223741650101445,0.7924128180961356,3
Unknown_657557,STL,657557,2022,80,264,232,42,12,0,8,24,82,6,2,0.181,0.3463855421686748,0.2994454713493531,0.609,0.3852242744063324,0.3044776119402985,0.3928238583410997,0.6453817153628651,0.5758,0.302,0.3695215118616807,0.1333333333333333,29.0,0.0561305643927084,0.3546182846371348,1
Unknown_656308,PIT,656308,2022,130,452,426,97,17,3,15,20,131,2,4,0.228,0.3162650602409639,0.3937153419593347,0.651,0.3984168865435356,0.4626865671641791,0.1752096924510717,0.5963713477851084,0.6615,0.302,0.3695215118616807,0.1333333333333333,27.0,0.1168995234633581,0.4036286522148915,1
Unknown_596748,WSH,596748,2022,114,420,401,94,16,0,11,13,81,2,4,0.234,0.3072289156626506,0.3382624768946395,0.616,0.2981530343007915,0.391044776119403,0.113699906803355,0.3680490103675777,0.7714,0.302,0.3695215118616807,0.1333333333333333,30.0,0.1104351590913387,0.6319509896324222,1
Unknown_641355,LAD,641355,2022,156,589,542,110,27,3,19,39,169,2,6,0.203,0.2951807228915662,0.3604436229205176,0.625,0.4142480211081794,0.3552238805970149,0.2777260018639328,0.5895381715362865,0.6435,0.301,0.3671089666264576,0.1266666666666666,27.0,0.0738775450709169,0.4104618284637136,1
Unknown_571912,CLE,571912,2022,68,212,184,40,10,0,3,22,55,3,3,0.217,0.4487951807228916,0.2717190388170056,0.627,0.2480211081794195,0.4567164179104477,0.4529356943150047,0.5247408105560792,0.6226,0.3,0.3642943305186972,0.1333333333333333,31.0,0.0383640361615032,0.4752591894439206,1
Unknown_669127,ATH,669127,2022,43,158,147,32,10,1,6,9,54,0,2,0.218,0.3042168674698795,0.4584103512014788,0.681,0.5145118733509234,0.4716417910447761,0.2348555452003727,0.7188972667295004,0.6013,0.3,0.3642943305186972,0.1333333333333333,25.0,0.1060590813510286,0.2811027332704996,0
Unknown_645302,WSH,645302,2022,127,429,384,86,11,2,6,19,107,11,4,0.224,0.3614457831325302,0.2513863216266174,0.587,0.2031662269129287,0.4686567164179104,0.1756756756756756,0.5011781338360037,0.655,0.3,0.3642943305186972,0.1266666666666666,25.0,0.0989615215848002,0.498821866163996,1
Unknown_642727,AZ,642727,2022,80,240,220,47,9,1,6,13,61,1,4,0.214,0.2951807228915662,0.3160813308687616,0.602,0.3245382585751979,0.3791044776119403,0.2218080149114631,0.5124882186616398,0.6792,0.299,0.3614796944109368,0.1333333333333333,26.0,0.0807719813366086,0.48751178133836,1
Unknown_672695,AZ,672695,2022,155,532,461,93,12,2,6,52,109,5,2,0.202,0.3915662650602409,0.1866913123844732,0.564,0.1715039577836411,0.3462686567164179,0.4245107176141658,0.3963242224316682,0.6654,0.298,0.3590671491757137,0.12,23.0,0.0305869857977209,0.6036757775683319,1
Unknown_670032,KC,670032,2022,144,508,463,107,14,4,0,30,70,4,1,0.231,0.3765060240963854,0.1940850277264326,0.562,0.1029023746701847,0.4119402985074627,0.244641192917055,0.2382186616399623,0.7756,0.298,0.3590671491757137,0.12,27.0,0.0351240130068105,0.7617813383600376,1
Unknown_500743,MIA,500743,2022,146,529,490,115,19,2,6,28,61,6,4,0.235,0.3734939759036144,0.2661737523105361,0.601,0.1978891820580475,0.3611940298507463,0.2157502329916123,0.1852026390197926,0.8185,0.298,0.3590671491757137,0.12,33.0,0.0321808678412633,0.8147973609802073,3
Unknown_660294,PIT,660294,2022,59,221,192,37,7,0,3,25,59,0,4,0.193,0.3704819277108434,0.1885397412199631,0.557,0.1952506596306068,0.3582089552238806,0.4962721342031687,0.5426484448633365,0.6199,0.298,0.3590671491757137,0.1333333333333333,31.0,0.0356872860525992,0.4573515551366636,1
Unknown_518792,CHC,518792,2022,54,175,158,30,5,2,1,14,43,3,0,0.19,0.3343373493975904,0.1700554528650648,0.534,0.1767810026385224,0.3582089552238806,0.342031686859273,0.4924599434495759,0.6571,0.298,0.3590671491757137,0.1333333333333333,33.0,0.049439522647684,0.507540056550424,1
Unknown_660162,CWS,660162,2022,114,466,428,88,18,1,12,33,127,2,2,0.206,0.322289156626506,0.2994454713493531,0.601,0.3218997361477572,0.3791044776119403,0.2991612301957129,0.555607917059378,0.6502,0.297,0.3562525130679533,0.12,27.0,0.0644907615045854,0.4443920829406222,1
Unknown_553882,MIL,553882,2022,92,323,286,58,12,1,5,31,65,3,2,0.203,0.3855421686746987,0.2402957486136784,0.59,0.2427440633245382,0.3253731343283582,0.4165890027958993,0.3876060320452403,0.6904,0.297,0.3562525130679533,0.1266666666666666,30.0,0.0305598279788828,0.6123939679547596,1
Unknown_542340,CHC,542340,2022,64,240,221,44,7,2,3,16,62,0,2,0.199,0.2801204819277109,0.2144177449168207,0.541,0.2137203166226912,0.373134328358209,0.2800559179869524,0.5221489161168708,0.6708,0.296,0.3534378769601929,0.1266666666666666,31.0,0.0649493645946358,0.4778510838831291,1
Unknown_668751,PIT,668751,2022,74,239,219,49,11,0,5,18,57,0,1,0.224,0.3734939759036144,0.3105360443622921,0.624,0.2902374670184696,0.4298507462686568,0.3201304753028891,0.4754948162111216,0.682,0.295,0.3510253317249698,0.1266666666666666,23.0,0.0512992139086726,0.5245051837888786,1
Unknown_596059,BAL,596059,2022,141,496,449,91,20,3,13,33,114,10,4,0.203,0.3373493975903615,0.3197781885397412,0.618,0.3588390501319261,0.3134328358208955,0.2791239515377446,0.454995287464656,0.6835,0.294,0.3482106956172094,0.1133333333333333,28.0,0.0568795726770009,0.5450047125353441,1
Unknown_670764,TB,670764,2022,142,500,435,79,20,2,8,59,123,2,2,0.182,0.3704819277108434,0.2181146025878004,0.573,0.2664907651715039,0.2925373134328358,0.5191053122087604,0.4931668237511781,0.626,0.292,0.3429835142742259,0.1066666666666666,26.0,0.0303452223081929,0.5068331762488218,1
Unknown_541645,MIA,541645,2022,106,408,381,84,9,0,8,21,120,4,2,0.22,0.3283132530120483,0.2458410351201479,0.574,0.2058047493403693,0.4895522388059701,0.2092264678471574,0.6065032987747407,0.6446,0.29,0.3373542420587052,0.1066666666666666,31.0,0.1005270495176579,0.3934967012252592,1
Unknown_598265,BOS,598265,2022,128,401,373,76,24,1,7,25,86,1,0,0.204,0.2951807228915662,0.2883548983364142,0.585,0.308707124010554,0.3343283582089552,0.2595526561043802,0.4189443920829406,0.7157,0.289,0.334941696823482,0.1066666666666666,32.0,0.0566352781461591,0.5810556079170592,1
Unknown_641553,CWS,641553,2022,97,280,263,59,13,1,2,12,79,4,0,0.224,0.3343373493975904,0.2402957486136784,0.573,0.1873350923482849,0.5343283582089553,0.1691519105312208,0.5782280867106503,0.6571,0.288,0.3321270607157217,0.1133333333333333,31.0,0.1172710814633735,0.4217719132893496,1
Unknown_518735,CWS,518735,2022,108,401,351,71,8,0,6,46,84,2,2,0.202,0.4186746987951807,0.1885397412199631,0.573,0.1715039577836411,0.3373134328358209,0.5037278657968313,0.4071630537229029,0.6708,0.287,0.3293124246079614,0.1,34.0,0.0253468177844316,0.592836946277097,1
Unknown_664702,CLE,664702,2022,167,651,588,132,25,3,0,56,92,1,4,0.224,0.4006024096385542,0.190388170055453,0.568,0.1160949868073878,0.3880597014925373,0.3699906803355078,0.2464655984919887,0.768,0.284,0.3212706071572175,0.0666666666666666,28.0,0.0217954544566046,0.7535344015080112,1
Unknown_647351,SEA,647351,2022,116,383,354,71,13,2,10,22,69,3,4,0.201,0.2801204819277109,0.2939001848428836,0.584,0.3271767810026385,0.2537313432835821,0.2367194780987884,0.338124410933082,0.7546,0.284,0.3212706071572175,0.0933333333333333,26.0,0.050758075148319,0.6618755890669179,1
Unknown_571466,DET,571466,2022,105,334,304,64,11,0,1,28,77,1,0,0.211,0.3644578313253013,0.1534195933456562,0.536,0.0976253298153034,0.4328358208955225,0.3597390493942218,0.4566446748350612,0.6796,0.283,0.3184559710494571,0.1,31.0,0.0432331111879012,0.5433553251649386,1
Unknown_594777,TEX,594777,2022,134,453,413,81,15,1,12,30,146,7,3,0.196,0.3072289156626506,0.2772643253234751,0.585,0.3139841688654353,0.3970149253731344,0.2777260018639328,0.6729500471253533,0.596,0.282,0.316043425814234,0.08,35.0,0.0842277766517953,0.3270499528746466,1
Unknown_605548,TOR,605548,2022,65,150,135,17,5,1,2,6,60,8,0,0.126,0.1506024096385542,0.088724584103512,0.43,0.2295514511873351,0.2119402985074626,0.1556383970177073,0.8560320452403394,0.5,0.281,0.3132287897064736,0.12,30.0,0.1835490667089807,0.1439679547596608,1
Unknown_623168,PIT,623168,2022,63,185,168,39,8,0,0,8,18,5,0,0.232,0.3885542168674698,0.1959334565619224,0.567,0.1029023746701847,0.3761194029850746,0.1705498602050326,0.1427898209236569,0.8108,0.281,0.3132287897064736,0.1133333333333333,31.0,0.0335886080814291,0.8572101790763431,1
Unknown_605353,ATH,605353,2022,72,253,223,49,12,0,1,25,47,2,3,0.22,0.4277108433734939,0.2088724584103512,0.587,0.1530343007915567,0.4059701492537314,0.4296365330848089,0.3513195098963242,0.7075,0.281,0.3132287897064736,0.1066666666666666,29.0,0.026393232789302,0.6486804901036758,1
Unknown_592696,ATL,592696,2022,93,308,288,58,13,1,5,17,78,0,3,0.201,0.2590361445783132,0.243992606284658,0.549,0.2506596306068601,0.3611940298507463,0.2264678471575023,0.5101319509896324,0.6916,0.28,0.3104141535987132,0.1,31.0,0.078776807231652,0.4898680490103677,1
Unknown_623205,LAA,623205,2022,121,365,337,66,8,1,10,16,126,3,3,0.196,0.2379518072289156,0.2606284658040667,0.551,0.2902374670184696,0.4208955223880598,0.1733457595526561,0.7269085768143261,0.5863,0.279,0.3080016083634901,0.0866666666666666,28.0,0.1425401157217605,0.273091423185674,1
Unknown_455117,HOU,455117,2022,121,405,367,67,12,0,15,24,129,8,2,0.183,0.2680722891566265,0.3031423290203328,0.585,0.3852242744063324,0.2895522388059702,0.2455731593662627,0.6639962299717248,0.5926,0.278,0.3051869722557297,0.08,36.0,0.0939522768229456,0.3360037700282752,1
Unknown_642350,TB,642350,2022,99,347,323,68,13,2,8,20,116,3,1,0.211,0.3132530120481928,0.301293900184843,0.6,0.3113456464379947,0.4955223880597015,0.2376514445479962,0.7012252591894439,0.5994,0.278,0.3051869722557297,0.0866666666666666,27.0,0.1023298192105958,0.2987747408105561,1
Unknown_543510,NYM,543510,2022,62,205,188,37,7,0,3,11,49,4,2,0.197,0.2891566265060241,0.199630314232902,0.536,0.2005277044854881,0.3343283582089552,0.2194780987884436,0.4766729500471253,0.6878,0.278,0.3051869722557297,0.1066666666666666,32.0,0.0761385581634226,0.5233270499528746,1
Unknown_607732,MIA,607732,2022,116,399,361,80,13,0,4,29,87,6,2,0.222,0.3945783132530119,0.2162661737523105,0.58,0.158311345646438,0.4328358208955225,0.3080149114631873,0.4271913289349671,0.6917,0.278,0.3051869722557297,0.08,33.0,0.0480338181824303,0.5728086710650331,1
Unknown_435559,LAA,435559,2022,54,169,148,26,4,0,5,16,30,2,2,0.176,0.3132530120481928,0.2402957486136784,0.566,0.3139841688654353,0.1462686567164178,0.4105312208760485,0.3317624882186616,0.7101,0.278,0.3051869722557297,0.1133333333333333,39.0,0.0262727102284015,0.6682375117813384,1
Unknown_669397,ATH,669397,2022,100,337,308,66,13,0,5,21,67,1,1,0.214,0.3253012048192771,0.2421441774491682,0.571,0.2163588390501319,0.3671641791044776,0.2595526561043802,0.3819509896324223,0.7181,0.277,0.3023723361479694,0.0866666666666666,24.0,0.0517575633837691,0.6180490103675778,1
Unknown_519390,ATH,519390,2022,75,205,181,29,4,1,7,18,50,2,4,0.16,0.2439759036144577,0.2495378927911276,0.548,0.3693931398416886,0.1134328358208954,0.3783783783783784,0.4882186616399623,0.6585,0.275,0.2971451548049859,0.1066666666666666,38.0,0.0437616652676615,0.5117813383600378,1
Unknown_545358,LAA,545358,2022,108,390,348,62,12,1,9,38,119,2,1,0.178,0.3132530120481928,0.2255083179297597,0.558,0.2875989445910289,0.3164179104477612,0.4231127679403541,0.6324222431668237,0.5897,0.275,0.2971451548049859,0.0733333333333333,31.0,0.0506239551431397,0.3675777568331764,1
Unknown_605421,PIT,605421,2022,49,150,135,20,0,0,7,13,36,0,1,0.148,0.1897590361445783,0.2402957486136784,0.525,0.387862796833773,0.017910447761194,0.3732525629077353,0.4790292177191329,0.6667,0.274,0.2943305186972255,0.1133333333333333,30.0,0.0435731766275425,0.5209707822808671,1
Unknown_570731,DET,570731,2022,142,541,508,102,23,1,12,22,113,7,4,0.201,0.253012048192771,0.2717190388170056,0.563,0.2928759894459102,0.2955223880597015,0.1589002795899347,0.4057492931196984,0.7375,0.272,0.289103337354242,0.04,31.0,0.0893395315942609,0.5942507068803016,1
Unknown_672779,PIT,672779,2022,52,183,164,33,6,2,2,11,45,1,2,0.201,0.286144578313253,0.2310536044362293,0.552,0.2348284960422163,0.3791044776119403,0.2493010251630941,0.4929311969839774,0.6612,0.271,0.2862887012464816,0.1066666666666666,23.0,0.0691872634454525,0.5070688030160226,1
Unknown_544725,CWS,544725,2022,99,344,325,70,9,0,4,11,72,3,3,0.215,0.2650602409638554,0.1959334565619224,0.526,0.1477572559366754,0.382089552238806,0.1183597390493942,0.4066918001885015,0.7442,0.271,0.2862887012464816,0.0733333333333333,31.0,0.1165910722674078,0.5933081998114984,1
Unknown_668709,MIA,668709,2022,67,244,210,35,10,2,5,30,70,2,2,0.167,0.3524096385542169,0.2421441774491682,0.579,0.3403693931398417,0.2537313432835821,0.5424044734389561,0.5895381715362865,0.582,0.27,0.2838761560112585,0.0933333333333333,25.0,0.0351410272666207,0.4104618284637136,1
Unknown_676694,HOU,676694,2022,49,162,152,34,6,2,1,7,56,2,1,0.224,0.322289156626506,0.2495378927911276,0.575,0.2031662269129287,0.626865671641791,0.1705498602050326,0.7280867106503299,0.5988,0.269,0.2810615199034981,0.1066666666666666,26.0,0.1448828355181898,0.2719132893496703,1
Unknown_456715,MIL,456715,2022,49,175,161,29,5,0,1,11,41,2,1,0.18,0.2469879518072288,0.1035120147874307,0.47,0.1081794195250659,0.2955223880597015,0.2623485554520037,0.4655984919886899,0.6914,0.267,0.2758343385605146,0.1,36.0,0.0620924231220878,0.5344015080113103,1
Unknown_681146,ATH,681146,2022,57,187,162,33,4,0,1,19,32,4,1,0.204,0.4307228915662651,0.1349353049907579,0.548,0.0897097625329815,0.3343283582089552,0.4426840633737185,0.3166823751178134,0.7005,0.266,0.2730197024527543,0.1,27.0,0.0225896473982666,0.6833176248821866,1
Unknown_642165,PIT,642165,2022,73,211,189,34,5,2,3,20,54,0,2,0.18,0.2951807228915662,0.1866913123844732,0.531,0.2269129287598944,0.2895522388059702,0.4109972041006523,0.5164938737040528,0.6493,0.266,0.2730197024527543,0.0933333333333333,27.0,0.0422415363311012,0.4835061262959472,1
Unknown_621433,TB,621433,2022,84,254,225,32,7,0,5,21,106,3,1,0.142,0.1987951807228916,0.121996303142329,0.464,0.2348284960422163,0.3014925373134328,0.3546132339235787,0.8967954759660698,0.4724,0.264,0.2677925211097708,0.08,28.0,0.0876608484642178,0.1032045240339303,1
Unknown_476704,ATH,476704,2022,54,196,178,35,6,0,3,16,41,0,2,0.197,0.3072289156626506,0.1977818853974123,0.541,0.1978891820580475,0.3014925373134328,0.3494874184529357,0.4064561734213007,0.7092,0.261,0.2597507036590269,0.0933333333333333,38.0,0.0396161229565799,0.5935438265786992,1
Unknown_425877,STL,425877,2022,79,288,280,61,9,0,6,5,44,2,1,0.218,0.2349397590361445,0.2587800369685768,0.55,0.2295514511873351,0.3104477611940298,0.0503261882572227,0.2735626767200754,0.8229,0.26,0.2569360675512665,0.0666666666666666,40.0,0.1599664817848494,0.7264373232799244,1
Unknown_665506,ATH,665506,2022,94,295,271,46,7,2,3,18,78,3,0,0.17,0.2138554216867469,0.1293900184842883,0.473,0.1715039577836411,0.2746268656716418,0.2534948741845293,0.5365221489161169,0.6542,0.26,0.2569360675512665,0.0666666666666666,24.0,0.0738889526615266,0.4634778510838833,1
Unknown_595978,CLE,595978,2022,111,370,322,53,5,0,8,29,89,6,3,0.165,0.2590361445783132,0.1497227356746766,0.499,0.2137203166226912,0.1880597014925373,0.3345759552656104,0.4802073515551366,0.6378,0.255,0.2436670687575391,0.0333333333333333,30.0,0.0493689145087157,0.5197926484448636,1
Unknown_641511,PIT,641511,2022,54,167,155,33,6,0,1,9,50,2,0,0.213,0.322289156626506,0.1792975970425139,0.536,0.129287598944591,0.5194029850746269,0.2204100652376514,0.6189915174363807,0.6287,0.251,0.2328106151990349,0.0866666666666666,27.0,0.0975085830634281,0.3810084825636193,1
Unknown_519222,CIN,519222,2022,55,151,140,22,3,0,3,8,48,1,0,0.157,0.1506024096385542,0.1275415896487985,0.451,0.2031662269129287,0.235820895522388,0.2162162162162162,0.6625824693685203,0.6093,0.245,0.2167269802975472,0.0866666666666666,34.0,0.1060904756036913,0.3374175306314797,1
Unknown_650331,MIA,650331,2022,53,181,165,27,4,0,5,13,55,1,2,0.164,0.2078313253012048,0.1940850277264326,0.505,0.2796833773087071,0.2149253731343283,0.3038210624417521,0.6295947219604147,0.6188,0.241,0.205870526739043,0.0733333333333333,26.0,0.0719178699509266,0.3704052780395852,1
Unknown_660644,TB,660644,2022,55,173,156,25,5,0,3,14,38,1,2,0.16,0.2198795180722892,0.1404805914972274,0.481,0.2137203166226912,0.1611940298507462,0.3462255358807083,0.4311969839773799,0.6936,0.237,0.195416164053076,0.0733333333333333,24.0,0.0425576371857193,0.5688030160226201,1
Unknown_676480,CIN,676480,2022,47,174,165,25,3,0,2,9,76,0,0,0.152,0.1114457831325301,0.0591497227356747,0.401,0.1213720316622691,0.3880597014925373,0.2101584342963653,0.9427426955702168,0.5115,0.185,0.0558906312826698,0.02,24.0,0.1535236793053032,0.0572573044297832,1
Unknown_660271,LAA,660271,2023,138,607,508,154,26,8,44,93,144,3,3,0.303,0.7650602409638553,0.8724584103512016,1.058,0.8812664907651715,0.6179104477611942,0.6831314072693383,0.4724316682375117,0.5964,0.464,0.8126256533976677,0.7000000000000001,29.0,0.0199620923814545,0.5275683317624884,2
Unknown_608369,TEX,608369,2023,131,586,515,170,45,0,34,61,97,4,6,0.33,0.7319277108433736,0.8170055452865066,1.017,0.7282321899736147,0.6417910447761194,0.4543336439888163,0.3034872761545712,0.7235,0.453,0.7832730197024527,0.64,29.0,0.0207656291767015,0.696512723845429,2
Unknown_592450,NYY,592450,2023,111,474,380,102,16,0,38,90,133,1,3,0.268,0.7499999999999999,0.8077634011090573,1.018,0.8786279683377309,0.5014925373134328,0.8541472506989749,0.5746936852026391,0.5274,0.453,0.7832730197024527,0.5466666666666666,31.0,0.0185939849188819,0.425306314797361,2
Unknown_660670,ATL,660670,2023,169,774,675,223,36,5,42,86,92,10,3,0.33,0.7650602409638553,0.7597042513863217,0.997,0.6490765171503957,0.5940298507462688,0.4869524697110904,0.1936852026390198,0.7571,0.45,0.7752312022517089,0.7866666666666666,26.0,0.0107082996131245,0.8063147973609801,2
Unknown_670541,HOU,670541,2023,121,524,437,129,27,1,35,70,102,13,4,0.295,0.7439759036144579,0.7911275415896488,1.006,0.7862796833773087,0.5223880597014926,0.591798695246971,0.3722902921771914,0.6469,0.442,0.7539203860072374,0.5533333333333333,26.0,0.0182013684877166,0.6277097078228087,2
Unknown_621566,ATL,621566,2023,173,761,643,184,28,3,57,110,171,4,4,0.286,0.7048192771084337,0.7966728280961184,0.997,0.8179419525065963,0.5044776119402985,0.6425908667287977,0.4429783223374176,0.6255,0.441,0.7511057498994773,0.74,29.0,0.020092053631106,0.5570216776625825,2
Unknown_518692,LAD,518692,2023,170,760,664,216,59,2,29,75,127,16,5,0.325,0.7409638554216867,0.6968576709796674,0.955,0.5725593667546174,0.6895522388059702,0.429170549860205,0.3072573044297832,0.7132,0.434,0.7322074788902291,0.7066666666666667,34.0,0.0227629567131212,0.6927426955702167,2
Unknown_605141,LAD,605141,2023,159,713,602,182,40,1,40,97,109,8,6,0.302,0.7379518072289158,0.7338262476894639,0.974,0.6860158311345647,0.5223880597014926,0.6029822926374651,0.2737983034872762,0.6999,0.427,0.7137112987535181,0.6466666666666666,31.0,0.0117546141016739,0.7262016965127238,2
Unknown_669134,SD,669134,2023,53,189,174,56,8,0,8,10,23,4,1,0.322,0.6385542168674699,0.613678373382625,0.876,0.4617414248021108,0.5940298507462688,0.2157502329916123,0.2002827521206409,0.8042,0.423,0.7028548451950141,0.2666666666666666,25.0,0.0345225561969641,0.7997172478793588,3
Unknown_666134,COL,666134,2023,108,434,376,111,22,4,20,54,130,3,1,0.295,0.6897590361445783,0.6672828096118302,0.922,0.6068601583113455,0.7970149253731343,0.548928238583411,0.6192271442035815,0.5691,0.416,0.6839565741857658,0.42,25.0,0.0365933868347733,0.3807728557964185,2
Unknown_650490,TB,650490,2023,144,623,547,177,35,0,23,65,98,9,2,0.324,0.7379518072289158,0.6284658040665436,0.917,0.4775725593667546,0.6746268656716418,0.4552656104380242,0.2841658812441093,0.7239,0.415,0.6811419380780055,0.54,32.0,0.0191849044000241,0.7158341187558905,2
Unknown_665742,SD,665742,2023,162,708,568,156,32,1,35,132,129,2,5,0.275,0.7590361445783133,0.6377079482439927,0.93,0.6226912928759895,0.4835820895522388,0.8378378378378378,0.3428369462770971,0.6271,0.41,0.6678729392842782,0.5733333333333334,25.0,0.0089132841906524,0.6571630537229027,2
Unknown_682998,AZ,682998,2023,165,688,596,174,33,11,27,68,130,13,4,0.292,0.6506024096385542,0.6395563770794825,0.895,0.5778364116094987,0.5910447761194031,0.4296365330848089,0.3588595664467484,0.6831,0.408,0.6626457579412948,0.5533333333333333,23.0,0.027020132151734,0.6411404335532516,2
Unknown_542303,ATL,542303,2023,154,626,560,154,31,1,40,61,139,3,2,0.275,0.5722891566265059,0.6913123844731979,0.896,0.6965699208443272,0.4895522388059701,0.4231127679403541,0.4366163996229972,0.6757,0.407,0.6598311218335342,0.5133333333333333,33.0,0.0341101611961799,0.563383600377003,2
Unknown_641598,TEX,641598,2023,96,375,323,86,12,0,21,49,89,3,0,0.266,0.6325301204819277,0.5988909426987061,0.866,0.5883905013192612,0.5104477611940299,0.5782851817334577,0.4726672950047125,0.6213,0.404,0.6517893043827905,0.36,32.0,0.025135926641647,0.5273327049952874,2
Unknown_547180,PHI,547180,2023,132,572,476,141,29,1,24,87,124,5,4,0.296,0.7499999999999999,0.6266173752310538,0.92,0.546174142480211,0.6507462686567164,0.6780055917986954,0.4243638077285579,0.6224,0.403,0.6489746682750301,0.4666666666666667,31.0,0.0175828186193104,0.5756361922714421,2
Unknown_668904,MIN,668904,2023,64,265,239,72,7,0,19,24,63,2,0,0.301,0.6385542168674699,0.7301293900184842,0.939,0.683377308707124,0.6089552238805972,0.391425908667288,0.4736098020735156,0.6642,0.401,0.6437474869320465,0.2866666666666667,24.0,0.0407754181899535,0.5263901979264844,2
Unknown_641355,CHC,641355,2023,135,573,514,156,29,1,28,42,90,5,12,0.304,0.5903614457831324,0.6524953789279115,0.882,0.5672823218997362,0.5373134328358209,0.3108108108108108,0.2836946277097078,0.7609,0.401,0.6437474869320465,0.46,28.0,0.0314775427020277,0.7163053722902921,2
Unknown_676369,KC,676369,2023,51,188,170,39,7,0,17,15,55,2,1,0.229,0.4216867469879518,0.7338262476894639,0.868,0.8759894459102903,0.2626865671641791,0.3410997204100652,0.6029688972667295,0.617,0.396,0.6304784881383192,0.24,25.0,0.0609641205467515,0.3970311027332707,2
Unknown_608596,SEA,608596,2023,50,168,154,44,12,0,9,11,45,1,2,0.286,0.5271084337349398,0.6746765249537894,0.872,0.6437994722955145,0.6238805970149256,0.2744641192917055,0.5447690857681433,0.6548,0.395,0.6276638520305589,0.2266666666666666,32.0,0.0691594339422496,0.4552309142318567,2
Unknown_514888,HOU,514888,2023,95,431,380,116,21,2,18,45,73,5,1,0.305,0.6837349397590361,0.6266173752310538,0.898,0.525065963060686,0.6089552238805972,0.4557315936626281,0.3126767200754006,0.7146,0.394,0.6248492159227985,0.3666666666666667,33.0,0.0214002555875565,0.6873232799245994,2
Unknown_502110,LAD,502110,2023,121,510,461,124,28,2,35,38,158,2,9,0.269,0.4939759036144578,0.7245841035120149,0.888,0.7598944591029023,0.5582089552238807,0.3164026095060577,0.6434967012252593,0.6078,0.394,0.6248492159227985,0.4066666666666667,36.0,0.0704816659958712,0.3565032987747407,2
Unknown_671213,BOS,671213,2023,137,521,446,118,23,2,26,71,132,1,3,0.265,0.6234939759036146,0.6025878003696858,0.865,0.5963060686015831,0.5432835820895523,0.6043802423112768,0.510603204524034,0.6084,0.392,0.6196220345798149,0.4066666666666667,23.0,0.0259783948995708,0.4893967954759659,2
Unknown_680574,CIN,680574,2023,89,406,367,106,23,4,16,31,115,8,0,0.289,0.5993975903614458,0.6099815157116453,0.861,0.5435356200527705,0.737313432835821,0.3252562907735321,0.5810556079170593,0.6207,0.392,0.6196220345798149,0.3466666666666667,24.0,0.0617663780478131,0.4189443920829407,0
Unknown_647304,CLE,647304,2023,127,514,470,146,32,0,18,34,70,3,7,0.311,0.5963855421686747,0.5914972273567469,0.85,0.4591029023746701,0.5820895522388061,0.277260018639329,0.2344486333647502,0.7918,0.391,0.6168073984720546,0.4,26.0,0.0298762111967475,0.7655513666352498,3
Unknown_666181,CIN,666181,2023,109,341,299,83,16,8,11,40,105,1,1,0.278,0.6204819277108434,0.5933456561922368,0.859,0.5488126649076517,0.7671641791044778,0.5158434296365331,0.6390197926484449,0.5718,0.391,0.6168073984720546,0.3133333333333333,25.0,0.0408000602142378,0.3609802073515551,2
Unknown_646240,BOS,646240,2023,159,674,596,162,36,0,34,64,129,11,3,0.272,0.5843373493975904,0.6081330868761554,0.855,0.5883905013192612,0.4776119402985074,0.4119291705498602,0.3645146088595664,0.6973,0.389,0.611580217129071,0.4733333333333333,27.0,0.0289901633981766,0.6354853911404335,2
Unknown_663656,HOU,663656,2023,163,698,601,165,38,5,29,84,98,3,10,0.275,0.6114457831325301,0.600739371534196,0.86,0.5699208443271768,0.4388059701492538,0.5298229263746506,0.2443449575871819,0.7249,0.387,0.6063530357860876,0.48,26.0,0.0125833706964006,0.7556550424128183,2
Unknown_669221,ATL,669221,2023,112,456,387,100,22,0,22,50,101,18,1,0.258,0.6325301204819277,0.5767097966728283,0.854,0.575197889182058,0.4776119402985074,0.4799627213420316,0.4354382657869934,0.6294,0.387,0.6063530357860876,0.36,29.0,0.0291111075000831,0.5645617342130065,2
Unknown_663586,ATL,663586,2023,170,755,674,190,32,3,40,61,182,9,11,0.282,0.5602409638554217,0.6321626617375233,0.861,0.5936675461741425,0.5671641791044777,0.3457595526561043,0.4816211121583412,0.6662,0.387,0.6063530357860876,0.5066666666666666,26.0,0.0477490289692052,0.5183788878416589,2
Unknown_650333,MIA,650333,2023,154,641,596,207,30,3,10,36,36,4,3,0.347,0.6897590361445783,0.524953789279113,0.845,0.2691292875989445,0.6626865671641792,0.2311276794035414,0.045947219604147,0.8783,0.387,0.6063530357860876,0.4466666666666666,26.0,0.0093494063731812,0.954052780395853,3
Unknown_669016,PHI,669016,2023,142,507,435,120,26,6,13,63,156,4,4,0.276,0.6385542168674699,0.5157116451016637,0.822,0.4432717678100263,0.7820895522388062,0.548462255358807,0.6385485391140433,0.5582,0.386,0.6035383996783272,0.38,26.0,0.0379077488292335,0.3614514608859567,0
Unknown_545361,LAA,545361,2023,85,371,317,82,14,1,19,45,108,7,2,0.259,0.6114457831325301,0.5822550831792976,0.85,0.58311345646438,0.5791044776119404,0.5344827586206897,0.5994344957587182,0.5687,0.385,0.6007237635705669,0.3133333333333333,32.0,0.0364439399675925,0.4005655042412819,2
Unknown_676801,HOU,676801,2023,121,485,429,119,18,2,22,41,125,12,2,0.277,0.5933734939759036,0.5711645101663587,0.838,0.5171503957783641,0.6208955223880598,0.3630009319664492,0.5207351555136663,0.6309,0.384,0.5983112183353438,0.3666666666666667,28.0,0.0490224914095527,0.4792648444863336,0
Unknown_666397,MIN,666397,2023,115,437,362,98,18,1,18,69,137,2,3,0.271,0.6927710843373495,0.5563770794824401,0.863,0.5145118733509234,0.737313432835821,0.7050326188257223,0.6522148916116871,0.5217,0.384,0.5983112183353438,0.3466666666666667,24.0,0.0284229882099629,0.347785108388313,2
Unknown_677594,SEA,677594,2023,160,730,668,188,41,2,33,49,179,11,2,0.281,0.5481927710843374,0.5970425138632165,0.837,0.546174142480211,0.6089552238805972,0.2819198508853681,0.4912818096135721,0.6726,0.384,0.5983112183353438,0.48,23.0,0.0607237390537672,0.508718190386428,0
Unknown_670770,CIN,670770,2023,142,574,504,142,23,8,18,48,95,11,3,0.282,0.5933734939759036,0.5397412199630316,0.821,0.4643799472295514,0.5402985074626866,0.3588070829450139,0.3034872761545712,0.7178,0.384,0.5983112183353438,0.4066666666666667,28.0,0.0283113311226522,0.696512723845429,3
Unknown_645277,ATL,645277,2023,159,700,633,179,31,6,34,51,114,8,8,0.283,0.5481927710843374,0.6247689463955639,0.852,0.5804749340369393,0.4776119402985074,0.3089468779123951,0.2973609802073515,0.75,0.383,0.5954965822275833,0.46,26.0,0.0332451073794637,0.7026390197926482,2
Unknown_670242,MIN,670242,2023,76,266,221,53,11,1,14,31,85,14,0,0.24,0.6325301204819277,0.5822550831792976,0.857,0.6332453825857519,0.555223880597015,0.5121155638397018,0.6663524976437323,0.5113,0.383,0.5954965822275833,0.26,26.0,0.0430761884887438,0.3336475023562677,2
Unknown_608070,CLE,608070,2023,162,711,630,179,37,6,25,74,77,1,6,0.284,0.5993975903614458,0.567467652495379,0.838,0.496042216358839,0.4597014925373134,0.4543336439888163,0.1687087653157398,0.7862,0.383,0.5954965822275833,0.4666666666666667,31.0,0.0101303206366142,0.83129123468426,2
Unknown_656180,WSH,656180,2023,49,173,156,43,14,2,4,12,49,3,1,0.276,0.5391566265060243,0.5434380776340113,0.805,0.4828496042216359,0.719402985074627,0.2926374650512581,0.5808199811498587,0.6243,0.383,0.5954965822275833,0.22,27.0,0.0689777883453137,0.4191800188501413,0
Unknown_606466,AZ,606466,2023,159,688,606,167,27,10,27,72,119,5,5,0.276,0.5933734939759036,0.5785582255083181,0.841,0.5329815303430079,0.4985074626865672,0.4571295433364399,0.3211592836946277,0.7151,0.382,0.5926819461198229,0.4533333333333333,30.0,0.0219757852344092,0.6788407163053722,2
Unknown_474832,TOR,474832,2023,109,422,357,88,24,0,19,61,151,2,2,0.246,0.6024096385542169,0.5526802218114604,0.831,0.575197889182058,0.6895522388059702,0.6425908667287977,0.7565975494816211,0.4929,0.382,0.5926819461198229,0.3333333333333333,35.0,0.0379205617362155,0.2434024505183789,2
Unknown_661388,MIL,661388,2023,148,635,562,163,39,1,19,65,132,5,2,0.29,0.6325301204819277,0.5360443622920519,0.832,0.4353562005277044,0.6417910447761194,0.4464119291705499,0.4033930254476909,0.6803,0.382,0.5926819461198229,0.4266666666666666,26.0,0.0292908822471253,0.5966069745523093,2
Unknown_650859,LAA,650859,2023,130,468,415,114,17,4,19,42,85,6,5,0.275,0.5662650602409639,0.5508317929759705,0.818,0.4986807387862797,0.4985074626865672,0.3872320596458528,0.3414231856738926,0.7158,0.382,0.5926819461198229,0.3533333333333334,26.0,0.0291796414590972,0.6585768143261075,2
Unknown_666624,CHC,666624,2023,113,444,402,102,19,3,28,37,138,2,2,0.254,0.4819277108433735,0.6487985212569318,0.843,0.6912928759894459,0.5283582089552239,0.3574091332712022,0.6458529688972667,0.5991,0.381,0.5902694008845999,0.34,24.0,0.0622111146917012,0.3541470311027335,0
Unknown_664774,SF,664774,2023,137,536,441,115,16,2,17,80,99,7,4,0.261,0.6686746987951807,0.4584103512014788,0.801,0.4010554089709762,0.4895522388059701,0.6649580615097855,0.3487276154571159,0.6455,0.381,0.5902694008845999,0.38,29.0,0.0139387253996658,0.651272384542884,2
Unknown_527038,SF,527038,2023,130,465,416,116,22,0,23,41,64,5,3,0.279,0.5722891566265059,0.5988909426987061,0.846,0.5540897097625329,0.4358208955223881,0.380242311276794,0.2377474081055608,0.7634,0.381,0.5902694008845999,0.3466666666666667,32.0,0.0201902519521539,0.7622525918944392,2
Unknown_673357,CWS,673357,2023,147,604,559,146,38,1,38,31,175,12,2,0.261,0.4668674698795181,0.6709796672828099,0.85,0.7018469656992085,0.5253731343283582,0.2082945013979496,0.5961357210179077,0.6308,0.381,0.5902694008845999,0.4133333333333333,26.0,0.0992978556347247,0.4038642789820923,0
Unknown_575929,STL,575929,2023,128,508,440,117,27,0,20,52,114,13,2,0.266,0.6054216867469878,0.5360443622920519,0.823,0.4986807387862797,0.5402985074626866,0.4464119291705499,0.4422714420358153,0.6457,0.381,0.5902694008845999,0.3666666666666667,31.0,0.0324096912700644,0.5577285579641849,2
Unknown_592885,MIL,592885,2023,151,657,572,159,35,1,20,81,144,3,1,0.278,0.6385542168674699,0.5064695009242146,0.817,0.4248021108179419,0.6149253731343284,0.5438024231127679,0.4300188501413761,0.653,0.379,0.5846401286690792,0.4266666666666666,32.0,0.0244036980071392,0.5699811498586238,2
Unknown_594807,BOS,594807,2023,97,375,341,85,29,2,22,23,118,6,5,0.249,0.4397590361445783,0.6765249537892792,0.844,0.7414248021108178,0.5134328358208955,0.2548928238583411,0.655042412818096,0.608,0.379,0.5846401286690792,0.3066666666666666,35.0,0.0893606333608404,0.3449575871819039,0
Unknown_680777,MIN,680777,2023,100,370,317,84,16,2,15,35,105,12,2,0.265,0.6024096385542169,0.5471349353049908,0.828,0.5171503957783641,0.635820895522388,0.4100652376514445,0.5822337417530631,0.5784,0.378,0.5822275834338559,0.3,26.0,0.0480604420033589,0.4177662582469368,0
Unknown_673237,HOU,673237,2023,112,393,371,103,23,0,24,11,80,5,6,0.278,0.4367469879518072,0.6654343807763403,0.836,0.6517150395778364,0.4626865671641791,0.0997204100652376,0.3932610744580584,0.7557,0.377,0.5794129473260956,0.3066666666666666,25.0,0.130736153813524,0.6067389255419415,0
Unknown_656811,BAL,656811,2023,121,391,367,107,23,1,16,17,88,3,3,0.292,0.5060240963855422,0.5841035120147875,0.816,0.5013192612137203,0.6208955223880598,0.1719478098788443,0.4439208294062205,0.7212,0.377,0.5794129473260956,0.3066666666666666,30.0,0.0901531313207704,0.5560791705937795,0
Unknown_682985,DET,682985,2023,105,435,395,114,19,5,12,37,119,1,2,0.289,0.575301204819277,0.5157116451016637,0.803,0.4116094986807387,0.7432835820895524,0.3657968313140726,0.5581998114985862,0.6391,0.377,0.5794129473260956,0.3266666666666666,23.0,0.0522226743889773,0.4418001885014135,0
Unknown_670623,TB,670623,2023,146,588,508,126,25,0,31,59,108,20,1,0.248,0.575301204819277,0.5656192236598891,0.829,0.5883905013192612,0.3671641791044776,0.4366262814538676,0.3463713477851084,0.682,0.376,0.5765983112183353,0.3866666666666667,24.0,0.0254436255733648,0.6536286522148917,2
Unknown_600869,WSH,600869,2023,147,599,528,134,39,3,22,54,130,13,4,0.254,0.5361445783132531,0.5360443622920519,0.8,0.5303430079155672,0.4805970149253731,0.3895619757688723,0.4248350612629595,0.6694,0.376,0.5765983112183353,0.3933333333333333,30.0,0.0365587152307562,0.5751649387370406,0
Unknown_668715,CIN,668715,2023,161,683,597,160,38,3,24,71,145,11,4,0.268,0.5903614457831324,0.5323475046210722,0.817,0.4881266490765171,0.5402985074626866,0.4538676607642125,0.413760603204524,0.6676,0.376,0.5765983112183353,0.4266666666666666,26.0,0.0295052004056247,0.5862393967954762,2
Unknown_666182,TOR,666182,2023,142,624,593,182,30,3,22,28,119,2,1,0.307,0.5481927710843374,0.5637707948243993,0.819,0.4300791556728232,0.6537313432835822,0.1784715750232991,0.3628652214891612,0.7612,0.375,0.5741857659831122,0.4,25.0,0.0722009542003516,0.6371347785108388,3
Unknown_621550,CHC,621550,2023,101,322,283,60,8,1,25,35,115,2,1,0.212,0.4337349397590361,0.6247689463955639,0.815,0.7678100263852242,0.3253731343283582,0.4757688723205965,0.7549481621112157,0.5248,0.375,0.5741857659831122,0.2733333333333333,32.0,0.0535804148853069,0.2450518378887842,0
Unknown_681481,DET,681481,2023,123,473,431,122,17,2,21,33,117,8,1,0.283,0.5632530120481928,0.5619223659889094,0.823,0.4907651715039578,0.626865671641791,0.2945013979496738,0.4964655984919887,0.666,0.375,0.5741857659831122,0.3333333333333333,26.0,0.0585978299256136,0.5035344015080112,0
Unknown_670042,TB,670042,2023,119,418,368,93,24,3,20,29,132,18,2,0.253,0.5361445783132531,0.5970425138632165,0.833,0.6226912928759895,0.6000000000000002,0.2926374650512581,0.6576343072573044,0.5694,0.375,0.5741857659831122,0.3133333333333333,29.0,0.0780698615552834,0.3423656927426954,0
Unknown_543685,LAA,543685,2023,48,197,161,44,10,0,2,26,28,6,4,0.273,0.6867469879518072,0.3678373382624769,0.758,0.237467018469657,0.5283582089552239,0.5843429636533085,0.2483506126295947,0.6954,0.375,0.5741857659831122,0.22,33.0,0.010830396751457,0.7516493873704053,3
Unknown_666139,TB,666139,2023,135,519,481,140,34,2,20,34,128,1,3,0.291,0.5391566265060243,0.5933456561922368,0.832,0.5145118733509234,0.6656716417910448,0.2744641192917055,0.4945805843543827,0.6859,0.374,0.5713711298753518,0.3533333333333334,25.0,0.062865196851236,0.5054194156456173,0
Unknown_624585,MIA,624585,2023,144,604,526,129,24,0,36,68,150,6,4,0.245,0.5361445783132531,0.5951940850277266,0.832,0.6385224274406333,0.4059701492537314,0.4939422180801491,0.4985862393967955,0.6291,0.374,0.5713711298753518,0.3866666666666667,31.0,0.0326757275766231,0.5014137606032045,2
Unknown_457759,BOS,457759,2023,152,643,571,160,32,0,24,55,113,11,6,0.28,0.5813253012048193,0.5323475046210722,0.814,0.4564643799472295,0.5223880597014926,0.3676607642124884,0.3275212064090481,0.7216,0.374,0.5713711298753518,0.4066666666666667,39.0,0.0297689117172866,0.672478793590952,3
Unknown_680776,BOS,680776,2023,105,374,345,101,35,2,8,24,92,3,2,0.293,0.5542168674698796,0.5563770794824401,0.818,0.4591029023746701,0.7253731343283581,0.2684063373718546,0.4931668237511781,0.6791,0.374,0.5713711298753518,0.2933333333333333,27.0,0.0641598914009562,0.5068331762488218,0
Unknown_623912,TB,623912,2023,128,454,417,129,19,2,12,23,81,8,6,0.309,0.5843373493975904,0.512014787430684,0.803,0.3482849604221635,0.6597014925373134,0.2054986020503262,0.3338831291234684,0.7533,0.373,0.5685564937675914,0.3266666666666666,29.0,0.0581008782664129,0.6661168708765315,3
Unknown_677551,TB,677551,2023,115,499,450,125,24,6,17,42,70,3,4,0.278,0.5512048192771085,0.5489833641404807,0.812,0.4854881266490765,0.4776119402985074,0.3616029822926374,0.2441093308199812,0.7695,0.372,0.5661439485323683,0.34,22.0,0.022245422399624,0.7558906691800187,3
Unknown_680977,STL,680977,2023,98,386,341,96,10,1,11,34,57,9,1,0.282,0.6114457831325301,0.4417744916820703,0.775,0.3245382585751979,0.5253731343283582,0.3797763280521901,0.2615457115928369,0.7383,0.372,0.5661439485323683,0.2933333333333333,26.0,0.0224434910698815,0.7384542884071632,3
Unknown_666969,TEX,666969,2023,160,678,599,144,31,0,41,66,191,7,6,0.24,0.4879518072289157,0.5970425138632165,0.818,0.6543535620052771,0.4238805970149254,0.4226467847157502,0.5772855796418473,0.6106,0.371,0.5633293124246079,0.4066666666666667,30.0,0.0460313949148295,0.4227144203581525,0
Unknown_641487,SEA,641487,2023,147,643,538,142,35,0,19,95,126,5,2,0.264,0.6626506024096387,0.4824399260628466,0.813,0.4274406332453826,0.5283582089552239,0.657502329916123,0.3753534401508012,0.6439,0.371,0.5633293124246079,0.3933333333333333,28.0,0.0156789358956511,0.624646559849199,2
Unknown_673548,CHC,673548,2023,137,583,515,147,31,6,20,59,130,2,7,0.285,0.5993975903614458,0.5748613678373384,0.842,0.503957783641161,0.6179104477611942,0.4408201304753029,0.4389726672950048,0.6724,0.371,0.5633293124246079,0.3666666666666667,29.0,0.0326448813719739,0.5610273327049953,2
Unknown_543760,TEX,543760,2023,174,802,717,191,42,4,29,75,119,5,5,0.266,0.5421686746987954,0.5231053604436231,0.795,0.4802110817941952,0.4417910447761193,0.4049394221808015,0.2631950989632422,0.7506,0.37,0.5605146763168476,0.4533333333333333,33.0,0.0207143039993671,0.7368049010367577,3
Unknown_668939,BAL,668939,2023,161,712,609,167,32,1,21,96,104,2,5,0.274,0.644578313253012,0.478743068391867,0.806,0.3957783641160949,0.4925373134328358,0.5973904939422181,0.2577756833176249,0.7163,0.37,0.5605146763168476,0.4133333333333333,25.0,0.0109719386529328,0.742224316682375,3
Unknown_683002,BAL,683002,2023,158,650,584,153,30,9,30,60,166,3,3,0.262,0.5240963855421686,0.5988909426987061,0.831,0.5989445910290236,0.5402985074626866,0.3993476234855544,0.515315739868049,0.6477,0.37,0.5605146763168476,0.3933333333333333,22.0,0.0435518435957272,0.4846842601319507,0
Unknown_453568,COL,453568,2023,100,427,369,103,24,5,8,40,58,14,4,0.279,0.6325301204819277,0.4842883548983365,0.804,0.3905013192612137,0.5223880597014926,0.4058713886300093,0.2335061262959472,0.7377,0.37,0.5605146763168476,0.3066666666666666,37.0,0.0180459624032265,0.7664938737040525,3
Unknown_592206,PHI,592206,2023,169,716,666,185,41,2,34,41,191,3,6,0.278,0.4879518072289157,0.5988909426987061,0.818,0.5593667546174143,0.6089552238805972,0.2362534948741845,0.5421771913289349,0.6718,0.369,0.5581021310816244,0.4133333333333333,31.0,0.0801169627826247,0.4578228086710652,0
Unknown_607208,PHI,607208,2023,165,728,674,188,40,5,30,47,154,6,1,0.279,0.5210843373493976,0.5785582255083181,0.818,0.525065963060686,0.5611940298507463,0.2702702702702703,0.411875589066918,0.7157,0.369,0.5581021310816244,0.42,30.0,0.0533637340362857,0.5881244109330819,0
Unknown_571970,LAD,571970,2023,144,608,507,109,18,1,38,89,161,6,6,0.215,0.5361445783132531,0.5637707948243993,0.815,0.6728232189973615,0.2746268656716418,0.6514445479962722,0.5374646559849198,0.5789,0.369,0.5581021310816244,0.3733333333333333,33.0,0.0250030491963132,0.4625353440150803,2
Unknown_607043,NYM,607043,2023,154,689,599,163,30,6,24,74,146,11,4,0.272,0.6084337349397589,0.5323475046210722,0.823,0.4775725593667546,0.5582089552238807,0.4697110904007455,0.412818096135721,0.6633,0.369,0.5581021310816244,0.4,30.0,0.0281822891634679,0.5871819038642789,2
Unknown_572233,AZ,572233,2023,169,704,619,159,40,2,34,67,134,9,9,0.257,0.5301204819277109,0.5896487985212571,0.827,0.5989445910290236,0.4119402985074627,0.412861136999068,0.3619227144203581,0.7003,0.368,0.555287494973864,0.4066666666666667,32.0,0.0286845927619937,0.6380772855796417,2
Unknown_678009,DET,678009,2023,39,153,133,32,5,2,4,17,38,2,1,0.241,0.5271084337349398,0.4140480591497229,0.732,0.3931398416886543,0.5074626865671642,0.4869524697110904,0.4988218661639963,0.6275,0.368,0.555287494973864,0.2,24.0,0.033269411737823,0.501178133836004,0
Unknown_663616,MIN,663616,2023,63,227,198,46,8,3,10,27,74,0,2,0.232,0.4939759036144578,0.5194085027726434,0.776,0.5620052770448548,0.5253731343283582,0.5232991612301957,0.6816682375117813,0.5551,0.368,0.555287494973864,0.2266666666666666,26.0,0.0430628440477388,0.3183317624882185,0
Unknown_677649,TEX,677649,2023,128,454,420,119,24,3,17,24,122,7,2,0.283,0.5210843373493976,0.5582255083179299,0.807,0.4854881266490765,0.6746268656716418,0.2157502329916123,0.5466540999057492,0.6608,0.368,0.555287494973864,0.3133333333333333,24.0,0.0883082106169651,0.4533459000942508,0
Unknown_518792,LAD,518792,2023,131,399,359,93,24,0,15,34,72,3,3,0.259,0.5060240963855422,0.512014787430684,0.777,0.4828496042216359,0.4477611940298507,0.3662628145386766,0.3388312912346842,0.7193,0.367,0.5524728588661036,0.2866666666666667,34.0,0.0309994163236268,0.6611687087653157,3
Unknown_668227,TB,668227,2023,155,667,564,145,20,3,23,80,160,18,5,0.257,0.6204819277108434,0.4658040665434381,0.79,0.4195250659630607,0.5432835820895523,0.5279589934762349,0.4787935909519321,0.6132,0.367,0.5524728588661036,0.3866666666666667,28.0,0.0287210672389916,0.5212064090480679,0
Unknown_669707,PIT,669707,2023,54,209,181,54,9,0,3,24,63,3,1,0.298,0.6927710843373495,0.4140480591497229,0.785,0.237467018469657,0.9134328358208956,0.5041938490214353,0.6237040527803959,0.5694,0.367,0.5524728588661036,0.22,25.0,0.0408105529262786,0.3762959472196041,0
Unknown_624413,NYM,624413,2023,158,672,581,127,21,2,47,66,152,21,4,0.219,0.4819277108433735,0.6099815157116453,0.823,0.7308707124010553,0.217910447761194,0.4268406337371854,0.4465127238454289,0.6443,0.367,0.5524728588661036,0.3866666666666667,29.0,0.0345785945639284,0.5534872761545713,2
Unknown_666160,LAA,666160,2023,85,330,318,90,22,2,16,9,116,3,0,0.283,0.4548192771084337,0.6321626617375233,0.825,0.5910290237467019,0.7880597014925373,0.0964585274930102,0.7417530631479735,0.6121,0.367,0.5524728588661036,0.26,25.0,0.239205042843943,0.2582469368520266,0
Unknown_681546,LAD,681546,2023,160,596,507,126,19,3,24,72,190,13,4,0.249,0.5903614457831324,0.4916820702402959,0.794,0.4802110817941952,0.6238805970149256,0.5321528424976701,0.664703110273327,0.5386,0.366,0.5496582227583433,0.36,26.0,0.0410745100767209,0.335296889726673,0
Unknown_680869,ATH,680869,2023,70,303,273,73,20,1,14,26,82,3,1,0.267,0.5391566265060243,0.6062846580406656,0.838,0.5936675461741425,0.5880597014925374,0.3690587138863,0.5511310084825636,0.6337,0.366,0.5496582227583433,0.2533333333333333,24.0,0.051038213974911,0.4488689915174366,0
Unknown_676116,ATH,676116,2023,134,516,421,97,22,1,16,80,175,12,3,0.23,0.6265060240963854,0.4195933456561924,0.768,0.4274406332453826,0.6388059701492538,0.6915191053122087,0.7125353440150801,0.4826,0.366,0.5496582227583433,0.3266666666666666,27.0,0.0323387665651674,0.2874646559849201,0
Unknown_621466,NYM,621466,2023,57,190,165,39,9,0,11,16,57,7,1,0.236,0.5120481927710844,0.5859519408502774,0.819,0.6490765171503957,0.453731343283582,0.3616029822926374,0.6204052780395852,0.5684,0.366,0.5496582227583433,0.2066666666666666,30.0,0.0589565411059148,0.3795947219604147,0
Unknown_673962,TEX,673962,2023,134,558,519,143,30,2,24,31,161,5,3,0.276,0.4909638554216867,0.5656192236598891,0.801,0.5145118733509234,0.6537313432835822,0.2283317800559179,0.5933081998114985,0.647,0.365,0.5472456775231203,0.34,25.0,0.0904267462856666,0.4066918001885016,0
Unknown_669394,CWS,669394,2023,147,559,510,128,29,1,34,32,153,13,4,0.251,0.4548192771084337,0.6247689463955639,0.821,0.6649076517150396,0.4567164179104477,0.2357875116495806,0.558435438265787,0.6458,0.365,0.5472456775231203,0.34,27.0,0.0826093645369353,0.441564561734213,0
Unknown_663457,STL,663457,2023,119,510,431,113,23,1,14,74,100,1,3,0.262,0.6355421686746988,0.4510166358595195,0.787,0.3852242744063324,0.5223880597014926,0.6453867660764213,0.3755890669180019,0.6549,0.365,0.5472456775231203,0.32,26.0,0.0161525173902008,0.6244109330819982,2
Unknown_641584,CIN,641584,2023,113,395,350,91,21,0,15,38,76,6,1,0.26,0.5542168674698796,0.5083179297597045,0.79,0.4749340369393139,0.4716417910447761,0.4175209692451071,0.3668708765315739,0.6962,0.365,0.5472456775231203,0.28,28.0,0.0287049241882701,0.633129123468426,3
Unknown_656448,WSH,656448,2023,86,272,238,63,17,0,9,26,83,3,5,0.265,0.5421686746987954,0.5101663585951943,0.788,0.4643799472295514,0.6686567164179104,0.4147250698974837,0.6324222431668237,0.5772,0.365,0.5472456775231203,0.24,28.0,0.0517655254344899,0.3675777568331764,0
Unknown_621493,LAA,621493,2023,103,429,374,95,18,0,16,41,81,8,6,0.254,0.5361445783132531,0.4731977818853974,0.766,0.4406332453825857,0.4328358208955225,0.4147250698974837,0.3583883129123468,0.697,0.365,0.5472456775231203,0.2933333333333333,30.0,0.0282190116071381,0.6416116870876531,3
Unknown_669357,STL,669357,2023,123,480,421,99,17,0,28,54,153,3,2,0.235,0.5030120481927711,0.5563770794824401,0.8,0.6094986807387862,0.4746268656716418,0.4934762348555452,0.664703110273327,0.5625,0.364,0.5444310414153598,0.3066666666666666,23.0,0.044843124819873,0.335296889726673,0
Unknown_608324,HOU,608324,2023,170,759,654,171,30,4,26,94,94,9,2,0.261,0.6114457831325301,0.489833641404806,0.8,0.4432717678100263,0.4089552238805971,0.5461323392357875,0.2052309142318567,0.7404,0.363,0.5416164053075995,0.4066666666666667,29.0,0.0093494063731812,0.7947690857681431,3
Unknown_456781,MIN,456781,2023,143,479,419,117,28,1,6,44,105,15,1,0.279,0.6295180722891566,0.4066543438077635,0.761,0.2796833773087071,0.6716417910447762,0.3974836905871388,0.4300188501413761,0.6576,0.363,0.5416164053075995,0.3066666666666666,36.0,0.0361606949244414,0.5699811498586238,3
Unknown_669257,LAD,669257,2023,132,577,486,129,24,3,19,63,91,15,13,0.265,0.6054216867469878,0.4990757855822552,0.803,0.4485488126649076,0.444776119402985,0.4780987884436161,0.2851083883129123,0.7071,0.363,0.5416164053075995,0.34,28.0,0.0179459504577216,0.7148916116870878,3
Unknown_807799,BOS,807799,2023,144,591,545,157,33,3,16,37,82,7,2,0.288,0.5481927710843374,0.5064695009242146,0.788,0.3984168865435356,0.5373134328358209,0.260950605778192,0.2403393025447691,0.7868,0.363,0.5416164053075995,0.3466666666666667,30.0,0.0328790374551023,0.7596606974552309,3
Unknown_664023,CHC,664023,2023,163,707,591,146,35,4,21,104,156,6,6,0.247,0.6144578313253012,0.4658040665434381,0.788,0.4485488126649076,0.4895522388059701,0.6547064305684995,0.4335532516493874,0.6238,0.363,0.5416164053075995,0.3866666666666667,29.0,0.0190337443146533,0.5664467483506126,2
Unknown_457705,PIT,457705,2023,116,486,400,103,19,0,13,77,103,4,5,0.258,0.6656626506024096,0.4214417744916822,0.781,0.3588390501319261,0.5283582089552239,0.7073625349487419,0.412818096135721,0.6214,0.363,0.5416164053075995,0.3066666666666666,37.0,0.0158867813927977,0.5871819038642789,2
Unknown_643376,TOR,643376,2023,87,316,282,64,16,0,17,24,65,10,0,0.227,0.4578313253012048,0.5378927911275417,0.775,0.604221635883905,0.3014925373134328,0.3229263746505125,0.3982092365692742,0.6867,0.363,0.5416164053075995,0.2466666666666667,28.0,0.0424501469844926,0.6017907634307258,0
Unknown_596146,MIN,596146,2023,136,523,469,123,24,2,24,46,118,4,4,0.262,0.5210843373493976,0.5563770794824401,0.806,0.5382585751978891,0.4925373134328358,0.3793103448275862,0.4450989632422243,0.6788,0.362,0.5392038600723763,0.32,30.0,0.0396143978658656,0.5549010367577756,0
Unknown_665489,TOR,665489,2023,164,707,621,163,32,0,26,73,103,9,4,0.262,0.5692771084337348,0.4916820702402959,0.786,0.4432717678100263,0.4238805970149254,0.4506057781919851,0.2568331762488218,0.7383,0.362,0.5392038600723763,0.38,24.0,0.0172939751569157,0.7431668237511782,3
Unknown_622569,BOS,622569,2023,62,198,179,51,10,0,3,15,23,0,2,0.285,0.5391566265060243,0.401109057301294,0.728,0.2559366754617414,0.5253731343283582,0.3224603914259087,0.1873232799245994,0.798,0.362,0.5392038600723763,0.2066666666666666,30.0,0.0196655398788486,0.8126767200754006,3
Unknown_502671,STL,502671,2023,157,693,599,159,31,0,25,87,165,3,4,0.265,0.6054216867469878,0.4953789279112755,0.802,0.4432717678100263,0.5671641791044777,0.5540540540540541,0.4745523091423185,0.6306,0.362,0.5392038600723763,0.38,36.0,0.026715392875006,0.5254476908576815,0
Unknown_608701,BOS,608701,2023,89,259,217,55,11,1,1,34,49,6,1,0.253,0.6325301204819277,0.2828096118299446,0.695,0.1715039577836411,0.5582089552238807,0.581081081081081,0.3593308199811499,0.6486,0.361,0.536389223964616,0.2266666666666666,32.0,0.0178847032619371,0.64066918001885,3
Unknown_681351,LAA,681351,2023,54,211,193,46,7,0,14,15,53,2,1,0.238,0.4246987951807228,0.5878003696857672,0.791,0.6464379947229552,0.3522388059701492,0.3005591798695247,0.5054194156456172,0.6682,0.361,0.536389223964616,0.2133333333333333,23.0,0.0583779402479702,0.4945805843543827,0
Unknown_667670,ATH,667670,2023,143,539,474,115,20,1,30,51,178,10,4,0.243,0.5090361445783133,0.5637707948243993,0.805,0.5989445910290236,0.5402985074626866,0.4100652376514445,0.691564561734213,0.5566,0.361,0.536389223964616,0.32,29.0,0.0575540575067428,0.308435438265787,0
Unknown_665839,BOS,665839,2023,47,153,143,38,8,0,7,9,38,1,0,0.266,0.4698795180722892,0.5452865064695009,0.782,0.5118733509234829,0.5432835820895523,0.2432432432432432,0.4988218661639963,0.6797,0.36,0.5335745878568556,0.1933333333333333,25.0,0.0717610760626513,0.501178133836004,0
Unknown_596019,NYM,596019,2023,166,707,622,158,34,2,32,66,139,12,7,0.254,0.5301204819277109,0.5452865064695009,0.803,0.5435356200527705,0.4208955223880598,0.4044734389561975,0.3767672007540056,0.6931,0.36,0.5335745878568556,0.3733333333333333,30.0,0.0307358029311809,0.6232327992459943,2
Unknown_668804,PIT,668804,2023,151,660,593,157,33,5,24,54,140,7,6,0.265,0.5180722891566266,0.5268022181146028,0.789,0.4881266490765171,0.5134328358208955,0.3504193849021435,0.4132893496701226,0.6955,0.36,0.5335745878568556,0.36,28.0,0.0401809952644535,0.5867106503298776,0
Unknown_650402,NYY,650402,2023,163,692,616,167,28,2,26,67,104,3,6,0.271,0.5542168674698796,0.5101663585951943,0.792,0.4485488126649076,0.4567164179104477,0.4203168685927306,0.2676720075400565,0.7486,0.36,0.5335745878568556,0.3666666666666667,27.0,0.0200469291325537,0.7323279924599435,3
Unknown_671739,ATL,671739,2023,148,570,535,153,34,4,18,26,108,5,3,0.286,0.496987951807229,0.5378927911275417,0.789,0.4485488126649076,0.5791044776119404,0.1817334575955265,0.3600377002827521,0.7544,0.359,0.5311620426216325,0.3266666666666666,22.0,0.0704296478993058,0.6399622997172478,3
Unknown_669261,PIT,669261,2023,146,551,464,102,21,3,26,75,180,6,6,0.22,0.5240963855421686,0.5027726432532349,0.778,0.5725593667546174,0.4597014925373134,0.603448275862069,0.6833176248821866,0.5263,0.359,0.5311620426216325,0.32,25.0,0.0364556642391322,0.3166823751178134,0
Unknown_645801,SEA,645801,2023,86,257,225,53,6,0,16,24,82,7,1,0.236,0.5090361445783133,0.5582255083179299,0.802,0.6094986807387862,0.4626865671641791,0.4044734389561975,0.6654099905749293,0.5603,0.359,0.5311620426216325,0.2266666666666666,31.0,0.0561217872175661,0.3345900094250709,0
Unknown_593428,SD,593428,2023,159,677,606,173,34,2,19,57,110,8,6,0.285,0.5843373493975904,0.4953789279112755,0.794,0.3905013192612137,0.5522388059701493,0.3616029822926374,0.2964184731385486,0.7415,0.359,0.5311620426216325,0.36,31.0,0.0273486586881629,0.7035815268614514,3
Unknown_621035,LAD,621035,2023,123,416,364,85,16,1,17,47,136,4,1,0.234,0.5090361445783133,0.4602587800369687,0.75,0.4775725593667546,0.5582089552238807,0.4958061509785647,0.6837888784165882,0.5505,0.358,0.528347406513872,0.2733333333333333,33.0,0.0459878600072299,0.316211121583412,0
Unknown_543305,BAL,543305,2023,99,338,287,73,9,1,9,50,72,0,1,0.254,0.6204819277108434,0.3937153419593347,0.751,0.3245382585751979,0.5223880597014926,0.6584342963653309,0.4154099905749293,0.6391,0.358,0.528347406513872,0.2466666666666667,34.0,0.0178689750666382,0.5845900094250707,3
Unknown_571657,MIN,571657,2023,120,389,354,91,15,2,13,24,92,9,2,0.257,0.4849397590361446,0.4565619223659889,0.74,0.4089709762532981,0.5283582089552239,0.2567567567567567,0.4707822808671065,0.6787,0.357,0.5255327704061117,0.26,33.0,0.0641848117877279,0.5292177191328937,0
Unknown_643565,CHC,643565,2023,112,413,346,87,20,0,8,59,90,4,3,0.251,0.6204819277108434,0.378927911275416,0.743,0.3113456464379947,0.5402985074626866,0.6351351351351351,0.4269557021677663,0.6271,0.357,0.5255327704061117,0.2666666666666666,33.0,0.0195080056463209,0.5730442978322339,3
Unknown_665487,SD,665487,2023,146,651,591,154,33,1,26,53,143,3,3,0.261,0.496987951807229,0.5138632162661738,0.775,0.4802110817941952,0.4985074626865672,0.3485554520037278,0.4311969839773799,0.6928,0.357,0.5255327704061117,0.3466666666666667,24.0,0.042234764036901,0.5688030160226201,0
Unknown_672515,AZ,672515,2023,115,408,366,103,19,1,11,31,82,4,7,0.281,0.5421686746987954,0.4713493530499077,0.767,0.366754617414248,0.5820895522388061,0.3233923578751165,0.3871347785108389,0.7132,0.356,0.5231202251708886,0.2666666666666666,23.0,0.0411841396216826,0.612865221489161,3
Unknown_623993,BAL,623993,2023,161,684,617,160,42,1,30,57,156,6,4,0.259,0.5060240963855422,0.5582255083179299,0.803,0.5488126649076517,0.4925373134328358,0.3574091332712022,0.4509896324222431,0.6798,0.356,0.5231202251708886,0.3533333333333334,29.0,0.0429950123710787,0.5490103675777569,0
Unknown_592273,LAA,592273,2023,131,543,505,131,31,3,26,25,144,8,5,0.259,0.4337349397590361,0.5785582255083181,0.789,0.5778364116094987,0.5223880597014926,0.1835973904939422,0.5384071630537228,0.674,0.356,0.5231202251708886,0.3066666666666666,31.0,0.1015826564833436,0.4615928369462772,0
Unknown_666310,CLE,666310,2023,67,230,198,47,13,0,11,30,53,1,1,0.237,0.5451807228915663,0.5471349353049908,0.809,0.5883905013192612,0.3970149253731344,0.5768872320596458,0.4564090480678605,0.6348,0.356,0.5231202251708886,0.2133333333333333,23.0,0.024192594881685,0.5435909519321396,2
Unknown_657041,WSH,657041,2023,162,702,645,172,36,3,28,39,179,11,7,0.267,0.4759036144578313,0.5323475046210722,0.778,0.4907651715039578,0.5671641791044777,0.2283317800559179,0.514373232799246,0.6738,0.356,0.5231202251708886,0.3533333333333334,28.0,0.0787646986812516,0.4856267672007539,0
Unknown_658668,KC,658668,2023,109,396,364,96,23,4,13,22,66,8,2,0.264,0.4819277108433735,0.5212569316081332,0.774,0.4828496042216359,0.4626865671641791,0.2283317800559179,0.3063147973609802,0.7576,0.356,0.5231202251708886,0.26,27.0,0.0480256299209577,0.6936852026390199,3
Unknown_677951,KC,677951,2023,162,706,652,180,28,11,31,40,123,4,9,0.276,0.4819277108433735,0.5933456561922368,0.813,0.5540897097625329,0.4776119402985074,0.233457595526561,0.3239868049010367,0.762,0.356,0.5231202251708886,0.36,23.0,0.0494600473480126,0.6760131950989632,3
Unknown_664040,TB,664040,2023,112,446,385,91,15,1,22,52,119,6,3,0.236,0.5301204819277109,0.5138632162661738,0.786,0.546174142480211,0.4328358208955225,0.5125815470643057,0.5421771913289349,0.6031,0.356,0.5231202251708886,0.28,29.0,0.0342825005054826,0.4578228086710652,0
Unknown_663624,BAL,663624,2023,123,498,449,123,23,1,19,38,112,3,8,0.274,0.5150602409638555,0.5231053604436231,0.786,0.4591029023746701,0.5522388059701493,0.3247903075489282,0.443449575871819,0.6928,0.355,0.5203055890631283,0.2933333333333333,26.0,0.0470457359580069,0.5565504241281809,0
Unknown_592626,SF,592626,2023,122,429,361,87,14,3,16,58,89,7,3,0.241,0.5903614457831324,0.4713493530499077,0.784,0.4722955145118733,0.4179104477611941,0.5992544268406337,0.4024505183788878,0.641,0.355,0.5203055890631283,0.2666666666666666,31.0,0.0197000272166052,0.5975494816211122,2
Unknown_656941,PHI,656941,2023,170,760,623,121,23,1,47,127,232,7,3,0.194,0.5361445783132531,0.5304990757855823,0.796,0.6781002638522428,0.235820895522388,0.7479030754892824,0.6328934967012253,0.5184,0.354,0.5174909529553678,0.3666666666666667,30.0,0.0253573810113936,0.3671065032987748,2
Unknown_663697,CIN,663697,2023,124,547,472,119,24,0,17,52,109,16,7,0.252,0.5542168674698796,0.4380776340110906,0.753,0.3957783641160949,0.4626865671641791,0.4123951537744641,0.383129123468426,0.6764,0.354,0.5174909529553678,0.3,27.0,0.0305570294681576,0.6168708765315738,3
Unknown_608671,TEX,608671,2023,95,296,255,69,12,1,1,36,43,2,2,0.271,0.6174698795180723,0.301293900184843,0.7,0.1530343007915567,0.5522388059701493,0.5358807082945014,0.2558906691800189,0.723,0.354,0.5174909529553678,0.2266666666666666,32.0,0.0131218222631287,0.7441093308199813,3
Unknown_596059,SD,596059,2023,63,175,154,34,9,0,4,19,41,2,0,0.221,0.4698795180722892,0.3382624768946395,0.671,0.3350923482849604,0.4208955223880598,0.4753028890959925,0.4655984919886899,0.6457,0.354,0.5174909529553678,0.1933333333333333,29.0,0.0317526162199277,0.5344015080113103,3
Unknown_605137,CLE,605137,2023,158,643,573,144,31,0,24,64,139,2,4,0.251,0.5090361445783133,0.4750462107208873,0.758,0.4511873350923482,0.4656716417910447,0.4328984156570363,0.4229500471253535,0.6781,0.353,0.5150784077201447,0.3266666666666666,31.0,0.0320508026447477,0.5770499528746467,0
Unknown_542932,MIA,542932,2023,133,442,399,116,17,3,7,34,82,4,3,0.291,0.5783132530120482,0.4195933456561924,0.751,0.2664907651715039,0.6388059701492538,0.3275862068965517,0.3506126295947219,0.724,0.353,0.5150784077201447,0.2666666666666666,33.0,0.0366837267206279,0.6493873704052779,3
Unknown_663993,TEX,663993,2023,173,770,665,169,38,3,18,97,180,5,3,0.254,0.5843373493975904,0.4214417744916822,0.753,0.3641160949868073,0.5582089552238807,0.5563839701770736,0.4644203581526862,0.6338,0.352,0.5122637716123843,0.36,28.0,0.025909127170535,0.5355796418473138,0
Unknown_687952,CIN,687952,2023,63,241,222,60,7,0,13,14,69,5,0,0.27,0.5120481927710844,0.5600739371534196,0.805,0.5224274406332453,0.6029850746268658,0.2399813606710158,0.588124410933082,0.6349,0.352,0.5122637716123843,0.2066666666666666,24.0,0.0853722835746145,0.4118755890669181,0
Unknown_663647,PIT,663647,2023,128,543,511,142,31,7,16,28,107,0,4,0.278,0.4668674698795181,0.5286506469500927,0.773,0.4564643799472295,0.5582089552238807,0.2096924510717614,0.3779453345900094,0.7514,0.352,0.5122637716123843,0.2933333333333333,26.0,0.0639274653285189,0.6220546654099905,3
Unknown_592663,PHI,592663,2023,145,576,524,131,30,5,22,37,147,10,5,0.25,0.4548192771084337,0.5138632162661738,0.761,0.5092348284960422,0.5044776119402985,0.2684063373718546,0.5148444863336474,0.658,0.351,0.509449135504624,0.3,32.0,0.0669335793121527,0.4851555136663525,0
Unknown_676059,BAL,676059,2023,76,254,230,60,20,3,3,19,63,1,4,0.261,0.4728915662650602,0.4417744916820703,0.728,0.3773087071240105,0.6119402985074628,0.3178005591798695,0.4978793590951932,0.6732,0.351,0.509449135504624,0.2133333333333333,24.0,0.0541672631321837,0.5021206409048069,0
Unknown_660821,MIA,660821,2023,122,416,374,94,24,3,14,38,110,2,1,0.251,0.496987951807229,0.4990757855822552,0.767,0.4854881266490765,0.5522388059701493,0.3946877912395154,0.5365221489161169,0.637,0.351,0.509449135504624,0.2533333333333333,26.0,0.0460464505549104,0.4634778510838833,0
Unknown_641857,COL,641857,2023,155,649,576,140,35,3,23,69,208,1,3,0.243,0.5,0.4805914972273569,0.758,0.4802110817941952,0.6029850746268658,0.4645852749301025,0.6687087653157399,0.5716,0.351,0.509449135504624,0.32,29.0,0.0483517762319962,0.3312912346842602,0
Unknown_673490,SD,673490,2023,153,641,553,141,23,0,17,75,128,3,5,0.255,0.5602409638554217,0.3974121996303143,0.733,0.3298153034300791,0.4955223880597015,0.5144454799627214,0.384071630537229,0.6708,0.351,0.509449135504624,0.32,28.0,0.0230306142647013,0.6159283694627711,3
Unknown_691023,STL,691023,2023,121,482,436,116,19,2,16,38,110,6,2,0.266,0.5240963855421686,0.4713493530499077,0.761,0.4063324538258575,0.5582089552238807,0.3364398881640261,0.4512252591894439,0.6805,0.351,0.509449135504624,0.2733333333333333,21.0,0.0460462891342761,0.5487747408105561,0
Unknown_595281,TOR,595281,2023,120,428,388,103,23,7,8,31,92,4,4,0.265,0.496987951807229,0.4602587800369687,0.746,0.3905013192612137,0.5701492537313434,0.3066169617893756,0.4201225259189444,0.7009,0.35,0.5070365902694008,0.26,33.0,0.0474722909095302,0.5798774740810557,3
Unknown_605170,MIL,605170,2023,63,235,208,55,4,0,8,20,45,4,3,0.264,0.5361445783132531,0.4158964879852126,0.735,0.3324538258575198,0.4865671641791045,0.3657968313140726,0.3647502356267672,0.7064,0.35,0.5070365902694008,0.2066666666666666,30.0,0.0335494897518587,0.6352497643732329,3
Unknown_571448,STL,571448,2023,147,619,567,152,26,2,26,41,103,3,8,0.268,0.4789156626506025,0.5268022181146028,0.775,0.4775725593667546,0.444776119402985,0.2777260018639328,0.3056079170593779,0.7625,0.35,0.5070365902694008,0.3066666666666666,32.0,0.0386458245766843,0.694392082940622,3
Unknown_656582,PIT,656582,2023,135,484,424,105,31,4,12,50,112,9,1,0.248,0.5451807228915663,0.4639556377079483,0.763,0.4432717678100263,0.5223880597014926,0.4506057781919851,0.458765315739868,0.6467,0.349,0.5042219541616405,0.2733333333333333,31.0,0.0333517474391336,0.5412346842601319,0
Unknown_643289,HOU,643289,2023,133,517,489,137,27,3,10,21,72,4,3,0.28,0.4668674698795181,0.434380776340111,0.722,0.3166226912928759,0.5253731343283582,0.1584342963653308,0.2417530631479736,0.8124,0.348,0.5014073180538801,0.2733333333333333,29.0,0.056403337613311,0.7582469368520266,3
Unknown_606115,ATL,606115,2023,148,564,517,139,26,0,19,41,109,3,3,0.269,0.5,0.4713493530499077,0.754,0.4010554089709762,0.5134328358208955,0.3080149114631873,0.3689915174363808,0.7287,0.348,0.5014073180538801,0.2866666666666667,29.0,0.0414577344130672,0.6310084825636191,3
Unknown_592192,NYM,592192,2023,142,533,458,120,26,1,11,50,85,18,7,0.262,0.5873493975903613,0.4085027726432533,0.748,0.3271767810026385,0.4805970149253731,0.4063373718546132,0.2893496701225259,0.7129,0.348,0.5014073180538801,0.28,34.0,0.0229065227959034,0.710650329877474,3
Unknown_641658,MIA,641658,2023,87,259,228,61,12,1,3,23,69,3,2,0.268,0.5481927710843374,0.3585951940850277,0.708,0.2427440633245382,0.6955223880597016,0.3830382106244175,0.541234684260132,0.6216,0.348,0.5014073180538801,0.2066666666666666,29.0,0.0480604420033589,0.4587653157398681,1
Unknown_573262,SF,573262,2023,106,390,339,79,23,1,15,45,103,3,1,0.233,0.5090361445783133,0.4916820702402959,0.767,0.5197889182058048,0.4597014925373134,0.5069897483690587,0.5358152686145146,0.6077,0.348,0.5014073180538801,0.24,33.0,0.0342901819286727,0.4641847313854854,0
Unknown_666165,SF,666165,2023,114,362,324,78,11,0,13,27,119,6,3,0.241,0.4518072289156626,0.4085027726432533,0.703,0.3825857519788918,0.5940298507462688,0.3168685927306617,0.6880301602262017,0.5746,0.348,0.5014073180538801,0.2333333333333333,25.0,0.0752775173224315,0.3119698397737984,0
Unknown_650391,CWS,650391,2023,125,500,466,127,24,0,18,31,94,1,2,0.273,0.4819277108433735,0.4916820702402959,0.758,0.41688654353562,0.5134328358208955,0.2581547064305685,0.3565032987747408,0.748,0.348,0.5014073180538801,0.2733333333333333,27.0,0.0486848135457811,0.6434967012252593,3
Unknown_592518,SD,592518,2023,142,613,554,142,21,0,30,51,113,2,6,0.256,0.4819277108433735,0.5231053604436231,0.775,0.503957783641161,0.4029850746268657,0.3569431500465983,0.3477851083883129,0.7292,0.348,0.5014073180538801,0.3,31.0,0.0328691521797375,0.652214891611687,3
Unknown_669720,BAL,669720,2023,148,593,545,149,37,2,16,40,147,3,5,0.273,0.5,0.4861367837338263,0.76,0.4063324538258575,0.626865671641791,0.2837837837837837,0.4976437323279924,0.6796,0.347,0.4989947728186569,0.2933333333333333,28.0,0.0610788199115816,0.5023562676720075,0
Unknown_656305,TOR,656305,2023,147,603,529,126,40,2,17,64,172,8,2,0.238,0.5120481927710844,0.4510166358595195,0.746,0.4511873350923482,0.5522388059701493,0.4636533084808947,0.5855325164938737,0.5954,0.347,0.4989947728186569,0.2933333333333333,30.0,0.0420221042118467,0.4144674835061264,0
Unknown_596103,SF,596103,2023,83,207,185,50,9,0,5,20,58,2,0,0.27,0.5722891566265059,0.4177449168207025,0.748,0.3192612137203166,0.701492537313433,0.4193849021435228,0.573751178133836,0.6135,0.347,0.4989947728186569,0.1933333333333333,31.0,0.0461369122826047,0.426248821866164,0
Unknown_663630,BAL,663630,2023,60,157,138,34,7,0,2,11,43,3,2,0.246,0.463855421686747,0.3086876155268023,0.652,0.2242744063324538,0.6059701492537314,0.2958993476234855,0.5589066918001884,0.6178,0.347,0.4989947728186569,0.18,26.0,0.065621225641585,0.4410933081998114,1
Unknown_664761,PHI,664761,2023,157,656,594,160,34,0,21,50,102,5,7,0.269,0.5120481927710844,0.478743068391867,0.76,0.4063324538258575,0.4686567164179104,0.3243243243243243,0.2799245994344957,0.7607,0.346,0.4961801367108966,0.3066666666666666,27.0,0.0294923533907212,0.7200754005655043,3
Unknown_502054,NYM,502054,2023,134,516,460,118,27,3,17,48,115,2,6,0.257,0.5060240963855422,0.489833641404806,0.765,0.4591029023746701,0.5014925373134328,0.4026095060577819,0.438737040527804,0.6802,0.346,0.4961801367108966,0.2666666666666666,35.0,0.0363846941600634,0.5612629594721961,0
Unknown_672695,AZ,672695,2023,150,531,429,104,20,4,7,73,93,6,5,0.242,0.5993975903614458,0.3382624768946395,0.713,0.2770448548812665,0.4656716417910447,0.6099720410065238,0.3261074458058435,0.6422,0.346,0.4961801367108966,0.2733333333333333,24.0,0.0146422606993437,0.6738925541941563,3
Unknown_672284,SEA,672284,2023,110,430,385,96,25,2,11,42,137,1,2,0.249,0.496987951807229,0.4362292051756007,0.734,0.4010554089709762,0.6626865671641792,0.4245107176141658,0.6642318567389255,0.5814,0.346,0.4961801367108966,0.2466666666666667,24.0,0.0531122915866216,0.3357681432610746,0
Unknown_663728,SEA,663728,2023,148,579,522,122,23,1,31,54,160,1,2,0.234,0.4457831325301205,0.5286506469500927,0.765,0.5725593667546174,0.4149253731343284,0.4040074557315936,0.5645617342130066,0.6287,0.346,0.4961801367108966,0.2866666666666667,27.0,0.0473136053030982,0.4354382657869935,0
Unknown_663538,CHC,663538,2023,153,698,629,178,27,4,9,49,84,14,5,0.283,0.5662650602409639,0.3844731977818855,0.727,0.237467018469657,0.5313432835820896,0.2963653308480894,0.1969839773798303,0.788,0.346,0.4961801367108966,0.3133333333333333,26.0,0.0231629596856592,0.8030160226201695,3
Unknown_543257,TEX,543257,2023,121,452,381,91,25,1,10,61,111,2,8,0.239,0.5512048192771085,0.3955637707948244,0.729,0.3720316622691292,0.5014925373134328,0.5983224603914259,0.4922243166823751,0.615,0.345,0.4933655006031363,0.2533333333333333,34.0,0.0252065935609503,0.5077756833176248,0
Unknown_679529,DET,679529,2023,164,700,622,144,34,1,31,67,177,6,5,0.232,0.4578313253012048,0.489833641404806,0.749,0.5224274406332453,0.4059701492537314,0.4151910531220875,0.5094250706880301,0.6429,0.345,0.4933655006031363,0.3133333333333333,24.0,0.0411434230976532,0.4905749293119699,0
Unknown_458015,CIN,458015,2023,68,257,221,44,7,0,14,29,66,7,0,0.199,0.4608433734939758,0.4565619223659889,0.732,0.5620052770448548,0.235820895522388,0.4948741845293569,0.5186145146088594,0.6031,0.345,0.4933655006031363,0.2,40.0,0.034058578052018,0.4813854853911405,0
Unknown_666023,KC,666023,2023,63,237,219,62,10,1,9,13,51,1,3,0.283,0.4939759036144578,0.5304990757855823,0.783,0.445910290237467,0.5761194029850747,0.2250698974836905,0.4205937794533459,0.7215,0.345,0.4933655006031363,0.2,28.0,0.0658646979170563,0.5794062205466539,0
Unknown_641680,TEX,641680,2023,140,541,495,131,29,0,18,42,100,1,3,0.265,0.4939759036144578,0.4768946395563772,0.754,0.4195250659630607,0.4865671641791045,0.3308480894687791,0.3489632422243167,0.7357,0.344,0.4909529553679131,0.2733333333333333,28.0,0.0360879567569122,0.6510367577756835,3
Unknown_650489,MIN,650489,2023,123,441,384,96,18,5,10,36,111,16,3,0.25,0.5391566265060243,0.4195933456561924,0.738,0.3746701846965699,0.564179104477612,0.3494874184529357,0.5065975494816211,0.6259,0.344,0.4909529553679131,0.2466666666666667,26.0,0.0496971218186054,0.4934024505183789,0
Unknown_596142,SD,596142,2023,73,267,240,52,9,0,19,21,67,4,2,0.217,0.3915662650602409,0.5878003696857672,0.78,0.7018469656992085,0.2328358208955223,0.3359739049394222,0.5047125353440151,0.6554,0.344,0.4909529553679131,0.2066666666666666,31.0,0.0517003614908216,0.4952874646559848,0
Unknown_592696,ATL,592696,2023,151,537,498,127,25,3,23,35,128,1,2,0.255,0.4397590361445783,0.5212569316081332,0.76,0.5065963060686016,0.4895522388059701,0.2730661696178937,0.4752591894439208,0.6927,0.343,0.4881383192601527,0.2666666666666666,32.0,0.0607662113666381,0.5247408105560794,0
Unknown_681082,PHI,681082,2023,163,684,626,174,32,3,16,41,114,7,9,0.278,0.5030120481927711,0.4454713493530499,0.74,0.337730870712401,0.5343283582089553,0.2483690587138863,0.3063147973609802,0.7617,0.343,0.4881383192601527,0.3,26.0,0.0438597453156101,0.6936852026390199,3
Unknown_666971,AZ,666971,2023,155,628,586,152,38,2,25,34,112,6,2,0.259,0.4457831325301205,0.5268022181146028,0.765,0.503957783641161,0.4417910447761193,0.2213420316868593,0.3336475023562676,0.758,0.343,0.4881383192601527,0.2866666666666667,30.0,0.0537848095641985,0.6663524976437323,3
Unknown_545341,COL,545341,2023,118,471,434,116,31,2,16,29,96,6,2,0.267,0.4909638554216867,0.5268022181146028,0.779,0.4802110817941952,0.5223880597014926,0.2562907735321528,0.39373232799246,0.7219,0.343,0.4881383192601527,0.2533333333333333,32.0,0.0540304880826882,0.6062676720075402,3
Unknown_660707,COL,660707,2023,89,327,304,74,16,2,12,15,117,5,3,0.243,0.3885542168674698,0.4695009242144178,0.715,0.4617414248021108,0.6388059701492538,0.1831314072693383,0.7565975494816211,0.581,0.343,0.4881383192601527,0.22,25.0,0.140874155970702,0.2434024505183789,0
Unknown_621020,CHC,621020,2023,152,655,578,141,25,3,24,70,158,5,2,0.244,0.5180722891566266,0.4584103512014788,0.752,0.445910290237467,0.4776119402985074,0.4673811742777259,0.481856738925542,0.6443,0.343,0.4881383192601527,0.2933333333333333,29.0,0.0336660204289944,0.5181432610744581,0
Unknown_570482,LAA,570482,2023,65,242,226,68,9,1,2,12,38,1,3,0.301,0.533132530120482,0.3733826247689465,0.711,0.1741424802110817,0.6417910447761194,0.2003727865796831,0.2834590009425071,0.7893,0.343,0.4881383192601527,0.2,32.0,0.0512603461582728,0.7165409990574929,3
Unknown_665161,HOU,665161,2023,158,667,611,162,35,3,11,45,134,9,1,0.265,0.5,0.3918669131238448,0.711,0.2955145118733509,0.564179104477612,0.2837837837837837,0.3868991517436381,0.7121,0.342,0.4853236831523924,0.2933333333333333,26.0,0.0476016445440383,0.613100848256362,3
Unknown_641432,NYY,641432,2023,51,169,153,36,7,0,5,14,23,1,1,0.235,0.4337349397590361,0.378927911275416,0.681,0.3562005277044854,0.3343283582089552,0.3550792171481826,0.2342130065975495,0.7751,0.342,0.4853236831523924,0.18,29.0,0.0218089365609135,0.7657869934024506,3
Unknown_670156,CHC,670156,2023,58,165,145,36,5,0,1,17,36,0,0,0.248,0.5090361445783133,0.2384473197781886,0.631,0.1213720316622691,0.5671641791044777,0.4492078285181733,0.4276625824693685,0.6606,0.341,0.4829111379171692,0.18,28.0,0.0309975195022903,0.5723374175306315,1
Unknown_593871,MIN,593871,2023,86,369,323,81,18,0,15,40,96,2,3,0.251,0.5301204819277109,0.5027726432532349,0.78,0.4907651715039578,0.5164179104477612,0.4743709226467847,0.5266258246936851,0.6233,0.34,0.4800965018094089,0.22,30.0,0.0364542735718019,0.4733741753063147,0
Unknown_666135,MIN,666135,2023,92,330,290,76,14,1,11,30,84,7,3,0.262,0.5542168674698796,0.4750462107208873,0.773,0.4221635883905013,0.5791044776119404,0.3928238583410997,0.5131950989632422,0.6333,0.34,0.4800965018094089,0.2133333333333333,26.0,0.0441850798005578,0.4868049010367579,0
Unknown_621545,CWS,621545,2023,56,177,163,41,7,0,3,9,54,1,0,0.252,0.4126506024096384,0.3253234750462108,0.644,0.2348284960422163,0.6686567164179104,0.20596458527493,0.6324222431668237,0.6158,0.34,0.4800965018094089,0.18,29.0,0.1062412996876908,0.3675777568331764,1
Unknown_596129,NYM,596129,2023,108,331,284,65,8,0,13,44,83,2,1,0.229,0.533132530120482,0.4066543438077635,0.73,0.4116094986807387,0.4208955223880598,0.5885368126747437,0.5044769085768144,0.6103,0.34,0.4800965018094089,0.2133333333333333,31.0,0.0265203284980795,0.4955230914231856,0
Unknown_608336,MIN,608336,2023,111,348,296,53,10,1,21,50,150,2,0,0.179,0.4337349397590361,0.4768946395563772,0.734,0.6437994722955145,0.3641791044776119,0.6388630009319665,0.929076343072573,0.4195,0.34,0.4800965018094089,0.2133333333333333,30.0,0.0480469726103073,0.0709236569274269,0
Unknown_543807,TOR,543807,2023,159,705,636,163,25,1,21,61,127,5,3,0.256,0.5030120481927711,0.4140480591497229,0.723,0.3509234828496042,0.4626865671641791,0.3723205964585274,0.3378887841658813,0.7234,0.339,0.4772818657016485,0.2866666666666667,34.0,0.0302936429915895,0.6621112158341187,3
Unknown_518626,NYY,518626,2023,57,211,183,32,6,0,16,25,50,1,2,0.175,0.3524096385542169,0.5471349353049908,0.745,0.7546174142480211,0.0,0.52143522833178,0.4719604147031103,0.6398,0.339,0.4772818657016485,0.1866666666666666,38.0,0.0287049241882701,0.5280395852968898,0
Unknown_467793,PIT,467793,2023,154,647,573,135,33,1,23,70,111,0,4,0.236,0.4789156626506025,0.4491682070240296,0.734,0.4564643799472295,0.3552238805970149,0.4734389561975769,0.3178605089538172,0.7202,0.339,0.4772818657016485,0.28,37.0,0.0206908096030947,0.6821394910461829,3
Unknown_542364,NYM,542364,2023,46,152,126,27,3,0,2,23,36,1,1,0.214,0.5421686746987954,0.2070240295748613,0.623,0.1635883905013192,0.4388059701492538,0.6742777260018639,0.4714891611687088,0.5987,0.339,0.4772818657016485,0.1733333333333333,32.0,0.0202872568238759,0.5285108388312911,1
Unknown_686469,KC,686469,2023,66,274,246,58,17,0,9,25,35,2,1,0.236,0.4578313253012048,0.4454713493530499,0.725,0.4485488126649076,0.3194029850746268,0.3942218080149114,0.2144203581526861,0.7701,0.339,0.4772818657016485,0.2,26.0,0.0170958581303166,0.7855796418473135,3
Unknown_642731,SF,642731,2023,123,542,507,137,27,2,14,22,123,11,2,0.27,0.4698795180722892,0.4436229205175602,0.728,0.3562005277044854,0.5880597014925374,0.1584342963653308,0.4481621112158341,0.7122,0.338,0.4748693204664254,0.2533333333333333,27.0,0.0981654893522711,0.551837888784166,3
Unknown_553869,COL,553869,2023,145,541,501,134,26,1,15,34,124,2,4,0.267,0.4698795180722892,0.4417744916820703,0.727,0.3614775725593667,0.5701492537313434,0.2618825722273998,0.4535815268614514,0.7043,0.338,0.4748693204664254,0.2533333333333333,33.0,0.0606353644055185,0.5464184731385486,3
Unknown_683734,CWS,683734,2023,153,621,572,149,30,2,22,36,129,11,2,0.26,0.4759036144578313,0.4824399260628466,0.751,0.4379947229551451,0.4955223880597015,0.2395153774464119,0.4029217719132894,0.7166,0.338,0.4748693204664254,0.2666666666666666,25.0,0.0593066652855743,0.5970782280867106,3
Unknown_663886,CIN,663886,2023,140,535,482,119,20,2,13,48,141,4,1,0.247,0.4879518072289157,0.3770794824399261,0.697,0.3218997361477572,0.5611940298507463,0.3872320596458528,0.5346371347785108,0.6393,0.338,0.4748693204664254,0.2533333333333333,27.0,0.046873648826291,0.4653628652214892,0
Unknown_605204,SF,605204,2023,148,560,494,122,24,1,18,54,155,6,6,0.247,0.5030120481927711,0.434380776340111,0.734,0.4036939313984168,0.5492537313432836,0.418452935694315,0.5657398680490103,0.6125,0.338,0.4748693204664254,0.2533333333333333,30.0,0.0455707280935342,0.4342601319509898,0
Unknown_621028,CIN,621028,2023,75,269,240,63,18,0,3,18,34,4,5,0.262,0.4819277108433735,0.3715341959334566,0.693,0.2717678100263852,0.4597014925373134,0.2809878844361603,0.2113572101790763,0.7844,0.338,0.4748693204664254,0.1933333333333333,30.0,0.0265639551025951,0.7886427898209234,3
Unknown_663837,DET,663837,2023,137,546,494,127,21,5,10,44,114,6,1,0.257,0.5030120481927711,0.3826247689463957,0.705,0.3007915567282321,0.5402985074626866,0.3448275862068966,0.4055136663524977,0.6978,0.337,0.472054684358665,0.2466666666666667,27.0,0.0401357262726153,0.5944863336475024,3
Unknown_676609,SEA,676609,2023,93,294,241,56,9,1,5,29,70,19,5,0.232,0.5903614457831324,0.3068391866913125,0.694,0.2612137203166226,0.4895522388059701,0.4287045666356011,0.4745523091423185,0.5986,0.337,0.472054684358665,0.2,27.0,0.0367337343164357,0.5254476908576815,3
Unknown_669222,CIN,669222,2023,100,335,306,71,10,0,13,26,76,1,2,0.232,0.4066265060240963,0.4029574861367839,0.685,0.3984168865435356,0.391044776119403,0.3308480894687791,0.4481621112158341,0.6925,0.337,0.472054684358665,0.2066666666666666,28.0,0.0465888240251498,0.551837888784166,3
Unknown_660162,CWS,660162,2023,93,362,339,88,20,1,12,20,109,2,1,0.26,0.4397590361445783,0.4750462107208873,0.735,0.4274406332453826,0.635820895522388,0.2264678471575023,0.6229971724787935,0.6381,0.337,0.472054684358665,0.2133333333333333,28.0,0.0955726279443831,0.3770028275212067,0
Unknown_543228,CHC,543228,2023,119,431,393,106,20,2,11,21,83,9,8,0.27,0.4759036144578313,0.4454713493530499,0.73,0.3588390501319261,0.5223880597014926,0.1961789375582479,0.3673421300659755,0.7378,0.337,0.472054684358665,0.2266666666666666,36.0,0.0665415832436388,0.6326578699340244,3
Unknown_649966,BOS,649966,2023,53,189,152,29,6,0,3,26,41,11,0,0.191,0.575301204819277,0.2125693160813309,0.639,0.237467018469657,0.3194029850746268,0.6104380242311277,0.4245994344957587,0.5767,0.337,0.472054684358665,0.18,26.0,0.0205041488349294,0.5754005655042413,3
Unknown_621043,MIN,621043,2023,144,618,549,132,32,2,19,61,138,5,3,0.24,0.4879518072289157,0.4362292051756007,0.73,0.4221635883905013,0.453731343283582,0.429170549860205,0.439679547596607,0.6699,0.336,0.4692400482509046,0.26,29.0,0.033784031700031,0.5603204524033929,0
Unknown_642350,TB,642350,2023,104,379,350,78,14,2,25,23,133,2,3,0.223,0.3433734939759036,0.5822550831792976,0.761,0.6781002638522428,0.4119402985074627,0.2520969245107176,0.7403393025447691,0.5805,0.336,0.4692400482509046,0.2133333333333333,28.0,0.10188600060611,0.2596606974552311,0
Unknown_608841,WSH,608841,2023,159,676,629,171,37,1,13,39,133,5,3,0.272,0.4819277108433735,0.4103512014787432,0.714,0.3034300791556728,0.5701492537313434,0.2381174277726002,0.3770028275212064,0.7382,0.336,0.4692400482509046,0.2733333333333333,31.0,0.055977083605371,0.6229971724787937,3
Unknown_606192,SEA,606192,2023,165,695,641,164,29,2,27,38,215,8,8,0.256,0.4337349397590361,0.4805914972273569,0.736,0.445910290237467,0.6059701492537314,0.2241379310344827,0.6425541941564562,0.6245,0.336,0.4692400482509046,0.2733333333333333,31.0,0.099474641976529,0.3574458058435439,0
Unknown_641933,STL,641933,2023,73,277,248,57,14,0,9,29,70,0,0,0.23,0.4578313253012048,0.4085027726432533,0.706,0.4116094986807387,0.4477611940298507,0.4571295433364399,0.5089538171536285,0.6426,0.336,0.4692400482509046,0.1933333333333333,28.0,0.0367096416800881,0.4910461828463714,0
Unknown_592178,COL,592178,2023,85,350,314,73,11,0,11,30,73,6,0,0.232,0.4608433734939758,0.3678373382624769,0.684,0.345646437994723,0.4059701492537314,0.3685927306616962,0.4050424128180961,0.6886,0.335,0.4668275030156815,0.2066666666666666,31.0,0.037106619202521,0.594957587181904,3
Unknown_676475,STL,676475,2023,112,362,332,84,22,1,9,23,46,4,2,0.253,0.4487951807228916,0.4306839186691313,0.714,0.3825857519788918,0.4029850746268657,0.2651444547996272,0.2130065975494816,0.7873,0.335,0.4668275030156815,0.2066666666666666,25.0,0.0287354053186875,0.7869934024505183,3
Unknown_519203,NYY,519203,2023,105,438,387,93,14,0,13,36,99,14,1,0.24,0.5060240963855422,0.3752310536044363,0.704,0.337730870712401,0.4656716417910447,0.3522833178005591,0.4460414703110274,0.6598,0.335,0.4668275030156815,0.22,34.0,0.0432097891202588,0.5539585296889726,3
Unknown_642715,MIL,642715,2023,157,665,580,129,31,2,24,73,173,6,6,0.222,0.4668674698795181,0.4306839186691313,0.72,0.4617414248021108,0.4059701492537314,0.4808946877912394,0.5266258246936851,0.618,0.334,0.4640128669079211,0.26,28.0,0.0358618825060534,0.4733741753063147,0
Unknown_624512,BOS,624512,2023,73,220,202,51,12,1,1,13,54,2,1,0.252,0.4367469879518072,0.301293900184843,0.639,0.1978891820580475,0.6089552238805972,0.244641192917055,0.4919886899151743,0.6545,0.334,0.4640128669079211,0.18,28.0,0.0703962510556272,0.5080113100848256,1
Unknown_657077,BOS,657077,2023,143,613,557,145,37,5,13,45,95,6,5,0.26,0.4879518072289157,0.4454713493530499,0.734,0.3825857519788918,0.4686567164179104,0.3112767940354147,0.278746465598492,0.7618,0.334,0.4640128669079211,0.2533333333333333,27.0,0.0308672572411819,0.7212535344015079,3
Unknown_624424,SF,624424,2023,128,484,418,98,15,0,15,55,110,7,4,0.234,0.5210843373493976,0.3770794824399261,0.709,0.3562005277044854,0.4328358208955225,0.4986020503261883,0.4491046182846371,0.6446,0.334,0.4640128669079211,0.2266666666666666,30.0,0.0287219624962059,0.5508953817153628,3
Unknown_443558,SD,443558,2023,54,166,157,39,6,1,5,6,47,2,1,0.248,0.3765060240963854,0.4085027726432533,0.678,0.3614775725593667,0.5582089552238807,0.1374650512581547,0.5805843543826579,0.6687,0.334,0.4640128669079211,0.1733333333333333,43.0,0.1417818966869469,0.4194156456173421,1
Unknown_686217,MIL,686217,2023,64,245,212,55,9,1,3,28,41,1,4,0.259,0.5572289156626508,0.3327171903881701,0.697,0.2242744063324538,0.5014925373134328,0.5018639328984157,0.3077285579641847,0.7143,0.333,0.4611982308001607,0.1866666666666666,23.0,0.0183244058849897,0.6922714420358151,3
Unknown_665862,MIA,665862,2023,101,402,371,89,12,2,19,26,127,2,2,0.24,0.4036144578313252,0.4861367837338263,0.728,0.496042216358839,0.5194029850746269,0.2707362534948741,0.6578699340245052,0.6119,0.333,0.4611982308001607,0.2133333333333333,25.0,0.0844978773955972,0.3421300659754946,0
Unknown_680757,CLE,680757,2023,164,741,657,176,37,7,5,73,79,4,6,0.268,0.5542168674698796,0.3585951940850277,0.71,0.2401055408970976,0.4805970149253731,0.4282385834109972,0.164703110273327,0.7881,0.333,0.4611982308001607,0.2733333333333333,26.0,0.010941078396554,0.8352968897266726,3
Unknown_664034,SEA,664034,2023,164,685,605,153,34,0,12,45,119,34,1,0.253,0.5451807228915663,0.3604436229205176,0.707,0.2823218997361477,0.4865671641791045,0.2753960857409133,0.3228086710650329,0.7109,0.333,0.4611982308001607,0.26,29.0,0.0411666959322314,0.6771913289349671,3
Unknown_553993,SEA,553993,2023,167,710,611,145,31,0,23,73,217,15,11,0.237,0.5120481927710844,0.4195933456561924,0.729,0.4089709762532981,0.5522388059701493,0.4482758620689655,0.6336003770028275,0.5704,0.333,0.4611982308001607,0.2666666666666666,32.0,0.0475332489111191,0.3663996229971726,0
Unknown_668800,STL,668800,2023,74,256,236,56,11,0,10,13,64,5,1,0.237,0.3975903614457831,0.4380776340110906,0.701,0.4353562005277044,0.4417910447761193,0.20596458527493,0.5025918944392083,0.6758,0.333,0.4611982308001607,0.1866666666666666,28.0,0.0852474211126634,0.4974081055607917,0
Unknown_665926,CLE,665926,2023,158,631,571,144,27,5,15,33,114,20,3,0.252,0.4698795180722892,0.4103512014787432,0.71,0.3562005277044854,0.4656716417910447,0.2129543336439888,0.3393025447690858,0.729,0.333,0.4611982308001607,0.2533333333333333,25.0,0.0568684979115638,0.6606974552309142,3
Unknown_592669,LAA,592669,2023,145,565,513,121,31,0,21,46,126,3,3,0.236,0.4307228915662651,0.4528650646950093,0.72,0.4591029023746701,0.4089552238805971,0.3485554520037278,0.4389726672950048,0.6903,0.333,0.4611982308001607,0.24,31.0,0.0430194471915667,0.5610273327049953,0
Unknown_676480,CIN,676480,2023,48,164,146,34,10,0,3,17,49,0,1,0.233,0.4608433734939758,0.3493530499075786,0.674,0.3192612137203166,0.573134328358209,0.4524697110904007,0.6175777568331763,0.5976,0.333,0.4611982308001607,0.1666666666666666,25.0,0.0457646573444814,0.3824222431668238,1
Unknown_628451,DET,628451,2023,115,390,363,95,23,2,11,24,71,1,1,0.262,0.4518072289156626,0.467652495378928,0.735,0.4116094986807387,0.4895522388059701,0.2558247903075489,0.3426013195098963,0.7513,0.332,0.4587856855649376,0.2066666666666666,30.0,0.0473051047227701,0.6573986804901035,3
Unknown_665750,TEX,665750,2023,149,579,532,143,32,3,15,39,121,1,4,0.269,0.4819277108433735,0.4639556377079483,0.743,0.387862796833773,0.555223880597015,0.2833178005591799,0.4059849198868991,0.7168,0.331,0.4559710494571772,0.24,25.0,0.0500132242161572,0.594015080113101,3
Unknown_602104,BAL,602104,2023,116,407,370,97,22,3,4,28,103,8,1,0.262,0.5090361445783133,0.3622920517560075,0.697,0.2612137203166226,0.6507462686567164,0.2898415657036347,0.5098963242224316,0.6585,0.331,0.4559710494571772,0.2066666666666666,29.0,0.061198562380752,0.4901036757775683,1
Unknown_650559,MIA,650559,2023,159,646,597,155,32,0,19,43,142,1,5,0.26,0.4518072289156626,0.434380776340111,0.717,0.3693931398416886,0.5194029850746269,0.2795899347623485,0.4314326107445805,0.7105,0.331,0.4559710494571772,0.2466666666666667,27.0,0.0538729098156979,0.5685673892554195,3
Unknown_642086,WSH,642086,2023,153,611,552,141,22,1,14,47,96,10,2,0.255,0.5,0.3715341959334566,0.699,0.2928759894459102,0.453731343283582,0.3275862068965517,0.2836946277097078,0.7496,0.331,0.4559710494571772,0.24,28.0,0.0295355250828057,0.7163053722902921,3
Unknown_660688,WSH,660688,2023,142,578,537,140,27,0,18,33,58,6,2,0.261,0.4578313253012048,0.4399260628465805,0.721,0.3746701846965699,0.3850746268656717,0.2353215284249766,0.1498586239396795,0.8322,0.331,0.4559710494571772,0.2333333333333333,25.0,0.0239931606571013,0.8501413760603203,3
Unknown_669004,KC,669004,2023,153,618,549,128,29,5,18,62,177,3,4,0.233,0.463855421686747,0.4232902033271721,0.715,0.4221635883905013,0.5164179104477612,0.4366262814538676,0.5883600377002827,0.6084,0.331,0.4559710494571772,0.24,25.0,0.04526228638702,0.4116399622997173,0
Unknown_641856,NYY,641856,2023,48,151,131,30,3,1,6,18,40,1,1,0.229,0.5030120481927711,0.4269870609981517,0.729,0.4406332453825857,0.4328358208955225,0.5246971109040075,0.5377002827521207,0.6093,0.331,0.4559710494571772,0.1666666666666666,29.0,0.0330079545750138,0.4622997172478793,0
Unknown_687263,LAA,687263,2023,84,336,294,68,19,0,9,21,77,17,3,0.231,0.4759036144578313,0.3955637707948244,0.704,0.387862796833773,0.4358208955223881,0.260484622553588,0.4535815268614514,0.6548,0.33,0.4531564133494169,0.1933333333333333,22.0,0.0609744434895862,0.5464184731385486,3
Unknown_518934,NYY,518934,2023,141,578,512,124,22,3,15,61,128,3,2,0.242,0.5030120481927711,0.390018484288355,0.71,0.3535620052770448,0.4776119402985074,0.4608574091332711,0.4354382657869934,0.6678,0.33,0.4531564133494169,0.2333333333333333,35.0,0.030631302738587,0.5645617342130065,3
Unknown_542208,ATH,542208,2023,69,198,177,42,5,0,7,13,41,4,3,0.237,0.4246987951807228,0.3881700554528651,0.684,0.3641160949868073,0.391044776119403,0.2753960857409133,0.4015080113100848,0.702,0.33,0.4531564133494169,0.1733333333333333,33.0,0.0510064873329006,0.5984919886899149,3
Unknown_669701,TEX,669701,2023,84,249,211,42,9,2,6,26,58,9,1,0.199,0.463855421686747,0.3179297597042514,0.658,0.3641160949868073,0.3253731343283582,0.4557315936626281,0.4622997172478794,0.6185,0.33,0.4531564133494169,0.18,26.0,0.0331730082816,0.5377002827521207,1
Unknown_678662,COL,678662,2023,158,633,596,154,38,4,16,28,169,4,3,0.258,0.4126506024096384,0.4473197781885398,0.711,0.3931398416886543,0.5940298507462688,0.1752096924510717,0.5426484448633365,0.6793,0.329,0.4507438681141937,0.24,22.0,0.1069152292058009,0.4573515551366636,0
Unknown_663757,SD,663757,2023,155,571,484,98,33,1,15,77,159,5,1,0.202,0.4789156626506025,0.3585951940850277,0.685,0.4116094986807387,0.3970149253731344,0.597856477166822,0.5697455230914232,0.5692,0.329,0.4507438681141937,0.2266666666666666,27.0,0.029953204432831,0.430254476908577,0
Unknown_595909,PHI,595909,2023,67,221,201,48,9,2,6,16,59,1,2,0.239,0.4126506024096384,0.4048059149722737,0.688,0.3825857519788918,0.5074626865671642,0.3066169617893756,0.5426484448633365,0.6516,0.329,0.4507438681141937,0.1733333333333333,31.0,0.0613740440363896,0.4573515551366636,0
Unknown_669304,MIN,669304,2023,44,166,156,36,7,0,5,9,24,1,0,0.231,0.3584337349397591,0.3659889094269872,0.649,0.3482849604221635,0.3283582089552239,0.2218080149114631,0.2542412818096136,0.7952,0.329,0.4507438681141937,0.1666666666666666,25.0,0.0416324102566504,0.7457587181903864,3
Unknown_572191,MIN,572191,2023,129,417,381,84,16,1,21,28,137,4,1,0.22,0.3674698795180724,0.478743068391867,0.713,0.5382585751978891,0.4388059701492538,0.2819198508853681,0.6875589066918002,0.5875,0.328,0.4479292320064334,0.2,32.0,0.0847522730924692,0.3124410933081998,0
Unknown_668670,DET,668670,2023,105,377,343,76,12,0,21,28,121,3,2,0.222,0.3825301204819277,0.4916820702402959,0.725,0.5540897097625329,0.4089552238805971,0.3154706430568499,0.6698868991517436,0.5942,0.328,0.4479292320064334,0.1933333333333333,28.0,0.0736159776380858,0.3301131008482565,0
Unknown_668731,DET,668731,2023,112,371,324,71,13,1,12,44,93,0,1,0.219,0.463855421686747,0.3752310536044363,0.688,0.3905013192612137,0.4,0.5219012115563839,0.5042412818096135,0.6253,0.328,0.4479292320064334,0.1933333333333333,25.0,0.030908123939566,0.4957587181903866,0
Unknown_571912,CIN,571912,2023,69,207,187,43,10,0,6,14,52,5,0,0.23,0.4307228915662651,0.3807763401109058,0.681,0.3720316622691292,0.4567164179104477,0.2842497670083876,0.5054194156456172,0.6522,0.328,0.4479292320064334,0.1733333333333333,32.0,0.0619185346401976,0.4945805843543827,1
Unknown_669242,STL,669242,2023,139,543,492,121,25,4,13,37,88,7,4,0.246,0.4457831325301205,0.4029574861367839,0.698,0.3614775725593667,0.4149253731343284,0.2865796831314072,0.2954759660697455,0.7514,0.328,0.4479292320064334,0.22,28.0,0.0360662738418795,0.7045240339302543,3
Unknown_665019,PHI,665019,2023,52,164,154,37,11,0,4,9,44,1,0,0.24,0.3885542168674698,0.3992606284658042,0.676,0.3693931398416886,0.5283582089552239,0.2250698974836905,0.5457115928369463,0.6707,0.328,0.4479292320064334,0.1666666666666666,27.0,0.0845856085906668,0.4542884071630537,1
Unknown_547989,HOU,547989,2023,150,629,572,139,27,1,21,43,135,7,7,0.243,0.4277108433734939,0.4251386321626618,0.704,0.4010554089709762,0.4328358208955225,0.287977632805219,0.4191800188501414,0.7059,0.327,0.445114595898673,0.2333333333333333,36.0,0.0507204108259003,0.5808199811498587,3
Unknown_446334,AZ,446334,2023,82,267,237,53,12,0,11,25,83,1,4,0.224,0.4156626506024096,0.4436229205175602,0.709,0.4775725593667546,0.453731343283582,0.4054054054054054,0.6460885956644675,0.5918,0.327,0.445114595898673,0.18,38.0,0.0542848125827838,0.3539114043355327,0
Unknown_642708,CLE,642708,2023,147,567,530,138,25,8,8,29,103,4,4,0.26,0.4337349397590361,0.3863216266173753,0.685,0.3007915567282321,0.5164179104477612,0.2073625349487418,0.3416588124410933,0.7601,0.327,0.445114595898673,0.22,28.0,0.0588177160923711,0.6583411875589067,3
Unknown_657656,ATH,657656,2023,109,419,373,85,18,4,10,36,118,9,1,0.228,0.4578313253012048,0.3770794824399261,0.688,0.3720316622691292,0.5104477611940299,0.369524697110904,0.5770499528746466,0.611,0.327,0.445114595898673,0.2,29.0,0.0534457374140763,0.4229500471253533,0
Unknown_624641,PHI,624641,2023,94,319,296,72,16,2,10,9,79,9,3,0.243,0.3795180722891565,0.4399260628465805,0.696,0.4221635883905013,0.4805970149253731,0.1006523765144454,0.4969368520263902,0.6865,0.327,0.445114595898673,0.1866666666666666,27.0,0.1599380804380921,0.5030631479736096,0
Unknown_682928,WSH,682928,2023,157,637,584,141,28,6,18,34,122,13,3,0.241,0.4186746987951807,0.4214417744916822,0.699,0.4010554089709762,0.4208955223880598,0.2180801491146319,0.3647502356267672,0.73,0.327,0.445114595898673,0.2333333333333333,23.0,0.0594055301608922,0.6352497643732329,3
Unknown_643446,NYM,643446,2023,158,654,591,158,25,4,10,39,66,18,3,0.267,0.5180722891566266,0.3696857670979668,0.704,0.258575197889182,0.453731343283582,0.2469711090400745,0.151272384542884,0.8073,0.327,0.445114595898673,0.2333333333333333,31.0,0.0227618708994089,0.848727615457116,3
Unknown_572761,SD,572761,2023,80,251,202,39,12,0,5,42,69,2,5,0.193,0.5210843373493976,0.2828096118299446,0.657,0.3298153034300791,0.3641791044776119,0.7488350419384903,0.561262959472196,0.5458,0.327,0.445114595898673,0.1733333333333333,38.0,0.0217980239278947,0.4387370405278041,0
Unknown_519058,LAA,519058,2023,118,406,372,91,15,0,13,23,99,3,8,0.245,0.3915662650602409,0.3992606284658042,0.678,0.3588390501319261,0.4686567164179104,0.233457595526561,0.4879830348727615,0.6921,0.326,0.4427020506634499,0.1933333333333333,35.0,0.073219201491402,0.5120169651272384,1
Unknown_543068,COL,543068,2023,72,282,262,66,13,0,12,17,66,1,2,0.252,0.4216867469879518,0.489833641404806,0.737,0.4696569920844327,0.4656716417910447,0.2502329916123019,0.4648916116870877,0.7021,0.326,0.4427020506634499,0.18,33.0,0.065104853213661,0.5351083883129124,0
Unknown_680911,MIL,680911,2023,92,330,305,83,18,0,5,19,66,2,4,0.272,0.4728915662650602,0.3807763401109058,0.695,0.2612137203166226,0.5791044776119404,0.2376514445479962,0.3847785108388313,0.7364,0.326,0.4427020506634499,0.1866666666666666,27.0,0.057200547638262,0.6152214891611687,3
Unknown_669911,COL,669911,2023,49,175,162,32,10,0,5,12,56,1,0,0.198,0.2981927710843374,0.3290203327171904,0.609,0.3825857519788918,0.3970149253731344,0.2889095992544268,0.6675306314797361,0.6057,0.326,0.4427020506634499,0.1666666666666666,25.0,0.0802820183077779,0.3324693685202637,1
Unknown_630105,SD,630105,2023,132,536,473,110,27,7,10,46,99,11,5,0.233,0.463855421686747,0.3863216266173753,0.695,0.3720316622691292,0.4089552238805971,0.3690587138863,0.3487276154571159,0.7052,0.326,0.4427020506634499,0.2133333333333333,29.0,0.0316601372812498,0.651272384542884,3
Unknown_624415,TOR,624415,2023,109,359,306,69,12,0,9,44,95,7,2,0.225,0.5301204819277109,0.3308687615526802,0.687,0.3113456464379947,0.4776119402985074,0.5405405405405406,0.5369934024505184,0.5933,0.325,0.4398874145556895,0.1866666666666666,28.0,0.0317677059632515,0.4630065975494817,1
Unknown_593160,TOR,593160,2023,148,604,557,151,28,0,11,38,104,3,6,0.271,0.4819277108433735,0.3826247689463957,0.698,0.2664907651715039,0.5313432835820896,0.2623485554520037,0.3192742695570216,0.7599,0.325,0.4398874145556895,0.22,34.0,0.0429830804143451,0.6807257304429783,3
Unknown_643265,MIA,643265,2023,126,471,436,109,18,1,17,31,135,2,2,0.25,0.4307228915662651,0.4417744916820703,0.714,0.4063324538258575,0.5611940298507463,0.2758620689655172,0.5888312912346843,0.6433,0.325,0.4398874145556895,0.2,33.0,0.074299229071838,0.4111687087653159,0
Unknown_656413,CIN,656413,2023,87,258,222,51,16,2,5,25,70,6,2,0.23,0.4939759036144578,0.3937153419593347,0.709,0.3931398416886543,0.5223880597014926,0.4207828518173345,0.5527803958529688,0.5969,0.325,0.4398874145556895,0.1733333333333333,27.0,0.0441853434934237,0.4472196041470311,0
Unknown_642336,TB,642336,2023,49,170,159,37,12,0,6,6,38,2,2,0.233,0.3253012048192771,0.4565619223659889,0.688,0.4749340369393139,0.391044776119403,0.1337371854613233,0.4401508011310085,0.7235,0.325,0.4398874145556895,0.16,28.0,0.1125422803901704,0.5598491988689915,0
Unknown_624428,BAL,624428,2023,145,474,431,102,23,2,13,33,70,4,2,0.237,0.4156626506024096,0.3992606284658042,0.686,0.3799472295514511,0.3582089552238806,0.2935694315004659,0.2615457115928369,0.7637,0.324,0.4370727784479292,0.2,32.0,0.0310687446110898,0.7384542884071632,3
Unknown_664238,SEA,664238,2023,63,165,145,30,9,1,7,16,56,4,0,0.207,0.4367469879518072,0.4695009242144178,0.731,0.5593667546174143,0.4358208955223881,0.4212488350419385,0.7132422243166823,0.5394,0.324,0.4370727784479292,0.16,31.0,0.0577182467688259,0.2867577756833179,0
Unknown_671277,WSH,671277,2023,127,503,467,125,19,4,9,28,63,0,7,0.268,0.4427710843373493,0.3863216266173753,0.688,0.2823218997361477,0.4626865671641791,0.2287977632805218,0.2085296889726673,0.8171,0.324,0.4370727784479292,0.2066666666666666,23.0,0.0335003666631036,0.7914703110273329,3
Unknown_572816,WSH,572816,2023,57,175,164,40,8,1,2,9,30,0,2,0.244,0.3674698795180724,0.3086876155268023,0.621,0.2348284960422163,0.4477611940298507,0.2087604846225536,0.3173892554194156,0.7771,0.324,0.4370727784479292,0.16,34.0,0.054537385708019,0.6826107445805842,1
Unknown_678246,LAD,678246,2023,88,324,276,54,15,4,7,39,67,4,4,0.196,0.4277108433734939,0.3345656192236599,0.655,0.3957783641160949,0.2805970149253731,0.5302889095992543,0.4008011310084826,0.6543,0.324,0.4370727784479292,0.18,24.0,0.0232390802869991,0.5991988689915175,3
Unknown_621439,MIN,621439,2023,89,356,313,64,18,1,17,35,114,4,4,0.204,0.3945783132530119,0.4750462107208873,0.721,0.575197889182058,0.3552238805970149,0.4273066169617893,0.6680018850141376,0.5702,0.323,0.434660233212706,0.1866666666666666,30.0,0.0530420757848619,0.3319981149858624,0
Unknown_669289,TOR,669289,2023,92,271,247,63,15,0,2,18,38,3,1,0.255,0.463855421686747,0.3068391866913125,0.652,0.2005277044854881,0.4746268656716418,0.2786579683131407,0.2438737040527804,0.7749,0.323,0.434660233212706,0.1733333333333333,29.0,0.0308620150291083,0.7561262959472195,3
Unknown_672386,TOR,672386,2023,128,445,391,96,16,0,8,45,50,7,2,0.246,0.5271084337349398,0.321626617375231,0.68,0.2453825857519788,0.3850746268656717,0.4403541472506989,0.1783694627709707,0.7708,0.323,0.434660233212706,0.1933333333333333,25.0,0.0115127827461833,0.8216305372290289,3
Unknown_545121,WSH,545121,2023,90,303,277,69,14,2,4,21,22,1,1,0.249,0.4367469879518072,0.3382624768946395,0.661,0.2612137203166226,0.3701492537313433,0.2921714818266542,0.0845900094250706,0.8449,0.323,0.434660233212706,0.18,32.0,0.0102710976977093,0.9154099905749292,3
Unknown_543309,NYY,543309,2023,84,272,252,60,14,0,11,15,77,0,3,0.238,0.3614457831325302,0.4639556377079483,0.702,0.4696569920844327,0.4746268656716418,0.2260018639328984,0.5805843543826579,0.6544,0.323,0.434660233212706,0.1733333333333333,33.0,0.0894412042287212,0.4194156456173421,0
Unknown_665923,ATH,665923,2023,133,511,466,120,24,1,6,22,99,16,2,0.258,0.463855421686747,0.3290203327171904,0.664,0.2242744063324538,0.5373134328358209,0.1700838769804287,0.3699340245051838,0.7084,0.322,0.4318455971049457,0.2,24.0,0.0769814477409858,0.6300659754948161,3
Unknown_408234,DET,408234,2023,102,382,346,89,20,0,4,31,76,2,3,0.257,0.4849397590361446,0.3253234750462108,0.669,0.2189973614775725,0.5432835820895523,0.34762348555452,0.3824222431668237,0.7147,0.322,0.4318455971049457,0.1866666666666666,40.0,0.03742920931182,0.6175777568331762,3
Unknown_664983,AZ,664983,2023,96,323,287,71,9,5,2,26,63,5,1,0.247,0.4879518072289157,0.2957486136783735,0.654,0.2058047493403693,0.5223880597014926,0.3443616029822926,0.3729971724787936,0.6966,0.322,0.4318455971049457,0.18,26.0,0.0368799255014753,0.6270028275212063,3
Unknown_521692,KC,521692,2023,144,592,550,139,22,0,24,21,139,13,8,0.253,0.4036144578313252,0.4621072088724585,0.716,0.4274406332453826,0.4686567164179104,0.1346691519105312,0.4667766258246937,0.7044,0.322,0.4318455971049457,0.2066666666666666,33.0,0.1180129190646518,0.5332233741753063,0
Unknown_682641,SF,682641,2023,80,262,236,58,13,1,2,21,34,3,0,0.246,0.4728915662650602,0.2975970425138634,0.65,0.2110817941952506,0.4358208955223881,0.3429636533084808,0.2193685202639019,0.771,0.322,0.4318455971049457,0.1733333333333333,21.0,0.0213199011815155,0.7806314797360978,3
Unknown_605119,MIL,605119,2023,99,374,329,74,12,3,10,38,114,4,3,0.225,0.4578313253012048,0.3641404805914973,0.681,0.3614775725593667,0.5194029850746269,0.4426840633737185,0.6317153628652215,0.5829,0.322,0.4318455971049457,0.1866666666666666,30.0,0.0480604420033589,0.3682846371347787,0
Unknown_666185,STL,666185,2023,78,270,232,52,8,1,5,28,54,7,3,0.224,0.4939759036144578,0.2920517560073938,0.654,0.2612137203166226,0.3970149253731344,0.4524697110904007,0.3847785108388313,0.6704,0.322,0.4318455971049457,0.1733333333333333,25.0,0.0273237204097584,0.6152214891611687,3
Unknown_679032,PHI,679032,2023,51,186,170,46,9,2,2,6,51,4,0,0.271,0.4608433734939758,0.3844731977818855,0.693,0.2717678100263852,0.7223880597014926,0.1197576887232059,0.5596135721017907,0.6398,0.321,0.4290309609971853,0.16,23.0,0.1543060552731808,0.4403864278982092,1
Unknown_606132,BOS,606132,2023,63,182,160,36,5,1,3,19,42,1,1,0.225,0.4548192771084337,0.279112754158965,0.634,0.2401055408970976,0.4477611940298507,0.4557315936626281,0.4573515551366635,0.6484,0.321,0.4290309609971853,0.16,29.0,0.0327836731531355,0.5426484448633364,1
Unknown_682829,CIN,682829,2023,97,427,388,91,15,7,13,35,144,2,1,0.235,0.4277108433734939,0.4362292051756007,0.71,0.4379947229551451,0.6029850746268658,0.3513513513513513,0.7080584354382657,0.5738,0.32,0.4266184157619622,0.1866666666666666,21.0,0.0695875545001406,0.2919415645617345,0
Unknown_553882,NYM,553882,2023,49,158,139,33,5,0,3,15,28,0,3,0.237,0.4457831325301205,0.3031423290203328,0.644,0.2427440633245382,0.4059701492537314,0.4114631873252563,0.3310556079170594,0.7215,0.32,0.4266184157619622,0.1533333333333333,31.0,0.0261350661854237,0.6689443920829405,3
Unknown_643217,CWS,643217,2023,152,635,575,149,34,2,5,53,91,3,3,0.259,0.496987951807229,0.3271719038817006,0.675,0.2189973614775725,0.4925373134328358,0.35834109972041,0.2511781338360038,0.7669,0.32,0.4266184157619622,0.2066666666666666,29.0,0.0232112023653047,0.7488218661639963,3
Unknown_663611,CHC,663611,2023,93,309,283,74,16,1,2,12,26,9,0,0.261,0.463855421686747,0.3179297597042514,0.659,0.2005277044854881,0.4417910447761193,0.1500465983224604,0.1116870876531573,0.8317,0.32,0.4266184157619622,0.1733333333333333,26.0,0.0319474722758494,0.8883129123468427,3
Unknown_656775,BAL,656775,2023,119,480,427,97,23,3,16,45,106,1,4,0.227,0.4277108433734939,0.4306839186691313,0.707,0.4511873350923482,0.382089552238806,0.4063373718546132,0.4337888784165881,0.6771,0.319,0.4238037796542018,0.1866666666666666,29.0,0.0355557044810307,0.5662111215834118,0
Unknown_666801,PIT,666801,2023,90,276,244,52,7,0,7,26,78,5,1,0.213,0.4307228915662651,0.2846580406654345,0.629,0.2796833773087071,0.4388059701492538,0.4082013047530289,0.5794062205466541,0.6051,0.319,0.4238037796542018,0.1666666666666666,24.0,0.0480604420033589,0.4205937794533461,1
Unknown_444482,LAD,444482,2023,141,444,414,106,27,1,8,22,76,2,6,0.256,0.4066265060240963,0.3881700554528651,0.677,0.3139841688654353,0.4716417910447761,0.1999068033550792,0.3169180018850141,0.7748,0.318,0.4209891435464414,0.18,36.0,0.0569366087589653,0.6830819981149858,3
Unknown_655316,MIL,655316,2023,92,322,287,73,14,1,3,29,68,3,3,0.254,0.5060240963855422,0.3086876155268023,0.668,0.2058047493403693,0.555223880597015,0.3890959925442684,0.4111687087653157,0.6894,0.318,0.4209891435464414,0.1733333333333333,26.0,0.0353644253233173,0.588831291234684,1
Unknown_670032,KC,670032,2023,84,275,236,53,8,3,1,28,42,6,1,0.225,0.4909638554216867,0.2273567467652495,0.618,0.1662269129287598,0.4,0.4436160298229263,0.2733270499528746,0.7091,0.318,0.4209891435464414,0.1666666666666666,28.0,0.0190271652807257,0.7266729500471252,3
Unknown_662139,TOR,662139,2023,159,601,543,119,23,4,21,49,140,4,3,0.219,0.3885542168674698,0.4029574861367839,0.679,0.4327176781002638,0.3611940298507463,0.3490214352283318,0.4622997172478794,0.6739,0.317,0.4185765983112183,0.1933333333333333,27.0,0.0453055462161806,0.5377002827521207,0
Unknown_493329,MIA,493329,2023,105,343,312,77,17,3,4,26,45,1,4,0.247,0.4367469879518072,0.3419593345656193,0.662,0.2717678100263852,0.4149253731343284,0.3224603914259087,0.2226672950047125,0.7901,0.317,0.4185765983112183,0.1733333333333333,39.0,0.0234957874675865,0.7773327049952876,3
Unknown_665804,CHC,665804,2023,52,159,132,28,4,0,5,12,41,12,2,0.212,0.5150602409638555,0.3364140480591498,0.685,0.3562005277044854,0.3791044776119403,0.3210624417520969,0.5212064090480679,0.5849,0.317,0.4185765983112183,0.1533333333333333,24.0,0.0561102864986409,0.4787935909519321,1
Unknown_669743,WSH,669743,2023,127,462,393,80,15,1,9,57,83,6,3,0.204,0.463855421686747,0.2624768946395564,0.627,0.2717678100263852,0.2985074626865672,0.5442684063373718,0.3369462770970782,0.6775,0.317,0.4185765983112183,0.18,29.0,0.0181801653115078,0.6630537229029219,3
Unknown_676694,HOU,676694,2023,102,355,322,73,16,1,10,26,90,6,1,0.227,0.4156626506024096,0.3733826247689465,0.672,0.3693931398416886,0.444776119402985,0.3103448275862069,0.5108388312912346,0.6563,0.317,0.4185765983112183,0.1733333333333333,27.0,0.0570242678767402,0.4891611687087651,1
Unknown_624414,BOS,624414,2023,65,225,213,54,17,0,3,8,45,1,2,0.254,0.3704819277108434,0.3733826247689465,0.657,0.2981530343007915,0.5104477611940299,0.1351351351351351,0.3847785108388313,0.7556,0.317,0.4185765983112183,0.16,28.0,0.0987327526878049,0.6152214891611687,1
Unknown_518595,ATL,518595,2023,80,315,287,64,13,0,12,23,73,3,2,0.223,0.3855421686746987,0.4066543438077635,0.679,0.4274406332453826,0.3611940298507463,0.309412861136999,0.4594721960414703,0.6857,0.316,0.4157619622034579,0.1666666666666666,34.0,0.051427771815025,0.5405278039585297,0
Unknown_670764,TB,670764,2023,100,368,322,69,14,2,9,44,94,1,0,0.214,0.4608433734939758,0.3327171903881701,0.665,0.345646437994723,0.4179104477611941,0.5265610438024231,0.515315739868049,0.6196,0.316,0.4157619622034579,0.1733333333333333,27.0,0.0313266582067018,0.4846842601319507,1
Unknown_660757,CLE,660757,2023,59,201,194,46,10,2,3,5,49,1,1,0.237,0.3042168674698795,0.3364140480591498,0.614,0.2902374670184696,0.4985074626865672,0.0852749301025163,0.4879830348727615,0.7264,0.316,0.4157619622034579,0.1533333333333333,25.0,0.1795069505387613,0.5120169651272384,1
Unknown_668942,AZ,668942,2023,108,367,332,81,18,0,4,28,85,1,4,0.244,0.4307228915662651,0.2957486136783735,0.636,0.2137203166226912,0.5313432835820896,0.3247903075489282,0.4592365692742695,0.6785,0.316,0.4157619622034579,0.1733333333333333,29.0,0.0487453685839715,0.5407634307257303,1
Unknown_663898,COL,663898,2023,45,192,178,46,9,1,4,11,41,3,0,0.258,0.463855421686747,0.3955637707948244,0.7,0.3166226912928759,0.5432835820895523,0.2362534948741845,0.4165881244109331,0.7135,0.316,0.4157619622034579,0.1533333333333333,27.0,0.0621126154956398,0.5834118755890669,3
Unknown_519317,NYY,519317,2023,106,432,388,73,13,0,24,41,129,2,1,0.188,0.3343373493975904,0.4306839186691313,0.676,0.5540897097625329,0.2208955223880596,0.4114631873252563,0.6171065032987747,0.6019,0.316,0.4157619622034579,0.1733333333333333,34.0,0.050895444085864,0.3828934967012254,0
Unknown_622761,BAL,622761,2023,112,369,338,79,18,3,7,22,86,1,3,0.234,0.3674698795180724,0.356746765249538,0.647,0.3271767810026385,0.4656716417910447,0.2469711090400745,0.4627709707822808,0.6883,0.315,0.4129473260956975,0.1666666666666666,28.0,0.0656947476637502,0.5372290292177193,1
Unknown_622534,TB,622534,2023,101,352,326,85,21,1,4,18,58,4,3,0.261,0.4427710843373493,0.3585951940850277,0.673,0.258575197889182,0.5044776119402985,0.2073625349487418,0.3018378887841659,0.7699,0.315,0.4129473260956975,0.1666666666666666,29.0,0.0524163804548955,0.698162111215834,3
Unknown_656896,AZ,656896,2023,89,297,269,68,13,0,5,23,60,0,5,0.253,0.4457831325301205,0.3382624768946395,0.663,0.2506596306068601,0.4985074626865672,0.3299161230195713,0.3894910461828464,0.7205,0.315,0.4129473260956975,0.16,27.0,0.0405082890574199,0.6105089538171538,1
Unknown_664913,ATH,664913,2023,116,392,355,77,19,1,15,32,105,2,2,0.217,0.3795180722891565,0.4232902033271721,0.687,0.467018469656992,0.382089552238806,0.3494874184529357,0.5447690857681433,0.6429,0.315,0.4129473260956975,0.1733333333333333,31.0,0.0535397613848362,0.4552309142318567,0
Unknown_663368,MIL,663368,2023,54,173,148,32,7,0,4,23,46,0,0,0.216,0.4939759036144578,0.3160813308687616,0.666,0.3139841688654353,0.453731343283582,0.5885368126747437,0.5400565504241283,0.5896,0.314,0.4101326899879372,0.1533333333333333,27.0,0.028719488159538,0.4599434495758718,1
Unknown_686823,CLE,686823,2023,140,470,447,119,25,0,5,16,59,5,2,0.266,0.4216867469879518,0.3364140480591498,0.654,0.2110817941952506,0.4835820895522388,0.1276794035414725,0.2092365692742696,0.8298,0.314,0.4101326899879372,0.1733333333333333,25.0,0.0614385204931997,0.7907634307257305,3
Unknown_683011,NYY,683011,2023,162,621,559,119,25,5,22,54,172,5,2,0.213,0.3885542168674698,0.4066543438077635,0.681,0.4538258575197889,0.3880597014925373,0.374650512581547,0.5662111215834119,0.6264,0.314,0.4101326899879372,0.1866666666666666,22.0,0.0516200774636051,0.4337888784165882,0
Unknown_594777,CLE,594777,2023,45,181,162,36,8,0,6,15,38,2,2,0.222,0.4066265060240963,0.3863216266173753,0.676,0.3984168865435356,0.3462686567164179,0.3555452003727866,0.4081055607917059,0.6961,0.314,0.4101326899879372,0.1533333333333333,36.0,0.0390014059210254,0.5918944392082941,3
Unknown_642136,LAA,642136,2023,98,323,274,56,6,0,9,40,86,6,3,0.204,0.4759036144578313,0.279112754158965,0.641,0.2928759894459102,0.3701492537313433,0.5461323392357875,0.5409990574929311,0.5913,0.314,0.4101326899879372,0.16,28.0,0.0316285767176898,0.4590009425070689,1
Unknown_543510,BAL,543510,2023,67,229,209,47,14,0,6,10,57,5,2,0.225,0.3493975903614459,0.3770794824399261,0.652,0.3799472295514511,0.4268656716417911,0.1728797763280521,0.5,0.6725,0.313,0.407720144752714,0.1533333333333333,33.0,0.1002361856788157,0.5,1
Unknown_641511,PIT,641511,2023,61,196,176,43,11,1,1,14,45,3,1,0.244,0.4548192771084337,0.2975970425138634,0.645,0.2163588390501319,0.5582089552238807,0.3019571295433365,0.4545240339302545,0.6735,0.313,0.407720144752714,0.1533333333333333,28.0,0.0522351615321035,0.5454759660697455,1
Unknown_595777,COL,595777,2023,123,521,460,111,27,2,9,50,90,6,5,0.241,0.4909638554216867,0.356746765249538,0.688,0.308707124010554,0.4328358208955225,0.4165890027958993,0.3204524033930254,0.7179,0.313,0.407720144752714,0.1733333333333333,30.0,0.0248136586275283,0.6795475966069746,3
Unknown_682626,NYM,682626,2023,121,425,384,80,12,0,25,34,112,6,1,0.208,0.3734939759036144,0.4824399260628466,0.717,0.575197889182058,0.2626865671641791,0.342031686859273,0.53440150801131,0.6424,0.313,0.407720144752714,0.1666666666666666,22.0,0.0537461253615412,0.4655984919886897,0
Unknown_641343,NYY,641343,2023,83,276,246,51,15,0,12,27,95,0,3,0.207,0.3765060240963854,0.4454713493530499,0.697,0.5224274406332453,0.4208955223880598,0.4249767008387697,0.7245523091423186,0.558,0.313,0.407720144752714,0.16,28.0,0.0581142283531187,0.2754476908576813,0
Unknown_667452,HOU,667452,2023,95,335,309,76,15,0,7,23,77,1,2,0.246,0.4246987951807228,0.3475046210720888,0.661,0.2849604221635884,0.5074626865671642,0.2893755824790307,0.4552309142318567,0.6985,0.313,0.407720144752714,0.16,27.0,0.054765847010624,0.5447690857681433,1
Unknown_665155,DET,665155,2023,98,310,262,47,9,0,10,42,77,3,2,0.179,0.4216867469879518,0.2846580406654345,0.626,0.3693931398416886,0.2238805970149253,0.6006523765144455,0.4988218661639963,0.6032,0.313,0.407720144752714,0.16,26.0,0.0254766237999232,0.501178133836004,1
Unknown_672580,KC,672580,2023,124,518,467,126,20,4,4,38,115,2,10,0.27,0.4909638554216867,0.3345656192236599,0.677,0.2031662269129287,0.6179104477611942,0.3112767940354147,0.4366163996229972,0.6988,0.312,0.4049055086449537,0.1733333333333333,23.0,0.0485351004783883,0.563383600377003,1
Unknown_686894,MIL,686894,2023,128,424,380,79,20,0,13,37,119,5,2,0.208,0.3825301204819277,0.3493530499075786,0.649,0.3852242744063324,0.3880597014925373,0.3760484622553588,0.5749293119698398,0.6203,0.312,0.4049055086449537,0.1666666666666666,24.0,0.0522286405706403,0.4250706880301604,1
Unknown_642133,MIL,642133,2023,108,363,321,69,9,1,13,37,88,0,5,0.215,0.4036144578313252,0.3641404805914973,0.663,0.387862796833773,0.3432835820895522,0.4440820130475303,0.484684260131951,0.6556,0.311,0.4020908725371933,0.16,28.0,0.0360368475215618,0.5153157398680492,1
Unknown_518735,CWS,518735,2023,122,423,379,88,14,0,8,38,89,4,2,0.232,0.4487951807228916,0.2920517560073938,0.64,0.2401055408970976,0.4417910447761193,0.3876980428704566,0.4092836946277097,0.6903,0.311,0.4020908725371933,0.16,35.0,0.0353435650424431,0.5907163053722901,1
Unknown_622110,KC,622110,2023,81,222,203,49,9,0,2,13,41,4,2,0.241,0.4186746987951807,0.2606284658040667,0.613,0.1715039577836411,0.4656716417910447,0.2423112767940354,0.3487276154571159,0.7387,0.311,0.4020908725371933,0.1533333333333333,32.0,0.0510001025588929,0.651272384542884,1
Unknown_676701,COL,676701,2023,80,243,221,50,11,0,4,18,54,1,2,0.226,0.3825301204819277,0.2883548983364142,0.615,0.2506596306068601,0.4328358208955225,0.3145386766076421,0.4370876531573986,0.6955,0.311,0.4020908725371933,0.1533333333333333,27.0,0.0480343211965909,0.5629123468426014,1
Unknown_516782,NYM,516782,2023,89,361,333,84,10,1,5,17,73,8,1,0.252,0.4397590361445783,0.2939001848428836,0.637,0.1899736147757255,0.5223880597014926,0.1887232059645852,0.3899622997172479,0.723,0.311,0.4020908725371933,0.16,35.0,0.0730870032547158,0.6100377002827522,1
Unknown_624431,NYY,624431,2023,58,183,170,37,4,0,4,10,24,2,0,0.218,0.3343373493975904,0.2550831792975971,0.581,0.2242744063324538,0.2925373134328358,0.2236719478098788,0.2224316682375117,0.7978,0.311,0.4020908725371933,0.1466666666666666,31.0,0.0364684011141024,0.777568331762488,3
Unknown_621438,MIL,621438,2023,72,251,239,55,17,1,11,8,57,3,1,0.23,0.3162650602409639,0.5064695009242146,0.711,0.5514511873350924,0.3641791044776119,0.1178937558247902,0.4486333647502357,0.7291,0.31,0.3996783273019702,0.1533333333333333,29.0,0.1277881862322828,0.5513666352497644,0
Unknown_686527,SEA,686527,2023,61,187,178,39,13,0,7,8,32,1,0,0.219,0.2981927710843374,0.4362292051756007,0.667,0.4802110817941952,0.2865671641791045,0.1686859273066169,0.3166823751178134,0.7807,0.31,0.3996783273019702,0.1466666666666666,26.0,0.0673707366459826,0.6833176248821866,3
Unknown_669127,ATH,669127,2023,136,504,461,95,20,5,22,35,149,5,2,0.206,0.3313253012048193,0.4436229205175602,0.683,0.525065963060686,0.3462686567164179,0.2926374650512581,0.6100377002827521,0.623,0.31,0.3996783273019702,0.1666666666666666,26.0,0.0724361229405169,0.389962299717248,0
Unknown_595453,LAA,595453,2023,67,184,164,31,5,1,7,17,59,0,1,0.189,0.319277108433735,0.3438077634011091,0.623,0.4274406332453826,0.3223880597014925,0.3998136067101584,0.6691800188501413,0.5761,0.31,0.3996783273019702,0.1466666666666666,32.0,0.0571726175981247,0.3308199811498586,1
Unknown_462101,CWS,462101,2023,116,422,388,95,20,1,6,27,76,4,2,0.245,0.4246987951807228,0.321626617375231,0.647,0.2480211081794195,0.4626865671641791,0.2674743709226468,0.3378887841658813,0.7441,0.309,0.3968636911942098,0.16,35.0,0.0444615254096158,0.6621112158341187,3
Unknown_656976,AZ,656976,2023,71,238,201,37,5,0,7,36,45,1,0,0.184,0.4608433734939758,0.2569316081330869,0.624,0.3166226912928759,0.2,0.6742777260018639,0.3590951932139491,0.6513,0.308,0.3940490550864495,0.1466666666666666,27.0,0.0141850876250673,0.6409048067860508,3
Unknown_657136,BOS,657136,2023,118,408,376,88,25,2,10,22,137,6,1,0.234,0.3855421686746987,0.401109057301294,0.677,0.3905013192612137,0.6119402985074628,0.2204100652376514,0.7047596606974552,0.5882,0.308,0.3940490550864495,0.1533333333333333,27.0,0.1105798418476439,0.2952403393025449,1
Unknown_643396,NYY,643396,2023,110,375,339,83,13,1,6,29,74,3,3,0.245,0.4487951807228916,0.3105360443622921,0.65,0.2321899736147757,0.4776119402985074,0.3294501397949673,0.378416588124411,0.7147,0.308,0.3940490550864495,0.1533333333333333,28.0,0.0393967820240307,0.621583411875589,1
Unknown_656716,DET,656716,2023,149,529,473,108,22,4,9,46,114,5,3,0.228,0.4337349397590361,0.3234750462107209,0.651,0.2955145118733509,0.4358208955223881,0.374650512581547,0.4213006597549482,0.6843,0.308,0.3940490550864495,0.16,28.0,0.0379377286632837,0.5786993402450518,1
Unknown_677950,AZ,677950,2023,125,435,404,92,17,5,11,21,98,5,3,0.228,0.3463855421686748,0.3733826247689465,0.649,0.3693931398416886,0.4119402985074627,0.1943150046598322,0.4443920829406221,0.7103,0.307,0.3916365098512263,0.1533333333333333,23.0,0.0802795648259912,0.5556079170593777,1
Unknown_500743,LAD,500743,2023,132,446,406,96,16,1,6,28,50,5,5,0.236,0.4006024096385542,0.279112754158965,0.616,0.2110817941952506,0.3582089552238806,0.2618825722273998,0.1776625824693685,0.8094,0.307,0.3916365098512263,0.1533333333333333,34.0,0.0245441042757908,0.8223374175306313,3
Unknown_678225,PIT,678225,2023,110,391,354,83,17,2,2,30,94,2,2,0.234,0.4156626506024096,0.2532347504621072,0.607,0.1767810026385224,0.5313432835820896,0.3266542404473439,0.479971724787936,0.6701,0.307,0.3916365098512263,0.1533333333333333,24.0,0.0506596836395442,0.5200282752120642,1
Unknown_641943,PIT,641943,2023,85,264,247,59,9,2,10,12,56,2,1,0.239,0.3644578313253013,0.4417744916820703,0.692,0.4353562005277044,0.4029850746268657,0.1812674743709226,0.4132893496701226,0.7273,0.307,0.3916365098512263,0.1466666666666666,28.0,0.0802203792961219,0.5867106503298776,3
Unknown_668709,ATH,668709,2023,81,303,256,50,11,0,10,42,72,2,3,0.195,0.4578313253012048,0.3345656192236599,0.666,0.3984168865435356,0.2746268656716418,0.6150978564771669,0.4733741753063148,0.6172,0.306,0.388821873743466,0.1466666666666666,26.0,0.0231747762411018,0.5266258246936852,0
Unknown_542194,TB,542194,2023,102,342,325,75,17,0,12,13,93,0,3,0.231,0.3012048192771085,0.4066543438077635,0.652,0.4063324538258575,0.444776119402985,0.146318732525629,0.5541941564561733,0.6871,0.306,0.388821873743466,0.1466666666666666,32.0,0.1284877120823727,0.4458058435438266,1
Unknown_664728,KC,664728,2023,93,325,304,73,24,2,5,17,61,1,2,0.24,0.3704819277108434,0.3844731977818855,0.662,0.3482849604221635,0.444776119402985,0.2129543336439888,0.3557964184731386,0.7538,0.306,0.388821873743466,0.1466666666666666,26.0,0.0594591025904475,0.6442035815268614,3
Unknown_686681,KC,686681,2023,133,474,440,100,18,1,17,25,105,4,4,0.227,0.3463855421686748,0.3974121996303143,0.661,0.4010554089709762,0.3701492537313433,0.2148182665424044,0.4354382657869934,0.7152,0.304,0.3835946924004825,0.1466666666666666,25.0,0.0713458277619288,0.5645617342130065,1
Unknown_670097,DET,670097,2023,94,266,231,45,9,0,7,30,73,1,1,0.195,0.3945783132530119,0.279112754158965,0.614,0.3192612137203166,0.3462686567164179,0.4948741845293569,0.5600848256361922,0.5977,0.302,0.3779654201849617,0.14,28.0,0.0370785879238759,0.4399151743638079,1
Unknown_643393,ATH,643393,2023,126,436,376,81,14,3,5,44,43,6,3,0.215,0.4427710843373493,0.2495378927911276,0.614,0.2216358839050131,0.2865671641791045,0.4394221808014911,0.1458529688972667,0.7706,0.302,0.3779654201849617,0.14,32.0,0.0089082003179315,0.8541470311027333,3
Unknown_607680,ATL,607680,2023,87,223,211,47,11,0,9,9,55,0,3,0.223,0.2801204819277109,0.4232902033271721,0.654,0.4511873350923482,0.3552238805970149,0.157502329916123,0.4945805843543827,0.713,0.301,0.3755528749497386,0.14,34.0,0.1081392027462336,0.5054194156456173,1
Unknown_664874,CWS,664874,2023,72,218,198,36,5,0,9,14,75,2,2,0.182,0.25,0.312384473197782,0.584,0.4036939313984168,0.2955223880597015,0.2684063373718546,0.724081055607917,0.5734,0.301,0.3755528749497386,0.14,30.0,0.0937056974115279,0.2759189443920831,1
Unknown_657757,CWS,657757,2023,125,369,336,70,11,0,11,28,73,1,4,0.208,0.3313253012048193,0.3049907578558227,0.608,0.3218997361477572,0.2865671641791045,0.3229263746505125,0.3795947219604147,0.7236,0.301,0.3755528749497386,0.14,27.0,0.0404355410458997,0.6204052780395855,1
Unknown_671221,KC,671221,2023,91,337,302,69,11,5,8,27,107,5,3,0.228,0.4277108433734939,0.3752310536044363,0.677,0.3693931398416886,0.5582089552238807,0.342497670083877,0.6616399622997172,0.5875,0.301,0.3755528749497386,0.14,25.0,0.0667151982496118,0.3383600377002829,1
Unknown_571976,CIN,571976,2023,40,160,145,28,5,0,4,13,56,0,1,0.193,0.3012048192771085,0.2513863216266174,0.568,0.2849604221635884,0.4328358208955225,0.34762348555452,0.7382186616399622,0.5625,0.301,0.3755528749497386,0.14,33.0,0.0734228446576132,0.2617813383600378,1
Unknown_680779,PIT,680779,2023,62,255,225,48,10,0,7,25,69,4,1,0.213,0.4337349397590361,0.3271719038817006,0.653,0.3403693931398417,0.4149253731343284,0.4259086672879776,0.5511310084825636,0.6157,0.3,0.3727382388419782,0.14,24.0,0.0434388183617969,0.4488689915174366,1
Unknown_664702,CLE,664702,2023,149,533,475,115,21,3,2,43,101,2,6,0.242,0.4397590361445783,0.2550831792975971,0.616,0.158311345646438,0.4925373134328358,0.3452935694315004,0.3600377002827521,0.7129,0.3,0.3727382388419782,0.1333333333333333,29.0,0.0354445778512688,0.6399622997172478,1
Unknown_689172,SF,689172,2023,49,152,137,26,6,0,3,13,47,0,1,0.19,0.3012048192771085,0.2310536044362293,0.558,0.2638522427440633,0.3791044776119403,0.3676607642124884,0.6420829406220546,0.5987,0.3,0.3727382388419782,0.14,24.0,0.0599906851478639,0.3579170593779455,1
Unknown_671289,CLE,671289,2023,55,171,156,37,7,0,4,10,30,2,1,0.237,0.3975903614457831,0.3419593345656193,0.649,0.2981530343007915,0.4,0.2418452935694315,0.3268143261074458,0.7427,0.299,0.3699236027342178,0.14,24.0,0.0480273556481194,0.6731856738925541,3
Unknown_641820,CHC,641820,2023,84,280,252,57,13,0,4,21,81,3,4,0.226,0.3945783132530119,0.279112754158965,0.615,0.237467018469657,0.5253731343283582,0.3187325256290773,0.5951932139491046,0.6179,0.299,0.3699236027342178,0.1333333333333333,31.0,0.0646545726101617,0.4048067860508955,1
Unknown_570731,DET,570731,2023,61,171,155,35,8,0,1,14,45,0,2,0.226,0.3885542168674698,0.2273567467652495,0.583,0.1635883905013192,0.5134328358208955,0.3508853681267474,0.5336946277097078,0.655,0.299,0.3699236027342178,0.14,32.0,0.0521962364082924,0.4663053722902923,1
Unknown_607054,ATH,607054,2023,136,445,385,83,11,4,6,50,103,5,3,0.216,0.463855421686747,0.2550831792975971,0.623,0.2295514511873351,0.4238805970149254,0.4930102516309412,0.4590009425070688,0.6404,0.298,0.3675110574989947,0.1333333333333333,33.0,0.0298586783640805,0.5409990574929311,1
Unknown_608385,MIL,608385,2023,67,214,179,34,5,0,2,30,53,4,1,0.19,0.4819277108433735,0.1423290203327172,0.569,0.1372031662269129,0.3641791044776119,0.6225535880708294,0.497172478793591,0.5935,0.298,0.3675110574989947,0.1333333333333333,30.0,0.0241904774510846,0.5028275212064091,1
Unknown_500871,LAA,500871,2023,101,330,306,67,7,5,6,20,82,0,3,0.219,0.319277108433735,0.2939001848428836,0.598,0.2770448548812665,0.4238805970149254,0.2516309412861137,0.499057492931197,0.6879,0.298,0.3675110574989947,0.1333333333333333,34.0,0.0693642875193065,0.5009425070688032,1
Unknown_668472,KC,668472,2023,90,347,308,72,17,0,7,29,138,6,4,0.234,0.4518072289156626,0.3382624768946395,0.666,0.3007915567282321,0.7611940298507464,0.3588070829450139,0.850612629594722,0.5014,0.298,0.3675110574989947,0.1333333333333333,25.0,0.0820715133793942,0.1493873704052783,1
Unknown_672478,ATH,672478,2023,89,297,276,62,9,0,10,17,69,3,1,0.225,0.355421686746988,0.3548983364140481,0.642,0.3482849604221635,0.3850746268656717,0.2357875116495806,0.4608859566446748,0.7003,0.297,0.3646964213912343,0.1333333333333333,23.0,0.0686003009434969,0.5391140433553252,1
Unknown_571771,BOS,571771,2023,146,531,486,115,23,0,11,34,99,4,7,0.237,0.3915662650602409,0.3290203327171904,0.64,0.2796833773087071,0.4119402985074627,0.2674743709226468,0.3527332704995288,0.742,0.296,0.361881785283474,0.1266666666666666,32.0,0.0463668341945386,0.6472667295004713,1
Unknown_572204,CWS,572204,2023,73,196,167,26,3,0,6,27,82,2,0,0.156,0.3704819277108434,0.1977818853974123,0.562,0.308707124010554,0.3552238805970149,0.6113699906803355,0.899387370405278,0.4337,0.296,0.361881785283474,0.1333333333333333,32.0,0.0487627467136306,0.100612629594722,1
Unknown_665828,NYY,665828,2023,101,348,315,71,12,0,7,26,76,2,2,0.225,0.3885542168674698,0.2883548983364142,0.617,0.2532981530343007,0.4179104477611941,0.3173345759552656,0.42813383600377,0.6925,0.296,0.361881785283474,0.1266666666666666,24.0,0.0465835149411634,0.5718661639962299,1
Unknown_675656,ATH,675656,2023,51,158,145,30,5,0,5,7,53,1,0,0.207,0.2710843373493976,0.3160813308687616,0.593,0.3403693931398417,0.4567164179104477,0.1756756756756756,0.7038171536286522,0.5823,0.295,0.3594692400482508,0.1333333333333333,27.0,0.1365365674560787,0.296182846371348,1
Unknown_686668,COL,686668,2023,125,443,411,88,18,6,10,22,153,4,3,0.214,0.3042168674698795,0.3438077634011091,0.619,0.3614775725593667,0.5283582089552239,0.200838769804287,0.7273798303487276,0.5892,0.293,0.3538399678327301,0.12,25.0,0.1245088956673817,0.2726201696512726,1
Unknown_672275,SF,672275,2023,95,354,327,76,18,1,7,21,101,3,1,0.232,0.3795180722891565,0.3401109057301294,0.642,0.3060686015831134,0.5373134328358209,0.2455731593662627,0.5857681432610744,0.6412,0.293,0.3538399678327301,0.12,24.0,0.083115798046201,0.4142318567389256,1
Unknown_691026,STL,691026,2023,41,156,139,26,2,1,2,11,29,1,3,0.187,0.2680722891566265,0.1571164510166359,0.506,0.1662269129287598,0.244776119402985,0.2977632805219011,0.351555136663525,0.7244,0.292,0.351427422597507,0.1333333333333333,21.0,0.0410320553924898,0.6484448633364752,1
Unknown_668901,NYM,668901,2023,68,238,223,47,6,1,9,10,72,3,2,0.211,0.2831325301204819,0.3585951940850277,0.62,0.3905013192612137,0.3880597014925373,0.1649580615097856,0.6262959472196041,0.6429,0.291,0.3486127864897466,0.1266666666666666,24.0,0.1293997013929584,0.3737040527803958,1
Unknown_605612,COL,605612,2023,97,289,274,70,13,0,1,10,70,0,4,0.255,0.3614457831325302,0.2587800369685768,0.592,0.129287598944591,0.5940298507462688,0.1304753028890959,0.4842130065975494,0.7197,0.291,0.3486127864897466,0.12,30.0,0.1254825132637142,0.5157869934024506,1
Unknown_678894,PIT,678894,2023,56,213,198,47,4,1,7,11,67,1,1,0.237,0.3674698795180724,0.3696857670979668,0.653,0.3350923482849604,0.555223880597015,0.2096924510717614,0.6548067860508954,0.6197,0.29,0.3457981503819862,0.1266666666666666,23.0,0.1080025301206301,0.3451932139491047,1
Unknown_595879,DET,595879,2023,141,564,528,116,18,4,9,24,127,9,3,0.22,0.319277108433735,0.2698706099815158,0.584,0.2401055408970976,0.4089552238805971,0.1677539608574091,0.4441564561734213,0.7145,0.289,0.3433856051467631,0.1,31.0,0.0923146071486559,0.5558435438265785,1
Unknown_649557,ATH,649557,2023,113,361,331,74,20,1,4,17,71,7,5,0.224,0.3433734939759036,0.2809611829944548,0.599,0.2480211081794195,0.4,0.1887232059645852,0.3770028275212064,0.7341,0.289,0.3433856051467631,0.1133333333333333,33.0,0.0708268047837394,0.6229971724787937,1
Unknown_672356,CLE,672356,2023,106,352,322,68,15,0,10,28,114,1,1,0.211,0.355421686746988,0.3271719038817006,0.626,0.345646437994723,0.4686567164179104,0.3397017707362535,0.6767200754005656,0.5938,0.289,0.3433856051467631,0.1133333333333333,23.0,0.0688524070525235,0.3232799245994344,1
Unknown_672779,PIT,672779,2023,69,223,205,47,12,2,3,10,36,3,2,0.229,0.3463855421686748,0.3271719038817006,0.624,0.2981530343007915,0.382089552238806,0.1780055917986952,0.2938265786993402,0.7668,0.289,0.3433856051467631,0.1266666666666666,24.0,0.0597255978294169,0.7061734213006599,1
Unknown_543063,SF,543063,2023,95,334,294,58,12,1,7,31,82,4,4,0.197,0.3644578313253013,0.2624768946395564,0.596,0.2902374670184696,0.3283582089552239,0.401677539608574,0.4919886899151743,0.6467,0.287,0.3377563329312424,0.1133333333333333,36.0,0.0411984103641733,0.5080113100848256,1
Unknown_683146,NYM,683146,2023,110,393,359,75,12,0,9,30,111,2,1,0.209,0.3463855421686748,0.2661737523105361,0.591,0.2638522427440633,0.4208955223880598,0.3247903075489282,0.5789349670122526,0.626,0.286,0.3353437876960192,0.1066666666666666,24.0,0.0616321353599415,0.4210650329877474,1
Unknown_572041,SEA,572041,2023,55,160,148,27,7,0,5,9,36,1,2,0.182,0.2198795180722892,0.2902033271719039,0.562,0.3693931398416886,0.2029850746268657,0.2311276794035414,0.4436852026390198,0.7125,0.285,0.3325291515882589,0.1266666666666666,36.0,0.0674848406647648,0.5563147973609803,1
Unknown_681584,SF,681584,2023,48,160,143,21,6,0,6,12,49,4,1,0.147,0.2198795180722892,0.2606284658040667,0.546,0.4195250659630607,0.1044776119402985,0.3187325256290773,0.6350141376060321,0.5938,0.284,0.3297145154804985,0.1266666666666666,26.0,0.0690160159578284,0.3649858623939679,1
Unknown_572287,CLE,572287,2023,45,151,134,24,8,0,3,15,66,2,0,0.179,0.3433734939759036,0.243992606284658,0.577,0.3113456464379947,0.564179104477612,0.4319664492078285,0.9434495758718192,0.4503,0.283,0.3273019702452754,0.1266666666666666,32.0,0.0751932524752659,0.0565504241281811,1
Unknown_668930,MIL,668930,2023,135,466,420,91,9,3,6,39,99,1,2,0.217,0.3795180722891565,0.2236598890942698,0.579,0.1846965699208443,0.4,0.3592730661696178,0.4139962299717248,0.6931,0.282,0.324487334137515,0.0866666666666666,24.0,0.0391111165619737,0.5860037700282752,1
Unknown_571745,SF,571745,2023,61,229,211,44,13,1,6,15,65,2,1,0.209,0.3253012048192771,0.3530499075785583,0.631,0.387862796833773,0.4059701492537314,0.2744641192917055,0.5822337417530631,0.6419,0.281,0.3216726980297547,0.1133333333333333,33.0,0.0738579489538513,0.4177662582469368,1
Unknown_672724,NYY,672724,2023,55,206,187,35,8,0,2,13,52,6,0,0.187,0.3132530120481928,0.1626617375231054,0.524,0.1741424802110817,0.3402985074626866,0.2632805219012115,0.5082469368520264,0.6553,0.28,0.3192601527945315,0.1133333333333333,23.0,0.0674159598184477,0.4917530631479738,1
Unknown_664056,NYY,664056,2023,93,344,319,74,12,2,7,17,59,3,4,0.232,0.3493975903614459,0.321626617375231,0.622,0.2823218997361477,0.3791044776119403,0.1994408201304753,0.3176248821866164,0.7674,0.28,0.3192601527945315,0.1,29.0,0.0571896639687753,0.6823751178133837,1
Unknown_516416,MIA,516416,2023,89,341,316,71,5,2,3,22,50,2,0,0.225,0.3644578313253013,0.199630314232902,0.561,0.1266490765171504,0.373134328358209,0.2698042870456663,0.2589538171536287,0.7801,0.28,0.3192601527945315,0.1,33.0,0.0339864298246354,0.741046182846371,1
Unknown_455117,HOU,455117,2023,124,430,379,71,12,0,15,35,146,3,0,0.187,0.3102409638554217,0.3031423290203328,0.599,0.3720316622691292,0.3671641791044776,0.3485554520037278,0.7134778510838832,0.5419,0.279,0.3164455166867712,0.0866666666666666,37.0,0.0707211403790096,0.2865221489161169,1
Unknown_682848,PIT,682848,2023,56,204,186,41,7,2,3,17,49,0,1,0.22,0.3795180722891565,0.2846580406654345,0.612,0.2612137203166226,0.4388059701492538,0.3574091332712022,0.4795004712535344,0.6765,0.279,0.3164455166867712,0.1133333333333333,23.0,0.0458065581761517,0.5204995287464658,1
Unknown_605113,AZ,605113,2023,75,227,214,45,10,1,3,13,57,0,0,0.21,0.2951807228915662,0.2476894639556378,0.564,0.2348284960422163,0.4149253731343284,0.2362534948741845,0.5051837888784165,0.6916,0.279,0.3164455166867712,0.1133333333333333,33.0,0.0748136184598168,0.4948162111215834,1
Unknown_596115,BOS,596115,2023,41,168,158,32,9,0,3,9,55,1,0,0.203,0.2771084337349397,0.2624768946395564,0.566,0.2770448548812665,0.4656716417910447,0.2190121155638397,0.6849670122525919,0.6131,0.278,0.3136308805790108,0.12,31.0,0.1082214358092133,0.315032987747408,1
Unknown_543877,MIN,543877,2023,104,373,345,75,14,0,6,25,86,1,1,0.217,0.3433734939759036,0.2513863216266174,0.582,0.2216358839050131,0.4119402985074627,0.2814538676607642,0.456880301602262,0.6971,0.277,0.3112183353437877,0.0866666666666666,33.0,0.0566115364410698,0.543119698397738,1
Unknown_693049,CWS,693049,2023,82,285,266,57,10,0,5,13,75,2,2,0.214,0.2891566265060241,0.2476894639556378,0.563,0.2242744063324538,0.4268656716417911,0.1817334575955265,0.5336946277097078,0.6772,0.277,0.3112183353437877,0.1,25.0,0.1017125791048332,0.4663053722902923,1
Unknown_666906,WSH,666906,2023,50,175,159,36,2,1,2,10,42,3,2,0.226,0.3734939759036144,0.2125693160813309,0.571,0.1424802110817941,0.4686567164179104,0.2353215284249766,0.4790292177191329,0.68,0.276,0.3084036992360273,0.1133333333333333,26.0,0.0713480790243152,0.5209707822808671,1
Unknown_607732,MIA,607732,2023,89,288,253,49,14,0,3,27,68,3,2,0.194,0.3584337349397591,0.2051756007393715,0.562,0.2163588390501319,0.3462686567164179,0.4063373718546132,0.4698397737983035,0.6493,0.275,0.3055890631282669,0.1,34.0,0.0387128411822126,0.5301602262016967,1
Unknown_669477,SF,669477,2023,88,292,267,53,15,0,5,14,71,5,3,0.199,0.2740963855421686,0.2532347504621072,0.56,0.2717678100263852,0.3373134328358209,0.1924510717614165,0.486569274269557,0.6815,0.274,0.3031765178930438,0.0933333333333333,24.0,0.0882665802622595,0.5134307257304431,1
Unknown_642851,COL,642851,2023,52,150,135,28,6,0,2,9,40,2,1,0.207,0.322289156626506,0.2255083179297597,0.562,0.2110817941952506,0.4268656716417911,0.2488350419384902,0.5419415645617341,0.64,0.274,0.3031765178930438,0.12,33.0,0.0760291652461623,0.4580584354382659,1
Unknown_608348,AZ,608348,2023,46,154,136,28,5,0,2,16,40,1,1,0.206,0.4036144578313252,0.2088724584103512,0.579,0.1899736147757255,0.4179104477611941,0.4534016775396086,0.5254476908576814,0.6299,0.272,0.2975472456775231,0.1133333333333333,29.0,0.0383733686021595,0.4745523091423185,1
Unknown_669397,ATH,669397,2023,101,343,314,67,4,2,4,19,57,2,2,0.213,0.3102409638554217,0.190388170055453,0.538,0.1451187335092348,0.3373134328358209,0.2273998136067101,0.3051366635249764,0.7551,0.271,0.2951347004422999,0.08,25.0,0.0480604420033589,0.6948633364750234,1
Unknown_657557,STL,657557,2023,110,400,372,77,13,0,14,21,121,5,2,0.207,0.3012048192771085,0.3345656192236599,0.612,0.366754617414248,0.3880597014925373,0.2138863000931966,0.6262959472196041,0.6325,0.271,0.2951347004422999,0.0733333333333333,30.0,0.1015185388259852,0.3737040527803958,1
Unknown_641313,CWS,641313,2023,124,531,500,123,18,2,1,26,123,3,2,0.246,0.3855421686746987,0.2255083179297597,0.582,0.1081794195250659,0.564179104477612,0.1975768872320596,0.4592365692742695,0.7137,0.269,0.2895054282267792,0.04,30.0,0.0814783360269612,0.5407634307257303,1
Unknown_543939,SEA,543939,2023,91,270,240,45,6,0,4,21,57,6,3,0.188,0.3283132530120483,0.1626617375231054,0.529,0.1741424802110817,0.2716417910447761,0.3317800559179869,0.410933081998115,0.6889,0.268,0.287092882991556,0.0866666666666666,33.0,0.0425125236579029,0.5890669180018848,1
Unknown_672820,CWS,672820,2023,51,173,164,33,6,0,6,5,40,0,1,0.201,0.1987951807228916,0.321626617375231,0.571,0.3614775725593667,0.2776119402985075,0.1039142590866728,0.4582940622054666,0.7225,0.266,0.2814636107760353,0.1066666666666666,23.0,0.144838031078803,0.5417059377945335,1
Unknown_663743,MIA,663743,2023,100,328,299,60,10,0,6,17,60,7,2,0.201,0.3012048192771085,0.2218114602587801,0.553,0.2242744063324538,0.2865671641791045,0.2106244175209692,0.3444863336475024,0.7348,0.265,0.2790510655408121,0.0733333333333333,27.0,0.0583360547430296,0.6555136663524974,1
Unknown_621563,MIA,621563,2023,101,328,307,64,16,3,2,13,70,2,3,0.208,0.2560240963855421,0.232902033271719,0.543,0.2163588390501319,0.3791044776119403,0.1537744641192917,0.4163524976437323,0.7317,0.261,0.268194611982308,0.0666666666666666,33.0,0.0942986234505155,0.5836475023562675,1
Unknown_606992,DET,606992,2023,92,306,287,57,10,1,4,17,87,0,1,0.199,0.2560240963855421,0.199630314232902,0.525,0.1978891820580475,0.4029850746268657,0.2283317800559179,0.5834118755890669,0.6569,0.258,0.2601527945315641,0.0666666666666666,31.0,0.0889646388248146,0.416588124410933,1
Unknown_605131,LAD,605131,2023,64,212,189,33,5,0,2,17,46,3,2,0.175,0.2801204819277109,0.1090573012939002,0.484,0.129287598944591,0.2477611940298507,0.3429636533084808,0.4248350612629595,0.684,0.248,0.2332127060715721,0.0733333333333333,34.0,0.0423648033445547,0.5751649387370406,1
Unknown_543592,SD,543592,2023,50,157,133,20,4,0,1,18,31,2,0,0.15,0.3102409638554217,0.0536044362292052,0.464,0.1160949868073878,0.1611940298507462,0.5032618825722274,0.3788878416588125,0.6497,0.241,0.214314435062324,0.0866666666666666,34.0,0.0233509109706582,0.6211121583411876,1
Unknown_595978,PIT,595978,2023,76,221,195,35,5,0,1,11,47,2,3,0.179,0.2078313253012048,0.0868761552680222,0.448,0.0844327176781002,0.2776119402985075,0.2013047530288909,0.4147031102733271,0.6787,0.239,0.2090872537193405,0.06,31.0,0.0726629375394055,0.585296889726673,1
Unknown_595956,CLE,595956,2023,57,158,152,20,7,0,0,4,46,1,1,0.132,0.0,0.0073937153419593,0.336,0.0976253298153034,0.1582089552238805,0.0871388630009319,0.5994344957587182,0.6772,0.161,0.0,0.0133333333333333,31.0,0.2126970994660907,0.4005655042412819,1
Unknown_592450,NYY,592450,2024,154,685,544,178,35,1,58,131,165,9,1,0.327,0.9216867469879518,1.0,1.179,1.0,0.7134328358208956,0.8602050326188257,0.4811498586239397,0.5533,0.505,0.9738640932850824,1.0,32.0,0.0143806262236515,0.5188501413760602,2
Unknown_660271,LAD,660271,2024,153,702,613,190,36,7,54,79,156,6,4,0.31,0.7048192771084337,0.8909426987061,1.048,0.8891820580474933,0.5970149253731344,0.4934762348555452,0.4370876531573986,0.6524,0.45,0.8262967430639323,0.8066666666666666,30.0,0.0282231868559834,0.5629123468426014,2
Unknown_663656,HOU,663656,2024,74,320,263,75,12,0,23,54,48,1,2,0.285,0.746987951807229,0.7744916820702403,0.999,0.7889182058047493,0.4,0.7558247903075489,0.2669651272384543,0.6687,0.431,0.7752312022517089,0.4066666666666667,27.0,0.0071936970430647,0.7330348727615454,2
Unknown_665742,NYY,665742,2024,153,693,559,157,30,4,40,126,117,4,4,0.281,0.7710843373493975,0.7208872458410351,0.978,0.7229551451187334,0.4597014925373134,0.8164026095060577,0.311262959472196,0.6436,0.427,0.7643747486932044,0.7066666666666667,26.0,0.0079653484436094,0.6887370405278037,2
Unknown_670541,HOU,670541,2024,143,616,535,168,34,2,35,67,93,10,4,0.314,0.7228915662650602,0.7523105360443623,0.979,0.6807387862796834,0.5671641791044777,0.4762348555452003,0.2693213949104618,0.724,0.425,0.759147567350221,0.6333333333333333,27.0,0.0168567855257249,0.730678605089538,2
Unknown_677951,KC,677951,2024,158,696,625,205,42,10,31,55,102,8,8,0.328,0.6837349397590361,0.7430683918669132,0.961,0.6306068601583114,0.6388059701492538,0.3373718546132339,0.2589538171536287,0.7629,0.418,0.740249296340973,0.6733333333333333,24.0,0.0259118494655864,0.741046182846371,2
Unknown_665489,TOR,665489,2024,155,679,603,195,44,1,29,67,93,5,4,0.323,0.7078313253012049,0.6839186691312387,0.937,0.5593667546174143,0.6208955223880598,0.429170549860205,0.2363336475023563,0.757,0.411,0.7213510253317248,0.6333333333333333,25.0,0.0168602101453991,0.7636663524976435,2
Unknown_621043,MIN,621043,2024,83,355,309,96,19,2,14,39,60,3,4,0.311,0.6957831325301206,0.6414048059149724,0.91,0.5303430079155672,0.6238805970149256,0.4813606710158434,0.3117342130065976,0.7099,0.411,0.7213510253317248,0.4,30.0,0.019758060630431,0.6882657869934024,2
Unknown_667670,ATH,667670,2024,143,605,538,160,26,2,39,58,170,5,4,0.297,0.6355421686746988,0.7338262476894639,0.939,0.6965699208443272,0.6835820895522388,0.4161230195712954,0.575636192271442,0.6149,0.408,0.7133092078809811,0.5666666666666667,30.0,0.0467081795491243,0.4243638077285578,2
Unknown_606466,AZ,606466,2024,131,564,487,141,23,2,36,63,103,5,9,0.29,0.6415662650602411,0.7264325323475047,0.937,0.7071240105540897,0.4776119402985074,0.4897483690587139,0.3437794533459001,0.6968,0.404,0.7028548451950141,0.5266666666666666,31.0,0.0216350483883093,0.6562205466541,2
Unknown_542303,ATL,542303,2024,159,674,593,181,31,0,38,74,166,3,4,0.305,0.6777108433734941,0.6950092421441776,0.933,0.6226912928759895,0.6865671641791046,0.4808946877912394,0.4938737040527803,0.638,0.403,0.7000402090872535,0.6000000000000001,34.0,0.033411593820901,0.5061262959472197,2
Unknown_547180,PHI,547180,2024,143,623,544,157,42,0,30,74,135,2,2,0.289,0.6536144578313253,0.6598890942698707,0.906,0.6174142480211081,0.5940298507462688,0.5228331780055918,0.4241281809613572,0.6597,0.397,0.6839565741857658,0.54,32.0,0.0252997867948748,0.5758718190386427,2
Unknown_592885,MIL,592885,2024,70,301,259,80,12,3,10,38,56,2,1,0.309,0.7289156626506025,0.5914972273567469,0.894,0.4643799472295514,0.6776119402985076,0.5573159366262814,0.3517907634307257,0.6777,0.397,0.6839565741857658,0.3333333333333333,33.0,0.0185210384281916,0.6482092365692744,2
Unknown_592626,AZ,592626,2024,129,440,365,96,16,1,23,53,105,18,3,0.263,0.6686746987951807,0.6044362292051757,0.882,0.604221635883905,0.5074626865671642,0.5307548928238583,0.4757304429783224,0.5864,0.394,0.6759147567350221,0.42,32.0,0.0283194200990069,0.5242695570216775,2
Unknown_681481,DET,681481,2024,84,286,258,71,15,5,17,22,75,3,3,0.275,0.5361445783132531,0.7319778188539741,0.905,0.7546174142480211,0.555223880597015,0.3275862068965517,0.5313383600377002,0.6399,0.39,0.6650583031765178,0.3133333333333333,27.0,0.055988905087563,0.4686616399622998,2
Unknown_656976,AZ,656976,2024,56,158,137,37,11,0,9,18,31,0,3,0.27,0.5722891566265059,0.689463955637708,0.896,0.7071240105540897,0.4358208955223881,0.5,0.3758246936852027,0.6899,0.389,0.6626457579412948,0.2333333333333333,28.0,0.0233350000183244,0.6241753063147972,2
Unknown_670242,MIN,670242,2024,72,253,214,56,16,1,13,23,91,15,1,0.262,0.644578313253012,0.6543438077634014,0.9,0.6781002638522428,0.755223880597015,0.3928238583410997,0.7610744580584354,0.4901,0.386,0.6546039404905508,0.2866666666666667,27.0,0.0665855250607046,0.2389255419415645,2
Unknown_683002,BAL,683002,2024,156,706,620,173,31,6,36,75,158,7,4,0.279,0.6114457831325301,0.6451016635859521,0.884,0.6200527704485488,0.5522388059701493,0.4641192917054986,0.4408576814326108,0.6601,0.385,0.6517893043827905,0.5466666666666666,23.0,0.0307826351401723,0.5591423185673892,2
Unknown_645302,SEA,645302,2024,80,295,254,78,20,0,4,21,53,11,3,0.307,0.6716867469879518,0.478743068391867,0.814,0.308707124010554,0.7044776119402986,0.3010251630941286,0.3369462770970782,0.6915,0.383,0.6465621230398069,0.3066666666666666,27.0,0.0388448232683658,0.6630537229029219,3
Unknown_575929,STL,575929,2024,81,346,291,78,17,0,15,43,91,12,0,0.268,0.6807228915662652,0.567467652495379,0.865,0.5382585751978891,0.6179104477611942,0.548462255358807,0.5332233741753063,0.578,0.382,0.6437474869320465,0.3333333333333333,32.0,0.0309472367911444,0.4667766258246937,2
Unknown_545341,AZ,545341,2024,103,279,254,74,20,2,12,20,46,3,2,0.291,0.5722891566265059,0.6543438077634014,0.875,0.5989445910290236,0.5343283582089553,0.3033550792171481,0.3020735155513666,0.7527,0.38,0.6385203055890631,0.2933333333333333,33.0,0.0345088800184571,0.6979264844486333,2
Unknown_673548,CHC,673548,2024,129,570,497,142,26,6,21,63,158,6,4,0.286,0.6385542168674699,0.5822550831792976,0.859,0.5118733509234829,0.7223880597014926,0.4841565703634669,0.5666823751178134,0.6018,0.38,0.6385203055890631,0.4533333333333333,30.0,0.0385490880001071,0.4333176248821866,2
Unknown_646240,BOS,646240,2024,136,591,515,140,33,5,27,67,145,3,6,0.272,0.5933734939759036,0.6266173752310538,0.868,0.6121372031662269,0.5671641791044777,0.4976700838769804,0.4915174363807729,0.6362,0.38,0.6385203055890631,0.4666666666666667,28.0,0.0318625703926717,0.5084825636192272,2
Unknown_680776,BOS,680776,2024,156,717,655,189,48,14,21,52,156,6,3,0.289,0.5632530120481928,0.6044362292051757,0.846,0.5356200527704486,0.6417910447761194,0.3070829450139795,0.426248821866164,0.7001,0.379,0.6357056694813026,0.5333333333333334,28.0,0.0480871392693107,0.573751178133836,2
Unknown_608070,CLE,608070,2024,154,662,601,169,39,1,38,54,80,1,6,0.281,0.5421686746987954,0.6746765249537894,0.877,0.6569920844327176,0.4,0.3494874184529357,0.1981621112158341,0.7946,0.378,0.6328910333735425,0.5,32.0,0.0186476453235671,0.801837888784166,2
Unknown_608369,TEX,608369,2024,121,523,465,127,21,0,30,53,95,3,2,0.273,0.5783132530120482,0.6247689463955639,0.862,0.6068601583113455,0.4477611940298507,0.4412861136999068,0.3414231856738926,0.7113,0.377,0.6304784881383192,0.42,30.0,0.0246924278988637,0.6585768143261075,2
Unknown_669364,MIA,669364,2024,70,303,265,87,12,5,1,33,52,0,4,0.328,0.7198795180722893,0.4602587800369687,0.82,0.2242744063324538,0.7880597014925373,0.4767008387698043,0.3178605089538172,0.7162,0.376,0.6276638520305589,0.3,25.0,0.0204934923879294,0.6821394910461829,3
Unknown_656941,PHI,656941,2024,147,679,560,139,22,0,37,106,194,5,8,0.248,0.6325301204819277,0.5767097966728283,0.854,0.604221635883905,0.5044776119402985,0.6966449207828518,0.5867106503298775,0.5508,0.376,0.6276638520305589,0.5,31.0,0.0254190739506029,0.4132893496701224,2
Unknown_595777,SD,595777,2024,152,646,547,153,28,0,24,72,99,17,5,0.28,0.6626506024096387,0.534195933456562,0.84,0.4591029023746701,0.4985074626865672,0.4888164026095061,0.2747408105560792,0.7012,0.375,0.6248492159227985,0.48,31.0,0.0166055556527392,0.7252591894439209,2
Unknown_596019,NYM,596019,2024,149,676,606,168,39,1,33,55,125,12,3,0.277,0.5722891566265059,0.6173752310536045,0.856,0.5857519788918206,0.4925373134328358,0.3485554520037278,0.3491988689915175,0.716,0.374,0.6224366706875752,0.4866666666666667,31.0,0.0339599234967893,0.6508011310084825,2
Unknown_518692,LAD,518692,2024,141,610,521,147,35,2,21,73,94,8,8,0.282,0.6506024096385542,0.5619223659889094,0.852,0.4934036939313984,0.5074626865671642,0.527027027027027,0.2766258246936852,0.7131,0.374,0.6224366706875752,0.4533333333333333,35.0,0.0149118943668242,0.7233741753063148,2
Unknown_578428,NYM,578428,2024,75,291,270,91,16,1,4,12,39,8,1,0.337,0.6716867469879518,0.5064695009242146,0.83,0.2691292875989445,0.7402985074626866,0.1612301957129543,0.2292648444863336,0.7973,0.373,0.6196220345798149,0.2866666666666667,34.0,0.0529463008693037,0.7707351555136663,3
Unknown_666149,SF,666149,2024,85,337,311,88,19,2,15,22,105,3,1,0.283,0.533132530120482,0.6062846580406656,0.837,0.5540897097625329,0.7343283582089554,0.2735321528424976,0.6477379830348727,0.6142,0.373,0.6196220345798149,0.3133333333333333,27.0,0.0823549812254994,0.3522620169651274,0
Unknown_661388,MIL,661388,2024,152,665,582,163,35,2,23,78,134,3,2,0.28,0.6295180722891566,0.5397412199630316,0.833,0.467018469656992,0.5791044776119404,0.5158434296365331,0.3883129123468427,0.6767,0.373,0.6196220345798149,0.48,27.0,0.0232431369787267,0.6116870876531573,2
Unknown_682985,DET,682985,2024,134,571,501,133,27,6,23,63,152,5,2,0.265,0.5843373493975904,0.567467652495379,0.833,0.546174142480211,0.6000000000000002,0.483224603914259,0.5407634307257304,0.613,0.371,0.6143948532368315,0.4266666666666666,24.0,0.0367068427047529,0.4592365692742697,2
Unknown_671213,BOS,671213,2024,58,226,197,50,8,0,13,28,71,1,0,0.254,0.5783132530120482,0.5878003696857672,0.842,0.6068601583113455,0.5761194029850747,0.5465983224603914,0.6538642789820923,0.5575,0.37,0.611580217129071,0.2533333333333333,24.0,0.0390778570609246,0.3461357210179077,2
Unknown_606192,LAD,606192,2024,148,626,566,154,30,2,30,51,176,8,1,0.272,0.5481927710843374,0.5859519408502774,0.831,0.5540897097625329,0.6238805970149256,0.3490214352283318,0.5761074458058435,0.623,0.37,0.611580217129071,0.4466666666666666,32.0,0.0567763622955523,0.4238925541941565,0
Unknown_621439,MIN,621439,2024,93,376,345,96,25,3,18,19,97,10,2,0.278,0.5240963855421686,0.6487985212569318,0.857,0.62532981530343,0.6029850746268658,0.2045666356011183,0.5214420358152686,0.6649,0.37,0.611580217129071,0.3266666666666666,31.0,0.088879504326269,0.4785579641847315,0
Unknown_671056,STL,671056,2024,70,255,227,69,12,1,5,25,53,2,1,0.304,0.6566265060240964,0.4768946395563772,0.808,0.3139841688654353,0.7223880597014926,0.4259086672879776,0.4031573986804901,0.6824,0.368,0.6063530357860876,0.26,24.0,0.0310354865374338,0.5968426013195098,3
Unknown_668901,NYM,668901,2024,110,454,413,110,22,0,27,33,135,3,5,0.266,0.4939759036144578,0.6321626617375233,0.837,0.6332453825857519,0.5671641791044777,0.3080149114631873,0.6142789820923656,0.6233,0.367,0.6035383996783272,0.36,25.0,0.069173131999735,0.3857210179076344,0
Unknown_607208,PHI,607208,2024,118,527,494,147,25,0,21,26,94,6,1,0.298,0.5481927710843374,0.5582255083179299,0.815,0.445910290237467,0.5910447761194031,0.1989748369058713,0.3338831291234684,0.7609,0.366,0.6007237635705669,0.3866666666666667,31.0,0.0600349509964666,0.6661168708765315,3
Unknown_701538,SD,701538,2024,148,573,536,158,29,6,24,27,96,1,5,0.295,0.5090361445783133,0.613678373382625,0.832,0.5329815303430079,0.5492537313432836,0.1887232059645852,0.3081998114985863,0.7766,0.365,0.5983112183353438,0.4066666666666667,21.0,0.0588272056287374,0.6918001885014138,3
Unknown_681146,MIA,681146,2024,65,267,228,63,10,0,11,29,55,3,7,0.276,0.5963855421686747,0.5378927911275417,0.821,0.4749340369393139,0.5194029850746269,0.4753028890959925,0.3989161168708765,0.6742,0.365,0.5983112183353438,0.2666666666666666,29.0,0.0267087750213364,0.6010838831291236,2
Unknown_608701,BOS,608701,2024,91,307,273,77,16,1,11,28,78,5,1,0.282,0.6024096385542169,0.5452865064695009,0.827,0.4696569920844327,0.6656716417910448,0.3942218080149114,0.5122525918944392,0.6352,0.365,0.5983112183353438,0.28,33.0,0.0439219266810537,0.4877474081055608,0
Unknown_571970,LAD,571970,2024,67,267,214,47,16,0,14,43,67,5,5,0.22,0.5963855421686747,0.5859519408502774,0.846,0.6912928759894459,0.3134328358208955,0.7194780987884436,0.5047125353440151,0.5693,0.364,0.5954965822275833,0.26,34.0,0.0201572389916687,0.4952874646559848,2
Unknown_669003,MIL,669003,2024,67,224,196,50,12,3,8,25,71,1,0,0.255,0.5542168674698796,0.5452865064695009,0.812,0.5408970976253298,0.6716417910447762,0.48928238583411,0.6604618284637135,0.558,0.363,0.5926819461198229,0.24,26.0,0.0449732715991601,0.3395381715362866,0
Unknown_665487,SD,665487,2024,95,413,375,103,20,1,19,31,93,6,1,0.275,0.5451807228915663,0.5748613678373384,0.824,0.5329815303430079,0.5492537313432836,0.3191985088536813,0.4441564561734213,0.6852,0.362,0.5898673100120626,0.3266666666666666,25.0,0.0480346690102629,0.5558435438265785,0
Unknown_682829,CIN,682829,2024,157,684,607,157,36,9,25,68,213,6,1,0.259,0.5451807228915663,0.5489833641404807,0.81,0.5382585751978891,0.6656716417910448,0.4324324324324324,0.6472667295004713,0.5775,0.362,0.5898673100120626,0.4466666666666666,22.0,0.0506307924576765,0.3527332704995287,0
Unknown_656541,COL,656541,2024,47,158,138,33,5,1,10,14,56,0,2,0.239,0.4427710843373493,0.6155268022181148,0.812,0.683377308707124,0.5283582089552239,0.3821062441752096,0.7485862393967955,0.5316,0.362,0.5898673100120626,0.2133333333333333,30.0,0.0674159598184477,0.2514137606032045,0
Unknown_641933,BOS,641933,2024,108,460,401,95,18,0,29,50,158,7,2,0.237,0.5180722891566266,0.600739371534196,0.829,0.6675461741424802,0.5134328358208955,0.4757688723205965,0.7229029217719133,0.5326,0.362,0.5898673100120626,0.3466666666666667,29.0,0.0511587493629039,0.2770970782280868,0
Unknown_681807,CLE,681807,2024,120,381,331,84,17,1,14,40,84,8,2,0.254,0.5662650602409639,0.4879852125693162,0.785,0.4617414248021108,0.4895522388059701,0.4585274930102516,0.4330819981149859,0.6483,0.361,0.5874547647768396,0.3066666666666666,29.0,0.030640475969779,0.5669180018850142,0
Unknown_605141,LAD,605141,2024,110,487,428,119,22,5,15,54,55,1,4,0.278,0.5993975903614458,0.524953789279113,0.815,0.4511873350923482,0.4567164179104477,0.4860205032618825,0.1795475966069745,0.7741,0.36,0.5846401286690792,0.3533333333333334,32.0,0.0096984689126779,0.8204524033930254,3
Unknown_668804,PIT,668804,2024,152,669,603,165,27,3,23,53,149,10,3,0.274,0.5512048192771085,0.4972273567467654,0.784,0.4221635883905013,0.5761194029850747,0.3383038210624418,0.4382657869934025,0.6831,0.36,0.5846401286690792,0.4333333333333333,29.0,0.0444190630204697,0.5617342130065974,0
Unknown_663698,PIT,663698,2024,77,282,253,67,11,0,13,22,73,6,1,0.265,0.5391566265060243,0.5323475046210722,0.799,0.4986807387862797,0.5582089552238807,0.3327120223671947,0.5235626767200754,0.6418,0.36,0.5846401286690792,0.2666666666666666,28.0,0.0542393188443296,0.4764373232799246,0
Unknown_607732,COL,607732,2024,77,277,239,62,17,1,9,27,65,9,1,0.259,0.5933734939759036,0.5138632162661738,0.807,0.4828496042216359,0.5522388059701493,0.4235787511649581,0.4665409990574929,0.6318,0.36,0.5846401286690792,0.26,35.0,0.0365860940063114,0.5334590009425071,0
Unknown_671218,SF,671218,2024,121,518,475,128,23,3,22,37,135,2,4,0.269,0.4939759036144578,0.5452865064695009,0.792,0.503957783641161,0.5820895522388061,0.3019571295433365,0.5275683317624882,0.6641,0.356,0.5737836751105749,0.3533333333333334,25.0,0.0606388177263298,0.472431668237512,0
Unknown_514888,HOU,514888,2024,149,663,610,179,29,0,19,46,117,7,0,0.293,0.5783132530120482,0.4805914972273569,0.784,0.3482849604221635,0.6089552238805972,0.2926374650512581,0.3294062205466541,0.7436,0.356,0.5737836751105749,0.4133333333333333,34.0,0.0392193769494927,0.6705937794533459,3
Unknown_663886,CIN,663886,2024,133,507,449,116,26,1,19,48,116,8,2,0.258,0.5451807228915663,0.5064695009242146,0.787,0.4749340369393139,0.5164179104477612,0.4105312208760485,0.4526390197926485,0.6607,0.355,0.5713711298753518,0.3466666666666667,28.0,0.0367578006604401,0.5473609802073516,0
Unknown_656305,SF,656305,2024,150,629,557,137,38,2,25,64,156,6,2,0.246,0.5150602409638555,0.5212569316081332,0.785,0.5303430079155672,0.4835820895522388,0.4431500465983224,0.4978793590951932,0.6407,0.355,0.5713711298753518,0.4,31.0,0.037193184705015,0.5021206409048069,0
Unknown_671732,ATH,671732,2024,115,437,400,106,24,2,22,33,104,0,4,0.265,0.4819277108433735,0.6025878003696858,0.818,0.5963060686015831,0.5014925373134328,0.3210624417520969,0.4743166823751177,0.6865,0.355,0.5713711298753518,0.32,24.0,0.0510086334586373,0.5256833176248823,0
Unknown_680757,CLE,680757,2024,118,519,460,133,15,3,13,52,48,5,0,0.289,0.6325301204819277,0.4547134935304991,0.787,0.3192612137203166,0.4985074626865672,0.4361602982292637,0.1314797360980207,0.7938,0.355,0.5713711298753518,0.3533333333333334,27.0,0.0078620063015626,0.8685202639019789,3
Unknown_687462,TOR,687462,2024,96,381,328,87,19,0,12,42,70,7,4,0.265,0.5993975903614458,0.478743068391867,0.79,0.4195250659630607,0.4955223880597015,0.4827586206896552,0.3463713477851084,0.6877,0.353,0.565741857659831,0.2933333333333333,27.0,0.0222589395801597,0.6536286522148917,3
Unknown_695578,WSH,695578,2024,79,336,295,78,13,4,9,39,97,2,0,0.264,0.5903614457831324,0.467652495378928,0.781,0.4063324538258575,0.6895522388059702,0.5102516309412861,0.5937794533459001,0.5893,0.352,0.5633293124246079,0.2733333333333333,22.0,0.0381242760965605,0.4062205466541,0
Unknown_663586,ATL,663586,2024,107,455,412,106,24,2,19,36,112,5,2,0.257,0.496987951807229,0.5360443622920519,0.787,0.5197889182058048,0.5164179104477612,0.3378378378378378,0.4936380772855797,0.6637,0.352,0.5633293124246079,0.32,27.0,0.0502382436285712,0.5063619227144205,0
Unknown_624585,SF,624585,2024,138,556,481,117,33,1,21,65,137,6,4,0.243,0.5421686746987954,0.5046210720887248,0.785,0.5145118733509234,0.4776119402985074,0.5139794967381175,0.4941093308199811,0.6205,0.351,0.5605146763168476,0.3533333333333334,32.0,0.0307911476653455,0.5058906691800189,0
Unknown_670042,SEA,670042,2024,129,444,393,96,19,2,22,27,130,20,2,0.244,0.5,0.5489833641404807,0.794,0.5725593667546174,0.5104477611940299,0.2525629077353215,0.603440150801131,0.5968,0.351,0.5605146763168476,0.3133333333333333,30.0,0.0832059875097044,0.3965598491988691,0
Unknown_521692,KC,521692,2024,155,639,579,157,28,0,26,43,125,11,6,0.271,0.5180722891566266,0.5175600739371535,0.784,0.4591029023746701,0.5014925373134328,0.2828518173345759,0.3744109330819981,0.7183,0.351,0.5605146763168476,0.3866666666666667,34.0,0.046248558463462,0.625589066918002,3
Unknown_592518,SD,592518,2024,146,615,570,158,28,0,27,40,120,1,4,0.277,0.5,0.5434380776340113,0.792,0.4802110817941952,0.5164179104477612,0.2721342031686859,0.3732327992459943,0.7382,0.35,0.5577000402090873,0.3733333333333333,32.0,0.0480902197230744,0.6267672007540055,3
Unknown_621566,ATL,621566,2024,159,671,586,144,34,1,28,71,165,9,5,0.246,0.5301204819277109,0.512014787430684,0.784,0.5171503957783641,0.4686567164179104,0.4622553588070829,0.4929311969839774,0.6349,0.349,0.555287494973864,0.3933333333333333,30.0,0.0349799172039369,0.5070688030160226,0
Unknown_642715,MIL,642715,2024,158,674,598,149,32,0,32,72,172,1,3,0.249,0.5150602409638555,0.534195933456562,0.793,0.5408970976253298,0.4805970149253731,0.4669151910531221,0.5148444863336474,0.6365,0.349,0.555287494973864,0.3933333333333333,29.0,0.0362441521012635,0.4851555136663525,0
Unknown_694192,MIL,694192,2024,141,560,516,140,28,4,21,38,118,3,2,0.271,0.5,0.534195933456562,0.787,0.4828496042216359,0.5373134328358209,0.2856477166821994,0.409990574929312,0.7143,0.348,0.5524728588661036,0.3466666666666667,20.0,0.0500558562111,0.590009425070688,0
Unknown_656811,BAL,656811,2024,138,487,436,115,20,3,15,46,68,2,3,0.264,0.533132530120482,0.467652495378928,0.761,0.4063324538258575,0.4388059701492538,0.4095992544268406,0.2424599434495759,0.7618,0.348,0.5524728588661036,0.32,31.0,0.0185868016478956,0.7575400565504242,3
Unknown_664774,SF,664774,2024,112,386,317,81,15,0,8,61,82,4,3,0.256,0.6656626506024096,0.378927911275416,0.758,0.3007915567282321,0.546268656716418,0.7054986020503262,0.4139962299717248,0.6166,0.348,0.5524728588661036,0.28,30.0,0.0160135846588827,0.5860037700282752,3
Unknown_664761,PHI,664761,2024,140,594,542,151,44,2,15,40,84,6,6,0.279,0.5240963855421686,0.5101663585951943,0.782,0.4300791556728232,0.5044776119402985,0.2828518173345759,0.2467012252591894,0.7811,0.348,0.5524728588661036,0.36,28.0,0.0306606080091111,0.7532987747408104,3
Unknown_623993,BAL,623993,2024,152,652,583,137,24,2,42,58,127,7,4,0.235,0.4578313253012048,0.600739371534196,0.809,0.6728232189973615,0.2776119402985075,0.3839701770736253,0.3725259189443921,0.7055,0.348,0.5524728588661036,0.38,30.0,0.0323585500230284,0.6274740810556079,2
Unknown_807799,BOS,807799,2024,104,404,362,102,20,0,10,26,48,14,2,0.282,0.5813253012048193,0.4547134935304991,0.771,0.3403693931398417,0.4985074626865672,0.2693383038210624,0.193449575871819,0.7822,0.348,0.5524728588661036,0.2866666666666667,31.0,0.0256994089995917,0.8065504241281809,3
Unknown_663993,TEX,663993,2024,140,565,486,129,16,1,16,71,125,4,4,0.265,0.6114457831325301,0.4195933456561924,0.762,0.3350923482849604,0.5671641791044777,0.554986020503262,0.4347313854853912,0.646,0.347,0.5496582227583433,0.3466666666666667,29.0,0.0240546724936346,0.5652686145146086,3
Unknown_676059,BAL,676059,2024,104,437,407,108,26,5,18,21,94,7,1,0.265,0.463855421686747,0.5767097966728283,0.798,0.5593667546174143,0.5074626865671642,0.1933830382106244,0.4203581526861452,0.7185,0.347,0.5496582227583433,0.3,25.0,0.0765504765419928,0.5796418473138547,0
Unknown_624413,NYM,624413,2024,159,683,597,142,31,0,33,70,172,12,4,0.238,0.5120481927710844,0.5212569316081332,0.784,0.5514511873350924,0.4208955223880598,0.4468779123951537,0.5068331762488218,0.6281,0.346,0.5472456775231203,0.3866666666666667,30.0,0.0375423703711594,0.4931668237511781,0
Unknown_677800,BOS,677800,2024,130,439,392,100,33,2,15,39,121,3,5,0.255,0.496987951807229,0.5360443622920519,0.788,0.5277044854881267,0.573134328358209,0.3830382106244175,0.5629123468426013,0.6287,0.346,0.5472456775231203,0.3,25.0,0.0500657433986158,0.4370876531573986,0
Unknown_683737,CHC,683737,2024,146,555,487,122,28,2,21,60,158,4,4,0.251,0.533132530120482,0.5027726432532349,0.781,0.4907651715039578,0.5671641791044777,0.472972972972973,0.5843543826578699,0.6,0.346,0.5472456775231203,0.34,27.0,0.0409699840433449,0.4156456173421301,0
Unknown_680977,STL,680977,2024,149,634,571,161,33,3,14,47,75,11,5,0.282,0.5632530120481928,0.4621072088724585,0.769,0.3509234828496042,0.5014925373134328,0.3145386766076421,0.1922714420358153,0.7902,0.346,0.5472456775231203,0.3666666666666667,27.0,0.0208948029646377,0.8077285579641849,3
Unknown_664023,CHC,664023,2024,150,643,557,133,33,2,25,78,167,6,2,0.239,0.5391566265060243,0.4916820702402959,0.777,0.5065963060686016,0.4776119402985074,0.5344827586206897,0.5254476908576814,0.6096,0.345,0.5444310414153598,0.3666666666666667,30.0,0.0314335256279899,0.4745523091423185,0
Unknown_664983,AZ,664983,2024,127,493,440,126,13,7,8,31,77,14,3,0.286,0.5783132530120482,0.4214417744916822,0.753,0.2823218997361477,0.5850746268656717,0.2623485554520037,0.2815739868049011,0.7424,0.344,0.5416164053075995,0.3133333333333333,27.0,0.0380595782674227,0.7184260131950988,3
Unknown_677594,SEA,677594,2024,137,596,551,152,16,0,20,37,151,6,2,0.276,0.5090361445783133,0.4436229205175602,0.741,0.3403693931398417,0.6328358208955224,0.2586206896551724,0.510603204524034,0.6745,0.344,0.5416164053075995,0.3466666666666667,24.0,0.0689743751014662,0.4893967954759659,0
Unknown_673237,HOU,673237,2024,144,603,571,169,29,3,16,22,106,2,8,0.296,0.4879518072289157,0.4935304990757856,0.761,0.3588390501319261,0.6000000000000002,0.1393289841565703,0.3277568331762489,0.7844,0.344,0.5416164053075995,0.3466666666666667,26.0,0.0832185469661093,0.6722431668237512,3
Unknown_663616,MIN,663616,2024,112,400,355,92,17,0,15,40,89,3,2,0.259,0.5421686746987954,0.4805914972273569,0.771,0.4379947229551451,0.5074626865671642,0.4352283317800559,0.4377945334590009,0.67,0.344,0.5416164053075995,0.28,27.0,0.0330599156966651,0.562205466540999,0
Unknown_572233,AZ,572233,2024,125,533,463,115,25,0,24,53,128,9,8,0.248,0.5240963855421686,0.524953789279113,0.79,0.5303430079155672,0.4507462686567164,0.4324324324324324,0.4795004712535344,0.6435,0.343,0.5392038600723763,0.32,33.0,0.0367664778859026,0.5204995287464658,0
Unknown_456781,SD,456781,2024,95,309,283,81,13,0,8,22,65,3,1,0.286,0.5572289156626508,0.4491682070240296,0.76,0.3218997361477572,0.6328358208955224,0.3010251630941286,0.4092836946277097,0.7087,0.343,0.5392038600723763,0.2466666666666667,37.0,0.0471905310903212,0.5907163053722901,3
Unknown_660766,WSH,660766,2024,62,249,226,64,15,0,6,18,42,1,3,0.283,0.533132530120482,0.4713493530499077,0.764,0.3614775725593667,0.555223880597015,0.3061509785647717,0.3110273327049953,0.751,0.343,0.5392038600723763,0.2266666666666666,26.0,0.0351567634599663,0.6889726672950047,3
Unknown_665862,MIA,665862,2024,143,603,548,142,20,4,23,49,145,4,2,0.259,0.496987951807229,0.4842883548983365,0.76,0.4432717678100263,0.5313432835820896,0.3480894687791239,0.4802073515551366,0.6716,0.343,0.5392038600723763,0.3466666666666667,26.0,0.0472509861537734,0.5197926484448636,0
Unknown_457705,PIT,457705,2024,118,504,439,104,18,1,20,56,128,7,2,0.237,0.5210843373493976,0.4528650646950093,0.75,0.4564643799472295,0.4567164179104477,0.4869524697110904,0.5120169651272385,0.621,0.343,0.5392038600723763,0.3133333333333333,38.0,0.0342450273972694,0.4879830348727616,0
Unknown_657656,ATL,657656,2024,88,298,276,71,15,1,11,14,92,7,1,0.257,0.4548192771084337,0.4879852125693162,0.747,0.4538258575197889,0.6298507462686568,0.1882572227399813,0.6409048067860508,0.6208,0.342,0.536389223964616,0.24,30.0,0.1171225768457077,0.3590951932139492,0
Unknown_444482,SD,444482,2024,89,260,236,63,11,0,8,22,54,2,0,0.267,0.533132530120482,0.4454713493530499,0.75,0.366754617414248,0.5432835820895523,0.363466915191053,0.4029217719132894,0.7,0.342,0.536389223964616,0.2266666666666666,37.0,0.0375132863145221,0.5970782280867106,3
Unknown_519317,NYY,519317,2024,111,445,403,94,19,0,26,38,137,2,2,0.233,0.4307228915662651,0.5545286506469502,0.775,0.6121372031662269,0.4388059701492538,0.3671947809878844,0.6390197926484449,0.6022,0.342,0.536389223964616,0.2866666666666667,35.0,0.0597780095799408,0.3609802073515551,0
Unknown_663457,STL,663457,2024,106,405,348,85,18,3,12,52,79,1,3,0.244,0.5542168674698796,0.4491682070240296,0.758,0.4300791556728232,0.4388059701492538,0.5675675675675675,0.3732327992459943,0.6716,0.342,0.536389223964616,0.2733333333333333,27.0,0.0194040250512687,0.6267672007540055,3
Unknown_664040,TB,664040,2024,104,413,374,91,19,3,20,32,108,5,2,0.243,0.4578313253012048,0.5489833641404807,0.781,0.575197889182058,0.453731343283582,0.3303821062441752,0.529688972667295,0.6489,0.342,0.536389223964616,0.28,30.0,0.0553031518954567,0.4703110273327049,0
Unknown_608324,HOU,608324,2024,141,617,566,148,29,2,26,42,85,5,4,0.261,0.4759036144578313,0.524953789279113,0.774,0.4934036939313984,0.3940298507462687,0.2865796831314072,0.2382186616399623,0.7861,0.342,0.536389223964616,0.3466666666666667,30.0,0.0291596793792266,0.7617813383600376,3
Unknown_650859,LAA,650859,2024,74,297,276,83,12,1,6,16,43,4,0,0.301,0.5722891566265059,0.4491682070240296,0.765,0.2823218997361477,0.6119402985074628,0.2204100652376514,0.2547125353440151,0.7845,0.342,0.536389223964616,0.24,27.0,0.0419916432821158,0.7452874646559848,3
Unknown_668709,ATH,668709,2024,154,625,555,134,42,3,20,67,122,2,0,0.241,0.5030120481927711,0.4842883548983365,0.761,0.4907651715039578,0.4238805970149254,0.4687791239515377,0.3734684260131951,0.6928,0.341,0.5335745878568556,0.3466666666666667,27.0,0.02523826428109,0.6265315739868047,0
Unknown_650490,TB,650490,2024,141,604,549,153,30,1,13,48,92,4,3,0.279,0.5451807228915663,0.4325323475046211,0.747,0.3166226912928759,0.5343283582089553,0.3397017707362535,0.2723845428840716,0.7616,0.341,0.5335745878568556,0.34,33.0,0.0270737044478789,0.7276154571159283,3
Unknown_608385,WSH,608385,2024,141,494,419,104,22,0,14,61,103,9,3,0.248,0.5903614457831324,0.4195933456561924,0.755,0.3799472295514511,0.4805970149253731,0.5447343895619757,0.4048067860508954,0.6457,0.341,0.5335745878568556,0.3066666666666666,31.0,0.0226710178248618,0.5951932139491045,3
Unknown_553993,AZ,553993,2024,153,624,557,140,28,2,29,48,174,9,10,0.251,0.4759036144578313,0.5378927911275417,0.781,0.5408970976253298,0.5104477611940299,0.3275862068965517,0.5704524033930254,0.6298,0.34,0.5311620426216325,0.34,33.0,0.0601670792843182,0.4295475966069748,0
Unknown_657136,BOS,657136,2024,123,480,440,122,24,1,13,28,112,9,2,0.277,0.5240963855421686,0.4639556377079483,0.757,0.366754617414248,0.626865671641791,0.2409133271202236,0.4632422243166824,0.6875,0.34,0.5311620426216325,0.2933333333333333,28.0,0.0674491596774788,0.5367577756833175,3
Unknown_671277,WSH,671277,2024,137,516,489,139,24,1,18,26,82,0,1,0.284,0.4879518072289157,0.5064695009242146,0.768,0.4089709762532981,0.5253731343283582,0.2041006523765144,0.2879359095193214,0.7907,0.34,0.5311620426216325,0.3066666666666666,24.0,0.0510175350028864,0.7120640904806785,3
Unknown_647304,CLE,647304,2024,149,619,552,132,25,0,31,57,104,6,4,0.239,0.4728915662650602,0.5157116451016637,0.768,0.5408970976253298,0.3164179104477612,0.3984156570363467,0.30937794533459,0.7286,0.34,0.5311620426216325,0.34,27.0,0.025300370566072,0.6906220546654098,3
Unknown_687263,LAA,687263,2024,152,592,533,134,34,1,23,38,136,16,1,0.251,0.4879518072289157,0.5064695009242146,0.768,0.496042216358839,0.4835820895522388,0.2684063373718546,0.4547596606974552,0.6723,0.34,0.5311620426216325,0.3333333333333333,23.0,0.0592456399930753,0.5452403393025447,0
Unknown_672515,AZ,672515,2024,92,338,293,79,17,1,5,40,51,2,3,0.27,0.6024096385542169,0.3918669131238448,0.744,0.2823218997361477,0.5194029850746269,0.5205032618825722,0.2690857681432611,0.7249,0.339,0.528347406513872,0.2466666666666667,24.0,0.0146832177068406,0.7309142318567388,3
Unknown_663697,CIN,663697,2024,148,623,521,128,27,2,15,78,124,15,7,0.246,0.5963855421686747,0.4029574861367839,0.747,0.3614775725593667,0.4656716417910447,0.5526561043802424,0.3824222431668237,0.6485,0.339,0.528347406513872,0.34,28.0,0.0207586493025227,0.6175777568331762,3
Unknown_602104,BAL,602104,2024,91,293,265,69,9,2,11,22,54,5,1,0.26,0.5120481927710844,0.4805914972273569,0.762,0.4353562005277044,0.4626865671641791,0.3191985088536813,0.3477851083883129,0.7235,0.339,0.528347406513872,0.2333333333333333,30.0,0.0374935148340028,0.652214891611687,3
Unknown_665833,PIT,665833,2024,142,583,527,135,34,3,20,49,175,3,4,0.256,0.4909638554216867,0.5027726432532349,0.767,0.4775725593667546,0.6208955223880598,0.3606710158434296,0.6208765315739868,0.6106,0.339,0.528347406513872,0.3266666666666666,26.0,0.0591668224639218,0.3791234684260132,0
Unknown_641355,CHC,641355,2024,127,555,506,135,22,3,18,41,88,3,5,0.267,0.496987951807229,0.4713493530499077,0.751,0.4036939313984168,0.4626865671641791,0.3136067101584343,0.2872290292177191,0.7622,0.339,0.528347406513872,0.32,29.0,0.0315336060881748,0.7127709707822809,3
Unknown_592663,PHI,592663,2024,96,401,370,98,18,1,13,25,98,5,1,0.265,0.4849397590361446,0.4621072088724585,0.744,0.3957783641160949,0.5761194029850747,0.2595526561043802,0.4893967954759661,0.6808,0.338,0.5255327704061117,0.2666666666666666,33.0,0.065924683967526,0.5106032045240341,0
Unknown_650333,SD,650333,2024,146,652,619,198,31,3,4,22,27,8,1,0.32,0.5813253012048193,0.4158964879852126,0.75,0.1846965699208443,0.5820895522388061,0.1262814538676607,0.0110744580584354,0.9095,0.337,0.5231202251708886,0.34,27.0,0.0137718837374597,0.9889255419415643,3
Unknown_670623,TB,670623,2024,149,625,527,127,25,1,18,75,100,17,6,0.241,0.5783132530120482,0.4085027726432533,0.745,0.3825857519788918,0.3850746268656717,0.5284249767008388,0.2905278039585297,0.6928,0.337,0.5231202251708886,0.3333333333333333,25.0,0.0158012456448775,0.7094721960414703,3
Unknown_691016,ATH,691016,2024,60,213,189,44,10,0,9,20,53,3,1,0.233,0.4728915662650602,0.4713493530499077,0.743,0.4934036939313984,0.4149253731343284,0.4068033550792171,0.4997643732327992,0.6432,0.337,0.5231202251708886,0.2066666666666666,23.0,0.0412787962513203,0.5002356267672008,0
Unknown_678877,CLE,678877,2024,65,198,179,39,7,1,13,13,63,5,1,0.218,0.3915662650602409,0.5767097966728283,0.774,0.683377308707124,0.3462686567164179,0.2753960857409133,0.6632893496701224,0.5909,0.337,0.5231202251708886,0.2,23.0,0.0837370509441086,0.3367106503298775,0
Unknown_669304,MIN,669304,2024,121,429,401,114,28,4,9,18,66,6,4,0.284,0.4939759036144578,0.4935304990757856,0.763,0.3905013192612137,0.5492537313432836,0.1649580615097856,0.2759189443920829,0.7902,0.337,0.5231202251708886,0.2733333333333333,26.0,0.0608719514142986,0.7240810556079171,3
Unknown_607043,NYM,607043,2024,148,650,558,127,25,3,23,77,153,12,3,0.228,0.5240963855421686,0.4306839186691313,0.739,0.4485488126649076,0.4059701492537314,0.52143522833178,0.4681903864278982,0.6277,0.336,0.5203055890631283,0.34,31.0,0.0284435838633406,0.5318096135721018,0
Unknown_669911,COL,669911,2024,113,453,396,86,14,3,25,54,146,0,3,0.217,0.4548192771084337,0.5231053604436231,0.766,0.6094986807387862,0.4,0.5246971109040075,0.6729500471253533,0.5563,0.336,0.5203055890631283,0.28,26.0,0.0423284807712059,0.3270499528746466,0
Unknown_453568,COL,453568,2024,121,487,438,112,23,4,12,42,86,6,1,0.256,0.5150602409638555,0.434380776340111,0.737,0.3799472295514511,0.4746268656716418,0.3709226467847157,0.3296418473138549,0.7248,0.336,0.5203055890631283,0.2866666666666667,38.0,0.0296480004623231,0.6703581526861451,3
Unknown_624641,PHI,624641,2024,86,272,248,63,12,4,7,13,66,8,2,0.254,0.4578313253012048,0.4528650646950093,0.729,0.4116094986807387,0.5432835820895523,0.1919850885368126,0.4851555136663525,0.6728,0.336,0.5203055890631283,0.22,28.0,0.0882292153769324,0.5148444863336474,0
Unknown_669016,PHI,669016,2024,132,470,412,103,17,3,15,50,149,2,5,0.25,0.5180722891566266,0.4454713493530499,0.746,0.4116094986807387,0.6388059701492538,0.4650512581547064,0.6604618284637135,0.5702,0.336,0.5203055890631283,0.28,27.0,0.0476602339282349,0.3395381715362866,0
Unknown_605170,HOU,605170,2024,84,270,241,64,8,1,8,23,52,3,3,0.266,0.5271084337349398,0.4306839186691313,0.74,0.3482849604221635,0.5074626865671642,0.3662628145386766,0.3673421300659755,0.7111,0.336,0.5203055890631283,0.22,31.0,0.0337482633372721,0.6326578699340244,3
Unknown_682998,AZ,682998,2024,151,665,576,133,22,14,22,67,130,10,9,0.231,0.4789156626506025,0.4768946395563772,0.75,0.5065963060686016,0.3641791044776119,0.4389561975768872,0.3741753063147974,0.6842,0.335,0.5174909529553678,0.34,24.0,0.0275336081300157,0.6258246936852025,0
Unknown_672695,AZ,672695,2024,93,373,323,88,20,2,3,35,57,3,5,0.272,0.5602409638554217,0.3715341959334566,0.719,0.2453825857519788,0.546268656716418,0.4063373718546132,0.2735626767200754,0.7265,0.335,0.5174909529553678,0.2533333333333333,25.0,0.0215239858091113,0.7264373232799244,3
Unknown_663538,CHC,663538,2024,146,628,572,158,35,1,7,43,63,10,3,0.276,0.5361445783132531,0.3770794824399261,0.714,0.2427440633245382,0.4925373134328358,0.2884436160298229,0.1498586239396795,0.8153,0.335,0.5174909529553678,0.3266666666666666,27.0,0.0183348876362444,0.8501413760603203,3
Unknown_678662,COL,678662,2024,153,680,642,173,45,4,25,23,197,3,7,0.269,0.4126506024096384,0.5452865064695009,0.764,0.5013192612137203,0.635820895522388,0.1267474370922646,0.5961357210179077,0.6632,0.335,0.5174909529553678,0.34,23.0,0.15589014628091,0.4038642789820923,0
Unknown_650489,MIN,650489,2024,152,623,550,137,31,5,12,48,145,20,4,0.249,0.5180722891566266,0.3974121996303143,0.719,0.345646437994723,0.5402985074626866,0.3280521901211556,0.4618284637134778,0.6565,0.335,0.5174909529553678,0.3266666666666666,27.0,0.0484877716174583,0.538171536286522,3
Unknown_518735,PIT,518735,2024,68,243,215,49,10,0,9,24,46,0,1,0.228,0.4397590361445783,0.4177449168207025,0.704,0.4300791556728232,0.3402985074626866,0.4296365330848089,0.3595664467483506,0.6996,0.335,0.5174909529553678,0.2133333333333333,36.0,0.027078903966962,0.6404335532516494,3
Unknown_686668,COL,686668,2024,143,589,529,137,24,4,22,45,148,3,8,0.259,0.4759036144578313,0.4990757855822552,0.76,0.4643799472295514,0.5343283582089553,0.3252562907735321,0.5056550424128181,0.6604,0.335,0.5174909529553678,0.3133333333333333,26.0,0.0536593548791896,0.4943449575871816,0
Unknown_678009,DET,678009,2024,72,286,260,65,12,5,9,23,73,1,1,0.25,0.463855421686747,0.4879852125693162,0.751,0.4722955145118733,0.5343283582089553,0.3438956197576887,0.5148444863336474,0.6573,0.334,0.5150784077201447,0.22,25.0,0.0514308058020062,0.4851555136663525,0
Unknown_669701,TEX,669701,2024,147,591,522,135,30,1,13,46,121,18,3,0.259,0.5421686746987954,0.4085027726432533,0.732,0.3350923482849604,0.5313432835820896,0.3317800559179869,0.3958529688972667,0.6836,0.334,0.5150784077201447,0.3133333333333333,27.0,0.0409202959713146,0.6041470311027333,3
Unknown_686469,KC,686469,2024,128,541,485,129,30,2,19,38,68,4,13,0.266,0.4789156626506025,0.5175600739371535,0.77,0.4722955145118733,0.4,0.2963653308480894,0.2097078228086711,0.7948,0.334,0.5150784077201447,0.3,27.0,0.0246518456714352,0.7902921771913289,3
Unknown_687401,MIL,687401,2024,134,502,432,104,25,6,11,55,101,6,6,0.241,0.5210843373493976,0.4232902033271721,0.733,0.4036939313984168,0.4507462686567164,0.4799627213420316,0.3876060320452403,0.6713,0.333,0.5122637716123843,0.2866666666666667,26.0,0.0255260982697336,0.6123939679547596,3
Unknown_467793,MIN,467793,2024,146,581,510,121,25,0,23,64,96,5,2,0.237,0.5090361445783133,0.4584103512014788,0.749,0.4617414248021108,0.3432835820895522,0.4827586206896552,0.3027803958529689,0.716,0.333,0.5122637716123843,0.3066666666666666,38.0,0.0190096012899679,0.6972196041470311,3
Unknown_681297,BAL,681297,2024,147,559,497,120,23,3,24,52,172,7,3,0.241,0.4879518072289157,0.500924214417745,0.765,0.5118733509234829,0.5432835820895523,0.4026095060577819,0.6385485391140433,0.5868,0.333,0.5122637716123843,0.3,24.0,0.0540335964258648,0.3614514608859567,0
Unknown_676475,STL,676475,2024,148,581,535,144,19,0,21,35,71,4,6,0.269,0.4759036144578313,0.4584103512014788,0.738,0.3799472295514511,0.4179104477611941,0.249767008387698,0.2014608859566447,0.8055,0.333,0.5122637716123843,0.3066666666666666,26.0,0.0292836606013458,0.7985391140433553,3
Unknown_457759,TOR,457759,2024,135,523,446,115,22,0,10,58,93,12,7,0.258,0.5903614457831324,0.3696857670979668,0.728,0.2849604221635884,0.4955223880597015,0.4860205032618825,0.3324693685202639,0.6883,0.333,0.5122637716123843,0.2866666666666667,40.0,0.0210255483193439,0.6675306314797362,3
Unknown_500743,LAD,500743,2024,96,330,300,85,21,0,5,23,34,3,2,0.283,0.5421686746987954,0.4232902033271721,0.742,0.2928759894459102,0.5074626865671642,0.2940354147250699,0.1562205466540999,0.8121,0.333,0.5122637716123843,0.2333333333333333,35.0,0.0185967341098019,0.8437794533459002,3
Unknown_660670,ATL,660670,2024,46,208,180,44,8,1,4,25,49,3,0,0.244,0.5662650602409639,0.356746765249538,0.713,0.2981530343007915,0.5402985074626866,0.5293569431500466,0.4686616399622997,0.6298,0.333,0.5122637716123843,0.2,27.0,0.0279319916964862,0.5313383600377002,3
Unknown_686681,KC,686681,2024,100,356,332,86,17,2,14,15,56,3,4,0.259,0.4096385542168674,0.5083179297597045,0.743,0.4775725593667546,0.4089552238805971,0.1654240447343895,0.2841658812441093,0.7865,0.332,0.509449135504624,0.24,26.0,0.0623127235299089,0.7158341187558905,3
Unknown_621493,LAA,621493,2024,153,651,573,141,26,2,23,63,160,7,8,0.246,0.5,0.4528650646950093,0.743,0.4327176781002638,0.4835820895522388,0.4203168685927306,0.4926955702167766,0.6467,0.332,0.509449135504624,0.32,31.0,0.0391425071422746,0.5073044297832234,0
Unknown_663728,SEA,663728,2024,150,617,536,119,16,0,34,69,172,6,6,0.222,0.4698795180722892,0.4953789279112755,0.757,0.5567282321899736,0.3552238805970149,0.4902143522833178,0.5704524033930254,0.5997,0.332,0.509449135504624,0.3133333333333333,28.0,0.0382614947016234,0.4295475966069748,0
Unknown_592206,PHI,592206,2024,159,647,596,151,30,4,23,39,136,10,2,0.253,0.4548192771084337,0.478743068391867,0.742,0.4511873350923482,0.4716417910447761,0.2502329916123019,0.4088124410933082,0.7141,0.332,0.509449135504624,0.32,32.0,0.0574653619367271,0.591187558906692,3
Unknown_663837,DET,663837,2024,142,562,513,132,28,5,16,41,118,3,5,0.257,0.4668674698795181,0.4639556377079483,0.738,0.4195250659630607,0.5014925373134328,0.309412861136999,0.4083411875589067,0.7117,0.331,0.5070365902694008,0.2933333333333333,28.0,0.0456741452864301,0.5916588124410933,3
Unknown_573262,SF,573262,2024,135,470,424,99,16,9,18,38,121,6,1,0.233,0.4427710843373493,0.4935304990757856,0.746,0.525065963060686,0.444776119402985,0.3462255358807083,0.5200282752120641,0.6468,0.331,0.5070365902694008,0.2666666666666666,34.0,0.0515774520389807,0.4799717247879358,0
Unknown_605137,MIA,605137,2024,141,584,529,130,22,2,19,47,115,5,3,0.246,0.463855421686747,0.4232902033271721,0.714,0.3905013192612137,0.4328358208955225,0.3443616029822926,0.3774740810556079,0.7055,0.331,0.5070365902694008,0.3,32.0,0.0373367638101544,0.6225259189443921,3
Unknown_663898,COL,663898,2024,128,522,484,132,28,1,13,31,126,4,2,0.273,0.4909638554216867,0.4454713493530499,0.736,0.3535620052770448,0.6238805970149256,0.2460391425908667,0.4823279924599434,0.6897,0.331,0.5070365902694008,0.28,28.0,0.0686541915978642,0.5176720075400565,3
Unknown_571448,STL,571448,2024,148,617,563,155,23,0,16,44,91,4,6,0.275,0.5150602409638555,0.4195933456561924,0.73,0.308707124010554,0.4985074626865672,0.3014911463187325,0.2610744580584354,0.7731,0.331,0.5070365902694008,0.3066666666666666,33.0,0.0300351070395174,0.7389255419415648,3
Unknown_668715,CIN,668715,2024,155,644,564,125,33,4,20,71,136,7,2,0.222,0.4728915662650602,0.4195933456561924,0.716,0.4485488126649076,0.3641791044776119,0.4827586206896552,0.4111687087653157,0.6677,0.33,0.5042219541616405,0.3133333333333333,27.0,0.027089037038553,0.588831291234684,0
Unknown_694671,TEX,694671,2024,131,542,487,122,25,3,16,49,112,4,2,0.251,0.496987951807229,0.4417744916820703,0.736,0.4036939313984168,0.4776119402985074,0.3904939422180801,0.4003298774740811,0.6956,0.33,0.5042219541616405,0.2866666666666667,23.0,0.0342289547151428,0.5996701225259189,3
Unknown_663624,BAL,663624,2024,121,493,463,124,28,2,13,25,113,1,4,0.268,0.4397590361445783,0.4565619223659889,0.725,0.3799472295514511,0.573134328358209,0.2054986020503262,0.4535815268614514,0.7181,0.33,0.5042219541616405,0.2733333333333333,27.0,0.0774945726452395,0.5464184731385486,3
Unknown_660821,MIA,660821,2024,146,529,481,121,25,1,18,41,139,4,2,0.252,0.4698795180722892,0.4547134935304991,0.734,0.4195250659630607,0.5432835820895523,0.3303821062441752,0.5327521206409047,0.6503,0.33,0.5042219541616405,0.28,27.0,0.0556278250975162,0.4672478793590955,0
Unknown_669394,MIA,669394,2024,133,561,519,127,22,1,29,30,148,9,3,0.245,0.4156626506024096,0.5268022181146028,0.754,0.5408970976253298,0.4477611940298507,0.2185461323392357,0.5351083883129123,0.6667,0.33,0.5042219541616405,0.2933333333333333,28.0,0.0854328717285678,0.4648916116870876,0
Unknown_691026,STL,691026,2024,145,627,578,154,32,5,15,41,108,1,5,0.266,0.4698795180722892,0.4491682070240296,0.731,0.3746701846965699,0.5014925373134328,0.2739981360671015,0.3192742695570216,0.7576,0.33,0.5042219541616405,0.3066666666666666,22.0,0.0409574996858951,0.6807257304429783,3
Unknown_630105,SD,630105,2024,148,629,556,130,26,2,17,61,114,9,2,0.234,0.4819277108433735,0.378927911275416,0.698,0.3614775725593667,0.391044776119403,0.4212488350419385,0.3404806786050895,0.7011,0.329,0.5014073180538801,0.3066666666666666,30.0,0.0261507940023614,0.6595193213949104,3
Unknown_502671,STL,502671,2024,150,636,588,143,33,1,21,44,168,2,2,0.243,0.4186746987951807,0.4362292051756007,0.707,0.41688654353562,0.5074626865671642,0.2917054986020503,0.5360508953817154,0.6588,0.329,0.5014073180538801,0.3066666666666666,37.0,0.0638916892336194,0.4639491046182846,0
Unknown_543309,SD,543309,2024,78,259,242,54,10,1,17,15,70,0,1,0.223,0.3283132530120483,0.5711645101663587,0.751,0.662269129287599,0.3074626865671641,0.239049394221808,0.5504241281809613,0.668,0.329,0.5014073180538801,0.2066666666666666,34.0,0.0803530675808646,0.4495758718190388,0
Unknown_669257,LAD,669257,2024,123,520,454,108,22,2,20,49,101,9,8,0.238,0.4849397590361446,0.467652495378928,0.747,0.4749340369393139,0.3701492537313433,0.4082013047530289,0.3711121583411876,0.6942,0.329,0.5014073180538801,0.28,29.0,0.0298966652002395,0.6288878416588124,3
Unknown_680777,MIN,680777,2024,118,452,401,93,22,0,21,32,90,12,6,0.232,0.4397590361445783,0.4990757855822552,0.748,0.5356200527704486,0.3253731343283582,0.2991612301957129,0.3826578699340245,0.7013,0.329,0.5014073180538801,0.26,27.0,0.0444244478375301,0.6173421300659754,0
Unknown_643565,CHC,643565,2024,104,345,296,74,12,1,7,44,69,4,1,0.25,0.5903614457831324,0.3585951940850277,0.722,0.2875989445910289,0.5044776119402985,0.5633737185461324,0.3847785108388313,0.6609,0.328,0.4989947728186569,0.2266666666666666,34.0,0.0203554851307808,0.6152214891611687,3
Unknown_672640,MIA,672640,2024,113,434,404,109,23,1,6,25,75,1,2,0.27,0.463855421686747,0.3733826247689465,0.689,0.2559366754617414,0.546268656716418,0.2376514445479962,0.3206880301602262,0.7604,0.328,0.4989947728186569,0.2533333333333333,26.0,0.0480604420033589,0.6793119698397736,3
Unknown_682928,WSH,682928,2024,134,588,531,131,29,5,19,37,124,16,4,0.247,0.4668674698795181,0.467652495378928,0.74,0.4538258575197889,0.453731343283582,0.2623485554520037,0.4104618284637135,0.699,0.328,0.4989947728186569,0.2933333333333333,24.0,0.0548918012322138,0.5895381715362866,3
Unknown_518595,ATL,518595,2024,93,334,301,72,15,0,15,23,88,6,4,0.239,0.4337349397590361,0.489833641404806,0.741,0.5013192612137203,0.4417910447761193,0.2903075489282385,0.53440150801131,0.6497,0.327,0.4961801367108966,0.2266666666666666,35.0,0.0640168050207326,0.4655984919886897,0
Unknown_502110,NYM,502110,2024,120,495,438,102,24,1,16,49,141,6,2,0.233,0.4789156626506025,0.4214417744916822,0.719,0.4221635883905013,0.5074626865671642,0.4305684995340167,0.5845900094250707,0.596,0.327,0.4961801367108966,0.2666666666666666,37.0,0.0456752165756409,0.4154099905749295,0
Unknown_668227,TB,668227,2024,150,633,535,115,33,0,18,72,165,22,4,0.215,0.5180722891566266,0.3770794824399261,0.708,0.4063324538258575,0.4119402985074627,0.4990680335507921,0.5278039585296889,0.5908,0.327,0.4961801367108966,0.3,29.0,0.0343736906196022,0.4721960414703112,0
Unknown_657041,WSH,657041,2024,125,514,460,111,26,3,15,43,132,7,4,0.241,0.4668674698795181,0.434380776340111,0.722,0.41688654353562,0.5044776119402985,0.3592730661696178,0.5186145146088594,0.6459,0.327,0.4961801367108966,0.2666666666666666,29.0,0.049378559704028,0.4813854853911405,0
Unknown_666158,LAD,666158,2024,133,467,419,106,24,2,10,44,107,2,2,0.253,0.5030120481927711,0.401109057301294,0.717,0.3403693931398417,0.5432835820895523,0.4082013047530289,0.4533459000942507,0.6724,0.327,0.4961801367108966,0.26,27.0,0.0370676585308828,0.5466540999057494,3
Unknown_650402,NYY,650402,2024,150,646,572,149,26,0,15,62,132,2,8,0.26,0.5210843373493976,0.390018484288355,0.715,0.3034300791556728,0.5223880597014926,0.4165890027958993,0.3949104618284637,0.6935,0.326,0.4933655006031363,0.3,28.0,0.0311848499083283,0.6050895381715362,3
Unknown_624424,SF,624424,2024,126,471,423,98,25,3,18,40,113,5,3,0.232,0.4397590361445783,0.478743068391867,0.736,0.5065963060686016,0.4089552238805971,0.3648648648648648,0.4787935909519321,0.6645,0.326,0.4933655006031363,0.2533333333333333,31.0,0.0446863352464294,0.5212064090480679,0
Unknown_694384,LAA,694384,2024,143,596,510,129,19,0,13,67,100,9,7,0.253,0.5662650602409639,0.356746765249538,0.712,0.2770448548812665,0.4567164179104477,0.4930102516309412,0.3089066918001885,0.698,0.326,0.4933655006031363,0.2866666666666667,22.0,0.0188894035880916,0.6910933081998116,3
Unknown_621438,NYM,621438,2024,109,338,313,78,22,3,7,18,79,5,1,0.249,0.4277108433734939,0.4288354898336415,0.705,0.3905013192612137,0.5283582089552239,0.2176141658900279,0.4641847313854854,0.6953,0.325,0.4909529553679131,0.22,30.0,0.074860389747328,0.5358152686145146,3
Unknown_656775,BAL,656775,2024,135,487,438,102,15,3,17,41,94,4,2,0.233,0.4367469879518072,0.412199630314233,0.7,0.4089709762532981,0.3701492537313433,0.3616029822926374,0.3682846371347785,0.7002,0.325,0.4909529553679131,0.26,30.0,0.0343598616971915,0.6317153628652212,3
Unknown_663853,BOS,663853,2024,87,216,199,53,10,1,6,12,58,1,4,0.266,0.4457831325301205,0.4491682070240296,0.723,0.3746701846965699,0.6089552238805972,0.2283317800559179,0.5461828463713478,0.6713,0.325,0.4909529553679131,0.1933333333333333,28.0,0.0834643298054189,0.4538171536286524,0
Unknown_669127,ATH,669127,2024,132,523,473,105,18,2,29,41,144,4,5,0.222,0.3885542168674698,0.5138632162661738,0.739,0.58311345646438,0.3432835820895522,0.3345759552656104,0.562205466540999,0.6386,0.325,0.4909529553679131,0.2666666666666666,27.0,0.0579603943552092,0.437794533459001,0
Unknown_673490,SD,673490,2024,115,443,381,88,15,3,10,54,74,2,2,0.231,0.5120481927710844,0.3530499075785583,0.693,0.3298153034300791,0.3791044776119403,0.5372786579683131,0.3070216776625825,0.6975,0.325,0.4909529553679131,0.2466666666666667,29.0,0.0165104716189606,0.6929783223374175,3
Unknown_671739,ATL,671739,2024,107,456,427,110,13,3,15,22,91,4,3,0.258,0.4216867469879518,0.4306839186691313,0.706,0.3720316622691292,0.4746268656716418,0.1938490214352283,0.3838360037700283,0.7434,0.324,0.4881383192601527,0.2466666666666667,23.0,0.0701466137840619,0.6161639962299716,3
Unknown_693304,PIT,693304,2024,93,387,359,97,19,3,7,18,74,5,4,0.27,0.4608433734939758,0.4140480591497229,0.709,0.3139841688654353,0.5522388059701493,0.1859273066169617,0.3640433553251649,0.7468,0.324,0.4881383192601527,0.2333333333333333,25.0,0.0695804478321781,0.635956644674835,3
Unknown_596146,MIN,596146,2024,103,395,365,93,21,1,8,22,78,5,3,0.255,0.4397590361445783,0.3881700554528651,0.687,0.3166226912928759,0.4985074626865672,0.2287977632805218,0.3788878416588125,0.7316,0.324,0.4881383192601527,0.2333333333333333,31.0,0.058624315281253,0.6211121583411876,3
Unknown_669224,NYY,669224,2024,109,405,348,79,18,1,13,44,86,5,7,0.227,0.4789156626506025,0.412199630314233,0.713,0.4248021108179419,0.3701492537313433,0.4753028890959925,0.413760603204524,0.6642,0.323,0.4853236831523924,0.2333333333333333,25.0,0.0278316089277366,0.5862393967954762,0
Unknown_691406,TB,691406,2024,43,177,165,41,9,1,6,11,38,1,0,0.248,0.4246987951807228,0.4621072088724585,0.724,0.4406332453825857,0.4626865671641791,0.2586206896551724,0.4194156456173422,0.7175,0.322,0.4829111379171692,0.18,21.0,0.0569122408109035,0.5805843543826579,3
Unknown_676391,TOR,676391,2024,126,443,425,111,21,3,12,11,40,3,2,0.261,0.3765060240963854,0.434380776340111,0.693,0.366754617414248,0.3880597014925373,0.0848089468779123,0.1262959472196041,0.8736,0.322,0.4829111379171692,0.24,28.0,0.0604698264090005,0.8737040527803959,3
Unknown_572138,HOU,572138,2024,117,401,351,82,13,1,13,47,109,0,3,0.234,0.4939759036144578,0.3937153419593347,0.709,0.3825857519788918,0.4865671641791045,0.5153774464119292,0.5539585296889726,0.611,0.322,0.4829111379171692,0.2266666666666666,33.0,0.0348815143442796,0.4460414703110273,0
Unknown_516782,NYM,516782,2024,89,358,325,87,12,3,6,25,80,3,2,0.268,0.5,0.3770794824399261,0.702,0.2691292875989445,0.6029850746268658,0.2945013979496738,0.4401508011310085,0.6899,0.321,0.4800965018094089,0.22,36.0,0.0519703675218797,0.5598491988689915,3
Unknown_641857,COL,641857,2024,149,628,555,131,27,0,20,67,183,3,3,0.236,0.4879518072289157,0.4048059149722737,0.713,0.3905013192612137,0.5343283582089553,0.4664492078285182,0.6001413760603204,0.5939,0.321,0.4800965018094089,0.28,30.0,0.0428542249340707,0.3998586239396795,0
Unknown_668939,BAL,668939,2024,145,625,560,140,21,1,19,56,103,2,7,0.25,0.4789156626506025,0.4048059149722737,0.71,0.3535620052770448,0.4119402985074627,0.3867660764212488,0.3018378887841659,0.7424,0.321,0.4800965018094089,0.2733333333333333,26.0,0.0255942159679879,0.698162111215834,3
Unknown_592192,DET,592192,2024,121,449,382,91,19,0,6,49,93,13,5,0.238,0.5512048192771085,0.2975970425138634,0.676,0.2321899736147757,0.4805970149253731,0.4776328052190121,0.4015080113100848,0.6548,0.321,0.4800965018094089,0.24,35.0,0.0267356643555708,0.5984919886899149,3
Unknown_656537,MIA,656537,2024,49,172,162,39,4,2,7,5,56,2,1,0.241,0.3403614457831325,0.4547134935304991,0.69,0.4485488126649076,0.555223880597015,0.1048462255358807,0.6807257304429783,0.6221,0.321,0.4800965018094089,0.18,29.0,0.2065628439049282,0.3192742695570219,0
Unknown_642086,BOS,642086,2024,92,307,275,64,22,0,6,28,76,4,0,0.233,0.4668674698795181,0.3770794824399261,0.691,0.3588390501319261,0.4985074626865672,0.3942218080149114,0.4969368520263902,0.6482,0.32,0.4772818657016485,0.2066666666666666,29.0,0.0425424215736187,0.5030631479736096,0
Unknown_609280,ATH,609280,2024,75,319,302,86,14,1,4,13,42,3,1,0.285,0.4879518072289157,0.3752310536044363,0.697,0.2216358839050131,0.5522388059701493,0.1593662628145387,0.2238454288407163,0.8182,0.32,0.4772818657016485,0.2066666666666666,29.0,0.0524723615053277,0.7761545711592837,3
Unknown_682626,NYM,682626,2024,88,331,298,68,13,2,10,29,83,2,2,0.228,0.4246987951807228,0.3918669131238448,0.685,0.3931398416886543,0.4358208955223881,0.3774464119291705,0.5044769085768144,0.6556,0.319,0.4748693204664254,0.2066666666666666,23.0,0.0454090012067714,0.4955230914231856,0
Unknown_666971,AZ,666971,2024,129,534,496,135,20,2,15,27,98,6,5,0.272,0.4728915662650602,0.4380776340110906,0.726,0.3430079155672823,0.5223880597014926,0.2050326188257222,0.3459000942507069,0.7547,0.319,0.4748693204664254,0.2533333333333333,31.0,0.0601863296464086,0.6540999057492931,3
Unknown_572761,STL,572761,2024,55,151,132,31,7,0,4,15,49,2,2,0.235,0.4819277108433735,0.378927911275416,0.697,0.3562005277044854,0.5940298507462688,0.4319664492078285,0.6781338360037701,0.5629,0.319,0.4748693204664254,0.1733333333333333,39.0,0.053245303774571,0.3218661639962301,0
Unknown_669720,BAL,669720,2024,75,242,224,58,18,0,5,7,55,8,2,0.259,0.4367469879518072,0.4288354898336415,0.709,0.3641160949868073,0.5522388059701493,0.1039142590866728,0.4491046182846371,0.7066,0.319,0.4748693204664254,0.1866666666666666,29.0,0.1422260407854173,0.5508953817153628,3
Unknown_621028,AZ,621028,2024,94,311,288,80,17,1,3,15,48,0,2,0.278,0.4608433734939758,0.3715341959334566,0.686,0.2321899736147757,0.5611940298507463,0.1938490214352283,0.2770970782280867,0.7781,0.319,0.4748693204664254,0.2066666666666666,31.0,0.0519556395719556,0.7229029217719132,3
Unknown_643446,NYM,643446,2024,121,461,413,100,26,0,12,35,68,9,3,0.242,0.4668674698795181,0.4029574861367839,0.705,0.3720316622691292,0.382089552238806,0.3229263746505125,0.2610744580584354,0.7549,0.319,0.4748693204664254,0.2333333333333333,32.0,0.0276083665254917,0.7389255419415648,3
Unknown_670770,CIN,670770,2024,85,341,297,67,5,1,13,26,52,12,4,0.226,0.4578313253012048,0.3807763401109058,0.69,0.3852242744063324,0.2835820895522388,0.3243243243243243,0.2728557964184731,0.7302,0.318,0.472054684358665,0.2066666666666666,29.0,0.0287303251302846,0.727144203581527,3
Unknown_543760,TEX,543760,2024,156,703,637,150,26,2,23,62,103,3,1,0.235,0.4457831325301205,0.401109057301294,0.697,0.3852242744063324,0.3402985074626866,0.380242311276794,0.2587181903864279,0.761,0.318,0.472054684358665,0.28,34.0,0.0221433597588919,0.7412818096135723,3
Unknown_596142,MIL,596142,2024,86,277,242,54,7,1,11,27,75,5,3,0.223,0.4578313253012048,0.412199630314233,0.707,0.4353562005277044,0.4059701492537314,0.4235787511649581,0.551602262016965,0.6137,0.318,0.472054684358665,0.1933333333333333,32.0,0.0437525985511801,0.448397737983035,0
Unknown_665161,HOU,665161,2024,153,634,587,154,27,2,15,25,109,13,6,0.262,0.4397590361445783,0.4029574861367839,0.696,0.3166226912928759,0.4835820895522388,0.1528424976700838,0.3185673892554194,0.7634,0.318,0.472054684358665,0.2666666666666666,27.0,0.0744409320203708,0.6814326107445807,3
Unknown_643396,TOR,643396,2024,125,486,456,122,18,4,8,15,77,10,2,0.268,0.4397590361445783,0.3752310536044363,0.682,0.2664907651715039,0.5134328358208955,0.1132339235787511,0.2867577756833177,0.784,0.318,0.472054684358665,0.24,29.0,0.0892144070665089,0.7132422243166823,3
Unknown_656582,PIT,656582,2024,116,394,345,77,19,1,9,41,88,6,2,0.223,0.4728915662650602,0.3475046210720888,0.677,0.3430079155672823,0.4119402985074627,0.4543336439888163,0.4399151743638077,0.6574,0.318,0.472054684358665,0.22,32.0,0.0315310900940275,0.5600848256361921,3
Unknown_666023,KC,666023,2024,99,364,335,92,14,0,6,23,66,2,3,0.275,0.4939759036144578,0.3622920517560075,0.692,0.2295514511873351,0.564179104477612,0.2637465051258155,0.3407163053722903,0.7473,0.317,0.4692400482509046,0.2133333333333333,29.0,0.0455184989991621,0.6592836946277096,3
Unknown_641584,CIN,641584,2024,110,374,342,92,18,2,5,26,70,3,3,0.269,0.5,0.3752310536044363,0.701,0.2612137203166226,0.5611940298507463,0.2931034482758621,0.3546182846371348,0.7353,0.317,0.4692400482509046,0.2133333333333333,29.0,0.0421284631621878,0.6453817153628651,3
Unknown_681624,LAD,681624,2024,115,443,404,100,23,1,13,29,108,6,4,0.248,0.4427710843373493,0.4288354898336415,0.711,0.3931398416886543,0.5044776119402985,0.2744641192917055,0.4879830348727615,0.6749,0.317,0.4692400482509046,0.2266666666666666,24.0,0.062037785402652,0.5120169651272384,0
Unknown_686823,CLE,686823,2024,110,341,320,85,13,2,8,18,47,2,1,0.266,0.4518072289156626,0.4066543438077635,0.702,0.3139841688654353,0.4626865671641791,0.2152842497670083,0.2382186616399623,0.8035,0.317,0.4692400482509046,0.2066666666666666,26.0,0.0405088574012598,0.7617813383600376,3
Unknown_656555,MIL,656555,2024,128,504,440,93,14,0,25,51,147,7,6,0.211,0.4277108433734939,0.4436229205175602,0.713,0.5092348284960422,0.3402985074626866,0.4408201304753029,0.6008482563619227,0.5893,0.317,0.4692400482509046,0.24,31.0,0.0457844473195688,0.3991517436380771,0
Unknown_553869,COL,553869,2024,89,340,314,83,20,0,5,20,68,4,2,0.264,0.4728915662650602,0.3733826247689465,0.691,0.2691292875989445,0.5582089552238807,0.2432432432432432,0.3847785108388313,0.7294,0.316,0.4668275030156815,0.2066666666666666,34.0,0.0558289831672381,0.6152214891611687,3
Unknown_672761,DET,672761,2024,110,425,389,94,16,6,9,32,92,1,1,0.242,0.4277108433734939,0.3863216266173753,0.683,0.3482849604221635,0.4776119402985074,0.3201304753028891,0.4236569274269557,0.7012,0.316,0.4668275030156815,0.22,25.0,0.0456442153438392,0.5763430725730443,3
Unknown_690993,DET,690993,2024,145,543,505,133,15,4,13,34,108,2,2,0.263,0.4608433734939758,0.3918669131238448,0.697,0.3007915567282321,0.5283582089552239,0.260950605778192,0.382186616399623,0.7348,0.316,0.4668275030156815,0.24,23.0,0.051492490689421,0.617813383600377,3
Unknown_668904,MIN,668904,2024,81,323,290,66,16,0,15,28,74,0,5,0.228,0.4006024096385542,0.4879852125693162,0.729,0.5303430079155672,0.3402985074626866,0.3732525629077353,0.4533459000942507,0.6842,0.316,0.4668275030156815,0.2,25.0,0.0411397839610549,0.5466540999057494,0
Unknown_663757,NYY,663757,2024,66,205,177,34,8,0,9,21,55,4,2,0.192,0.3945783132530119,0.3992606284658042,0.679,0.4986807387862797,0.2477611940298507,0.4464119291705499,0.5457115928369463,0.6,0.316,0.4668275030156815,0.18,28.0,0.0407076134583691,0.4542884071630537,0
Unknown_664238,SEA,664238,2024,127,435,362,73,23,4,9,53,121,14,5,0.202,0.496987951807229,0.3475046210720888,0.684,0.3984168865435356,0.4059701492537314,0.5368126747437092,0.5690386427898209,0.5655,0.316,0.4668275030156815,0.22,32.0,0.0342032896759718,0.4309613572101791,0
Unknown_681393,MIA,681393,2024,45,194,178,42,9,0,9,15,64,0,1,0.236,0.4096385542168674,0.4879852125693162,0.732,0.5092348284960422,0.5283582089552239,0.3294501397949673,0.6908576814326108,0.5928,0.316,0.4668275030156815,0.18,24.0,0.0725991321182193,0.3091423185673891,0
Unknown_681351,LAA,681351,2024,133,512,472,114,17,1,20,31,154,7,1,0.242,0.4186746987951807,0.434380776340111,0.706,0.41688654353562,0.5373134328358209,0.2511649580615098,0.6222902921771913,0.623,0.316,0.4668275030156815,0.24,24.0,0.0862276035792283,0.3777097078228089,0
Unknown_592669,KC,592669,2024,114,417,378,88,18,0,15,36,80,2,1,0.233,0.4337349397590361,0.4158964879852126,0.702,0.41688654353562,0.3671641791044776,0.3713886300093196,0.3654571159283695,0.717,0.315,0.4640128669079211,0.22,32.0,0.0330111344090083,0.6345428840716305,3
Unknown_680700,TB,680700,2024,86,308,260,59,8,1,5,42,66,5,1,0.227,0.5602409638554217,0.2754158964879853,0.667,0.2295514511873351,0.4477611940298507,0.6048462255358806,0.4184731385485391,0.6299,0.315,0.4640128669079211,0.2,27.0,0.0204036207265201,0.581526861451461,3
Unknown_621020,CHC,621020,2024,145,581,525,127,26,2,15,52,141,2,2,0.242,0.463855421686747,0.390018484288355,0.696,0.3535620052770448,0.5014925373134328,0.3863000931966449,0.4853911404335533,0.6644,0.315,0.4640128669079211,0.2466666666666667,30.0,0.0424808625661601,0.5146088595664466,0
Unknown_672386,TOR,672386,2024,98,373,329,84,19,1,5,34,49,2,8,0.255,0.4939759036144578,0.3530499075785583,0.686,0.2638522427440633,0.4328358208955225,0.3942218080149114,0.223138548539114,0.7721,0.315,0.4640128669079211,0.2066666666666666,26.0,0.0178811148837796,0.776861451460886,3
Unknown_666152,BOS,666152,2024,93,317,294,73,17,1,8,22,80,1,0,0.248,0.4367469879518072,0.4085027726432533,0.697,0.3614775725593667,0.5432835820895523,0.2926374650512581,0.5082469368520264,0.6751,0.315,0.4640128669079211,0.2,27.0,0.0603877314475509,0.4917530631479738,0
Unknown_669242,LAD,669242,2024,37,153,139,33,5,1,6,11,30,1,2,0.237,0.4096385542168674,0.4491682070240296,0.711,0.4511873350923482,0.3671641791044776,0.304287045666356,0.3755890669180019,0.7255,0.314,0.4611982308001607,0.1666666666666666,29.0,0.0427841116949341,0.6244109330819982,3
Unknown_668832,ATH,668832,2024,51,153,138,33,4,0,5,14,57,1,0,0.239,0.4698795180722892,0.3752310536044363,0.691,0.3403693931398417,0.6985074626865672,0.3956197576887232,0.7912346842601319,0.5294,0.314,0.4611982308001607,0.1666666666666666,27.0,0.0687909419583174,0.2087653157398681,0
Unknown_518792,LAD,518792,2024,80,243,215,45,12,2,10,22,52,4,2,0.209,0.4036144578313252,0.4602587800369687,0.715,0.5408970976253298,0.2746268656716418,0.390959925442684,0.4177662582469368,0.6749,0.314,0.4611982308001607,0.1866666666666666,35.0,0.0357627373142141,0.5822337417530632,0
Unknown_673962,TEX,673962,2024,43,173,165,43,4,0,6,6,44,1,1,0.261,0.3945783132530119,0.4066543438077635,0.683,0.3271767810026385,0.5522388059701493,0.1309412861136999,0.5127238454288408,0.7052,0.314,0.4611982308001607,0.1733333333333333,26.0,0.1318413865516685,0.4872761545711594,1
Unknown_668885,MIN,668885,2024,78,254,230,59,18,1,1,20,47,2,0,0.257,0.4909638554216867,0.3382624768946395,0.678,0.2401055408970976,0.5522388059701493,0.3359739049394222,0.3494344957587182,0.7205,0.313,0.4587856855649376,0.1866666666666666,25.0,0.0354928821513762,0.6505655042412817,3
Unknown_677870,TOR,677870,2024,61,210,179,41,11,0,4,12,59,16,3,0.229,0.5150602409638555,0.3401109057301294,0.686,0.3139841688654353,0.5283582089552239,0.2353215284249766,0.575636192271442,0.5857,0.313,0.4587856855649376,0.1733333333333333,23.0,0.0852460865622949,0.4243638077285578,1
Unknown_642708,TB,642708,2024,96,337,324,90,16,3,3,8,73,4,1,0.278,0.4367469879518072,0.3678373382624769,0.676,0.2295514511873351,0.6417910447761194,0.0796831314072693,0.4238925541941564,0.7478,0.313,0.4587856855649376,0.2,29.0,0.166888620994727,0.5761074458058435,1
Unknown_686527,SEA,686527,2024,58,180,160,33,7,0,8,18,49,0,2,0.206,0.3765060240963854,0.4177449168207025,0.683,0.4881266490765171,0.3104477611940298,0.4352283317800559,0.5549010367577757,0.6278,0.313,0.4587856855649376,0.1733333333333333,27.0,0.0426796080507642,0.4450989632422244,0
Unknown_683734,CWS,683734,2024,146,608,560,138,30,1,19,38,130,5,5,0.246,0.4216867469879518,0.4269870609981517,0.703,0.3957783641160949,0.453731343283582,0.260484622553588,0.4172950047125354,0.7155,0.312,0.4559710494571772,0.24,26.0,0.0562052438999483,0.5827049952874648,3
Unknown_641432,LAA,641432,2024,68,254,229,56,16,0,5,23,31,1,1,0.245,0.4728915662650602,0.3807763401109058,0.695,0.3324538258575198,0.3850746268656717,0.391425908667288,0.2009896324222431,0.7835,0.312,0.4559710494571772,0.18,30.0,0.0160576101192496,0.7990103675777569,3
Unknown_502054,CWS,502054,2024,116,478,440,109,20,3,9,35,106,2,1,0.248,0.4427710843373493,0.3585951940850277,0.674,0.2928759894459102,0.5164179104477612,0.3103448275862069,0.4361451460885957,0.7008,0.311,0.4531564133494169,0.22,36.0,0.0486421652163807,0.5638548539114043,1
Unknown_543807,TOR,543807,2024,141,596,530,117,19,3,17,58,112,6,2,0.221,0.4397590361445783,0.3512014787430684,0.668,0.3535620052770448,0.3402985074626866,0.4226467847157502,0.3562676720075401,0.703,0.311,0.4531564133494169,0.2333333333333333,35.0,0.0273721187477655,0.64373232799246,3
Unknown_686217,MIL,686217,2024,141,514,469,122,22,4,2,38,75,4,1,0.26,0.4879518072289157,0.301293900184843,0.657,0.179419525065963,0.5104477611940299,0.3136067101584343,0.2573044297832234,0.7626,0.311,0.4531564133494169,0.22,24.0,0.0282072857058794,0.7426955702167766,3
Unknown_662139,TOR,662139,2024,127,496,445,96,21,7,18,45,133,4,1,0.216,0.4066265060240963,0.4473197781885398,0.709,0.503957783641161,0.3880597014925373,0.3918918918918919,0.5452403393025448,0.631,0.311,0.4531564133494169,0.22,28.0,0.047206835925516,0.4547596606974553,0
Unknown_666139,TB,666139,2024,106,387,353,85,19,2,10,32,123,0,2,0.241,0.4337349397590361,0.401109057301294,0.693,0.3720316622691292,0.6089552238805972,0.3546132339235787,0.6623468426013196,0.5995,0.31,0.4503417772416565,0.2,26.0,0.0643733753976962,0.3376531573986803,0
Unknown_656413,CIN,656413,2024,84,229,205,43,8,0,8,17,59,4,1,0.21,0.3734939759036144,0.3548983364140481,0.648,0.387862796833773,0.3522388059701492,0.315004659832246,0.5204995287464655,0.6419,0.31,0.4503417772416565,0.1733333333333333,28.0,0.0571904032368913,0.4795004712535342,1
Unknown_600869,CIN,600869,2024,109,451,416,94,22,2,19,26,108,6,3,0.226,0.3644578313253013,0.4639556377079483,0.705,0.503957783641161,0.3671641791044776,0.2376514445479962,0.4778510838831291,0.6896,0.31,0.4503417772416565,0.2133333333333333,31.0,0.0704738628065954,0.5221489161168709,0
Unknown_657557,CWS,657557,2024,134,476,439,100,17,0,23,23,152,9,5,0.228,0.3584337349397591,0.4621072088724585,0.701,0.4934036939313984,0.453731343283582,0.1943150046598322,0.6658812441093307,0.6134,0.309,0.4479292320064334,0.2133333333333333,31.0,0.1179486885240937,0.3341187558906695,0
Unknown_700932,CLE,700932,2024,52,156,145,34,12,0,5,9,41,1,1,0.234,0.3734939759036144,0.4565619223659889,0.703,0.467018469656992,0.4656716417910447,0.2381174277726002,0.5327521206409047,0.6731,0.309,0.4479292320064334,0.1666666666666666,24.0,0.0781503891093115,0.4672478793590955,0
Unknown_593160,PHI,593160,2024,87,327,286,64,9,3,4,34,52,3,0,0.224,0.4668674698795181,0.2661737523105361,0.631,0.2242744063324538,0.3791044776119403,0.4538676607642125,0.2881715362865221,0.7156,0.309,0.4479292320064334,0.1866666666666666,35.0,0.0195854975253917,0.7118284637134777,3
Unknown_666134,COL,666134,2024,72,280,240,56,12,0,3,35,85,1,3,0.233,0.5180722891566266,0.2717190388170056,0.651,0.20844327176781,0.6208955223880598,0.5517241379310345,0.6288878416588124,0.5643,0.308,0.445114595898673,0.18,26.0,0.0370045702273802,0.3711121583411876,1
Unknown_593428,SD,593428,2024,105,437,404,105,15,1,11,26,74,1,6,0.26,0.4337349397590361,0.3881700554528651,0.686,0.3034300791556728,0.4626865671641791,0.2465051258154706,0.3124410933081998,0.7689,0.308,0.445114595898673,0.2,32.0,0.0450676560554796,0.6875589066918002,3
Unknown_666176,LAA,666176,2024,124,446,401,83,15,1,20,35,124,7,3,0.207,0.3674698795180724,0.4158964879852126,0.679,0.4828496042216359,0.3223880597014925,0.3350419384902143,0.5685673892554195,0.6256,0.308,0.445114595898673,0.2066666666666666,25.0,0.0585395440051586,0.4314326107445805,0
Unknown_677942,AZ,677942,2024,52,178,159,39,7,0,3,15,46,3,0,0.245,0.4939759036144578,0.3179297597042514,0.668,0.2427440633245382,0.5761194029850747,0.3620689655172414,0.5223845428840717,0.6348,0.308,0.445114595898673,0.1666666666666666,25.0,0.0493232575191713,0.4776154571159285,1
Unknown_696285,WSH,696285,2024,145,521,468,120,24,1,3,30,102,12,2,0.256,0.4759036144578313,0.2902033271719039,0.648,0.1741424802110817,0.5582089552238807,0.2376514445479962,0.3748821866163996,0.7063,0.307,0.4422999597909127,0.2133333333333333,25.0,0.0557892077975784,0.6251178133836004,1
Unknown_643217,CWS,643217,2024,132,509,465,107,20,0,20,40,93,1,3,0.23,0.4006024096385542,0.4214417744916822,0.693,0.4300791556728232,0.3313432835820895,0.3355079217148182,0.3440150801131009,0.7367,0.307,0.4422999597909127,0.2133333333333333,30.0,0.0349843860748447,0.6559849198868992,3
Unknown_608348,DET,608348,2024,83,307,275,64,9,1,9,25,55,6,1,0.233,0.4548192771084337,0.3641404805914973,0.68,0.3403693931398417,0.373134328358209,0.3485554520037278,0.3357681432610744,0.7199,0.307,0.4422999597909127,0.18,30.0,0.0326045616841848,0.6642318567389254,3
Unknown_642133,PIT,642133,2024,123,413,375,91,18,0,12,31,84,2,5,0.243,0.4277108433734939,0.3937153419593347,0.687,0.3562005277044854,0.4298507462686568,0.3191985088536813,0.3927898209236569,0.7167,0.307,0.4422999597909127,0.2,29.0,0.042416156515337,0.6072101790763431,3
Unknown_645277,ATL,645277,2024,96,421,386,95,29,1,8,26,65,5,4,0.246,0.4246987951807228,0.3974121996303143,0.688,0.3509234828496042,0.4179104477611941,0.2572227399813607,0.2773327049952875,0.772,0.306,0.4398874145556895,0.1933333333333333,27.0,0.0383513634876995,0.7226672950047126,3
Unknown_678882,BOS,678882,2024,148,559,532,130,22,4,15,15,146,7,3,0.244,0.3463855421686748,0.390018484288355,0.658,0.3482849604221635,0.5164179104477612,0.0941286113699906,0.5289820923656927,0.6959,0.306,0.4398874145556895,0.2133333333333333,24.0,0.1786379651738089,0.4710179076343073,1
Unknown_664034,SEA,664034,2024,135,520,464,108,24,0,13,38,110,13,5,0.233,0.4457831325301205,0.3604436229205176,0.674,0.3350923482849604,0.4208955223880598,0.3098788443616029,0.411875589066918,0.6904,0.306,0.4398874145556895,0.2066666666666666,30.0,0.0459951473527749,0.5881244109330819,3
Unknown_621466,NYM,621466,2024,71,189,154,28,4,0,5,30,44,4,1,0.182,0.5120481927710844,0.2421441774491682,0.633,0.3007915567282321,0.2477611940298507,0.7087604846225536,0.4620640904806786,0.5873,0.306,0.4398874145556895,0.1666666666666666,31.0,0.0183868598709637,0.5379359095193215,1
Unknown_668930,MIL,668930,2024,150,608,548,137,23,4,7,50,102,2,3,0.25,0.4668674698795181,0.3160813308687616,0.658,0.2269129287598944,0.4776119402985074,0.3522833178005591,0.3089066918001885,0.7385,0.305,0.4370727784479292,0.22,25.0,0.0295055173825682,0.6910933081998116,3
Unknown_643376,TOR,643376,2024,85,324,278,57,13,0,9,40,61,3,3,0.205,0.4548192771084337,0.3234750462107209,0.658,0.3562005277044854,0.2776119402985075,0.5447343895619757,0.357210179076343,0.679,0.305,0.4370727784479292,0.18,29.0,0.0195051760445801,0.6427898209236569,3
Unknown_666969,TEX,666969,2024,151,622,567,127,27,0,23,44,172,6,5,0.224,0.3825301204819277,0.4048059149722737,0.678,0.4221635883905013,0.4238805970149254,0.298695246971109,0.5650329877474082,0.6431,0.305,0.4370727784479292,0.22,31.0,0.0656912107062121,0.4349670122525919,0
Unknown_595909,COL,595909,2024,108,342,319,80,16,5,7,18,97,1,3,0.251,0.3975903614457831,0.4140480591497229,0.688,0.3641160949868073,0.6000000000000002,0.2143522833178005,0.5817624882186616,0.6579,0.304,0.4342581423401688,0.18,32.0,0.0943517754850732,0.4182375117813381,1
Unknown_593871,SEA,593871,2024,114,453,403,88,11,0,16,45,130,3,2,0.218,0.4277108433734939,0.3530499075785583,0.665,0.3614775725593667,0.4298507462686568,0.4319664492078285,0.5897737983034872,0.6071,0.304,0.4342581423401688,0.1933333333333333,31.0,0.0459358181948547,0.410226201696513,1
Unknown_691718,CHC,691718,2024,115,410,372,88,13,6,10,21,98,6,3,0.237,0.3855421686746987,0.3881700554528651,0.67,0.366754617414248,0.4716417910447761,0.2078285181733457,0.4766729500471253,0.6756,0.303,0.4318455971049457,0.1866666666666666,22.0,0.0803448408589953,0.5233270499528746,1
Unknown_681082,PHI,681082,2024,144,561,497,120,18,2,11,52,92,3,9,0.241,0.463855421686747,0.3290203327171904,0.664,0.2691292875989445,0.4059701492537314,0.4012115563839702,0.2999528746465599,0.738,0.303,0.4318455971049457,0.2066666666666666,27.0,0.0242366600971924,0.7000471253534399,3
Unknown_571771,LAD,571771,2024,117,384,355,82,16,0,12,26,75,0,2,0.231,0.3734939759036144,0.3752310536044363,0.659,0.3614775725593667,0.373134328358209,0.2847157502329915,0.3737040527803958,0.7344,0.302,0.4290309609971853,0.18,33.0,0.0458304118858154,0.6262959472196041,3
Unknown_679529,DET,679529,2024,89,367,330,72,21,1,10,32,102,4,1,0.218,0.4096385542168674,0.378927911275416,0.673,0.4010554089709762,0.444776119402985,0.3755824790307548,0.5683317624882186,0.6213,0.302,0.4290309609971853,0.18,25.0,0.051678503246317,0.4316682375117813,0
Unknown_657757,CWS,657757,2024,137,499,449,105,24,1,10,43,105,4,3,0.234,0.4427710843373493,0.3419593345656193,0.663,0.3060686015831134,0.4417910447761193,0.3709226467847157,0.4092836946277097,0.6954,0.302,0.4290309609971853,0.1933333333333333,28.0,0.0372375190487501,0.5907163053722901,3
Unknown_669221,ATL,669221,2024,70,261,230,45,5,1,10,27,66,3,1,0.196,0.3885542168674698,0.3382624768946395,0.644,0.4010554089709762,0.2746268656716418,0.451071761416589,0.5094250706880301,0.6322,0.301,0.4262163248894249,0.1666666666666666,30.0,0.0373344152064093,0.4905749293119699,1
Unknown_663368,MIL,663368,2024,117,430,379,91,13,2,6,42,107,3,6,0.24,0.4759036144578313,0.2920517560073938,0.649,0.2189973614775725,0.5313432835820896,0.4245107176141658,0.4997643732327992,0.6465,0.301,0.4262163248894249,0.1866666666666666,28.0,0.0392840915508672,0.5002356267672008,1
Unknown_682177,CLE,682177,2024,73,221,193,42,10,2,5,25,70,0,3,0.218,0.4367469879518072,0.3585951940850277,0.671,0.3720316622691292,0.5134328358208955,0.4962721342031687,0.6597549481621111,0.5701,0.301,0.4262163248894249,0.16,27.0,0.0441927611667452,0.340245051837889,0
Unknown_670032,CWS,670032,2024,118,438,391,95,12,3,1,37,66,4,0,0.243,0.4728915662650602,0.2273567467652495,0.611,0.1187335092348284,0.4656716417910447,0.3630009319664492,0.2686145146088596,0.742,0.301,0.4262163248894249,0.1866666666666666,29.0,0.0245131374898544,0.7313854853911403,3
Unknown_543685,LAA,543685,2024,53,227,195,45,10,0,0,23,32,5,4,0.231,0.4939759036144578,0.199630314232902,0.604,0.1108179419525065,0.4029850746268657,0.4412861136999068,0.2457587181903864,0.7357,0.301,0.4262163248894249,0.1666666666666666,34.0,0.016934935072678,0.7542412818096136,3
Unknown_664728,KC,664728,2024,129,417,375,85,12,8,7,27,87,5,2,0.227,0.3855421686746987,0.3382624768946395,0.643,0.3218997361477572,0.4238805970149254,0.2707362534948741,0.4050424128180961,0.6954,0.3,0.4238037796542018,0.18,27.0,0.0523982319310063,0.594957587181904,1
Unknown_643289,HOU,643289,2024,125,423,397,106,24,0,4,16,55,2,5,0.267,0.4126506024096384,0.3401109057301294,0.653,0.2163588390501319,0.4865671641791045,0.1453867660764212,0.2198397737983035,0.8203,0.3,0.4238037796542018,0.18,30.0,0.0565604842184508,0.7801602262016962,3
Unknown_641343,MIL,641343,2024,110,339,295,59,8,2,12,39,114,5,0,0.2,0.4397590361445783,0.3493530499075786,0.667,0.4063324538258575,0.4298507462686568,0.5051258154706431,0.705937794533459,0.5339,0.299,0.4209891435464414,0.1733333333333333,29.0,0.0465961550034348,0.2940622054665409,0
Unknown_607680,LAA,607680,2024,92,310,281,65,16,1,8,15,68,10,3,0.231,0.4006024096385542,0.3826247689463957,0.672,0.3693931398416886,0.4179104477611941,0.1947809878844361,0.4304901036757776,0.6968,0.298,0.418174507438681,0.1666666666666666,35.0,0.0777335705545901,0.5695098963242224,1
Unknown_656896,MIA,656896,2024,96,302,265,63,9,2,5,26,69,5,5,0.238,0.463855421686747,0.312384473197782,0.656,0.2559366754617414,0.4835820895522388,0.3704566635601118,0.4519321394910462,0.6656,0.298,0.418174507438681,0.1666666666666666,28.0,0.0413613196933746,0.5480678605089537,1
Unknown_543257,TEX,543257,2024,87,245,208,44,8,0,3,34,58,1,2,0.212,0.4939759036144578,0.2199630314232902,0.616,0.1926121372031662,0.4208955223880598,0.6160298229263746,0.471253534401508,0.6204,0.298,0.418174507438681,0.16,35.0,0.0230014610856971,0.5287464655984919,1
Unknown_650559,MIA,650559,2024,145,603,566,131,25,0,21,29,166,3,5,0.231,0.3373493975903615,0.3937153419593347,0.657,0.3852242744063324,0.453731343283582,0.1933830382106244,0.562205466540999,0.67,0.298,0.418174507438681,0.1933333333333333,28.0,0.1007750539321871,0.437794533459001,1
Unknown_570482,DET,570482,2024,124,457,428,106,19,1,9,23,72,1,5,0.248,0.3795180722891565,0.3438077634011091,0.644,0.2717678100263852,0.4238805970149254,0.2036346691519105,0.2846371347785109,0.7899,0.297,0.4157619622034579,0.18,33.0,0.0506001322136886,0.7153628652214892,3
Unknown_543510,BAL,543510,2024,62,229,210,48,9,0,8,13,55,2,4,0.229,0.3524096385542169,0.3918669131238448,0.661,0.3905013192612137,0.391044776119403,0.2339235787511649,0.4795004712535344,0.6943,0.297,0.4157619622034579,0.16,34.0,0.0718459198817603,0.5204995287464658,1
Unknown_664913,ATH,664913,2024,116,388,363,85,11,1,14,22,110,2,1,0.234,0.3704819277108434,0.3918669131238448,0.667,0.3773087071240105,0.4835820895522388,0.233457595526561,0.5815268614514608,0.6546,0.297,0.4157619622034579,0.1733333333333333,32.0,0.0867714776335365,0.4184731385485392,1
Unknown_669289,CIN,669289,2024,114,388,354,87,12,0,9,24,54,2,4,0.246,0.4096385542168674,0.3364140480591498,0.65,0.2664907651715039,0.3880597014925373,0.2576887232059646,0.2415174363807728,0.7835,0.297,0.4157619622034579,0.1733333333333333,30.0,0.0335203518837849,0.758482563619227,3
Unknown_519203,NYY,519203,2024,88,357,322,73,11,0,8,25,60,8,2,0.227,0.4186746987951807,0.2975970425138634,0.632,0.2638522427440633,0.3582089552238806,0.2954333643988817,0.3096135721017908,0.7395,0.297,0.4157619622034579,0.1666666666666666,35.0,0.0364747820540414,0.690386427898209,3
Unknown_679032,PHI,679032,2024,107,353,330,82,12,3,3,12,67,3,0,0.248,0.3704819277108434,0.2883548983364142,0.611,0.1926121372031662,0.5074626865671642,0.1276794035414725,0.3607445805843544,0.745,0.297,0.4157619622034579,0.1666666666666666,24.0,0.0980432203611471,0.6392554194156457,1
Unknown_672284,ATL,672284,2024,125,441,405,90,17,2,15,31,133,1,3,0.222,0.3584337349397591,0.390018484288355,0.662,0.4063324538258575,0.4597014925373134,0.2968313140726933,0.6241753063147973,0.6236,0.296,0.4129473260956975,0.1733333333333333,25.0,0.0730326392413184,0.3758246936852027,1
Unknown_657077,NYY,657077,2024,144,604,544,127,28,1,13,48,91,1,9,0.233,0.4036144578313252,0.3438077634011091,0.653,0.3113456464379947,0.3582089552238806,0.3397017707362535,0.2686145146088596,0.7649,0.296,0.4129473260956975,0.1866666666666666,28.0,0.0266841594352482,0.7313854853911403,3
Unknown_686780,STL,686780,2024,65,218,202,48,3,2,7,13,58,0,2,0.238,0.3704819277108434,0.3733826247689465,0.657,0.3430079155672823,0.4805970149253731,0.2469711090400745,0.5405278039585296,0.6697,0.296,0.4129473260956975,0.16,26.0,0.0764117290043195,0.4594721960414702,1
Unknown_665804,CHC,665804,2024,106,358,324,74,13,2,8,22,61,4,3,0.228,0.3765060240963854,0.3345656192236599,0.638,0.3113456464379947,0.3641791044776119,0.2558247903075489,0.3150329877474081,0.743,0.296,0.4129473260956975,0.1666666666666666,25.0,0.0436228354798995,0.6849670122525919,3
Unknown_669004,KC,669004,2024,131,440,403,81,21,3,17,34,111,3,0,0.201,0.3313253012048193,0.4085027726432533,0.663,0.4881266490765171,0.2955223880597015,0.3294501397949673,0.5080113100848257,0.6614,0.295,0.4101326899879372,0.1733333333333333,26.0,0.0531684958640033,0.4919886899151744,0
Unknown_668942,SEA,668942,2024,135,468,416,91,19,2,8,46,107,3,2,0.219,0.4277108433734939,0.2920517560073938,0.632,0.2744063324538258,0.4179104477611941,0.4273066169617893,0.452167766258247,0.6603,0.295,0.4101326899879372,0.1733333333333333,30.0,0.0350058048605269,0.5478322337417529,1
Unknown_664056,NYM,664056,2024,131,430,395,94,19,0,12,21,93,8,6,0.238,0.3855421686746987,0.3752310536044363,0.663,0.3430079155672823,0.4268656716417911,0.1966449207828518,0.4231856738925542,0.7163,0.294,0.407720144752714,0.1666666666666666,30.0,0.0757848414966931,0.5768143261074459,1
Unknown_673357,CWS,673357,2024,97,412,382,84,19,0,12,27,136,2,1,0.22,0.3493975903614459,0.3512014787430684,0.638,0.3562005277044854,0.5134328358208955,0.2744641192917055,0.6913289349670122,0.5971,0.294,0.407720144752714,0.1666666666666666,27.0,0.0875397882643645,0.3086710650329878,1
Unknown_628451,DET,628451,2024,97,240,221,52,9,1,5,15,62,3,1,0.235,0.4036144578313252,0.3308687615526802,0.645,0.2875989445910289,0.5044776119402985,0.260484622553588,0.5221489161168708,0.6667,0.294,0.407720144752714,0.1533333333333333,31.0,0.0699863725842915,0.4778510838831291,1
Unknown_642136,LAA,642136,2024,57,186,157,32,9,0,2,28,58,0,1,0.204,0.496987951807229,0.2310536044362293,0.622,0.2295514511873351,0.5134328358208955,0.6705498602050326,0.6482092365692743,0.5376,0.294,0.407720144752714,0.1533333333333333,29.0,0.0300938915796519,0.3517907634307256,1
Unknown_665750,TEX,665750,2024,145,517,471,108,16,3,12,40,109,0,4,0.229,0.3885542168674698,0.3290203327171904,0.64,0.3007915567282321,0.4089552238805971,0.3299161230195713,0.4102262016965127,0.7079,0.294,0.407720144752714,0.1733333333333333,26.0,0.0427089164059054,0.5897737983034872,1
Unknown_571657,MIN,571657,2024,92,235,210,46,13,1,5,17,47,6,2,0.219,0.4096385542168674,0.3475046210720888,0.656,0.3535620052770448,0.3641791044776119,0.3061509785647717,0.3847785108388313,0.7021,0.294,0.407720144752714,0.1533333333333333,34.0,0.0435361231779785,0.6152214891611687,3
Unknown_683011,NYY,683011,2024,156,675,628,151,26,7,11,38,153,4,3,0.24,0.3885542168674698,0.3382624768946395,0.643,0.2823218997361477,0.4955223880597015,0.2315936626281454,0.4476908576814326,0.7067,0.294,0.407720144752714,0.1866666666666666,23.0,0.0679316485701819,0.5523091423185673,1
Unknown_641487,SEA,641487,2024,101,434,377,77,16,2,8,51,99,5,1,0.204,0.4457831325301205,0.2717190388170056,0.627,0.2849604221635884,0.3611940298507463,0.5167753960857409,0.4509896324222431,0.6429,0.294,0.407720144752714,0.1666666666666666,29.0,0.0275683022910436,0.5490103675777569,1
Unknown_669357,STL,669357,2024,101,384,348,70,14,0,19,33,142,1,2,0.201,0.3403614457831325,0.4269870609981517,0.676,0.5145118733509234,0.4059701492537314,0.369524697110904,0.7848727615457116,0.5417,0.294,0.407720144752714,0.1666666666666666,24.0,0.0733195054151337,0.2151272384542883,0
Unknown_666135,MIN,666135,2024,54,167,149,29,7,3,5,15,46,1,2,0.195,0.3343373493975904,0.3863216266173753,0.652,0.4722955145118733,0.3164179104477612,0.3876980428704566,0.5624410933081997,0.6287,0.294,0.407720144752714,0.1533333333333333,27.0,0.0493536837281978,0.4375589066918002,0
Unknown_676609,TB,676609,2024,127,468,428,95,23,1,9,27,131,8,2,0.222,0.3674698795180724,0.312384473197782,0.623,0.2955145118733509,0.4865671641791045,0.2381174277726002,0.5730442978322337,0.6389,0.293,0.4049055086449537,0.1666666666666666,28.0,0.0838865997616169,0.4269557021677661,1
Unknown_624431,NYY,624431,2024,69,226,202,44,5,0,8,19,39,2,2,0.218,0.3945783132530119,0.345656192236599,0.65,0.3562005277044854,0.2835820895522388,0.3611369990680335,0.3202167766258247,0.7301,0.293,0.4049055086449537,0.1533333333333333,32.0,0.0297175791036849,0.6797832233741754,3
Unknown_680474,ATH,680474,2024,129,459,396,87,14,0,7,47,119,7,4,0.22,0.4608433734939758,0.2476894639556378,0.619,0.20844327176781,0.4716417910447761,0.4464119291705499,0.5245051837888783,0.6122,0.293,0.4049055086449537,0.1666666666666666,27.0,0.0390064449004023,0.4754948162111216,1
Unknown_677588,WSH,677588,2024,44,168,161,43,5,0,3,7,41,0,0,0.267,0.4216867469879518,0.3327171903881701,0.652,0.2058047493403693,0.6208955223880598,0.1635601118359739,0.488454288407163,0.7143,0.293,0.4049055086449537,0.1533333333333333,23.0,0.1032491966367896,0.511545711592837,1
Unknown_608336,WSH,608336,2024,71,246,211,36,9,0,10,30,96,4,1,0.171,0.3825301204819277,0.3345656192236599,0.64,0.4643799472295514,0.3313432835820895,0.537744641192917,0.8329406220546653,0.4715,0.293,0.4049055086449537,0.1533333333333333,31.0,0.0518998152093027,0.1670593779453346,0
Unknown_605131,LAD,605131,2024,50,153,138,36,3,0,1,13,35,0,0,0.261,0.5030120481927711,0.2402957486136784,0.629,0.0897097625329815,0.6238805970149256,0.3653308480894688,0.4526390197926485,0.6732,0.292,0.4020908725371933,0.1466666666666666,35.0,0.0420943882768256,0.5473609802073516,1
Unknown_676694,HOU,676694,2024,135,504,453,100,20,3,12,34,114,10,4,0.221,0.3885542168674698,0.3401109057301294,0.645,0.337730870712401,0.3940298507462687,0.2837837837837837,0.4465127238454289,0.6806,0.292,0.4020908725371933,0.1666666666666666,28.0,0.0548563793695456,0.5534872761545713,1
Unknown_669234,DET,669234,2024,69,230,202,41,7,1,8,23,85,3,2,0.203,0.4006024096385542,0.3548983364140481,0.658,0.4063324538258575,0.4865671641791045,0.4352283317800559,0.78440150801131,0.5174,0.292,0.4020908725371933,0.1533333333333333,24.0,0.0615318824026607,0.2155984919886902,0
Unknown_647351,ATH,647351,2024,91,359,333,81,17,1,6,19,62,5,0,0.243,0.4096385542168674,0.3327171903881701,0.648,0.2691292875989445,0.444776119402985,0.2157502329916123,0.3204524033930254,0.7549,0.292,0.4020908725371933,0.16,28.0,0.0531828852814542,0.6795475966069746,3
Unknown_676356,TB,676356,2024,99,362,332,72,12,4,6,24,77,4,0,0.217,0.3614457831325302,0.2902033271719039,0.609,0.2770448548812665,0.391044776119403,0.2781919850885368,0.4147031102733271,0.7044,0.291,0.3996783273019702,0.16,26.0,0.0520891923178118,0.585296889726673,1
Unknown_666163,TB,666163,2024,103,321,284,64,13,0,3,33,88,4,0,0.225,0.4728915662650602,0.2384473197781886,0.617,0.179419525065963,0.5432835820895523,0.4482758620689655,0.55937794533459,0.6106,0.291,0.3996783273019702,0.1533333333333333,27.0,0.0416023266234217,0.44062205466541,1
Unknown_682657,CLE,682657,2024,42,169,151,35,7,0,3,15,33,0,2,0.232,0.4216867469879518,0.3031423290203328,0.635,0.2559366754617414,0.4179104477611941,0.3830382106244175,0.3737040527803958,0.7101,0.291,0.3996783273019702,0.1466666666666666,22.0,0.0325629496987101,0.6262959472196041,1
Unknown_623912,TB,623912,2024,69,229,221,61,7,1,2,5,47,2,1,0.276,0.4186746987951807,0.3142329020332717,0.641,0.1556728232189973,0.6179104477611942,0.0708294501397949,0.3970311027332705,0.7642,0.291,0.3996783273019702,0.1533333333333333,30.0,0.1721843590010386,0.6029688972667293,1
Unknown_665926,CLE,665926,2024,147,614,568,141,20,0,9,24,97,13,6,0.248,0.4006024096385542,0.2902033271719039,0.622,0.1952506596306068,0.4417910447761193,0.1514445479962721,0.2858152686145146,0.7769,0.29,0.3968636911942098,0.1666666666666666,26.0,0.06820800146817,0.7141847313854852,1
Unknown_665828,NYY,665828,2024,89,309,283,67,10,0,6,20,57,1,3,0.237,0.3885542168674698,0.2994454713493531,0.622,0.237467018469657,0.4179104477611941,0.2707362534948741,0.3482563619227144,0.7411,0.29,0.3968636911942098,0.1533333333333333,25.0,0.0451885259133303,0.6517436380772856,1
Unknown_660644,MIA,660644,2024,90,273,244,55,14,2,2,24,53,4,0,0.225,0.4427710843373493,0.2772643253234751,0.629,0.2348284960422163,0.4358208955223881,0.3788443616029823,0.3708765315739868,0.6996,0.29,0.3968636911942098,0.1533333333333333,26.0,0.0327345712419234,0.6291234684260134,1
Unknown_650391,CWS,650391,2024,95,338,313,75,14,0,6,22,68,2,1,0.24,0.4066265060240963,0.3105360443622921,0.635,0.2453825857519788,0.4597014925373134,0.2726001863932898,0.3876060320452403,0.7278,0.29,0.3968636911942098,0.1533333333333333,28.0,0.0498146287177832,0.6123939679547596,1
Unknown_683146,NYM,683146,2024,47,163,145,33,3,0,3,16,38,1,0,0.228,0.4548192771084337,0.2513863216266174,0.619,0.1952506596306068,0.4597014925373134,0.4268406337371854,0.4627709707822808,0.6564,0.29,0.3968636911942098,0.1466666666666666,25.0,0.0359386054898359,0.5372290292177193,1
Unknown_665839,BOS,665839,2024,68,211,189,41,12,0,5,17,50,0,4,0.217,0.355421686746988,0.3438077634011091,0.636,0.3535620052770448,0.3791044776119403,0.3448275862068966,0.4719604147031103,0.6777,0.289,0.3940490550864495,0.1466666666666666,26.0,0.0469077560788871,0.5280395852968898,1
Unknown_666310,CLE,666310,2024,116,381,348,71,10,2,13,27,119,2,2,0.204,0.319277108433735,0.3364140480591498,0.62,0.3773087071240105,0.3940298507462687,0.2996272134203169,0.649387370405278,0.6063,0.289,0.3940490550864495,0.1533333333333333,24.0,0.0752509860708179,0.350612629594722,1
Unknown_672275,SF,672275,2024,117,436,392,90,16,1,8,37,99,0,7,0.23,0.4006024096385542,0.301293900184843,0.628,0.258575197889182,0.4388059701492538,0.3648648648648648,0.4486333647502357,0.6881,0.289,0.3940490550864495,0.1533333333333333,25.0,0.0417681888620579,0.5513666352497644,1
Unknown_671289,CLE,671289,2024,109,368,318,66,13,1,7,26,51,18,3,0.208,0.4307228915662651,0.2717190388170056,0.622,0.2744063324538258,0.2686567164179104,0.298695246971109,0.2401036757775683,0.7337,0.289,0.3940490550864495,0.1533333333333333,25.0,0.0279383690272765,0.7598963242224317,3
Unknown_622761,BAL,622761,2024,60,202,187,42,13,2,5,9,46,1,3,0.225,0.3072289156626506,0.4103512014787432,0.656,0.4274406332453826,0.3940298507462687,0.1770736253494874,0.4500471253534402,0.7129,0.289,0.3940490550864495,0.1466666666666666,29.0,0.0888111846678621,0.5499528746465598,1
Unknown_666624,CHC,666624,2024,149,597,521,100,11,2,20,61,158,10,5,0.192,0.3855421686746987,0.2994454713493531,0.622,0.3562005277044854,0.2865671641791045,0.445479962721342,0.5372290292177191,0.6164,0.288,0.3916365098512263,0.16,25.0,0.0401250584764291,0.4627709707822811,1
Unknown_672820,CWS,672820,2024,98,369,351,89,13,0,8,12,77,3,1,0.254,0.3765060240963854,0.3419593345656193,0.642,0.2532981530343007,0.5044776119402985,0.1206896551724137,0.4052780395852969,0.7453,0.288,0.3916365098512263,0.1533333333333333,24.0,0.1142860906506782,0.5947219604147032,1
Unknown_666160,LAA,666160,2024,121,416,390,86,17,2,14,21,114,4,1,0.221,0.3283132530120483,0.3844731977818855,0.649,0.4036939313984168,0.4179104477611941,0.2045666356011183,0.5591423185673893,0.6659,0.288,0.3916365098512263,0.1533333333333333,26.0,0.0950119456142179,0.4408576814326108,1
Unknown_621035,LAD,621035,2024,77,238,208,42,7,1,4,25,73,2,2,0.202,0.4006024096385542,0.2384473197781886,0.594,0.2427440633245382,0.453731343283582,0.4585274930102516,0.6361922714420357,0.5756,0.287,0.388821873743466,0.1466666666666666,34.0,0.0465304344046424,0.3638077285579644,1
Unknown_666397,MIN,666397,2024,88,290,256,51,8,0,8,32,100,2,0,0.199,0.4066265060240963,0.2772643253234751,0.617,0.3060686015831134,0.4686567164179104,0.483224603914259,0.725966069745523,0.5379,0.287,0.388821873743466,0.1466666666666666,25.0,0.0504996233055324,0.274033930254477,1
Unknown_669707,PIT,669707,2024,115,426,377,80,9,1,9,39,114,5,5,0.212,0.4006024096385542,0.2569316081330869,0.604,0.2427440633245382,0.4179104477611941,0.3956197576887232,0.5440622054665409,0.6291,0.287,0.388821873743466,0.1533333333333333,26.0,0.0466008455779588,0.4559377945334588,1
Unknown_596103,SF,596103,2024,76,209,175,37,4,0,2,25,59,5,4,0.211,0.4909638554216867,0.1756007393715343,0.589,0.1266490765171504,0.4865671641791045,0.5265610438024231,0.5786993402450518,0.5742,0.286,0.3860072376357056,0.1466666666666666,32.0,0.0356800313607645,0.4213006597549482,1
Unknown_641598,SEA,641598,2024,112,426,363,62,16,0,15,53,133,7,3,0.171,0.3855421686746987,0.3049907578558227,0.625,0.4195250659630607,0.244776119402985,0.548928238583411,0.6491517436380773,0.5469,0.286,0.3860072376357056,0.1466666666666666,33.0,0.0385693922708796,0.3508482563619226,0
Unknown_689172,SF,689172,2024,84,272,252,60,13,1,4,13,65,2,3,0.238,0.3614457831325302,0.3160813308687616,0.623,0.258575197889182,0.4985074626865672,0.1919850885368126,0.4766729500471253,0.6985,0.285,0.3835946924004825,0.1466666666666666,25.0,0.0867714776335365,0.5233270499528746,1
Unknown_680869,ATH,680869,2024,133,530,482,103,19,2,17,37,181,3,5,0.214,0.3403614457831325,0.356746765249538,0.639,0.3825857519788918,0.4895522388059701,0.2945013979496738,0.7181903864278982,0.5774,0.285,0.3835946924004825,0.1466666666666666,25.0,0.0846917300173021,0.2818096135721017,1
Unknown_677587,CLE,677587,2024,128,429,372,76,15,0,8,42,86,8,5,0.204,0.4126506024096384,0.2495378927911276,0.604,0.2532981530343007,0.3164179104477612,0.4254426840633737,0.3859566446748351,0.6783,0.285,0.3835946924004825,0.1466666666666666,23.0,0.0296341472090149,0.614043355325165,1
Unknown_669261,PIT,669261,2024,79,262,233,43,8,0,9,26,75,1,1,0.185,0.3313253012048193,0.2975970425138634,0.603,0.3720316622691292,0.2776119402985075,0.4315004659832245,0.588124410933082,0.6069,0.285,0.3835946924004825,0.1466666666666666,26.0,0.0458556299941804,0.4118755890669181,1
Unknown_682641,SF,682641,2024,43,152,146,32,5,0,5,5,24,0,1,0.219,0.2560240963855421,0.3364140480591498,0.6,0.337730870712401,0.2835820895522388,0.1225535880708294,0.2855796418473139,0.8092,0.284,0.3807800562927221,0.14,22.0,0.0828886077982908,0.714420358152686,1
Unknown_663527,ATH,663527,2024,86,278,245,50,10,0,7,25,64,5,3,0.204,0.3915662650602409,0.2902033271719039,0.618,0.3113456464379947,0.3253731343283582,0.3881640260950605,0.455937794533459,0.6619,0.284,0.3807800562927221,0.14,27.0,0.0395560709945045,0.5440622054665412,1
Unknown_545121,WSH,545121,2024,90,300,269,66,16,0,1,19,31,2,5,0.245,0.4126506024096384,0.2624768946395564,0.611,0.1635883905013192,0.4029850746268657,0.2642124883504193,0.1569274269557021,0.81,0.284,0.3807800562927221,0.14,33.0,0.0215803812958282,0.8430725730442978,3
Unknown_624415,TOR,624415,2024,65,209,178,34,5,0,4,21,67,8,0,0.191,0.4397590361445783,0.2088724584103512,0.591,0.2295514511873351,0.4358208955223881,0.4375582479030755,0.6689443920829405,0.5215,0.284,0.3807800562927221,0.14,29.0,0.0517389533493111,0.3310556079170594,1
Unknown_656716,DET,656716,2024,109,319,292,63,14,5,4,23,68,2,2,0.216,0.355421686746988,0.3049907578558227,0.615,0.3007915567282321,0.3940298507462687,0.3052190121155638,0.4158812441093308,0.7085,0.283,0.3779654201849617,0.14,29.0,0.0472282352734452,0.5841187558906691,1
Unknown_622534,MIN,622534,2024,113,338,310,73,17,1,4,21,51,3,3,0.235,0.3915662650602409,0.2975970425138634,0.623,0.2401055408970976,0.3970149253731344,0.2586206896551724,0.2690857681432611,0.7751,0.283,0.3779654201849617,0.14,30.0,0.0370268617995885,0.7309142318567388,3
Unknown_669134,SD,669134,2024,82,276,254,54,11,0,7,20,40,1,1,0.213,0.3433734939759036,0.3049907578558227,0.61,0.308707124010554,0.2746268656716418,0.3070829450139795,0.2549481621112158,0.779,0.283,0.3779654201849617,0.14,26.0,0.0286782269223182,0.745051837888784,3
Unknown_677649,TEX,677649,2024,85,278,261,63,10,0,3,14,60,2,1,0.241,0.3795180722891565,0.2587800369685768,0.598,0.1688654353562005,0.5014925373134328,0.2041006523765144,0.4220075400565504,0.7266,0.282,0.3755528749497386,0.14,25.0,0.0728693001552386,0.5779924599434496,1
Unknown_571745,SEA,571745,2024,117,408,366,75,11,0,11,39,120,2,1,0.205,0.3795180722891565,0.279112754158965,0.609,0.2928759894459102,0.4089552238805971,0.4147250698974837,0.6065032987747407,0.6054,0.282,0.3755528749497386,0.14,34.0,0.0495384261043019,0.3934967012252592,1
Unknown_669222,WSH,669222,2024,74,267,237,46,11,0,7,28,61,1,0,0.194,0.3734939759036144,0.2865064695009243,0.611,0.3324538258575198,0.2895522388059702,0.4580615097856477,0.4519321394910462,0.6554,0.282,0.3755528749497386,0.14,29.0,0.0321553358483479,0.5480678605089537,1
Unknown_691023,STL,691023,2024,47,167,154,32,10,1,5,9,47,2,2,0.208,0.2981927710843374,0.3863216266173753,0.641,0.4379947229551451,0.3761194029850746,0.2204100652376514,0.576578699340245,0.6527,0.281,0.3727382388419782,0.14,22.0,0.0910447737745302,0.4234213006597551,1
Unknown_694388,TOR,694388,2024,76,262,243,52,13,4,4,13,95,4,1,0.214,0.319277108433735,0.3253234750462108,0.614,0.3350923482849604,0.5880597014925374,0.2003727865796831,0.7679076343072573,0.5687,0.281,0.3727382388419782,0.14,25.0,0.1314920893595281,0.2320923656927427,1
Unknown_672356,CLE,672356,2024,46,152,144,32,9,1,3,6,52,1,1,0.222,0.2981927710843374,0.345656192236599,0.618,0.3430079155672823,0.5611940298507463,0.1533084808946878,0.7196041470311028,0.6118,0.281,0.3727382388419782,0.14,24.0,0.1576273732300389,0.2803958529688972,1
Unknown_680718,TOR,680718,2024,67,225,209,41,11,0,7,14,60,1,1,0.196,0.2740963855421686,0.3234750462107209,0.598,0.3799472295514511,0.3104477611940298,0.2590866728797763,0.5419415645617341,0.6622,0.28,0.3699236027342178,0.14,25.0,0.0729861168745585,0.4580584354382659,1
Unknown_676801,HOU,676801,2024,81,255,231,49,6,1,5,16,68,4,3,0.212,0.3433734939759036,0.2550831792975971,0.583,0.2401055408970976,0.4149253731343284,0.2614165890027959,0.5419415645617341,0.651,0.28,0.3699236027342178,0.1333333333333333,29.0,0.0723242968720348,0.4580584354382659,1
Unknown_608841,WSH,608841,2024,73,299,269,60,10,0,3,21,61,4,5,0.223,0.3795180722891565,0.2218114602587801,0.578,0.1635883905013192,0.4089552238805971,0.2963653308480894,0.3942035815268614,0.7124,0.28,0.3699236027342178,0.1333333333333333,32.0,0.0462406924651882,0.6057964184731386,1
Unknown_606115,ATL,606115,2024,154,589,539,114,21,0,17,40,125,2,7,0.212,0.322289156626506,0.3160813308687616,0.61,0.3298153034300791,0.3164179104477612,0.2856477166821994,0.4135249764373233,0.7148,0.279,0.3675110574989947,0.1266666666666666,30.0,0.0504834449699017,0.5864750235626768,1
Unknown_672580,KC,672580,2024,153,614,563,131,27,5,5,42,99,0,5,0.233,0.3795180722891565,0.279112754158965,0.609,0.2189973614775725,0.4119402985074627,0.287977632805219,0.2933553251649388,0.7638,0.279,0.3675110574989947,0.1266666666666666,24.0,0.0356095241106117,0.7066446748350612,1
Unknown_700250,NYY,700250,2024,47,178,152,26,6,0,7,20,48,1,5,0.171,0.319277108433735,0.3234750462107209,0.613,0.445910290237467,0.1552238805970149,0.4930102516309412,0.5490103675777568,0.6124,0.279,0.3675110574989947,0.1333333333333333,25.0,0.036436799187358,0.4509896324222431,1
Unknown_658668,PIT,658668,2024,51,183,162,35,4,0,4,15,33,2,4,0.216,0.3795180722891565,0.2606284658040667,0.599,0.237467018469657,0.3164179104477612,0.3513513513513513,0.3383600377002827,0.7268,0.279,0.3675110574989947,0.1333333333333333,28.0,0.0325524234612694,0.6616399622997171,1
Unknown_543877,MIN,543877,2024,89,311,290,64,10,0,7,11,64,1,4,0.221,0.2710843373493976,0.2846580406654345,0.576,0.258575197889182,0.3641791044776119,0.1342031686859273,0.398444863336475,0.7395,0.278,0.3646964213912343,0.1333333333333333,34.0,0.1025183395847953,0.601555136663525,1
Unknown_642350,TB,642350,2024,121,432,390,72,16,1,18,30,164,6,4,0.185,0.2801204819277109,0.3604436229205176,0.62,0.4643799472295514,0.3611940298507463,0.2926374650512581,0.8079641847313854,0.5278,0.278,0.3646964213912343,0.1266666666666666,29.0,0.0958635508435062,0.1920358152686148,1
Unknown_666182,TOR,666182,2024,78,323,299,68,15,1,4,19,62,3,2,0.227,0.3644578313253013,0.2772643253234751,0.603,0.2321899736147757,0.4119402985074627,0.2432432432432432,0.365928369462771,0.7399,0.278,0.3646964213912343,0.1333333333333333,26.0,0.0531955793828723,0.6340716305372291,1
Unknown_605361,CIN,605361,2024,44,154,139,27,3,2,3,8,38,4,3,0.194,0.286144578313253,0.2495378927911276,0.563,0.2796833773087071,0.3104477611940298,0.2110904007455731,0.4950518378887842,0.6688,0.278,0.3646964213912343,0.1333333333333333,34.0,0.0820351563184763,0.5049481621112157,1
Unknown_676369,KC,676369,2024,62,223,199,39,8,1,7,18,60,3,3,0.196,0.3343373493975904,0.3290203327171904,0.621,0.387862796833773,0.3074626865671641,0.3452935694315004,0.5475966069745523,0.6368,0.278,0.3646964213912343,0.1333333333333333,26.0,0.0545362658076637,0.4524033930254476,1
Unknown_696100,COL,696100,2024,69,224,211,40,9,0,13,8,64,3,2,0.19,0.2108433734939759,0.4491682070240296,0.645,0.575197889182058,0.1940298507462686,0.135601118359739,0.5867106503298775,0.6652,0.277,0.361881785283474,0.1333333333333333,25.0,0.14489224821554,0.4132893496701224,0
Unknown_669065,MIA,669065,2024,63,209,192,40,11,2,3,13,74,3,1,0.208,0.3313253012048193,0.2939001848428836,0.601,0.3060686015831134,0.5522388059701493,0.2590866728797763,0.7478793590951932,0.5694,0.277,0.361881785283474,0.1333333333333333,26.0,0.1001834200423843,0.2521206409048067,1
Unknown_527038,SF,527038,2024,67,231,205,42,12,0,4,19,32,2,5,0.205,0.3463855421686748,0.2735674676524954,0.595,0.2849604221635884,0.2507462686567164,0.352749301025163,0.2398680490103676,0.7706,0.277,0.361881785283474,0.1333333333333333,33.0,0.0225666615518932,0.760131950989632,3
Unknown_676914,TOR,676914,2024,128,449,393,75,19,1,12,46,142,5,5,0.191,0.3704819277108434,0.2994454713493531,0.617,0.3588390501319261,0.3701492537313433,0.4464119291705499,0.6588124410933083,0.5702,0.276,0.3594692400482508,0.1266666666666666,25.0,0.049780512434192,0.3411875589066917,1
Unknown_666181,CIN,666181,2024,120,375,331,59,16,2,13,39,150,2,2,0.178,0.3283132530120483,0.3364140480591498,0.624,0.445910290237467,0.4089552238805971,0.4538676607642125,0.8560320452403394,0.488,0.276,0.3594692400482508,0.1266666666666666,26.0,0.0644381878468956,0.1439679547596608,0
Unknown_668670,DET,668670,2024,95,330,303,60,16,1,9,22,96,3,2,0.198,0.3012048192771085,0.3197781885397412,0.604,0.3693931398416886,0.3611940298507463,0.2800559179869524,0.5989632422243166,0.6333,0.275,0.3566546039404905,0.1266666666666666,29.0,0.074409482747138,0.4010367577756835,1
Unknown_672279,STL,672279,2024,106,333,297,68,7,2,2,21,92,3,1,0.229,0.3855421686746987,0.2070240295748613,0.572,0.1266490765171504,0.5671641791044777,0.2632805219012115,0.5645617342130066,0.6186,0.275,0.3566546039404905,0.1266666666666666,25.0,0.0747471305915162,0.4354382657869935,1
Unknown_624503,MIA,624503,2024,89,269,254,58,11,1,7,11,64,1,3,0.228,0.3072289156626506,0.3475046210720888,0.622,0.3298153034300791,0.4179104477611941,0.1598322460391426,0.4740810556079171,0.7175,0.275,0.3566546039404905,0.1266666666666666,29.0,0.1025776951157851,0.5259189443920829,1
Unknown_642731,SF,642731,2024,92,365,349,75,15,2,8,10,72,5,1,0.215,0.2680722891566265,0.3031423290203328,0.585,0.3007915567282321,0.3402985074626866,0.0969245107176141,0.378416588124411,0.7616,0.274,0.3538399678327301,0.12,28.0,0.1293677449419255,0.621583411875589,1
Unknown_596117,PHI,596117,2024,52,187,165,34,4,1,1,17,50,4,1,0.206,0.4096385542168674,0.1608133086876156,0.555,0.1213720316622691,0.4567164179104477,0.3928238583410997,0.5435909519321396,0.615,0.273,0.351427422597507,0.1333333333333333,31.0,0.046931902460785,0.4564090480678604,1
Unknown_621550,CHC,621550,2024,73,174,158,27,7,2,8,10,59,4,1,0.171,0.2379518072289156,0.4029574861367839,0.629,0.5620052770448548,0.217910447761194,0.2371854613233923,0.7125353440150801,0.5747,0.273,0.351427422597507,0.1333333333333333,33.0,0.1041409510119467,0.2874646559849201,0
Unknown_641645,LAA,641645,2024,65,187,161,33,9,1,0,23,36,0,2,0.205,0.4307228915662651,0.1829944547134936,0.574,0.1556728232189973,0.3761194029850746,0.5424044734389561,0.3671065032987747,0.6791,0.273,0.351427422597507,0.1333333333333333,30.0,0.0202860607483737,0.6328934967012252,1
Unknown_641680,TEX,641680,2024,129,482,450,99,11,1,13,26,87,4,2,0.22,0.3313253012048193,0.2994454713493531,0.603,0.2823218997361477,0.3283582089552239,0.2204100652376514,0.3388312912346842,0.7573,0.272,0.3486127864897466,0.1133333333333333,29.0,0.0548115317050967,0.6611687087653157,1
Unknown_663743,MIA,663743,2024,99,328,302,70,16,0,4,11,41,3,5,0.232,0.3132530120481928,0.279112754158965,0.586,0.2216358839050131,0.3522388059701492,0.1253494874184529,0.2080584354382658,0.811,0.271,0.3457981503819862,0.12,28.0,0.0622159699576776,0.791941564561734,1
Unknown_624428,KC,624428,2024,98,285,253,50,10,1,4,22,58,7,0,0.198,0.3674698795180724,0.2181146025878004,0.573,0.2269129287598944,0.3194029850746268,0.3289841565703635,0.3930254476908577,0.6842,0.271,0.3457981503819862,0.12,33.0,0.0410152340939807,0.6069745523091423,1
Unknown_660688,WSH,660688,2024,123,472,447,101,21,0,12,16,53,4,5,0.226,0.2951807228915662,0.3308687615526802,0.61,0.3139841688654353,0.2865671641791045,0.1272134203168685,0.17813383600377,0.8453,0.27,0.3433856051467631,0.1066666666666666,26.0,0.0541126098157465,0.8218661639962301,3
Unknown_641658,KC,641658,2024,89,227,209,49,13,1,0,14,57,0,2,0.234,0.3674698795180724,0.243992606284658,0.586,0.1662269129287598,0.5492537313432836,0.2567567567567567,0.5051837888784165,0.6784,0.269,0.3405709690390027,0.12,30.0,0.0687648856953502,0.4948162111215834,1
Unknown_679845,KC,679845,2024,52,167,144,28,4,0,1,19,24,1,2,0.194,0.3945783132530119,0.1275415896487985,0.532,0.1055408970976253,0.2656716417910448,0.4995340167753961,0.2521206409048068,0.7305,0.269,0.3405709690390027,0.1266666666666666,26.0,0.0144349070996413,0.7478793590951931,1
Unknown_686676,CWS,686676,2024,115,390,373,78,14,1,11,17,121,0,0,0.209,0.2590361445783132,0.3068391866913125,0.584,0.3218997361477572,0.4298507462686568,0.1724137931034482,0.644674835061263,0.6462,0.268,0.3377563329312424,0.1066666666666666,26.0,0.1277465761274058,0.355325164938737,1
Unknown_594807,ATL,594807,2024,98,323,297,53,9,0,11,20,98,5,1,0.178,0.25,0.2698706099815158,0.561,0.3482849604221635,0.2626865671641791,0.2576887232059646,0.6284165881244109,0.6192,0.268,0.3377563329312424,0.1133333333333333,36.0,0.0848640679619365,0.3715834118755892,1
Unknown_660707,COL,660707,2024,61,233,213,44,10,0,4,17,53,0,3,0.207,0.3132530120481928,0.2513863216266174,0.572,0.2480211081794195,0.3522388059701492,0.309412861136999,0.4495758718190386,0.6996,0.267,0.3353437876960192,0.12,26.0,0.0503141666804583,0.5504241281809612,1
Unknown_702616,BAL,702616,2024,60,208,190,36,4,2,5,15,69,2,1,0.189,0.2921686746987951,0.2532347504621072,0.565,0.2955145118733509,0.391044776119403,0.3052190121155638,0.6950989632422243,0.5865,0.266,0.3325291515882589,0.12,21.0,0.0790400086588547,0.3049010367577758,1
Unknown_595281,TOR,595281,2024,86,271,250,50,9,3,5,11,81,2,1,0.2,0.2439759036144577,0.2698706099815158,0.559,0.2928759894459102,0.4149253731343284,0.1584342963653308,0.617813383600377,0.6273,0.266,0.3325291515882589,0.1133333333333333,34.0,0.1324905455760739,0.3821866163996232,1
Unknown_686797,MIN,686797,2024,50,185,172,38,6,1,3,11,27,0,2,0.221,0.322289156626506,0.2698706099815158,0.585,0.237467018469657,0.3253731343283582,0.2465051258154706,0.2573044297832234,0.7946,0.265,0.3297145154804985,0.12,23.0,0.0374555700576128,0.7426955702167766,1
Unknown_663662,ATH,663662,2024,58,186,170,34,5,1,5,13,51,1,2,0.2,0.3012048192771085,0.2865064695009243,0.587,0.3166226912928759,0.3462686567164179,0.2949673811742777,0.5596135721017907,0.6505,0.265,0.3297145154804985,0.12,27.0,0.0659206837640632,0.4403864278982092,1
Unknown_666185,STL,666185,2024,86,265,235,49,7,0,3,22,75,5,3,0.209,0.3885542168674698,0.190388170055453,0.563,0.1556728232189973,0.4597014925373134,0.3560111835973905,0.5803487276154571,0.6151,0.263,0.324487334137515,0.1133333333333333,26.0,0.0559892083372507,0.4196512723845431,1
Unknown_667452,CWS,667452,2024,58,189,173,37,7,0,3,15,50,0,1,0.214,0.3524096385542169,0.243992606284658,0.581,0.2189973614775725,0.4388059701492538,0.3392357875116495,0.5369934024505184,0.6561,0.262,0.3216726980297547,0.12,28.0,0.0544960297907436,0.4630065975494817,1
Unknown_624512,BOS,624512,2024,48,150,132,26,2,0,3,12,38,2,3,0.197,0.3313253012048193,0.1959334565619224,0.549,0.1952506596306068,0.3313432835820895,0.342031686859273,0.5103675777568332,0.6467,0.259,0.3136308805790108,0.12,29.0,0.0512782968401174,0.4896324222431667,1
Unknown_605113,SF,605113,2024,64,216,199,45,5,1,2,11,49,0,3,0.226,0.3162650602409639,0.2162661737523105,0.554,0.1477572559366754,0.4507462686567164,0.206430568499534,0.4481621112158341,0.7083,0.258,0.3112183353437877,0.1133333333333333,34.0,0.076276147737732,0.551837888784166,1
Unknown_663647,PIT,663647,2024,92,373,347,77,7,0,4,19,73,4,3,0.222,0.3313253012048193,0.190388170055453,0.545,0.1213720316622691,0.3970149253731344,0.206430568499534,0.3746465598491989,0.7426,0.258,0.3112183353437877,0.0866666666666666,27.0,0.0644118617685616,0.6253534401508012,1
Unknown_687597,COL,687597,2024,53,184,170,32,6,0,3,12,65,1,1,0.188,0.2620481927710844,0.1885397412199631,0.521,0.20844327176781,0.4417910447761193,0.2730661696178937,0.7459943449575872,0.5761,0.255,0.3027744270205066,0.1133333333333333,23.0,0.0948758585591796,0.254005655042413,1
Unknown_665506,PHI,665506,2024,65,181,164,33,8,1,1,16,63,0,1,0.201,0.3403614457831325,0.1959334565619224,0.551,0.1846965699208443,0.546268656716418,0.3811742777260019,0.733741753063148,0.5635,0.251,0.2923200643345395,0.1066666666666666,26.0,0.0662117138005406,0.2662582469368519,1
Unknown_518934,NYY,518934,2024,63,228,201,41,5,0,2,19,35,1,6,0.204,0.3343373493975904,0.1571164510166359,0.527,0.1213720316622691,0.2835820895522388,0.3574091332712022,0.2752120640904807,0.7544,0.25,0.2895054282267792,0.1,36.0,0.0256610192257531,0.7247879359095193,1
Unknown_678246,CWS,678246,2024,71,237,206,31,7,0,5,25,57,3,3,0.15,0.2740963855421686,0.1534195933456562,0.506,0.258575197889182,0.1283582089552238,0.4608574091332711,0.4802073515551366,0.6414,0.249,0.2866907921190189,0.0933333333333333,25.0,0.0341171305915414,0.5197926484448636,1
Unknown_670764,TB,670764,2024,74,252,218,40,5,3,1,31,67,0,3,0.183,0.3734939759036144,0.1367837338262477,0.529,0.1451187335092348,0.3611940298507463,0.5424044734389561,0.5400565504241283,0.6111,0.249,0.2866907921190189,0.0933333333333333,28.0,0.0318364266640446,0.4599434495758718,1
Unknown_682622,CIN,682622,2024,65,242,229,48,9,0,4,9,75,3,1,0.21,0.2710843373493976,0.2347504621072089,0.549,0.2189973614775725,0.4686567164179104,0.1425908667287977,0.6437323279924599,0.6405,0.248,0.2842782468837956,0.0933333333333333,23.0,0.1512378393886308,0.3562676720075399,1
Unknown_608671,TEX,608671,2024,76,206,189,37,5,0,0,12,44,5,0,0.196,0.3132530120481928,0.088724584103512,0.484,0.0448548812664907,0.3611940298507463,0.2409133271202236,0.4168237511781339,0.7039,0.245,0.2762364294330518,0.0933333333333333,33.0,0.0609087874483664,0.5831762488218661,1
Unknown_572191,PIT,572191,2024,85,284,256,47,7,1,5,21,101,0,3,0.184,0.2560240963855421,0.190388170055453,0.52,0.2242744063324538,0.4208955223880598,0.3136067101584343,0.7514137606032045,0.5563,0.244,0.2734217933252915,0.08,33.0,0.0831308592623629,0.2485862393967954,1
Unknown_666150,CWS,666150,2024,68,234,218,46,8,0,1,10,55,3,1,0.211,0.2891566265060241,0.1608133086876156,0.516,0.1081794195250659,0.4238805970149254,0.168219944082013,0.4672478793590952,0.6966,0.242,0.268194611982308,0.0866666666666666,27.0,0.0965172301633822,0.5327521206409049,1
Unknown_592273,LAA,592273,2024,93,350,315,52,7,0,4,27,77,5,3,0.165,0.2469879518072288,0.0942698706099816,0.465,0.1345646437994722,0.2059701492537313,0.3285181733457595,0.4319038642789821,0.6886,0.239,0.2601527945315641,0.0533333333333333,32.0,0.0452236410784496,0.5680961357210179,1
Unknown_595879,DET,595879,2024,76,276,259,48,12,0,6,12,65,2,3,0.185,0.2018072289156627,0.2347504621072089,0.526,0.2823218997361477,0.2567164179104477,0.1719478098788443,0.4684260131950989,0.7138,0.238,0.2573381584238037,0.0733333333333333,32.0,0.0947806574190905,0.531573986804901,1
Unknown_702358,WSH,702358,2024,58,203,184,35,3,0,0,15,39,2,1,0.19,0.2981927710843374,0.0609981515711645,0.464,0.0184696569920844,0.3164179104477612,0.3136067101584343,0.3661639962299717,0.7143,0.235,0.2492963409730599,0.0866666666666666,24.0,0.0403077582776941,0.6338360037700284,1
Unknown_592696,WSH,592696,2024,88,307,286,49,11,0,9,16,73,0,3,0.171,0.1656626506024096,0.2402957486136784,0.517,0.3271767810026385,0.1761194029850746,0.212022367194781,0.4738454288407164,0.7036,0.234,0.2464817048652995,0.0533333333333333,33.0,0.0783382673762906,0.5261545711592837,1
Unknown_641313,MIA,641313,2024,60,224,218,47,2,0,0,6,62,0,0,0.216,0.2379518072289156,0.0942698706099816,0.461,0.0,0.4985074626865672,0.0941286113699906,0.5657398680490103,0.6964,0.216,0.1982308001608363,0.0533333333333333,31.0,0.1899046098721441,0.4342601319509898,1
Unknown_656577,TB,656577,2024,53,155,139,17,7,0,3,12,53,2,1,0.122,0.1295180722891566,0.1164510166358595,0.439,0.2796833773087071,0.0985074626865671,0.3299161230195713,0.7191328934967012,0.5613,0.213,0.1901889827100924,0.08,29.0,0.0754932624725481,0.2808671065032988,1
