Name,Team,batter,season,G,PA,AB,H,2B,3B,HR,BB,K,HBP,SF,AVG,OBP,SLG,OPS,ISO,BABIP,BB%,K%,BIP%,wOBA,wRC+,WAR,age_bat_median,K_BB_ratio,contact_rate
Unknown_545361,LAA,545361,2018,140,608,472,147,24,4,39,122,124,10,4,0.311,0.9066265060240964,0.8373382624768948,1.086,0.8100263852242744,0.6298507462686568,0.9044734389561975,0.39396795475966073,0.5773,0.471,0.8576598311218335,0.7533333333333333,27.0,0.009658014529674989,0.6060320452403394
Unknown_605141,BOS,605141,2018,142,642,544,186,50,5,32,85,95,8,5,0.342,0.8343373493975904,0.8410351201478745,1.063,0.733509234828496,0.6895522388059702,0.5862068965517241,0.2622525918944392,0.7072,0.462,0.8335343787696019,0.76,26.0,0.01162996587405279,0.7377474081055608
Unknown_572228,NYY,572228,2018,52,182,160,50,5,1,15,21,49,1,0,0.312,0.7168674698795182,0.857670979667283,1.033,0.8337730870712401,0.6895522388059702,0.5069897483690587,0.547832233741753,0.6099,0.451,0.8041817450743867,0.30666666666666664,27.0,0.03514558176278841,0.45216776625824706
Unknown_502110,BOS,502110,2018,156,676,590,193,37,2,44,73,149,4,9,0.327,0.7259036144578314,0.8243992606284658,1.02,0.7493403693931397,0.6955223880597016,0.472506989748369,0.4328463713477852,0.6657,0.446,0.790510655408122,0.7266666666666667,31.0,0.029493482321477443,0.5671536286522147
Unknown_592885,MIL,592885,2018,152,679,593,191,34,7,37,77,138,7,2,0.322,0.7439759036144579,0.7689463955637708,0.995,0.683377308707124,0.6955223880597016,0.4976700838769804,0.3923185673892554,0.673,0.434,0.7583433856051467,0.6866666666666666,27.0,0.024676791732925356,0.6076814326107445
Unknown_571970,LAD,571970,2018,144,506,412,107,17,2,37,87,140,5,2,0.26,0.7078313253012049,0.7504621072088724,0.973,0.820580474934037,0.4805970149253731,0.7702702702702703,0.5655042412818095,0.5415,0.426,0.7370325693606754,0.5266666666666666,28.0,0.021149628985288965,0.4344957587181906
Unknown_608324,HOU,608324,2018,162,729,606,175,52,1,33,106,86,14,3,0.289,0.7439759036144579,0.6783733826247691,0.946,0.6411609498680738,0.4656716417910447,0.646784715750233,0.191564561734213,0.7174,0.415,0.7076799356654604,0.6466666666666666,24.0,0.005701942905963734,0.8084354382657868
Unknown_592450,NYY,592450,2018,116,520,432,123,23,0,30,79,155,4,5,0.285,0.7168674698795182,0.6876155268022184,0.942,0.6675461741424802,0.701492537313433,0.6770736253494875,0.6159283694627709,0.5423,0.415,0.7076799356654604,0.5,26.0,0.02797861443484019,0.3840716305372289
Unknown_502671,AZ,502671,2018,158,690,594,172,35,5,33,90,173,6,0,0.29,0.6927710843373495,0.6617375231053606,0.92,0.6147757255936676,0.6686567164179104,0.5768872320596458,0.5042412818096135,0.6087,0.414,0.7048652995577,0.62,31.0,0.027205762148911246,0.49575871819038664
Unknown_457759,LAD,457759,2018,109,457,392,122,32,1,15,51,58,12,2,0.311,0.7439759036144579,0.6266173752310538,0.918,0.5092348284960422,0.5940298507462688,0.48928238583411,0.21253534401508017,0.7352,0.413,0.7020506634499395,0.45333333333333337,34.0,0.012002985428475737,0.7874646559849199
Unknown_608070,CLE,608070,2018,160,710,589,156,38,4,39,107,83,8,6,0.265,0.674698795180723,0.680221811460259,0.923,0.7071240105540897,0.33731343283582094,0.6714818266542404,0.18897266729500473,0.7211,0.411,0.6968234821069561,0.62,26.0,0.005008221886452682,0.811027332704995
Unknown_665742,WSH,665742,2018,116,494,414,121,25,1,22,79,99,0,0,0.292,0.746987951807229,0.6340110905730132,0.923,0.5699208443271768,0.6089552238805972,0.7143522833178005,0.3857210179076343,0.6377,0.408,0.6887816646562122,0.4666666666666667,20.0,0.014251835838541506,0.6142789820923655
Unknown_571448,COL,571448,2018,160,691,606,178,38,2,38,73,128,3,8,0.294,0.6325301204819277,0.6968576709796674,0.919,0.6543535620052771,0.5313432835820896,0.4613233923578751,0.34990574929311974,0.7033,0.403,0.6755126658624848,0.5733333333333334,27.0,0.023939361089858106,0.6500942507068803
Unknown_456665,BOS,456665,2018,81,273,234,67,15,1,11,32,48,5,2,0.286,0.6716867469879518,0.6025878003696858,0.881,0.5408970976253298,0.5432835820895523,0.5153774464119292,0.3277568331762489,0.6886,0.4,0.6674708484117409,0.30666666666666664,35.0,0.019027165280725712,0.6722431668237512
Unknown_656811,KC,656811,2018,44,170,149,39,10,2,12,20,45,1,0,0.262,0.5873493975903613,0.7818853974121998,0.95,0.8627968337730871,0.4746268656716418,0.5172413793103448,0.5372290292177191,0.6118,0.399,0.6646562123039808,0.24000000000000002,25.0,0.03356026241569461,0.46277097078228113
Unknown_518692,ATL,518692,2018,166,724,634,195,44,4,24,77,135,7,6,0.308,0.6837349397590361,0.6081330868761554,0.889,0.4934036939313984,0.6626865671641792,0.4650512581547064,0.35296889726672953,0.6975,0.398,0.6618415761962202,0.5733333333333334,29.0,0.02392061856292392,0.6470311027332705
Unknown_595879,CHC,595879,2018,160,651,611,177,41,9,34,30,169,5,4,0.29,0.5060240963855422,0.7005545286506472,0.879,0.6728232189973615,0.635820895522388,0.18406337371854614,0.5252120640904806,0.6851,0.398,0.6618415761962202,0.5333333333333334,26.0,0.09898938584219351,0.4747879359095193
Unknown_660271,LAA,660271,2018,104,366,326,93,21,2,22,37,102,2,1,0.285,0.6114457831325301,0.7208872458410351,0.925,0.712401055408971,0.644776119402985,0.44035414725069894,0.5702167766258247,0.6148,0.398,0.6618415761962202,0.36,24.0,0.043350790784257215,0.4297832233741754
Unknown_607043,NYM,607043,2018,138,535,433,114,28,8,17,80,140,22,0,0.263,0.7409638554216867,0.5711645101663587,0.886,0.5540897097625329,0.6477611940298508,0.6658900279589934,0.5301602262016964,0.5477,0.398,0.6618415761962202,0.46,25.0,0.023875754860492107,0.46983977379830333
Unknown_660670,ATL,660670,2018,115,504,449,130,27,4,27,46,128,6,3,0.29,0.6114457831325301,0.6913123844731979,0.909,0.6569920844327176,0.635820895522388,0.3946877912395154,0.5120169651272385,0.6429,0.397,0.6590269400884599,0.44,21.0,0.043841659916609016,0.4879830348727616
Unknown_596115,COL,596115,2018,161,674,616,179,44,6,37,47,175,7,4,0.291,0.5662650602409639,0.7171903881700556,0.907,0.6912928759894459,0.6388059701492538,0.2940354147250699,0.5252120640904806,0.6602,0.396,0.6566143948532368,0.54,26.0,0.06208416724958542,0.4747879359095193
Unknown_543685,WSH,543685,2018,135,597,529,163,44,2,24,55,82,5,8,0.308,0.6506024096385542,0.6672828096118302,0.909,0.575197889182058,0.564179104477612,0.3984156570363467,0.2372761545711593,0.7621,0.394,0.6509851226377161,0.4866666666666667,28.0,0.018869547057475802,0.7627238454288408
Unknown_547180,WSH,547180,2018,159,695,550,137,34,0,34,130,169,6,9,0.249,0.7078313253012049,0.5951940850277266,0.889,0.6279683377308707,0.4626865671641791,0.8410997204100652,0.48656927426955704,0.5612,0.394,0.6509851226377161,0.54,26.0,0.015152958214049729,0.5134307257304431
Unknown_592518,BAL,592518,2018,169,739,660,196,37,3,40,72,112,2,5,0.297,0.6234939759036146,0.6839186691312387,0.909,0.6279683377308707,0.5074626865671642,0.42311276794035413,0.2707351555136664,0.7483,0.393,0.6485725774024929,0.56,26.0,0.020120135999236885,0.7292648444863337
Unknown_593428,BOS,593428,2018,141,607,537,155,45,3,24,57,103,6,7,0.289,0.6054216867469878,0.635859519408503,0.877,0.5804749340369393,0.5373134328358209,0.4068033550792171,0.3133836003770028,0.7265,0.393,0.6485725774024929,0.4866666666666667,26.0,0.024973988379397835,0.6866163996229973
Unknown_643603,HOU,643603,2018,70,253,221,61,13,3,12,27,54,4,1,0.276,0.6204819277108434,0.6487985212569318,0.889,0.6332453825857519,0.5373134328358209,0.4664492078285182,0.41635249764373233,0.664,0.393,0.6485725774024929,0.2866666666666667,28.0,0.02870492418827012,0.5836475023562675
Unknown_643446,NYM,643446,2018,63,248,225,74,11,6,3,14,24,5,0,0.329,0.6716867469879518,0.5489833641404807,0.852,0.3509234828496042,0.6716417910447762,0.2325256290773532,0.14161168708765315,0.8105,0.393,0.6485725774024929,0.28,26.0,0.02315520049615616,0.8583883129123466
Unknown_572761,STL,572761,2018,156,676,564,145,42,0,36,102,158,6,4,0.257,0.6506024096385542,0.6451016635859521,0.897,0.6781002638522428,0.4686567164179104,0.6724137931034483,0.4641847313854854,0.6065,0.392,0.6457579412947325,0.52,33.0,0.01996992907092387,0.5358152686145146
Unknown_553993,CIN,553993,2018,142,606,527,149,22,2,34,64,142,9,6,0.283,0.6265060240963854,0.6506469500924217,0.892,0.6174142480211081,0.5611940298507463,0.4613233923578751,0.4655984919886899,0.6452,0.391,0.6429433051869722,0.48,27.0,0.0329389437103208,0.5344015080113103
Unknown_596019,CLE,596019,2018,161,757,672,187,42,2,40,70,109,8,3,0.278,0.5843373493975904,0.6487985212569318,0.877,0.6279683377308707,0.4328358208955225,0.4002795899347623,0.25282752120640906,0.7477,0.389,0.6377161238439886,0.5533333333333333,25.0,0.02012572169725777,0.7471724787935907
Unknown_608385,CIN,608385,2018,88,334,281,84,16,0,7,49,46,2,1,0.299,0.7439759036144579,0.4750462107208873,0.836,0.3245382585751979,0.6029850746268658,0.6528424976700838,0.2379830348727615,0.7066,0.386,0.6296743063932448,0.32000000000000006,25.0,0.008161951292501001,0.7620169651272384
Unknown_592206,DET,592206,2018,157,678,620,185,46,5,23,49,151,6,3,0.298,0.5903614457831324,0.6025878003696858,0.854,0.5092348284960422,0.6776119402985076,0.3061509785647717,0.4382657869934025,0.6962,0.384,0.6244471250502612,0.49333333333333335,26.0,0.04961316680733564,0.5617342130065974
Unknown_571745,SEA,571745,2018,157,683,596,170,38,4,26,70,148,10,7,0.285,0.6265060240963854,0.5896487985212571,0.859,0.525065963060686,0.6029850746268658,0.44687791239515373,0.42412818096135724,0.6662,0.384,0.6244471250502612,0.49333333333333335,28.0,0.030914285733992457,0.5758718190386427
Unknown_429664,SEA,429664,2018,80,348,310,94,22,0,10,32,47,4,2,0.303,0.6506024096385542,0.5489833641404807,0.845,0.4195250659630607,0.5820895522388061,0.3979496738117428,0.23185673892554193,0.7615,0.381,0.6164053075995175,0.31333333333333335,36.0,0.018417045697423993,0.7681432610744581
Unknown_501981,ATH,501981,2018,152,658,580,143,28,1,49,59,177,12,7,0.247,0.5030120481927711,0.6987060998151573,0.877,0.7810026385224274,0.3761194029850746,0.3872320596458528,0.5473609802073516,0.6231,0.38,0.613590671491757,0.4666666666666667,31.0,0.04803886394559407,0.4526390197926484
Unknown_458015,CIN,458015,2018,144,623,503,143,28,2,12,108,101,9,3,0.284,0.7801204819277109,0.45286506469500937,0.837,0.3324538258575198,0.5940298507462688,0.7772600186393289,0.2954759660697455,0.6501,0.38,0.613590671491757,0.45333333333333337,35.0,0.008088060633212995,0.7045240339302543
Unknown_444482,AZ,444482,2018,146,614,560,164,25,5,30,48,124,4,2,0.293,0.5843373493975904,0.6321626617375233,0.868,0.5646437994722955,0.5791044776119404,0.3336439888164026,0.3894910461828464,0.7134,0.38,0.613590671491757,0.44666666666666666,31.0,0.03999151769681296,0.6105089538171538
Unknown_467092,TB,467092,2018,110,416,382,117,22,1,15,32,80,0,2,0.306,0.6024096385542169,0.5785582255083181,0.845,0.4538258575197889,0.6537313432835822,0.3275862068965517,0.36663524976437323,0.7308,0.379,0.6107760353839968,0.3466666666666667,31.0,0.038395267957852953,0.6333647502356268
Unknown_609280,NYY,609280,2018,153,618,583,172,47,2,27,27,99,4,4,0.295,0.5120481927710844,0.6414048059149724,0.85,0.5725593667546174,0.5402985074626866,0.17287977632805218,0.29099905749293126,0.7896,0.378,0.6083634901487736,0.44,23.0,0.06094935661249132,0.7090009425070687
Unknown_656305,ATH,656305,2018,146,621,552,153,42,6,24,58,146,9,2,0.277,0.5903614457831324,0.6118299445471351,0.86,0.5778364116094987,0.6029850746268658,0.40447343895619753,0.467483506126296,0.657,0.378,0.6083634901487736,0.44,25.0,0.03871425513547344,0.5325164938737041
Unknown_519203,CHC,519203,2018,152,669,570,161,29,1,25,70,80,20,9,0.282,0.6536144578313253,0.5434380776340113,0.844,0.46701846965699206,0.4567164179104477,0.45666356011183595,0.1953345900094251,0.7459,0.378,0.6083634901487736,0.4666666666666667,29.0,0.012125054243413922,0.8046654099905746
Unknown_571697,CIN,571697,2018,154,638,584,181,30,3,23,42,125,4,5,0.31,0.5993975903614458,0.5841035120147875,0.847,0.45118733509234826,0.6686567164179104,0.27586206896551724,0.3751178133836004,0.7273,0.378,0.6083634901487736,0.45333333333333337,28.0,0.047619206794808286,0.6248821866163996
Unknown_542583,MIL,542583,2018,154,588,513,138,25,0,37,59,149,6,10,0.269,0.5632530120481928,0.6654343807763403,0.879,0.6754617414248021,0.4955223880597015,0.43662628145386767,0.510603204524034,0.6344,0.377,0.6055488540410132,0.42666666666666664,28.0,0.03889407015673164,0.48939679547596593
Unknown_514888,HOU,514888,2018,142,623,556,174,30,2,14,57,83,6,1,0.313,0.674698795180723,0.5101663585951943,0.832,0.33773087071240104,0.6388059701492538,0.3956197576887232,0.22737983034872766,0.7608,0.377,0.6055488540410132,0.44,28.0,0.018170445639729978,0.7726201696512722
Unknown_488726,CLE,488726,2018,146,642,580,178,36,2,17,49,61,5,7,0.307,0.6144578313253012,0.5360443622920519,0.826,0.39050131926121373,0.5432835820895523,0.32479030754892824,0.13737040527803956,0.8193,0.377,0.6055488540410132,0.44666666666666666,31.0,0.014093157135201753,0.8626295947219604
Unknown_594809,WSH,594809,2018,94,370,319,96,18,1,5,38,64,11,0,0.301,0.710843373493976,0.4380776340110906,0.805,0.26649076517150394,0.6865671641791046,0.4478098788443616,0.3211592836946277,0.6892,0.377,0.6055488540410132,0.32000000000000006,30.0,0.022598606980783482,0.6788407163053722
Unknown_543305,NYY,543305,2018,140,591,489,121,19,3,27,91,112,3,6,0.247,0.6234939759036146,0.5360443622920519,0.829,0.5488126649076517,0.3880597014925373,0.6868592730661696,0.36003770028275217,0.6481,0.376,0.6027342179332529,0.42000000000000004,29.0,0.013811230285101126,0.6399622997172478
Unknown_624585,KC,624585,2018,61,257,223,59,18,0,9,28,69,4,2,0.265,0.5903614457831324,0.5397412199630316,0.82,0.5092348284960422,0.6149253731343284,0.4767008387698043,0.5461828463713478,0.607,0.376,0.6027342179332529,0.26,26.0,0.03771617077435831,0.4538171536286524
Unknown_456715,MIL,456715,2018,146,649,565,171,27,2,10,74,101,8,2,0.303,0.6987951807228917,0.4380776340110906,0.8,0.26121372031662266,0.6537313432835822,0.5004659832246039,0.2801602262016965,0.718,0.375,0.6003216726980296,0.44666666666666666,32.0,0.016412472523248796,0.7198397737983036
Unknown_592178,CHC,592178,2018,103,463,395,107,28,3,13,48,110,17,3,0.271,0.6415662650602411,0.5212569316081332,0.827,0.46437994722955145,0.6208955223880598,0.45246971109040074,0.4733741753063148,0.622,0.375,0.6003216726980296,0.36,26.0,0.034341728797871694,0.5266258246936852
Unknown_656555,PHI,656555,2018,153,660,559,137,38,0,34,87,150,9,5,0.245,0.5873493975903613,0.5951940850277266,0.849,0.6358839050131926,0.40895522388059713,0.5834109972041006,0.44910461828463716,0.6258,0.375,0.6003216726980296,0.45333333333333337,25.0,0.02337407975209619,0.5508953817153628
Unknown_408234,DET,408234,2018,38,157,134,40,11,0,3,22,27,0,1,0.299,0.7138554216867471,0.5064695009242146,0.843,0.36939313984168864,0.6507462686567164,0.6220876048462255,0.3188030160226202,0.6879,0.375,0.6003216726980296,0.21333333333333335,35.0,0.013756551400314296,0.6811969839773799
Unknown_592626,LAD,592626,2018,144,465,415,104,28,3,26,41,90,5,3,0.251,0.496987951807229,0.6395563770794825,0.844,0.6886543535620053,0.37014925373134333,0.38024231127679403,0.36946277097078234,0.7054,0.373,0.5946924004825089,0.3533333333333334,26.0,0.03245752458099142,0.6305372290292177
Unknown_453568,COL,453568,2018,160,712,641,184,31,7,29,60,135,8,2,0.287,0.5903614457831324,0.5896487985212571,0.847,0.5197889182058048,0.5671641791044777,0.3620689655172414,0.36027332704995285,0.7135,0.373,0.5946924004825089,0.4666666666666667,32.0,0.03352658343046307,0.639726672950047
Unknown_425783,TEX,425783,2018,146,665,560,148,30,1,21,92,156,10,2,0.264,0.6596385542168676,0.4805914972273569,0.81,0.42480211081794195,0.5850746268656717,0.6136999068033551,0.4663053722902922,0.6105,0.373,0.5946924004825089,0.44666666666666666,36.0,0.022826892747679156,0.5336946277097077
Unknown_614177,SD,614177,2018,86,285,261,73,9,0,16,24,80,0,0,0.28,0.5481927710843374,0.5988909426987061,0.838,0.5514511873350924,0.6298507462686568,0.36160298229263743,0.5749293119698398,0.6351,0.372,0.5922798552472859,0.26666666666666666,23.0,0.05451994379200498,0.42507068803016046
Unknown_605361,ATH,605361,2018,54,183,156,46,9,3,1,21,38,5,1,0.295,0.7078313253012049,0.43622920517560076,0.804,0.2796833773087071,0.737313432835821,0.5041938490214353,0.4029217719132894,0.6503,0.371,0.5894652191395255,0.22000000000000003,28.0,0.025012538821105962,0.5970782280867106
Unknown_596847,TB,596847,2018,61,221,190,50,14,1,10,26,55,3,2,0.263,0.5993975903614458,0.6118299445471351,0.863,0.6147757255936676,0.5402985074626866,0.5172413793103448,0.5,0.6199,0.371,0.5894652191395255,0.24000000000000002,27.0,0.030959776178633366,0.5
Unknown_502054,STL,502054,2018,136,570,494,136,18,6,21,67,140,6,3,0.275,0.6295180722891566,0.5360443622920519,0.83,0.47229551451187335,0.6208955223880598,0.5167753960857409,0.49222431668237515,0.6263,0.37,0.5866505830317652,0.3933333333333333,30.0,0.030451038986907923,0.5077756833176248
Unknown_500874,STL,500874,2018,152,590,534,163,30,0,17,49,104,2,3,0.305,0.6204819277108434,0.5231053604436231,0.821,0.37730870712401055,0.6477611940298508,0.3564771668219944,0.32893496701225267,0.7339,0.37,0.5866505830317652,0.4,30.0,0.031057399879394036,0.6710650329877474
Unknown_543768,MIL,543768,2018,156,611,519,127,24,1,33,81,114,4,6,0.245,0.5722891566265059,0.5767097966728283,0.833,0.6121372031662269,0.34328358208955223,0.587138863000932,0.35320452403393027,0.6727,0.369,0.5842380377965419,0.4066666666666667,28.0,0.01723174394493692,0.6467954759660697
Unknown_450314,CHC,450314,2018,137,526,461,140,28,3,9,55,61,2,7,0.304,0.6536144578313253,0.4842883548983365,0.811,0.3245382585751979,0.5820895522388061,0.45666356011183595,0.18685202639019793,0.7738,0.369,0.5842380377965419,0.3666666666666667,37.0,0.011458898754558093,0.8131479736098022
Unknown_609275,KC,609275,2018,74,291,275,76,13,3,14,11,77,1,1,0.276,0.4457831325301205,0.5988909426987061,0.804,0.5620052770448548,0.6000000000000002,0.14538676607642123,0.5369934024505184,0.6838,0.369,0.5842380377965419,0.26666666666666666,23.0,0.12548251326371423,0.4630065975494817
Unknown_643217,BOS,643217,2018,153,688,602,173,42,6,16,74,113,3,7,0.287,0.6204819277108434,0.5231053604436231,0.821,0.42216358839050133,0.5761194029850747,0.47064305684995345,0.3004241281809614,0.7209,0.368,0.5814234016887816,0.44,24.0,0.019530840465504976,0.6995758718190386
Unknown_519317,NYY,519317,2018,163,727,638,169,34,1,39,71,218,8,10,0.265,0.5512048192771085,0.6118299445471351,0.846,0.6094986807387862,0.5910447761194031,0.42451071761416587,0.6201696512723845,0.5915,0.368,0.5814234016887816,0.45333333333333337,29.0,0.049407601892229,0.37983034872761534
Unknown_501896,PIT,501896,2018,118,319,286,84,12,2,11,24,73,5,4,0.294,0.5903614457831324,0.5378927911275417,0.819,0.4274406332453826,0.6567164179104478,0.3196644920782852,0.4526390197926485,0.6803,0.366,0.5761962203457981,0.2733333333333333,35.0,0.04888408105932017,0.5473609802073516
Unknown_656941,CHC,656941,2018,137,511,429,102,14,3,26,78,141,1,2,0.238,0.5933734939759036,0.5397412199630316,0.821,0.5778364116094987,0.4597014925373134,0.6803355079217148,0.5636192271442035,0.5675,0.366,0.5761962203457981,0.3533333333333334,25.0,0.024988563297168524,0.43638077285579646
Unknown_443558,SEA,443558,2018,144,591,519,133,18,1,37,55,122,14,3,0.256,0.5542168674698796,0.6192236598890943,0.85,0.6411609498680738,0.3880597014925373,0.40307548928238585,0.3998586239396796,0.6768,0.366,0.5761962203457981,0.3866666666666667,38.0,0.03290451022333772,0.6001413760603205
Unknown_475582,WSH,475582,2018,85,323,288,76,21,2,13,30,55,3,2,0.264,0.5391566265060243,0.5767097966728283,0.824,0.5620052770448548,0.4477611940298507,0.402143522833178,0.3147973609802074,0.7276,0.366,0.5761962203457981,0.2733333333333333,34.0,0.025475532087797827,0.6852026390197925
Unknown_571788,BOS,571788,2018,108,377,331,93,19,3,8,37,76,7,2,0.281,0.6174698795180723,0.4713493530499077,0.792,0.366754617414248,0.6179104477611942,0.42637465051258155,0.38854853911404336,0.6817,0.365,0.5733815842380378,0.29333333333333333,30.0,0.02977036553588968,0.6114514608859567
Unknown_518586,ATL,518586,2018,115,335,308,82,18,2,12,22,89,4,1,0.266,0.49397590361445787,0.5194085027726434,0.777,0.47229551451187335,0.6059701492537314,0.2753960857409133,0.5395852968897267,0.6567,0.365,0.5733815842380378,0.28,29.0,0.06827031296401485,0.4604147031102732
Unknown_553882,CWS,553882,2018,95,322,280,77,14,1,9,38,65,2,0,0.275,0.6265060240963854,0.4713493530499077,0.794,0.3825857519788918,0.5850746268656717,0.5191053122087604,0.3892554194156456,0.6677,0.365,0.5733815842380378,0.2733333333333333,26.0,0.02311150759933344,0.6107445805843545
Unknown_592663,MIA,592663,2018,125,529,477,132,30,3,21,38,104,10,4,0.277,0.5481927710843374,0.5730129390018486,0.825,0.525065963060686,0.5313432835820896,0.3038210624417521,0.37676720075400566,0.7127,0.365,0.5733815842380378,0.36,27.0,0.042992423411107275,0.6232327992459943
Unknown_570256,PIT,570256,2018,130,534,463,117,32,6,23,61,117,3,7,0.253,0.5451807228915663,0.5970425138632165,0.836,0.6200527704485488,0.4507462686567164,0.5013979496738117,0.42978322337417535,0.6573,0.365,0.5733815842380378,0.36,27.0,0.027128686747987053,0.5702167766258248
Unknown_621002,TB,621002,2018,87,340,282,74,16,0,9,43,77,13,2,0.262,0.674698795180723,0.44547134935304994,0.797,0.37730870712401055,0.5791044776119404,0.5587138863000932,0.44721960414703116,0.6088,0.365,0.5733815842380378,0.28,24.0,0.02465021097008946,0.5527803958529689
Unknown_624577,LAD,624577,2018,132,466,422,112,22,1,23,41,93,1,2,0.265,0.5180722891566266,0.5767097966728283,0.816,0.5567282321899736,0.4626865671641791,0.3793103448275862,0.3838360037700283,0.7103,0.364,0.5705669481302773,0.33333333333333337,28.0,0.03389572214777122,0.6161639962299716
Unknown_544369,NYY,544369,2018,139,588,521,139,24,5,27,48,73,7,10,0.267,0.5210843373493976,0.5804066543438078,0.819,0.5593667546174143,0.3761194029850746,0.34948741845293574,0.205937794533459,0.7789,0.364,0.5705669481302773,0.38,28.0,0.019430405235206727,0.7940622054665412
Unknown_465041,PIT,465041,2018,104,404,332,86,15,3,12,51,84,15,4,0.259,0.6626506024096387,0.4750462107208873,0.809,0.4300791556728232,0.5194029850746269,0.5573159366262814,0.4033930254476909,0.6238,0.364,0.5705669481302773,0.30666666666666664,32.0,0.02187988026773563,0.5966069745523093
Unknown_461314,LAD,461314,2018,151,517,473,137,26,0,21,36,117,1,7,0.29,0.5391566265060243,0.5619223659889094,0.814,0.47229551451187335,0.6119402985074628,0.29356943150046594,0.4467483506126296,0.7021,0.363,0.5681544028950543,0.3466666666666667,34.0,0.05292713110916433,0.5532516493873705
Unknown_429665,CLE,429665,2018,140,590,510,124,16,1,32,65,136,8,7,0.243,0.5301204819277109,0.5415896487985215,0.801,0.5672823218997362,0.3880597014925373,0.48275862068965525,0.45664467483506127,0.6458,0.363,0.5681544028950543,0.38,35.0,0.030478887254807296,0.5433553251649386
Unknown_500871,MIN,500871,2018,150,631,566,154,48,3,23,52,126,5,8,0.272,0.5301204819277109,0.5822550831792976,0.824,0.5488126649076517,0.5194029850746269,0.353215284249767,0.38407163053722904,0.71,0.363,0.5681544028950543,0.3933333333333333,29.0,0.036902831612379346,0.6159283694627711
Unknown_571771,LAD,571771,2018,151,485,420,105,17,3,22,55,83,1,5,0.25,0.533132530120482,0.5323475046210722,0.797,0.5356200527704486,0.37313432835820903,0.4976700838769804,0.3166823751178134,0.7052,0.362,0.5653397667872939,0.33333333333333337,27.0,0.01919784885934201,0.6833176248821866
Unknown_657656,ATH,657656,2018,47,180,159,45,12,1,5,17,52,2,2,0.283,0.5963855421686747,0.5378927911275417,0.821,0.4564643799472295,0.7492537313432835,0.4091332712022367,0.5942507068803016,0.6056,0.362,0.5653397667872939,0.21333333333333335,24.0,0.049229154413803926,0.40574929311969865
Unknown_572039,ATH,572039,2018,151,609,549,146,41,0,27,43,116,12,5,0.266,0.5180722891566266,0.5804066543438078,0.818,0.5620052770448548,0.4656716417910447,0.2982292637465051,0.3623939679547597,0.7192,0.362,0.5653397667872939,0.38,27.0,0.04222088776169617,0.6376060320452404
Unknown_475253,TOR,475253,2018,143,594,505,122,34,0,25,83,156,3,3,0.242,0.5783132530120482,0.5231053604436231,0.808,0.546174142480211,0.4865671641791045,0.6202236719478098,0.5322808671065032,0.5926,0.362,0.5653397667872939,0.37333333333333335,32.0,0.026377274229118425,0.46771913289349687
Unknown_457708,LAA,457708,2018,145,613,533,137,18,1,30,64,176,10,6,0.257,0.5602409638554217,0.534195933456562,0.808,0.5197889182058048,0.5582089552238807,0.45573159366262816,0.5900094250706881,0.5922,0.362,0.5653397667872939,0.3866666666666667,31.0,0.043221562549586735,0.409990574929312
Unknown_641355,LAD,641355,2018,167,657,578,146,28,7,25,73,156,3,3,0.253,0.5421686746987954,0.5194085027726434,0.793,0.5092348284960422,0.5014925373134328,0.4869524697110904,0.47290292177191334,0.6469,0.361,0.5625251306795336,0.4,23.0,0.03135302383533898,0.5270970782280866
Unknown_593160,KC,593160,2018,158,707,632,192,43,3,12,61,114,6,6,0.304,0.6295180722891566,0.4879852125693162,0.806,0.32981530343007914,0.6507462686567164,0.37138863000931965,0.2933553251649388,0.7412,0.361,0.5625251306795336,0.42000000000000004,29.0,0.026148111869706822,0.7066446748350612
Unknown_543257,MIN,543257,2018,128,465,396,108,27,1,5,60,83,2,5,0.273,0.6295180722891566,0.38817005545286515,0.751,0.26912928759894456,0.5820895522388061,0.570363466915191,0.3341187558906692,0.6839,0.361,0.5625251306795336,0.32000000000000006,29.0,0.016776523674320025,0.6658812441093309
Unknown_516782,PIT,516782,2018,145,606,559,155,32,5,20,35,109,8,3,0.277,0.5090361445783133,0.5286506469500927,0.787,0.4564643799472295,0.5313432835820896,0.2385834109972041,0.3374175306314798,0.7475,0.36,0.5601125854443103,0.37333333333333335,30.0,0.050237100581180354,0.6625824693685203
Unknown_624428,PIT,624428,2018,112,352,318,88,23,2,10,29,53,3,1,0.277,0.5542168674698796,0.5212569316081332,0.798,0.4485488126649076,0.5104477611940299,0.353215284249767,0.26837888784165886,0.7557,0.36,0.5601125854443103,0.2733333333333333,27.0,0.025369385924019383,0.7316211121583411
Unknown_518735,LAD,518735,2018,147,543,462,109,24,2,25,75,134,3,3,0.236,0.5602409638554217,0.5268022181146028,0.803,0.5646437994722955,0.42089552238805983,0.6127679403541473,0.4950518378887842,0.6096,0.359,0.55729794933655,0.3466666666666667,30.0,0.024584343277599507,0.5049481621112157
Unknown_543807,HOU,543807,2018,143,641,567,153,28,0,25,66,125,5,3,0.27,0.575301204819277,0.512014787430684,0.801,0.4564643799472295,0.5104477611940299,0.4492078285181733,0.3729971724787936,0.6927,0.359,0.55729794933655,0.3866666666666667,29.0,0.026637830052678113,0.6270028275212063
Unknown_455976,ATL,455976,2018,166,720,635,186,43,2,14,75,82,1,9,0.293,0.6204819277108434,0.47874306839186703,0.797,0.345646437994723,0.5373134328358209,0.4547996272134203,0.18190386427898209,0.7806,0.359,0.55729794933655,0.41333333333333333,35.0,0.011151215613165575,0.8180961357210179
Unknown_624424,NYM,624424,2018,153,638,543,132,25,1,28,84,159,7,4,0.243,0.5783132530120482,0.5064695009242146,0.797,0.5145118733509234,0.4626865671641791,0.5829450139794968,0.5007068803016023,0.6082,0.359,0.55729794933655,0.38,25.0,0.026617996678974284,0.49929311969839785
Unknown_605480,TB,605480,2018,136,544,480,142,27,10,2,47,98,8,2,0.296,0.6295180722891566,0.42883548983364156,0.773,0.26649076517150394,0.6925373134328358,0.3718546132339236,0.3378887841658813,0.7059,0.358,0.5544833132287896,0.3466666666666667,25.0,0.03034028622588758,0.6621112158341187
Unknown_621311,COL,621311,2018,80,282,260,68,11,3,16,19,71,1,2,0.262,0.463855421686747,0.6247689463955639,0.824,0.6358839050131926,0.4865671641791045,0.2833178005591799,0.5068331762488218,0.6773,0.357,0.5520707679935666,0.2466666666666667,24.0,0.06230426520259345,0.49316682375117815
Unknown_592669,SD,592669,2018,117,441,403,100,23,1,26,30,109,3,5,0.248,0.4337349397590361,0.6099815157116453,0.805,0.6517150395778364,0.40895522388059713,0.28611369990680335,0.49599434495758726,0.678,0.357,0.5520707679935666,0.30000000000000004,26.0,0.06035688861529773,0.504005655042413
Unknown_572816,PIT,572816,2018,135,533,504,151,35,7,13,21,80,4,4,0.3,0.5180722891566266,0.5545286506469502,0.804,0.4379947229551451,0.5940298507462688,0.15284249767008387,0.2672007540056551,0.803,0.357,0.5520707679935666,0.34,29.0,0.06373153383841818,0.7327992459943451
Unknown_493316,NYM,493316,2018,38,157,141,37,6,0,9,13,50,1,2,0.262,0.5030120481927711,0.5951940850277266,0.821,0.5936675461741425,0.5940298507462688,0.35507921714818264,0.6639962299717248,0.5924,0.357,0.5520707679935666,0.2,33.0,0.06444717870429767,0.3360037700282752
Unknown_621035,LAD,621035,2018,155,618,549,142,35,9,18,56,181,9,4,0.259,0.533132530120482,0.5175600739371535,0.789,0.4907651715039578,0.644776119402985,0.391425908667288,0.6036757775683317,0.6019,0.356,0.5492561318858061,0.3666666666666667,28.0,0.05256818401106726,0.39632422243166854
Unknown_476704,ATH,476704,2018,158,684,600,159,37,1,23,78,129,3,3,0.265,0.5813253012048193,0.500924214417745,0.796,0.45118733509234826,0.5014925373134328,0.5004659832246039,0.3579170593779453,0.693,0.356,0.5492561318858061,0.3866666666666667,34.0,0.022015385574985037,0.6420829406220547
Unknown_543068,TB,543068,2018,140,560,501,127,28,1,30,37,145,17,5,0.253,0.496987951807229,0.5896487985212571,0.816,0.6094986807387862,0.4746268656716418,0.27726001863932903,0.5235626767200754,0.6446,0.356,0.5492561318858061,0.3466666666666667,28.0,0.06580544018179137,0.4764373232799246
Unknown_592200,CIN,592200,2018,51,156,140,41,10,0,4,12,32,2,1,0.293,0.5933734939759036,0.5101663585951943,0.805,0.39050131926121373,0.6507462686567164,0.3275862068965517,0.3967954759660698,0.6987,0.356,0.5492561318858061,0.2,30.0,0.04161699263968829,0.6032045240339301
Unknown_592696,MIN,592696,2018,136,592,559,161,31,2,24,30,104,0,2,0.288,0.496987951807229,0.5637707948243993,0.803,0.48021108179419525,0.5432835820895523,0.2054986020503262,0.3275212064090481,0.772,0.356,0.5492561318858061,0.3533333333333334,27.0,0.05707011104549101,0.672478793590952
Unknown_650402,NYY,650402,2018,127,502,447,121,16,1,24,44,125,5,5,0.271,0.5451807228915663,0.5508317929759705,0.811,0.5065963060686016,0.555223880597015,0.37744641192917056,0.5002356267672007,0.6514,0.355,0.5464414957780458,0.32000000000000006,22.0,0.04501128508728331,0.4997643732327992
Unknown_457705,SF,457705,2018,160,701,587,147,30,3,20,96,148,11,7,0.25,0.6144578313253012,0.4436229205175602,0.776,0.40897097625329815,0.4895522388059701,0.6071761416589002,0.410933081998115,0.6362,0.355,0.5464414957780458,0.3933333333333333,32.0,0.019840125305829882,0.5890669180018848
Unknown_592192,ATH,592192,2018,120,412,366,91,22,0,17,34,89,10,2,0.249,0.5120481927710844,0.5064695009242146,0.776,0.5013192612137203,0.4417910447761193,0.35368126747437095,0.4224787935909519,0.6772,0.355,0.5464414957780458,0.2866666666666667,29.0,0.0406701533830523,0.5775212064090482
Unknown_607208,WSH,607208,2018,161,740,664,180,27,6,19,69,132,5,0,0.271,0.5602409638554217,0.4473197781885398,0.76,0.3588390501319261,0.5373134328358209,0.40354147250698974,0.33388312912346846,0.7189,0.355,0.5464414957780458,0.4066666666666667,25.0,0.02704350635006507,0.6661168708765315
Unknown_622168,STL,622168,2018,103,329,293,81,16,0,8,30,71,4,2,0.276,0.5783132530120482,0.44177449168207034,0.763,0.33773087071240104,0.6089552238805972,0.39422180801491147,0.42200754005655045,0.6809,0.355,0.5464414957780458,0.26,23.0,0.035793458124936416,0.5779924599434496
Unknown_622666,ATL,622666,2018,138,540,479,126,27,1,19,52,113,6,3,0.263,0.5512048192771085,0.4972273567467654,0.783,0.45118733509234826,0.5134328358208955,0.41798695246971107,0.4066918001885015,0.6833,0.354,0.5440289505428226,0.33333333333333337,25.0,0.03206148854457317,0.5933081998114984
Unknown_621566,ATH,621566,2018,161,664,582,143,33,0,29,72,163,8,2,0.246,0.5361445783132531,0.5138632162661738,0.788,0.5197889182058048,0.4686567164179104,0.4743709226467847,0.49198868991517436,0.634,0.354,0.5440289505428226,0.37333333333333335,24.0,0.03382949394189604,0.5080113100848256
Unknown_621563,TB,621563,2018,139,545,487,146,33,6,7,37,96,9,10,0.3,0.5903614457831324,0.48243992606284664,0.789,0.33509234828496043,0.6537313432835822,0.28564771668219946,0.32846371347785114,0.7358,0.354,0.5440289505428226,0.33333333333333337,28.0,0.04019280884140826,0.6715362865221488
Unknown_605137,PIT,605137,2018,148,583,501,131,31,4,12,77,104,0,5,0.261,0.5993975903614458,0.4380776340110906,0.768,0.37203166226912926,0.5104477611940299,0.5848089468779124,0.33388312912346846,0.6895,0.353,0.5412143144350623,0.34,26.0,0.016133361519575035,0.6661168708765315
Unknown_518614,AZ,518614,2018,138,423,350,83,22,4,13,64,110,2,7,0.237,0.5843373493975904,0.4805914972273569,0.787,0.49604221635883905,0.4925373134328358,0.6742777260018639,0.5261545711592837,0.5816,0.353,0.5412143144350623,0.2866666666666667,32.0,0.023255188174239827,0.47384542884071634
Unknown_614173,SD,614173,2018,38,154,139,33,5,1,7,14,55,0,0,0.237,0.4487951807228916,0.48983364140480606,0.746,0.5065963060686016,0.6089552238805972,0.3928238583410997,0.7549481621112157,0.5455,0.353,0.5412143144350623,0.19333333333333336,24.0,0.06603190188887596,0.24505183788878426
Unknown_435062,WSH,435062,2018,40,160,152,46,14,0,4,5,29,2,1,0.303,0.5210843373493976,0.5545286506469502,0.805,0.4274406332453826,0.644776119402985,0.11463187325256288,0.34048067860508957,0.775,0.353,0.5412143144350623,0.19333333333333336,35.0,0.10240478048418526,0.6595193213949104
Unknown_454560,SD,454560,2018,64,183,151,41,8,0,1,26,37,1,2,0.272,0.6626506024096387,0.31423290203327175,0.722,0.1688654353562005,0.6388059701492538,0.6314072693383038,0.3899622997172479,0.6339,0.352,0.538399678327302,0.2,37.0,0.017535659861477128,0.6100377002827522
Unknown_471865,COL,471865,2018,136,518,475,130,32,5,16,39,118,1,3,0.274,0.5120481927710844,0.534195933456562,0.791,0.47493403693931396,0.5880597014925374,0.32013047530288913,0.4502827521206409,0.695,0.351,0.5359871330920788,0.31333333333333335,33.0,0.0485488282430491,0.549717247879359
Unknown_664023,CHC,664023,2018,135,463,387,90,19,2,15,71,167,3,2,0.233,0.5903614457831324,0.43253234750462116,0.762,0.4406332453825857,0.6805970149253732,0.6835973904939422,0.763430725730443,0.4795,0.351,0.5359871330920788,0.29333333333333333,24.0,0.035535540716621766,0.2365692742695571
Unknown_553869,PIT,553869,2018,81,277,252,72,12,0,10,21,40,1,3,0.286,0.5451807228915663,0.5138632162661738,0.792,0.41688654353562005,0.5014925373134328,0.3224603914259087,0.25377002827521206,0.7762,0.351,0.5359871330920788,0.23333333333333334,28.0,0.02686640534567593,0.746229971724788
Unknown_605119,MIA,605119,2018,156,670,590,161,34,4,11,62,129,16,2,0.273,0.5993975903614458,0.4177449168207025,0.757,0.3113456464379947,0.5910447761194031,0.4002795899347623,0.36710650329877476,0.691,0.351,0.5359871330920788,0.3666666666666667,25.0,0.03027429049760165,0.6328934967012252
Unknown_448602,WSH,448602,2018,85,235,206,51,8,0,13,24,64,2,3,0.248,0.5120481927710844,0.5582255083179299,0.803,0.5778364116094987,0.4597014925373134,0.4450139794967381,0.5551366635249764,0.617,0.35,0.5331724969843183,0.22000000000000003,35.0,0.04161492186904925,0.44486333647502363
Unknown_595909,MIN,595909,2018,87,309,283,75,16,2,13,18,102,3,3,0.265,0.4668674698795181,0.5526802218114604,0.786,0.525065963060686,0.6835820895522388,0.24091332712022367,0.6913289349670122,0.5955,0.35,0.5331724969843183,0.24000000000000002,26.0,0.09958662321951307,0.3086710650329878
Unknown_593871,MIN,593871,2018,77,333,302,87,18,3,6,25,62,2,1,0.288,0.5632530120481928,0.467652495378928,0.773,0.34300791556728233,0.6298507462686568,0.3191985088536813,0.35226201696512727,0.7237,0.35,0.5331724969843183,0.2466666666666667,25.0,0.03798320170282668,0.6477379830348726
Unknown_594953,CWS,594953,2018,124,449,417,100,15,3,27,30,153,2,0,0.24,0.40963855421686746,0.5730129390018486,0.778,0.6226912928759895,0.5194029850746269,0.28052190121155635,0.7165409990574929,0.588,0.35,0.5331724969843183,0.2866666666666667,27.0,0.08874179980633005,0.2834590009425071
Unknown_606466,AZ,606466,2018,151,580,520,135,26,12,14,54,79,3,2,0.26,0.5240963855421686,0.48613678373382635,0.768,0.44327176781002636,0.4417910447761193,0.40307548928238585,0.2344486333647502,0.7638,0.35,0.5331724969843183,0.33333333333333337,25.0,0.018309909249983963,0.7655513666352498
Unknown_547989,CWS,547989,2018,128,553,499,132,36,1,22,37,109,11,6,0.265,0.5030120481927711,0.5526802218114604,0.798,0.525065963060686,0.4776119402985074,0.2809878844361603,0.37794533459000945,0.7161,0.35,0.5331724969843183,0.32000000000000006,31.0,0.04701888947519273,0.6220546654099905
Unknown_640457,PIT,640457,2018,58,191,178,51,9,2,6,10,40,1,2,0.287,0.5030120481927711,0.5304990757855823,0.785,0.43535620052770446,0.6029850746268658,0.21342031686859272,0.4069274269557022,0.733,0.349,0.530357860876558,0.2,23.0,0.06734208379625277,0.5930725730442978
Unknown_595777,TEX,595777,2018,145,594,524,133,35,6,20,54,88,12,4,0.254,0.533132530120482,0.524953789279113,0.793,0.5145118733509234,0.4029850746268657,0.3928238583410997,0.26248821866164,0.7407,0.349,0.530357860876558,0.33333333333333337,25.0,0.021529116153413214,0.73751178133836
Unknown_664056,STL,664056,2018,128,427,379,100,20,2,12,31,125,11,4,0.264,0.5301204819277109,0.4584103512014788,0.756,0.39313984168865435,0.6686567164179104,0.3075489282385834,0.6032045240339302,0.6042,0.349,0.530357860876558,0.28,24.0,0.06802915115418749,0.3967954759660699
Unknown_594988,CIN,594988,2018,106,430,380,97,19,0,17,39,99,9,2,0.255,0.5391566265060243,0.48983364140480606,0.777,0.4617414248021108,0.4985074626865672,0.3918918918918919,0.455937794533459,0.6581,0.349,0.530357860876558,0.28,28.0,0.03911891833795407,0.5440622054665412
Unknown_467793,PHI,467793,2018,161,679,560,128,28,2,24,110,93,1,8,0.229,0.5843373493975904,0.4436229205175602,0.766,0.46701846965699206,0.28955223880597025,0.7241379310344828,0.2363336475023563,0.6996,0.349,0.530357860876558,0.36,32.0,0.006362443747395986,0.7636663524976435
Unknown_516416,SEA,516416,2018,144,632,586,178,29,3,10,32,69,4,6,0.304,0.5512048192771085,0.44547134935304994,0.755,0.26912928759894456,0.5761194029850747,0.20503261882572227,0.17082940622054665,0.8275,0.349,0.530357860876558,0.3466666666666667,28.0,0.031765085107651754,0.8291705937794533
Unknown_643393,HOU,643393,2018,96,301,260,69,16,0,6,34,45,3,1,0.265,0.5963855421686747,0.4103512014787432,0.752,0.32189973614775724,0.4955223880597015,0.49580615097856473,0.26578699340245054,0.7176,0.348,0.527945315641335,0.23333333333333334,27.0,0.01560140991522326,0.7342130065975494
Unknown_545341,TOR,545341,2018,117,462,424,104,32,1,25,27,122,8,3,0.245,0.4307228915662651,0.6062846580406656,0.803,0.6543535620052771,0.4417910447761193,0.24137931034482757,0.5358152686145146,0.6602,0.348,0.527945315641335,0.2866666666666667,27.0,0.07752457785543765,0.46418473138548544
Unknown_608336,TEX,608336,2018,148,577,500,103,24,1,40,74,207,3,0,0.206,0.463855421686747,0.5988909426987061,0.81,0.7467018469656991,0.34328358208955223,0.5666356011183598,0.7589538171536286,0.5078,0.348,0.527945315641335,0.32666666666666666,25.0,0.04416518178784185,0.24104618284637147
Unknown_430832,NYM,430832,2018,122,399,325,66,18,0,13,67,111,6,1,0.203,0.5722891566265059,0.3770794824399261,0.727,0.4379947229551451,0.38208955223880603,0.7516309412861136,0.5690386427898209,0.5388,0.348,0.527945315641335,0.26666666666666666,38.0,0.02206479419333792,0.43096135721017914
Unknown_592743,LAA,592743,2018,146,600,554,162,26,5,11,35,44,5,5,0.292,0.5391566265060243,0.44916820702402965,0.754,0.30606860158311344,0.4955223880597015,0.24091332712022367,0.08623939679547597,0.8583,0.348,0.527945315641335,0.33333333333333337,29.0,0.01432938522783537,0.9137606032045238
Unknown_547982,DET,547982,2018,83,353,318,81,15,3,11,30,77,3,2,0.255,0.496987951807229,0.4639556377079483,0.747,0.42480211081794195,0.5014925373134328,0.3653308480894688,0.42742695570216777,0.6884,0.348,0.527945315641335,0.25333333333333335,30.0,0.03965787015186743,0.5725730442978323
Unknown_493329,HOU,493329,2018,141,596,557,160,34,1,14,26,68,6,7,0.287,0.49397590361445787,0.467652495378928,0.749,0.345646437994723,0.5044776119402985,0.17241379310344826,0.1823751178133836,0.8322,0.347,0.5251306795335746,0.32666666666666666,34.0,0.04064674595950612,0.8176248821866163
Unknown_514917,PHI,514917,2018,161,708,605,153,15,3,15,95,155,4,3,0.253,0.5963855421686747,0.34750462107208885,0.718,0.2638522427440633,0.5402985074626866,0.5945945945945946,0.4293119698397739,0.6398,0.347,0.5251306795335746,0.36,28.0,0.021565593846638996,0.5706880301602262
Unknown_434158,TOR,434158,2018,123,406,346,83,22,2,13,54,107,4,1,0.24,0.5722891566265059,0.46950092421441786,0.776,0.47229551451187335,0.5194029850746269,0.5890027958993477,0.53440150801131,0.5911,0.346,0.5223160434258142,0.26666666666666666,37.0,0.02834109866543011,0.46559849198868974
Unknown_572041,AZ,572041,2018,113,460,413,106,21,5,21,31,100,8,7,0.257,0.47590361445783136,0.5730129390018486,0.8,0.5778364116094987,0.4477611940298507,0.2833178005591799,0.42577756833176256,0.6957,0.346,0.5223160434258142,0.28,31.0,0.05242548459667275,0.5742224316682374
Unknown_455139,TEX,455139,2018,111,426,360,80,15,1,18,45,140,19,2,0.222,0.5421686746987954,0.45286506469500937,0.757,0.49604221635883905,0.5074626865671642,0.4613233923578751,0.6877945334590009,0.5211,0.346,0.5223160434258142,0.2733333333333333,34.0,0.0502232744864844,0.31220546654099923
Unknown_503556,HOU,503556,2018,146,575,510,129,27,3,17,54,132,4,2,0.253,0.5120481927710844,0.4510166358595195,0.746,0.41160949868073876,0.5223880597014926,0.4068033550792171,0.4545240339302545,0.6609,0.345,0.5195014073180538,0.31333333333333335,29.0,0.03732111848721275,0.5454759660697455
Unknown_502517,WSH,502517,2018,92,356,332,98,15,0,12,21,41,0,3,0.295,0.5301204819277109,0.5083179297597045,0.783,0.3825857519788918,0.5104477611940299,0.24417520969245105,0.18496701225259188,0.8258,0.345,0.5195014073180538,0.2466666666666667,33.0,0.027786357241113363,0.8150329877474081
Unknown_640461,ATH,640461,2018,107,333,298,77,12,1,13,27,88,6,0,0.258,0.5240963855421686,0.4842883548983365,0.769,0.445910290237467,0.5701492537313434,0.34715750232991616,0.536286522148916,0.6306,0.345,0.5195014073180538,0.24000000000000002,26.0,0.05307235167187761,0.4637134778510841
Unknown_641598,MIN,641598,2018,95,335,302,81,19,2,7,29,72,2,1,0.268,0.533132530120482,0.4436229205175602,0.749,0.3614775725593667,0.5850746268656717,0.3727865796831314,0.41988689915174365,0.6896,0.345,0.5195014073180538,0.24000000000000002,27.0,0.03802507537636717,0.5801131008482565
Unknown_571976,SD,571976,2018,83,343,312,79,25,1,11,30,94,0,1,0.253,0.4819277108433735,0.5027726432532349,0.763,0.4828496042216359,0.5761194029850747,0.3769804287045666,0.55937794533459,0.6385,0.345,0.5195014073180538,0.2466666666666667,28.0,0.05062643065084501,0.44062205466541005
Unknown_474832,SF,474832,2018,112,456,399,101,18,2,14,49,107,6,2,0.253,0.5542168674698796,0.4436229205175602,0.756,0.39841688654353563,0.5283582089552239,0.47017707362534944,0.4663053722902922,0.6447,0.345,0.5195014073180538,0.28,30.0,0.032233930227114224,0.5336946277097077
Unknown_596059,TEX,596059,2018,129,535,474,120,23,2,18,43,127,11,5,0.253,0.5060240963855422,0.46210720887245854,0.751,0.4274406332453826,0.5104477611940299,0.34389561975768873,0.47290292177191334,0.6579,0.344,0.5170888620828307,0.30000000000000004,24.0,0.04714562897229753,0.5270970782280866
Unknown_134181,TEX,134181,2018,119,481,433,118,23,1,15,34,96,6,8,0.273,0.5120481927710844,0.4805914972273569,0.763,0.40369393139841686,0.5313432835820896,0.29869524697110905,0.3838360037700283,0.7173,0.344,0.5170888620828307,0.28,39.0,0.04463832074892316,0.6161639962299716
Unknown_571431,WSH,571431,2018,119,337,306,73,10,0,21,27,73,4,0,0.239,0.45481927710843373,0.5600739371534196,0.786,0.6068601583113455,0.33134328358208953,0.342497670083877,0.42389255419415645,0.6914,0.344,0.5170888620828307,0.24000000000000002,30.0,0.04233352849252741,0.5761074458058435
Unknown_596748,PHI,596748,2018,131,465,433,117,17,1,22,29,62,0,3,0.27,0.4698795180722892,0.5415896487985215,0.78,0.4934036939313984,0.4059701492537314,0.2600186393289841,0.2276154571159284,0.8043,0.344,0.5170888620828307,0.28,26.0,0.03134149312141524,0.7723845428840714
Unknown_519346,MIL,519346,2018,94,278,247,54,10,3,16,29,97,2,0,0.219,0.4457831325301205,0.5619223659889094,0.783,0.6596306068601583,0.4477611940298507,0.4552656104380242,0.7356267672007539,0.5396,0.343,0.5142742259750703,0.22000000000000003,32.0,0.05474115764423332,0.26437323279924607
Unknown_570267,MIL,570267,2018,89,241,215,57,14,1,5,22,79,1,3,0.265,0.5240963855421686,0.434380776340111,0.741,0.35620052770448546,0.7582089552238808,0.3946877912395154,0.6859095193213949,0.5768,0.342,0.51145958986731,0.20666666666666667,26.0,0.059487193484555945,0.3140904806786051
Unknown_518934,COL,518934,2018,132,599,548,150,34,2,15,40,85,2,7,0.274,0.49397590361445787,0.4639556377079483,0.747,0.3746701846965699,0.4865671641791045,0.28052190121155635,0.2478793590951932,0.7846,0.342,0.51145958986731,0.31333333333333335,30.0,0.03110987625212098,0.7521206409048065
Unknown_642715,TB,642715,2018,85,323,288,80,7,0,10,31,95,1,2,0.278,0.5722891566265059,0.42883548983364156,0.754,0.31398416886543534,0.728358208955224,0.41658900279589933,0.6065032987747407,0.6037,0.342,0.51145958986731,0.23333333333333334,23.0,0.04929032386452604,0.39349670122525926
Unknown_434778,TOR,434778,2018,130,471,413,103,15,0,21,50,95,3,5,0.249,0.5210843373493976,0.4879852125693162,0.769,0.47493403693931396,0.4119402985074627,0.4641192917054986,0.3887841658812441,0.6858,0.342,0.51145958986731,0.2733333333333333,35.0,0.026754791979028594,0.6112158341187559
Unknown_518626,TOR,518626,2018,55,231,198,47,14,0,8,32,58,0,1,0.237,0.5542168674698796,0.4713493530499077,0.771,0.4828496042216359,0.4746268656716418,0.614631873252563,0.5051837888784165,0.6104,0.341,0.5090470446320868,0.20666666666666667,33.0,0.025085372481332927,0.49481621112158347
Unknown_543228,CLE,543228,2018,115,444,411,109,26,0,16,22,123,8,3,0.265,0.4668674698795181,0.500924214417745,0.758,0.45118733509234826,0.6089552238805972,0.1999068033550792,0.5662111215834119,0.6554,0.341,0.5090470446320868,0.26666666666666666,31.0,0.09830658421020569,0.4337888784165882
Unknown_467827,COL,467827,2018,139,452,409,118,17,0,6,33,76,5,3,0.289,0.5692771084337348,0.3696857670979668,0.721,0.20316622691292874,0.6119402985074628,0.30941286113699906,0.3096135721017908,0.7434,0.341,0.5090470446320868,0.26666666666666666,31.0,0.034564608348728515,0.690386427898209
Unknown_606299,CIN,606299,2018,156,683,632,182,31,4,14,29,75,9,5,0.288,0.5060240963855422,0.4473197781885398,0.742,0.31398416886543534,0.5164179104477612,0.16728797763280523,0.17224316682375118,0.8228,0.341,0.5090470446320868,0.33333333333333337,24.0,0.03999943811331018,0.8277568331762486
Unknown_452678,NYM,452678,2018,147,592,546,143,36,1,23,41,119,3,2,0.262,0.47590361445783136,0.524953789279113,0.774,0.4934036939313984,0.4835820895522388,0.29217148182665426,0.3871347785108389,0.7247,0.341,0.5090470446320868,0.30666666666666664,33.0,0.04613326923389123,0.612865221489161
Unknown_519058,KC,519058,2018,158,660,595,150,34,1,28,52,108,7,6,0.252,0.4789156626506025,0.5175600739371535,0.77,0.5092348284960422,0.38208955223880603,0.3364398881640261,0.29901036757775684,0.747,0.34,0.5062324085243264,0.32000000000000006,30.0,0.03017869458028196,0.7009896324222431
Unknown_460075,MIL,460075,2018,131,469,430,110,26,1,20,34,92,2,3,0.256,0.46084337349397586,0.5286506469500927,0.772,0.5171503957783641,0.4358208955223881,0.3070829450139795,0.3758246936852027,0.7271,0.34,0.5062324085243264,0.26666666666666666,35.0,0.04237392435561561,0.6241753063147972
Unknown_435559,ATL,435559,2018,105,396,355,96,24,0,12,22,44,13,6,0.27,0.5210843373493976,0.48983364140480606,0.77,0.42216358839050133,0.42089552238805983,0.22833178005591798,0.17530631479736097,0.8005,0.34,0.5062324085243264,0.2466666666666667,35.0,0.028670112105868888,0.8246936852026392
Unknown_452655,SEA,452655,2018,135,501,437,114,22,7,11,51,79,6,7,0.261,0.5512048192771085,0.45286506469500937,0.76,0.39313984168865435,0.4686567164179104,0.44361602982292636,0.28510838831291235,0.7285,0.34,0.5062324085243264,0.28,34.0,0.019977829220563077,0.7148916116870878
Unknown_516770,MIA,516770,2018,153,647,593,165,32,2,12,48,124,0,6,0.278,0.5150602409638555,0.4177449168207025,0.729,0.2955145118733509,0.5850746268656717,0.315004659832246,0.36522148916116876,0.7342,0.34,0.5062324085243264,0.32000000000000006,28.0,0.039999990514326,0.6347785108388313
Unknown_542303,STL,542303,2018,148,628,583,163,16,2,23,38,110,3,4,0.28,0.5030120481927711,0.4768946395563772,0.757,0.37994722955145116,0.5194029850746269,0.2511649580615098,0.3263430725730443,0.758,0.34,0.5062324085243264,0.31333333333333335,28.0,0.04604490874327531,0.6736569274269557
Unknown_592567,PIT,592567,2018,144,465,415,115,19,1,11,39,82,4,7,0.277,0.5481927710843374,0.4306839186691313,0.747,0.31926121372031663,0.5432835820895523,0.36020503261882575,0.32893496701225267,0.7312,0.339,0.503417772416566,0.26666666666666666,26.0,0.03066585269158663,0.6710650329877474
Unknown_457763,SF,457763,2018,105,448,398,113,22,1,5,45,53,3,2,0.284,0.6054216867469878,0.38447319778188555,0.741,0.23482849604221634,0.5432835820895523,0.43709226467847156,0.1922714420358153,0.7746,0.339,0.503417772416566,0.26,31.0,0.012800240724676218,0.8077285579641849
Unknown_408045,MIN,408045,2018,127,543,486,137,27,1,6,51,86,2,3,0.282,0.5813253012048193,0.378927911275416,0.729,0.23218997361477572,0.5850746268656717,0.4068033550792171,0.2867577756833177,0.7422,0.338,0.501005227181343,0.28,35.0,0.022644730111980337,0.7132422243166823
Unknown_576397,STL,576397,2018,117,402,351,92,19,1,11,44,77,3,4,0.262,0.5662650602409639,0.4473197781885398,0.762,0.3825857519788918,0.5044776119402985,0.47949673811742777,0.3647502356267672,0.6915,0.338,0.501005227181343,0.2466666666666667,30.0,0.023843949394526352,0.6352497643732329
Unknown_519048,BOS,519048,2018,123,464,408,101,23,4,15,51,103,0,5,0.248,0.5120481927710844,0.4805914972273569,0.761,0.46701846965699206,0.4716417910447761,0.48136067101584346,0.4366163996229972,0.6681,0.337,0.4981905910735826,0.26,33.0,0.02909238678329465,0.563383600377003
Unknown_649557,TOR,649557,2018,125,452,422,111,26,0,18,23,62,3,4,0.263,0.4367469879518072,0.5157116451016637,0.756,0.4775725593667546,0.4029850746268657,0.206430568499534,0.23680490103675778,0.8053,0.337,0.4981905910735826,0.25333333333333335,28.0,0.04216632557636726,0.7631950989632423
Unknown_606192,TOR,606192,2018,133,523,476,114,29,7,22,41,163,3,3,0.239,0.4337349397590361,0.5434380776340113,0.771,0.5804749340369393,0.5343283582089553,0.3345759552656104,0.6479736098020734,0.6042,0.337,0.4981905910735826,0.2733333333333333,26.0,0.0669468847693576,0.3520263901979266
Unknown_518618,MIA,518618,2018,149,551,499,132,26,2,16,29,140,21,2,0.265,0.5180722891566266,0.45656192236598897,0.751,0.38786279683377306,0.6029850746268658,0.21435228331780057,0.5122525918944392,0.6552,0.337,0.4981905910735826,0.28,29.0,0.08349649458117364,0.48774740810556083
Unknown_592348,DET,592348,2018,127,492,444,109,29,3,16,42,132,4,2,0.245,0.47289156626506024,0.4768946395563772,0.747,0.4696569920844327,0.5313432835820896,0.36719478098788444,0.5457115928369463,0.6382,0.337,0.4981905910735826,0.26666666666666666,26.0,0.05080285143617597,0.45428840716305374
Unknown_622110,TB,622110,2018,131,560,503,148,22,1,4,47,93,7,2,0.294,0.6114457831325301,0.35489833641404817,0.727,0.16622691292875988,0.6537313432835822,0.36020503261882575,0.3049010367577757,0.7357,0.337,0.4981905910735826,0.2866666666666667,27.0,0.02831273848760682,0.6950989632422242
Unknown_666971,TOR,666971,2018,64,263,249,70,8,0,11,9,59,2,2,0.281,0.45481927710843373,0.5027726432532349,0.755,0.41160949868073876,0.573134328358209,0.12861136999068035,0.4420358152686145,0.73,0.337,0.4981905910735826,0.20666666666666667,25.0,0.11693665598278319,0.5579641847313856
Unknown_645277,ATL,645277,2018,161,699,654,170,40,5,24,36,117,5,3,0.26,0.4337349397590361,0.5027726432532349,0.749,0.4696569920844327,0.444776119402985,0.20922646784715748,0.3079641847313855,0.7725,0.336,0.4953759549658222,0.31333333333333335,21.0,0.05290871733956566,0.6920358152686146
Unknown_575929,CHC,575929,2018,138,549,477,118,27,5,10,55,121,13,2,0.247,0.5481927710843374,0.39556377079482447,0.728,0.345646437994723,0.5253731343283582,0.4361602982292637,0.4328463713477852,0.6521,0.336,0.4953759549658222,0.28,26.0,0.032568300997669095,0.5671536286522147
Unknown_570799,SD,570799,2018,109,384,351,83,15,0,20,23,104,9,1,0.236,0.42469879518072284,0.5101663585951943,0.75,0.5408970976253298,0.4238805970149254,0.24836905871388631,0.551602262016965,0.6458,0.336,0.4953759549658222,0.23333333333333334,27.0,0.07749763186904494,0.44839773798303506
Unknown_444432,BAL,444432,2018,90,358,330,86,12,0,17,24,87,2,2,0.261,0.4668674698795181,0.5138632162661738,0.764,0.48021108179419525,0.5044776119402985,0.28145386766076425,0.48609802073515557,0.6844,0.336,0.4953759549658222,0.22666666666666668,32.0,0.06019375167848924,0.5139019792648445
Unknown_600524,BAL,600524,2018,71,261,236,61,14,0,8,19,62,4,2,0.258,0.49397590361445787,0.45286506469500937,0.741,0.40105540897097625,0.5402985074626866,0.3084808946877913,0.473138548539114,0.6743,0.335,0.4929634097305991,0.20666666666666667,24.0,0.053138606704845145,0.5268614514608858
Unknown_571602,CWS,571602,2018,123,496,434,99,23,0,20,52,165,7,3,0.228,0.4849397590361446,0.45286506469500937,0.738,0.48021108179419525,0.5343283582089553,0.4575955265610438,0.6974552309142318,0.5484,0.335,0.4929634097305991,0.26,27.0,0.05144027001877999,0.30254476908576833
Unknown_571506,MIA,571506,2018,141,501,423,96,13,1,20,73,124,2,3,0.227,0.5512048192771085,0.42513863216266184,0.746,0.44327176781002636,0.4059701492537314,0.6481826654240447,0.4967012252591894,0.6028,0.335,0.4929634097305991,0.26,30.0,0.022873028292028537,0.5032987747408104
Unknown_608577,TEX,608577,2018,128,536,489,126,25,1,20,40,116,4,3,0.258,0.4789156626506025,0.4842883548983365,0.753,0.445910290237467,0.4895522388059701,0.3168685927306617,0.423421300659755,0.7015,0.335,0.4929634097305991,0.2733333333333333,23.0,0.04614045766245201,0.5765786993402449
Unknown_595751,PHI,595751,2018,107,377,344,90,16,2,10,18,138,14,1,0.262,0.5,0.4306839186691313,0.731,0.3588390501319261,0.8119402985074627,0.19151910531220875,0.7759189443920829,0.5491,0.335,0.4929634097305991,0.23333333333333334,25.0,0.13850792462355388,0.22408105560791713
Unknown_543939,STL,543939,2018,119,407,353,88,18,2,9,31,60,14,3,0.249,0.5240963855421686,0.39556377079482447,0.72,0.34300791556728233,0.42089552238805983,0.32432432432432434,0.2608388312912347,0.7273,0.335,0.4929634097305991,0.24000000000000002,28.0,0.02743487708754251,0.7391611687087651
Unknown_434670,BOS,434670,2018,44,195,177,45,7,0,6,14,35,2,2,0.254,0.4668674698795181,0.40850277264325335,0.708,0.34828496042216356,0.444776119402985,0.3038210624417521,0.3364750235626767,0.7385,0.335,0.4929634097305991,0.18666666666666668,35.0,0.03838268309581453,0.6635249764373232
Unknown_466320,CLE,466320,2018,81,286,258,71,17,0,6,20,38,3,5,0.275,0.5150602409638555,0.4380776340110906,0.74,0.33509234828496043,0.4865671641791045,0.29496738117427773,0.22667295004712534,0.7867,0.334,0.4901487736228387,0.20666666666666667,34.0,0.026794293674334307,0.7733270499528746
Unknown_657557,STL,657557,2018,114,490,437,105,25,1,19,36,123,12,5,0.24,0.463855421686747,0.4768946395563772,0.745,0.4828496042216359,0.4567164179104477,0.3117427772600186,0.5049481621112158,0.649,0.334,0.4901487736228387,0.26,25.0,0.05609232354567471,0.49505183788878426
Unknown_430945,BAL,430945,2018,144,613,580,163,35,0,15,24,93,5,4,0.281,0.4668674698795181,0.45286506469500937,0.732,0.3403693931398417,0.5283582089552239,0.15191053122087603,0.27097078228086713,0.801,0.334,0.4901487736228387,0.2866666666666667,33.0,0.06489776744964795,0.7290292177191329
Unknown_425877,STL,425877,2018,123,503,459,120,20,0,20,29,66,9,6,0.261,0.4698795180722892,0.4842883548983365,0.75,0.43535620052770446,0.3880597014925373,0.2381174277726002,0.22266729500471255,0.7932,0.334,0.4901487736228387,0.26,36.0,0.03400504865063414,0.7773327049952876
Unknown_467055,SF,467055,2018,90,252,230,57,10,1,9,19,52,2,1,0.248,0.45783132530120485,0.44916820702402965,0.727,0.42480211081794195,0.4417910447761193,0.32059645852749297,0.39962299717247884,0.7103,0.334,0.4901487736228387,0.2,32.0,0.04295202284526522,0.600377002827521
Unknown_435622,COL,435622,2018,164,636,572,133,21,8,22,53,151,6,4,0.233,0.4337349397590361,0.44177449168207034,0.715,0.45118733509234826,0.42089552238805983,0.3574091332712022,0.47290292177191334,0.6682,0.332,0.4849215922798552,0.2866666666666667,33.0,0.0451559525353084,0.5270970782280866
Unknown_475174,CLE,475174,2018,144,580,522,129,19,0,23,51,127,2,5,0.247,0.4698795180722892,0.4473197781885398,0.73,0.42216358839050133,0.4388059701492538,0.3788443616029823,0.42954759660697456,0.6897,0.332,0.4849215922798552,0.2733333333333333,31.0,0.038217533626402504,0.5704524033930256
Unknown_546318,PHI,546318,2018,147,597,550,140,19,3,22,38,122,7,1,0.255,0.45783132530120485,0.4547134935304991,0.73,0.41160949868073876,0.4656716417910447,0.26607642124883507,0.39514608859566447,0.7186,0.332,0.4849215922798552,0.2733333333333333,27.0,0.05210170396475111,0.6048539114043354
Unknown_592122,NYY,592122,2018,68,268,244,56,10,0,17,19,95,2,3,0.23,0.3885542168674698,0.5656192236598891,0.767,0.6358839050131926,0.4626865671641791,0.2996272134203169,0.7488218661639962,0.5672,0.332,0.4849215922798552,0.2,27.0,0.08677147763353657,0.25117813383600374
Unknown_608384,PHI,608384,2018,137,448,407,104,12,3,17,32,111,9,0,0.256,0.5,0.4639556377079483,0.749,0.42480211081794195,0.5313432835820896,0.3019571295433365,0.4974081055607917,0.6607,0.332,0.4849215922798552,0.24000000000000002,25.0,0.057168920975165446,0.5025918944392083
Unknown_543543,TB,543543,2018,75,254,230,57,13,2,7,22,82,0,2,0.248,0.46084337349397586,0.44177449168207034,0.724,0.41160949868073876,0.644776119402985,0.3727865796831314,0.6741281809613572,0.5906,0.332,0.4849215922798552,0.2,29.0,0.062141245956599075,0.32587181903864293
Unknown_542340,MIL,542340,2018,139,515,466,121,14,1,14,41,138,5,2,0.26,0.5030120481927711,0.38817005545286515,0.709,0.3034300791556728,0.6119402985074628,0.3401677539608574,0.545004712535344,0.6408,0.331,0.48210695617209487,0.25333333333333335,27.0,0.05516070733251213,0.4549952874646559
Unknown_596146,MIN,596146,2018,156,611,532,119,30,4,20,71,96,5,3,0.224,0.4849397590361446,0.43253234750462116,0.727,0.4617414248021108,0.30447761194029854,0.51071761416589,0.2836946277097078,0.7185,0.331,0.48210695617209487,0.2733333333333333,25.0,0.016162148874361446,0.7163053722902921
Unknown_502143,BAL,502143,2018,77,282,255,67,8,1,9,22,53,0,5,0.263,0.47590361445783136,0.43253234750462116,0.723,0.3588390501319261,0.4746268656716418,0.33271202236719477,0.3562676720075401,0.734,0.331,0.48210695617209487,0.2,34.0,0.03662083467931286,0.64373232799246
Unknown_646240,BOS,646240,2018,123,501,460,112,24,0,21,39,122,0,2,0.243,0.4307228915662651,0.47874306839186703,0.734,0.47493403693931396,0.4507462686567164,0.3317800559179869,0.4872761545711593,0.6786,0.33,0.4792923200643345,0.2466666666666667,22.0,0.05057317632125608,0.5127238454288405
Unknown_518792,CHC,518792,2018,126,491,443,119,23,4,8,42,61,2,2,0.269,0.5271084337349398,0.40480591497227375,0.726,0.3034300791556728,0.4805970149253731,0.3676607642124884,0.2061734213006598,0.7821,0.33,0.4792923200643345,0.2466666666666667,29.0,0.018110324963168868,0.7938265786993404
Unknown_623520,CHC,623520,2018,73,212,186,44,9,2,6,19,62,4,3,0.237,0.47590361445783136,0.4232902033271721,0.719,0.41688654353562005,0.5373134328358209,0.38676607642124883,0.6027332704995286,0.5991,0.33,0.4792923200643345,0.18666666666666668,25.0,0.05318014928257328,0.39726672950047126
Unknown_543333,SD,543333,2018,157,677,613,155,31,2,18,62,142,1,1,0.253,0.49397590361445787,0.4140480591497229,0.72,0.3588390501319261,0.5014925373134328,0.3960857409133271,0.40763430725730443,0.6972,0.33,0.4792923200643345,0.2866666666666667,29.0,0.03430450084874887,0.5923656927426957
Unknown_607345,CWS,607345,2018,51,187,171,50,6,0,3,10,18,5,1,0.292,0.5722891566265059,0.38077634011090583,0.728,0.20844327176781,0.5283582089552239,0.21854613233923578,0.14043355325164936,0.8235,0.33,0.4792923200643345,0.18000000000000002,30.0,0.024833820625252356,0.8595664467483506
Unknown_592325,SEA,592325,2018,98,293,257,70,14,4,1,31,61,4,1,0.272,0.6024096385542169,0.3622920517560075,0.728,0.23218997361477572,0.6507462686567164,0.46225535880708296,0.4040999057492931,0.6724,0.329,0.47687977482911137,0.2,26.0,0.028082913218787114,0.5959000942507071
Unknown_541645,CWS,541645,2018,91,385,356,84,11,2,19,20,102,4,5,0.236,0.37048192771084343,0.4879852125693162,0.719,0.5092348284960422,0.40895522388059713,0.21109040074557317,0.5377002827521207,0.6727,0.329,0.47687977482911137,0.22000000000000003,27.0,0.08878534653915278,0.4622997172478793
Unknown_502210,HOU,502210,2018,135,503,450,110,13,2,18,50,79,0,2,0.244,0.4849397590361446,0.42144177449168224,0.721,0.39313984168865435,0.37313432835820903,0.43243243243243246,0.2836946277097078,0.7416,0.327,0.47125050261359064,0.24000000000000002,31.0,0.020584953434857604,0.7163053722902921
Unknown_546991,CHC,546991,2018,146,485,449,129,24,1,5,24,85,3,6,0.287,0.5,0.378927911275416,0.702,0.2163588390501319,0.6149253731343284,0.1999068033550792,0.3265786993402451,0.7629,0.327,0.47125050261359064,0.24000000000000002,24.0,0.05853979306284138,0.6734213006597549
Unknown_571718,KC,571718,2018,73,180,159,38,6,0,6,16,57,3,1,0.239,0.4819277108433735,0.3992606284658042,0.708,0.3746701846965699,0.5850746268656717,0.38350419384902146,0.6597549481621111,0.5722,0.327,0.47125050261359064,0.17333333333333334,28.0,0.05894656000959561,0.340245051837889
Unknown_608671,SD,608671,2018,113,387,347,90,12,3,4,37,73,1,0,0.259,0.5240963855421686,0.31792975970425147,0.678,0.20316622691292874,0.5522388059701493,0.4147250698974837,0.3579170593779453,0.708,0.327,0.47125050261359064,0.22000000000000003,27.0,0.028178518892043855,0.6420829406220547
Unknown_527038,NYM,527038,2018,126,429,386,103,25,0,11,29,42,5,9,0.267,0.4849397590361446,0.44916820702402965,0.736,0.37203166226912926,0.4029850746268657,0.28424976700838767,0.14420358152686147,0.8228,0.327,0.47125050261359064,0.22666666666666668,27.0,0.01802503048260721,0.8557964184731384
Unknown_608597,TEX,608597,2018,117,428,387,91,18,2,16,33,121,7,1,0.235,0.4457831325301205,0.4473197781885398,0.722,0.4538258575197889,0.4925373134328358,0.32851817334575956,0.5796418473138548,0.6238,0.326,0.4688379573783675,0.22000000000000003,24.0,0.06096412054675149,0.4203581526861453
Unknown_543760,ATH,543760,2018,159,707,635,162,35,2,15,62,132,1,7,0.255,0.4849397590361446,0.3937153419593347,0.707,0.3245382585751979,0.4865671641791045,0.37791239515377445,0.35344015080113106,0.7214,0.325,0.46602332127060714,0.2733333333333333,28.0,0.031198850657032998,0.6465598491988691
Unknown_462101,TEX,462101,2018,97,428,395,101,20,3,6,28,66,3,2,0.256,0.4518072289156626,0.356746765249538,0.675,0.26912928759894456,0.4716417910447761,0.27399813606710155,0.276861451460886,0.7734,0.325,0.46602332127060714,0.22000000000000003,30.0,0.035630292947797314,0.723138548539114
Unknown_600869,DET,600869,2018,143,619,539,121,28,3,19,66,160,9,5,0.224,0.4789156626506025,0.40480591497227375,0.71,0.42216358839050133,0.4328358208955225,0.4659832246039142,0.5226201696512723,0.6204,0.325,0.46602332127060714,0.25333333333333335,25.0,0.036930111402374476,0.4773798303487278
Unknown_608700,NYM,608700,2018,77,277,238,50,13,2,7,28,65,9,1,0.21,0.47289156626506024,0.3622920517560075,0.685,0.39841688654353563,0.36716417910447763,0.44035414725069894,0.46654099905749297,0.6282,0.325,0.46602332127060714,0.19333333333333336,27.0,0.03492702437610778,0.5334590009425071
Unknown_621020,ATL,621020,2018,134,533,478,114,25,4,14,44,122,2,3,0.238,0.43975903614457834,0.40850277264325335,0.699,0.39050131926121373,0.4656716417910447,0.35414725069897485,0.45287464655984916,0.6735,0.325,0.46602332127060714,0.24000000000000002,24.0,0.04363163707956743,0.5471253534401508
Unknown_578428,DET,578428,2018,123,464,432,116,31,3,5,19,47,8,2,0.269,0.45783132530120485,0.3974121996303143,0.699,0.29287598944591026,0.4686567164179104,0.1598322460391426,0.1522148916116871,0.8341,0.325,0.46602332127060714,0.22666666666666668,28.0,0.03793310505365476,0.8477851083883128
Unknown_594828,HOU,594828,2018,131,453,409,92,17,0,25,33,102,3,8,0.225,0.37650602409638545,0.5101663585951943,0.732,0.5699208443271768,0.28955223880597025,0.3084808946877913,0.4441564561734213,0.6954,0.324,0.46320868516284674,0.22000000000000003,32.0,0.049868374986087025,0.5558435438265785
Unknown_598265,BOS,598265,2018,144,557,492,114,35,4,13,50,142,11,4,0.232,0.4698795180722892,0.4140480591497229,0.713,0.41688654353562005,0.4835820895522388,0.38769804287045667,0.5141376060320453,0.6355,0.324,0.46320868516284674,0.24000000000000002,28.0,0.04493510783499828,0.4858623939679547
Unknown_444489,MIL,444489,2018,97,345,311,79,13,2,9,24,62,5,4,0.254,0.4698795180722892,0.40850277264325335,0.709,0.34828496042216356,0.4567164179104477,0.29356943150046594,0.33694627709707825,0.7333,0.324,0.46320868516284674,0.2,31.0,0.03996783326170543,0.6630537229029219
Unknown_455104,COL,455104,2018,111,369,308,67,13,1,11,50,90,7,3,0.218,0.5391566265060243,0.36783733826247694,0.71,0.38786279683377306,0.39701492537313443,0.6006523765144455,0.48821866163996236,0.5989,0.324,0.46320868516284674,0.20666666666666667,35.0,0.024833820625252356,0.5117813383600378
Unknown_543063,SF,543063,2018,150,594,531,135,28,2,14,50,122,8,5,0.254,0.5030120481927711,0.4066543438077635,0.719,0.34300791556728233,0.5014925373134328,0.36160298229263743,0.39750235626767205,0.697,0.324,0.46320868516284674,0.2466666666666667,31.0,0.03721031800250155,0.602497643732328
Unknown_543308,DET,543308,2018,81,312,288,75,12,1,9,22,84,0,1,0.26,0.463855421686747,0.4232902033271721,0.715,0.3509234828496042,0.6059701492537314,0.29776328052190115,0.547832233741753,0.6571,0.324,0.46320868516284674,0.2,29.0,0.0639017665130132,0.45216776625824706
Unknown_572821,MIN,572821,2018,155,637,558,120,30,2,21,70,131,4,5,0.215,0.44277108433734935,0.3974121996303143,0.693,0.43535620052770446,0.31940298507462683,0.48136067101584346,0.39820923656927426,0.6782,0.323,0.4607961399276236,0.25333333333333335,31.0,0.026221641192885656,0.6017907634307258
Unknown_541650,MIL,541650,2018,124,346,326,83,13,2,9,18,73,0,2,0.255,0.4036144578313252,0.3992606284658042,0.681,0.3324538258575198,0.4985074626865672,0.21155638397017706,0.4106974552309142,0.737,0.323,0.4607961399276236,0.2,27.0,0.0685326243077798,0.5893025447690858
Unknown_621043,HOU,621043,2018,115,490,419,99,20,1,16,58,115,2,11,0.236,0.5,0.4232902033271721,0.728,0.41688654353562005,0.4298507462686568,0.5209692451071761,0.46654099905749297,0.6429,0.323,0.4607961399276236,0.22666666666666668,24.0,0.02836162530810385,0.5334590009425071
Unknown_543401,CLE,543401,2018,150,610,539,123,28,1,18,60,118,7,3,0.228,0.463855421686747,0.38817005545286515,0.696,0.38786279683377306,0.37313432835820903,0.4277726001863933,0.3692271442035815,0.6951,0.323,0.4607961399276236,0.2466666666666667,31.0,0.028036135971082093,0.6307728557964185
Unknown_542255,ATL,542255,2018,160,674,610,161,27,6,10,49,90,6,4,0.264,0.496987951807229,0.37523105360443637,0.7,0.27440633245382584,0.4776119402985074,0.3080149114631873,0.22808671065032993,0.7774,0.322,0.45798150381986324,0.25333333333333335,28.0,0.02553668949776728,0.7719132893496703
Unknown_607680,TOR,607680,2018,139,542,512,129,40,2,15,18,98,6,6,0.252,0.37349397590361444,0.46580406654343814,0.708,0.43535620052770446,0.4388059701492538,0.12395153774464118,0.3395381715362865,0.7749,0.322,0.45798150381986324,0.23333333333333334,29.0,0.09539984099688942,0.6604618284637136
Unknown_545358,HOU,545358,2018,78,250,221,50,13,0,8,23,74,6,0,0.226,0.47590361445783136,0.4066543438077635,0.71,0.41688654353562005,0.5014925373134328,0.3979496738117428,0.6109802073515551,0.588,0.322,0.45798150381986324,0.18000000000000002,27.0,0.05226816326750869,0.3890197926484449
Unknown_660162,CWS,660162,2018,149,650,578,136,32,6,17,67,217,1,2,0.235,0.47289156626506024,0.4177449168207025,0.714,0.40897097625329815,0.626865671641791,0.44967381174277726,0.70004712535344,0.5585,0.322,0.45798150381986324,0.25333333333333335,23.0,0.052659958845935814,0.29995287464656006
Unknown_572073,BAL,572073,2018,68,230,213,52,10,1,8,15,55,2,0,0.244,0.42771084337349397,0.44177449168207034,0.713,0.42216358839050133,0.4746268656716418,0.2730661696178937,0.47690857681432614,0.687,0.322,0.45798150381986324,0.18000000000000002,27.0,0.060974016005757165,0.523091423185674
Unknown_405395,LAA,405395,2018,117,498,465,114,20,0,19,28,65,2,3,0.245,0.39457831325301196,0.4380776340110906,0.7,0.41424802110817943,0.33731343283582094,0.23112767940354145,0.2210179076343073,0.8092,0.322,0.45798150381986324,0.22666666666666668,38.0,0.03493864077996243,0.7789820923656927
Unknown_446263,KC,446263,2018,108,370,331,79,14,1,14,28,103,8,3,0.239,0.46084337349397586,0.4436229205175602,0.725,0.4379947229551451,0.4955223880597015,0.32199440820130476,0.5695098963242223,0.6243,0.321,0.45516686771210285,0.2,32.0,0.061177193177917144,0.43049010367577756
Unknown_600303,CHC,600303,2018,120,190,171,45,8,0,1,17,27,2,0,0.263,0.5391566265060243,0.28280961182994463,0.664,0.14511873350923482,0.5194029850746269,0.3863000931966449,0.24835061262959474,0.7474,0.321,0.45516686771210285,0.17333333333333334,29.0,0.020724828016462554,0.7516493873704053
Unknown_656775,BAL,656775,2018,44,191,170,40,9,0,4,17,37,2,0,0.235,0.463855421686747,0.3419593345656193,0.671,0.3034300791556728,0.4328358208955225,0.3839701770736253,0.3699340245051838,0.6963,0.321,0.45516686771210285,0.17333333333333334,24.0,0.0321193245219431,0.6300659754948161
Unknown_571466,CIN,571466,2018,134,522,460,114,21,3,10,54,96,2,3,0.248,0.5120481927710844,0.3659889094269872,0.699,0.3034300791556728,0.4686567164179104,0.451071761416589,0.34684260131950995,0.7031,0.321,0.45516686771210285,0.22666666666666668,27.0,0.024418257283381012,0.6531573986804902
Unknown_519222,NYY,519222,2018,74,265,242,59,12,0,10,17,67,2,3,0.244,0.41265060240963847,0.44916820702402965,0.713,0.43535620052770446,0.4716417910447761,0.2684063373718546,0.5091894439208294,0.6717,0.321,0.45516686771210285,0.18666666666666668,30.0,0.06621000855271016,0.49081055607917046
Unknown_640447,CIN,640447,2018,75,247,218,55,10,1,7,20,60,5,4,0.252,0.5,0.42513863216266184,0.728,0.3746701846965699,0.5253731343283582,0.3466915191053122,0.4858623939679548,0.6559,0.32,0.45275432247687974,0.18000000000000002,26.0,0.048036546302352656,0.5141376060320453
Unknown_456078,CWS,456078,2018,48,181,170,44,7,0,6,9,46,2,0,0.259,0.43975903614457834,0.42883548983364156,0.71,0.36411609498680736,0.5611940298507463,0.20083876980428705,0.5122525918944392,0.6851,0.32,0.45275432247687974,0.16666666666666669,31.0,0.08895238104932124,0.48774740810556083
Unknown_431145,TOR,431145,2018,89,352,289,56,8,0,10,56,82,7,0,0.194,0.5421686746987954,0.279112754158965,0.663,0.32189973614775724,0.29850746268656725,0.7106244175209692,0.4625353440150802,0.5881,0.32,0.45275432247687974,0.19333333333333336,35.0,0.018339807168499117,0.5374646559849199
Unknown_458731,NYY,458731,2018,144,621,538,125,20,7,12,68,108,5,6,0.232,0.49096385542168675,0.34750462107208885,0.683,0.31926121372031663,0.39701492537313443,0.47949673811742777,0.3232799245994345,0.7021,0.319,0.44993968636911935,0.23333333333333334,35.0,0.02073292552653034,0.6767200754005656
Unknown_452095,ATL,452095,2018,80,304,258,58,9,0,8,36,79,9,1,0.225,0.5451807228915663,0.33086876155268025,0.692,0.31398416886543534,0.4686567164179104,0.5209692451071761,0.525918944392083,0.5921,0.319,0.44993968636911935,0.18666666666666668,32.0,0.03248121187009911,0.47408105560791713
Unknown_641820,BAL,641820,2018,154,636,582,141,23,3,24,44,153,5,5,0.242,0.42469879518072284,0.4473197781885398,0.715,0.43535620052770446,0.4507462686567164,0.2917054986020503,0.48044297832233746,0.6824,0.319,0.44993968636911935,0.24000000000000002,26.0,0.057290674487433094,0.5195570216776626
Unknown_595978,SD,595978,2018,91,326,303,70,14,2,14,21,90,1,1,0.231,0.37349397590361444,0.4713493530499077,0.711,0.4986807387862797,0.4358208955223881,0.26933830382106244,0.5640904806786051,0.6564,0.319,0.44993968636911935,0.19333333333333336,26.0,0.0729761629175028,0.4359095193213949
Unknown_534606,MIN,534606,2018,65,180,165,46,11,0,2,10,53,2,3,0.279,0.49397590361445787,0.38447319778188555,0.704,0.24802110817941952,0.7611940298507464,0.22833178005591798,0.607210179076343,0.6389,0.319,0.44993968636911935,0.16666666666666669,30.0,0.09248065914733976,0.3927898209236571
Unknown_571912,TOR,571912,2018,62,231,202,50,13,1,3,25,67,2,2,0.248,0.5271084337349398,0.35489833641404817,0.7,0.29023746701846964,0.6477611940298508,0.4734389561975769,0.5968426013195098,0.5931,0.318,0.447125050261359,0.17333333333333334,27.0,0.04187096957820115,0.40315739868049016
Unknown_453943,NYM,453943,2018,115,472,408,87,18,0,18,48,112,8,8,0.213,0.4367469879518072,0.3992606284658042,0.693,0.4406332453825857,0.31940298507462683,0.44315004659832247,0.47266729500471255,0.6441,0.318,0.447125050261359,0.21333333333333335,32.0,0.0351567634599664,0.5273327049952874
Unknown_445055,AZ,445055,2018,143,586,527,141,19,7,3,33,95,18,3,0.268,0.5180722891566266,0.3197781885397412,0.678,0.18733509234828497,0.5522388059701493,0.2315936626281454,0.2954759660697455,0.7423,0.318,0.447125050261359,0.22666666666666668,33.0,0.04572265299549741,0.7045240339302543
Unknown_544725,CWS,544725,2018,77,275,258,70,7,4,4,9,69,3,1,0.271,0.4367469879518072,0.3733826247689465,0.679,0.25329815303430075,0.6597014925373134,0.1216216216216216,0.5047125353440151,0.6909,0.317,0.44471250502613585,0.18000000000000002,27.0,0.1385045741790645,0.49528746465598483
Unknown_605512,ATL,605512,2018,92,184,166,38,11,0,6,13,43,4,1,0.229,0.42469879518072284,0.42513863216266184,0.703,0.4379947229551451,0.40895522388059713,0.29869524697110905,0.4641847313854854,0.6739,0.317,0.44471250502613585,0.16666666666666669,28.0,0.053973867531023983,0.5358152686145146
Unknown_520471,SD,520471,2018,162,656,602,149,31,5,13,45,147,2,6,0.248,0.42469879518072284,0.38077634011090583,0.68,0.32717678100263853,0.5074626865671642,0.28890959925442683,0.44156456173421305,0.7027,0.317,0.44471250502613585,0.23333333333333334,29.0,0.05322379442341908,0.558435438265787
Unknown_446308,WSH,446308,2018,76,271,235,56,8,0,8,30,45,3,2,0.238,0.5180722891566266,0.3696857670979668,0.704,0.33509234828496043,0.3791044776119403,0.4850885368126747,0.3049010367577757,0.7085,0.317,0.44471250502613585,0.18000000000000002,32.0,0.019035907610362154,0.6950989632422242
Unknown_571875,AZ,571875,2018,56,238,207,46,8,0,6,26,65,1,4,0.222,0.4487951807228916,0.32162661737523107,0.655,0.30870712401055406,0.453731343283582,0.4780987884436161,0.5570216776625825,0.6134,0.317,0.44471250502613585,0.17333333333333334,28.0,0.03840040792897853,0.4429783223374175
Unknown_628338,SEA,628338,2018,106,337,292,69,14,1,5,32,52,4,2,0.236,0.4819277108433735,0.31053604436229215,0.661,0.2559366754617414,0.4059701492537314,0.4119291705498602,0.2770970782280867,0.7181,0.316,0.4418978689183755,0.18666666666666668,27.0,0.021431324335652528,0.7229029217719132
Unknown_521692,KC,521692,2018,129,544,510,120,23,0,27,17,108,12,5,0.235,0.3493975903614459,0.48983364140480606,0.713,0.5145118733509234,0.33134328358208953,0.11463187325256288,0.38124410933082004,0.7482,0.316,0.4418978689183755,0.21333333333333335,28.0,0.11313716696498773,0.6187558906691799
Unknown_643396,TEX,643396,2018,104,396,356,93,18,2,4,28,62,6,1,0.261,0.5030120481927711,0.33826247689463956,0.682,0.2295514511873351,0.5134328358208955,0.29869524697110905,0.28251649387370403,0.7449,0.316,0.4418978689183755,0.19333333333333336,23.0,0.03286622363366404,0.7174835061262961
Unknown_460086,KC,460086,2018,141,568,506,124,24,0,13,50,124,10,2,0.245,0.5,0.3622920517560075,0.694,0.30606860158311344,0.4925373134328358,0.3793103448275862,0.42789820923656924,0.6761,0.316,0.4418978689183755,0.22000000000000003,34.0,0.03800876968347759,0.5721017907634309
Unknown_621453,SF,621453,2018,40,152,141,36,11,1,2,10,44,0,1,0.255,0.4367469879518072,0.3992606284658042,0.693,0.3324538258575198,0.6567164179104478,0.27586206896551724,0.5956644674835061,0.6447,0.316,0.4418978689183755,0.16,25.0,0.07515228380836929,0.4043355325164939
Unknown_571980,CLE,571980,2018,58,183,174,46,7,0,3,6,42,2,1,0.264,0.41265060240963847,0.3364140480591498,0.651,0.21899736147757254,0.5880597014925374,0.12208760484622555,0.4542884071630538,0.7268,0.316,0.4418978689183755,0.16666666666666669,27.0,0.12542350253866824,0.5457115928369463
Unknown_570560,CWS,570560,2018,155,662,600,145,34,10,8,49,138,8,3,0.242,0.4457831325301205,0.3659889094269872,0.678,0.31926121372031663,0.4955223880597015,0.31407269338303817,0.4048067860508954,0.7024,0.315,0.4390832328106151,0.22666666666666668,26.0,0.04452936780736301,0.5951932139491045
Unknown_605113,AZ,605113,2018,148,564,516,121,33,5,16,40,109,2,5,0.234,0.3975903614457831,0.4380776340110906,0.7,0.4406332453825857,0.391044776119403,0.2996272134203169,0.3689915174363808,0.7305,0.315,0.4390832328106151,0.21333333333333335,28.0,0.04276429185367314,0.6310084825636191
Unknown_605486,SD,605486,2018,113,329,298,70,9,4,7,25,108,2,0,0.235,0.42168674698795183,0.34750462107208885,0.661,0.31398416886543534,0.626865671641791,0.3233923578751165,0.6870876531573986,0.5775,0.315,0.4390832328106151,0.18666666666666668,27.0,0.07360463196195642,0.3129123468426014
Unknown_593700,SF,593700,2018,104,310,294,74,17,5,8,9,71,1,3,0.252,0.3493975903614459,0.4639556377079483,0.699,0.4327176781002638,0.5044776119402985,0.1043802423112768,0.45311027332704995,0.729,0.315,0.4390832328106151,0.18000000000000002,26.0,0.14283573613241454,0.54688972667295
Unknown_605131,LAD,605131,2018,94,242,203,41,5,0,4,32,68,6,0,0.202,0.5120481927710844,0.20702402957486138,0.614,0.1978891820580475,0.4417910447761193,0.5852749301025164,0.575636192271442,0.5579,0.314,0.436670687575392,0.17333333333333334,29.0,0.0311353447308607,0.42436380772855786
Unknown_446386,CLE,446386,2018,89,223,196,40,11,0,7,15,49,11,0,0.204,0.4186746987951807,0.356746765249538,0.665,0.40633245382585753,0.30447761194029854,0.28285181733457593,0.4311969839773799,0.6592,0.314,0.436670687575392,0.16666666666666669,32.0,0.053179732004972335,0.5688030160226201
Unknown_641343,TB,641343,2018,95,388,323,65,22,2,11,54,104,3,6,0.201,0.47590361445783136,0.38817005545286515,0.7,0.45910290237467016,0.3522388059701492,0.6178937558247902,0.545004712535344,0.5799,0.314,0.436670687575392,0.18666666666666668,23.0,0.0272588222825451,0.4549952874646559
Unknown_502226,BAL,502226,2018,50,169,156,42,5,2,1,11,31,1,0,0.269,0.49096385542168675,0.31792975970425147,0.668,0.17941952506596304,0.5880597014925374,0.27260018639328987,0.34566446748350615,0.7396,0.314,0.436670687575392,0.16,35.0,0.04452233659629969,0.6543355325164939
Unknown_457727,MIA,457727,2018,126,384,342,85,14,2,4,38,75,2,2,0.249,0.5060240963855422,0.2994454713493531,0.662,0.20844327176781,0.5134328358208955,0.43056849953401677,0.37370405278039587,0.7005,0.313,0.4338560514676316,0.18666666666666668,31.0,0.02817704642967679,0.6262959472196041
Unknown_459964,ATH,459964,2018,80,246,207,43,9,0,7,35,53,1,2,0.208,0.49397590361445787,0.33086876155268025,0.675,0.3588390501319261,0.32238805970149254,0.6323392357875117,0.4210650329877475,0.6341,0.313,0.4338560514676316,0.16666666666666669,34.0,0.01929240252415103,0.5789349670122526
Unknown_474568,PIT,474568,2018,116,436,394,99,29,2,6,32,87,6,3,0.251,0.47289156626506024,0.3826247689463957,0.696,0.31662269129287596,0.5134328358208955,0.31127679403541475,0.38360037700282756,0.711,0.313,0.4338560514676316,0.19333333333333336,32.0,0.042601869540520546,0.6163996229971724
Unknown_460026,SF,460026,2018,96,305,282,68,13,2,10,22,85,1,0,0.241,0.42168674698795183,0.43253234750462116,0.706,0.41688654353562005,0.5253731343283582,0.3052190121155638,0.5702167766258247,0.6459,0.312,0.4310414153598713,0.17333333333333334,35.0,0.06481195811516952,0.4297832233741754
Unknown_446334,SF,446334,2018,124,512,480,117,25,4,16,22,101,5,5,0.244,0.37048192771084343,0.4399260628465805,0.694,0.42216358839050133,0.4179104477611941,0.16961789375582476,0.378416588124411,0.75,0.312,0.4310414153598713,0.2,33.0,0.0788042063468605,0.621583411875589
Unknown_519023,NYM,519023,2018,84,274,244,54,10,0,11,25,52,4,1,0.221,0.4367469879518072,0.4140480591497229,0.7,0.4406332453825857,0.30447761194029854,0.39422180801491147,0.3607445805843544,0.7044,0.312,0.4310414153598713,0.17333333333333334,30.0,0.030275437695196188,0.6392554194156457
Unknown_596142,NYY,596142,2018,94,394,341,63,18,0,20,47,99,3,3,0.185,0.3885542168674698,0.44177449168207034,0.7,0.5804749340369393,0.17014925373134326,0.5251630941286114,0.5056550424128181,0.6218,0.311,0.4286288701246481,0.18000000000000002,26.0,0.030765402614520147,0.49434495758718167
Unknown_501303,MIN,501303,2018,108,366,335,84,23,1,6,24,82,1,2,0.251,0.4307228915662651,0.378927911275416,0.68,0.31398416886543534,0.5343283582089553,0.27493010251630945,0.44132893496701225,0.6967,0.311,0.4286288701246481,0.18000000000000002,29.0,0.05608590060961528,0.5586710650329878
Unknown_664058,LAA,664058,2018,79,306,283,78,18,2,1,15,34,3,2,0.276,0.4789156626506025,0.35120147874306845,0.681,0.20844327176781,0.5194029850746269,0.19757688723205966,0.17530631479736097,0.8203,0.311,0.4286288701246481,0.17333333333333334,24.0,0.03387956262454897,0.8246936852026392
Unknown_642708,NYM,642708,2018,153,592,554,142,26,8,9,29,119,3,3,0.256,0.41265060240963847,0.3826247689463957,0.676,0.30606860158311344,0.5253731343283582,0.19757688723205966,0.3871347785108389,0.7399,0.31,0.4258142340168878,0.2,23.0,0.06939101265672214,0.612865221489161
Unknown_593528,KC,593528,2018,68,270,236,53,16,2,4,29,71,2,2,0.225,0.463855421686747,0.34380776340110913,0.672,0.33509234828496043,0.4985074626865672,0.46971109040074555,0.5332233741753063,0.6185,0.31,0.4258142340168878,0.16666666666666669,25.0,0.03739147873843103,0.4667766258246937
Unknown_641313,CWS,641313,2018,153,606,567,136,28,3,20,30,149,4,3,0.24,0.37048192771084343,0.42883548983364156,0.687,0.41424802110817943,0.4626865671641791,0.1999068033550792,0.4929311969839774,0.6947,0.31,0.4258142340168878,0.2,25.0,0.086145844734463,0.5070688030160226
Unknown_456488,BOS,456488,2018,131,518,494,129,24,3,10,18,71,2,3,0.261,0.39156626506024095,0.3863216266173753,0.671,0.2955145118733509,0.453731343283582,0.1309412861136999,0.23656927426955704,0.8224,0.309,0.4229995979091274,0.19333333333333336,31.0,0.06646770678427914,0.7634307257304431
Unknown_435522,NYY,435522,2018,112,403,351,77,12,1,11,42,89,6,4,0.219,0.45783132530120485,0.33086876155268025,0.663,0.32981530343007914,0.37313432835820903,0.4547996272134203,0.43378887841658814,0.66,0.309,0.4229995979091274,0.18000000000000002,33.0,0.031008267958971665,0.5662111215834118
Unknown_545350,HOU,545350,2018,83,235,214,45,8,1,10,15,85,4,1,0.21,0.3493975903614459,0.41219963031423307,0.671,0.4696569920844327,0.4716417910447761,0.2665424044734389,0.7657869934024506,0.5532,0.309,0.4229995979091274,0.16,27.0,0.09972571918062584,0.23421300659754962
Unknown_595281,TB,595281,2018,87,367,332,72,12,9,7,25,91,6,2,0.217,0.37349397590361444,0.3622920517560075,0.653,0.3825857519788918,0.42089552238805983,0.28657968313140725,0.49787935909519326,0.6621,0.309,0.4229995979091274,0.17333333333333334,28.0,0.06048094315636014,0.5021206409048069
Unknown_608654,TB,608654,2018,74,233,221,49,13,0,9,7,72,3,1,0.222,0.28915662650602414,0.4232902033271721,0.657,0.4538258575197889,0.4477611940298507,0.10904007455731593,0.6416116870876531,0.6438,0.308,0.4205870526739043,0.16,26.0,0.18935572205350737,0.3583883129123471
Unknown_608365,CHC,608365,2018,124,465,420,105,21,1,5,40,99,2,2,0.25,0.4789156626506025,0.30683918669131255,0.657,0.21372031662269128,0.5373134328358209,0.36999068033550786,0.4151743638077286,0.6946,0.308,0.4205870526739043,0.18000000000000002,24.0,0.03791004835846934,0.5848256361922715
Unknown_593934,MIN,593934,2018,71,299,266,53,14,0,13,31,115,0,2,0.199,0.37048192771084343,0.4140480591497229,0.679,0.5013192612137203,0.453731343283582,0.45246971109040074,0.8197455230914231,0.5117,0.308,0.4205870526739043,0.16666666666666669,25.0,0.06177915520884619,0.18025447690857677
Unknown_435079,LAA,435079,2018,133,552,504,121,28,0,14,41,74,4,3,0.24,0.4307228915662651,0.378927911275416,0.68,0.34300791556728233,0.36119402985074633,0.31547064305684996,0.2295004712535344,0.7844,0.307,0.4177724165661439,0.18666666666666668,36.0,0.024927602407398143,0.7704995287464655
Unknown_656185,CLE,656185,2018,84,292,266,68,11,3,2,14,58,7,1,0.256,0.45481927710843373,0.31053604436229215,0.651,0.20316622691292874,0.5522388059701493,0.19245107176141657,0.38147973609802077,0.7158,0.307,0.4177724165661439,0.16666666666666669,25.0,0.07024453235927494,0.6185202639019793
Unknown_592261,TEX,592261,2018,100,393,334,72,14,1,2,43,83,3,1,0.216,0.45783132530120485,0.19778188539741232,0.591,0.1503957783641161,0.4358208955223881,0.4790307548928239,0.41116870876531575,0.6412,0.307,0.4177724165661439,0.17333333333333334,26.0,0.027360299550293204,0.588831291234684
Unknown_592387,SEA,592387,2018,133,524,493,116,15,0,24,27,113,2,2,0.235,0.35843373493975916,0.4399260628465805,0.688,0.4406332453825857,0.36716417910447763,0.20922646784715748,0.421536286522149,0.729,0.307,0.4177724165661439,0.18666666666666668,26.0,0.07102397867329928,0.578463713477851
Unknown_500743,MIA,500743,2018,148,528,489,123,13,0,11,24,69,9,4,0.252,0.4186746987951807,0.31792975970425147,0.642,0.22427440633245382,0.40895522388059713,0.18126747437092264,0.22148916116870881,0.803,0.307,0.4177724165661439,0.18666666666666668,29.0,0.045593145226930046,0.7785108388312911
Unknown_641857,COL,641857,2018,92,206,184,42,9,1,5,19,65,2,1,0.228,0.4457831325301205,0.3622920517560075,0.675,0.34828496042216356,0.5611940298507463,0.39888164026095063,0.6569274269557022,0.5825,0.306,0.41495778045838355,0.16,24.0,0.056226707111894245,0.34307257304429783
Unknown_491676,SF,491676,2018,135,451,414,97,16,2,15,27,113,4,4,0.234,0.3825301204819277,0.40110905730129404,0.676,0.39050131926121373,0.444776119402985,0.24836905871388631,0.5040056550424128,0.6763,0.306,0.41495778045838355,0.17333333333333334,31.0,0.07097039547731214,0.49599434495758743
Unknown_622534,SD,622534,2018,138,519,477,117,26,8,8,32,88,2,7,0.245,0.4036144578313252,0.38817005545286515,0.675,0.3403693931398417,0.4388059701492538,0.25675675675675674,0.31314797360980207,0.763,0.306,0.41495778045838355,0.18000000000000002,24.0,0.04319803477266402,0.686852026390198
Unknown_519306,AZ,519306,2018,71,272,241,53,15,3,5,28,75,3,0,0.22,0.45481927710843373,0.3604436229205176,0.678,0.36939313984168864,0.4895522388059701,0.4487418452935695,0.5631479736098021,0.6103,0.306,0.41495778045838355,0.16,29.0,0.04185313308306807,0.4368520263901978
Unknown_596103,SF,596103,2018,74,225,199,50,6,1,1,20,69,5,1,0.251,0.5271084337349398,0.24584103512014793,0.64,0.12137203166226912,0.7253731343283581,0.38350419384902146,0.6361922714420357,0.5822,0.305,0.4125452352231604,0.16,26.0,0.056769336408348275,0.3638077285579644
Unknown_446359,LAA,446359,2018,58,253,224,49,13,2,5,19,42,7,3,0.219,0.4156626506024096,0.34750462107208885,0.658,0.3535620052770448,0.32835820895522394,0.3191985088536813,0.30466540999057495,0.7312,0.305,0.4125452352231604,0.16,33.0,0.03277705709743661,0.695334590009425
Unknown_457803,NYM,457803,2018,94,361,319,71,18,1,9,41,75,0,1,0.223,0.45783132530120485,0.3622920517560075,0.68,0.36411609498680736,0.38507462686567173,0.4986020503261883,0.40315739868049016,0.6787,0.304,0.40973059911540005,0.16666666666666669,31.0,0.0253994924487215,0.5968426013195098
Unknown_543829,SEA,543829,2018,140,588,556,149,17,8,4,9,80,9,5,0.268,0.39156626506024095,0.32347504621072093,0.637,0.18997361477572558,0.5074626865671642,0.040540540540540536,0.2342130065975495,0.818,0.304,0.40973059911540005,0.18000000000000002,30.0,0.16216944245571266,0.7657869934024506
Unknown_542921,BAL,542921,2018,96,402,369,85,17,0,12,27,100,3,2,0.23,0.3885542168674698,0.3696857670979668,0.661,0.35620052770448546,0.4417910447761193,0.28238583410997203,0.49976437323279926,0.6741,0.302,0.40450341777241655,0.16666666666666669,28.0,0.06165538904014753,0.5002356267672008
Unknown_543281,PIT,543281,2018,96,374,344,86,13,1,8,18,68,5,5,0.25,0.40662650602409633,0.3493530499075786,0.656,0.27440633245382584,0.453731343283582,0.1933830382106244,0.34189443920829404,0.7513,0.302,0.40450341777241655,0.16,31.0,0.06315050267000824,0.6581055607917059
Unknown_400121,DET,400121,2018,133,508,467,117,21,0,9,32,49,2,7,0.251,0.4186746987951807,0.33086876155268025,0.651,0.24802110817941952,0.3761194029850746,0.26281453867660765,0.14090480678605088,0.8366,0.302,0.40450341777241655,0.16666666666666669,40.0,0.019641626163744402,0.859095193213949
Unknown_570731,BAL,570731,2018,130,503,475,110,22,1,21,19,116,4,4,0.232,0.32228915662650603,0.44547134935304994,0.68,0.45910290237467016,0.3761194029850746,0.14538676607642123,0.45688030160226206,0.7217,0.301,0.40168878166465616,0.16666666666666669,27.0,0.10807278824485127,0.543119698397738
Unknown_594694,WSH,594694,2018,139,456,408,94,14,7,7,39,82,2,4,0.23,0.42168674698795183,0.3253234750462108,0.649,0.29287598944591026,0.4029850746268657,0.3676607642124884,0.337181903864279,0.7237,0.301,0.40168878166465616,0.16666666666666669,26.0,0.030697071051109664,0.6628180961357211
Unknown_400284,LAD,400284,2018,83,187,164,35,10,1,1,17,34,5,1,0.213,0.44277108433734935,0.24214417744916822,0.61,0.2163588390501319,0.38208955223880603,0.3928238583410997,0.34189443920829404,0.7005,0.301,0.40168878166465616,0.14666666666666667,40.0,0.02870492418827012,0.6581055607917059
Unknown_581527,TOR,581527,2018,100,378,357,83,14,3,11,16,64,5,0,0.232,0.3524096385542169,0.3826247689463957,0.656,0.366754617414248,0.36119402985074633,0.16635601118359736,0.31244109330819986,0.7751,0.301,0.40168878166465616,0.16,27.0,0.06746171754377896,0.6875589066918002
Unknown_547170,CWS,547170,2018,88,318,284,61,11,5,8,27,80,6,1,0.215,0.4156626506024096,0.36783733826247694,0.669,0.39313984168865435,0.4029850746268657,0.36486486486486486,0.5063619227144203,0.6447,0.299,0.39646160032167266,0.15333333333333335,26.0,0.04735370342589398,0.4936380772855795
Unknown_641531,KC,641531,2018,102,388,362,83,19,4,11,24,109,1,1,0.229,0.3614457831325302,0.40850277264325335,0.673,0.41424802110817943,0.4835820895522388,0.2576887232059646,0.5754005655042412,0.6546,0.299,0.39646160032167266,0.15333333333333335,27.0,0.07782854048472335,0.4245994344957589
Unknown_408236,NYM,408236,2018,53,187,169,40,5,0,6,15,34,1,2,0.237,0.42469879518072284,0.36783733826247694,0.672,0.33509234828496043,0.3761194029850746,0.34296365330848083,0.34189443920829404,0.7326,0.299,0.39646160032167266,0.14666666666666667,36.0,0.03386961348057562,0.6581055607917059
Unknown_572191,WSH,572191,2018,121,385,353,80,22,3,6,29,116,1,0,0.227,0.3885542168674698,0.33826247689463956,0.644,0.31926121372031663,0.555223880597015,0.32013047530288913,0.6234684260131951,0.6156,0.298,0.3936469642139123,0.15333333333333335,27.0,0.06744166435737882,0.3765315739868049
Unknown_456124,MIL,456124,2018,67,235,218,54,8,0,6,7,43,7,2,0.248,0.4006024096385542,0.356746765249538,0.658,0.29023746701846964,0.4388059701492538,0.10810810810810811,0.3447219604147031,0.7532,0.297,0.3908323281061519,0.14666666666666667,38.0,0.10885495433531577,0.6552780395852968
Unknown_527043,LAA,527043,2018,78,209,194,42,7,1,7,13,41,2,0,0.216,0.3463855421686748,0.36414048059149734,0.644,0.38522427440633245,0.31641791044776124,0.2590866728797763,0.3758246936852027,0.7321,0.297,0.3908323281061519,0.14666666666666667,27.0,0.0510477888044016,0.6241753063147972
Unknown_451192,DET,451192,2018,56,185,176,47,8,2,3,6,45,0,1,0.267,0.3975903614457831,0.39186691312384486,0.676,0.29023746701846964,0.6179104477611942,0.12022367194780986,0.48656927426955704,0.7135,0.297,0.3908323281061519,0.14666666666666667,33.0,0.13527975067629006,0.5134307257304431
Unknown_460576,TB,460576,2018,111,408,360,75,15,2,9,25,103,21,0,0.208,0.42168674698795183,0.2994454713493531,0.634,0.31398416886543534,0.39402985074626873,0.2548928238583411,0.5084825636192272,0.6299,0.297,0.3908323281061519,0.15333333333333335,33.0,0.06972093991714513,0.49151743638077305
Unknown_572122,SEA,572122,2018,155,630,583,129,36,1,22,38,138,5,4,0.221,0.3463855421686748,0.4177449168207025,0.673,0.445910290237467,0.34925373134328364,0.25023299161230195,0.42954759660697456,0.7127,0.296,0.3884197828709288,0.15333333333333335,31.0,0.06029004778702203,0.5704524033930256
Unknown_543484,DET,543484,2018,66,250,223,45,4,2,9,21,66,3,3,0.202,0.35542168674698804,0.3419593345656193,0.635,0.39050131926121373,0.31044776119402984,0.36067101584342964,0.5355796418473139,0.64,0.296,0.3884197828709288,0.14666666666666667,29.0,0.05082551597694306,0.46442035815268623
Unknown_500208,TOR,500208,2018,122,506,468,106,20,0,17,31,72,3,3,0.226,0.35843373493975916,0.3770794824399261,0.655,0.37730870712401055,0.29552238805970155,0.2548928238583411,0.24882186616399626,0.7885,0.296,0.3884197828709288,0.15333333333333335,31.0,0.034925212947768486,0.7511781338360037
Unknown_605412,SF,605412,2018,101,392,358,91,14,1,4,26,30,3,4,0.254,0.4487951807228916,0.2920517560073938,0.639,0.18205804749340368,0.391044776119403,0.2781919850885368,0.09377945334590009,0.8469,0.295,0.3856051467631684,0.14666666666666667,28.0,0.012327178344733425,0.9062205466540998
Unknown_594807,CIN,594807,2018,135,427,384,75,20,0,15,37,117,5,1,0.195,0.3493975903614459,0.3530499075785583,0.639,0.42216358839050133,0.30746268656716413,0.3732525629077353,0.5591423185673893,0.6276,0.295,0.3856051467631684,0.14666666666666667,30.0,0.05116357577071459,0.44085768143261084
Unknown_595885,NYY,595885,2018,81,311,272,54,16,1,11,30,78,5,4,0.199,0.3855421686746987,0.39186691312384486,0.672,0.47229551451187335,0.28656716417910455,0.4189189189189189,0.5044769085768144,0.6367,0.295,0.3856051467631684,0.14666666666666667,26.0,0.04029817734590882,0.4955230914231856
Unknown_435263,HOU,435263,2018,63,219,192,40,3,0,7,19,42,6,2,0.208,0.4186746987951807,0.29390018484288366,0.63,0.30606860158311344,0.28059701492537314,0.37371854613233924,0.3654571159283695,0.6941,0.294,0.3827905106554081,0.14,34.0,0.03276333921401455,0.6345428840716305
Unknown_595375,MIA,595375,2018,96,332,308,71,10,4,9,20,67,0,1,0.231,0.35843373493975916,0.37523105360443637,0.653,0.3614775725593667,0.39402985074626873,0.249767008387698,0.3890197926484449,0.7289,0.294,0.3827905106554081,0.14666666666666667,27.0,0.05487667086847328,0.6109802073515551
Unknown_517369,SD,517369,2018,145,473,438,109,23,2,5,30,89,3,2,0.249,0.42771084337349397,0.3160813308687616,0.645,0.2295514511873351,0.4985074626865672,0.2646784715750233,0.3569745523091424,0.7421,0.294,0.3827905106554081,0.14666666666666667,29.0,0.04744985784515425,0.6430254476908577
Unknown_572287,SEA,572287,2018,109,405,373,75,18,0,20,24,150,6,2,0.201,0.3042168674698795,0.43622920517560076,0.669,0.5277044854881267,0.4,0.24557315936626278,0.7862865221489161,0.5556,0.294,0.3827905106554081,0.14666666666666667,27.0,0.11089243491068776,0.21371347785108386
Unknown_605170,CHC,605170,2018,75,201,182,42,7,0,2,12,42,4,1,0.231,0.4006024096385542,0.23659889094269876,0.594,0.16358839050131924,0.4597014925373134,0.24743709226467847,0.40598491988689916,0.7015,0.293,0.3803779654201849,0.14,25.0,0.05775441156233978,0.594015080113101
Unknown_489149,MIN,489149,2018,93,359,318,59,13,0,15,34,80,6,1,0.186,0.35542168674698804,0.35859519408502777,0.644,0.4564643799472295,0.18507462686567167,0.4105312208760485,0.4385014137606032,0.6657,0.293,0.3803779654201849,0.14,31.0,0.03553147429411982,0.5614985862393969
Unknown_595284,PHI,595284,2018,84,215,187,37,6,2,4,24,75,2,1,0.198,0.40963855421686746,0.2624768946395564,0.61,0.28759894459102897,0.5044776119402985,0.48928238583411,0.7353911404335532,0.5256,0.292,0.3775633293124246,0.14,27.0,0.05048855355722313,0.26460885956644686
Unknown_607054,BAL,607054,2018,77,246,210,42,13,2,3,31,58,3,1,0.2,0.45783132530120485,0.27726432532347517,0.634,0.3034300791556728,0.3761194029850746,0.5563839701770736,0.46913289349670123,0.622,0.292,0.3775633293124246,0.14,28.0,0.026216357612044418,0.5308671065032988
Unknown_594824,STL,594824,2018,104,208,181,40,6,0,3,20,37,4,2,0.221,0.45481927710843373,0.24029574861367847,0.613,0.19525065963060687,0.37313432835820903,0.4175209692451071,0.33270499528746467,0.7019,0.291,0.3747486932046642,0.14,29.0,0.0257875124593846,0.6672950047125354
Unknown_594777,LAA,594777,2018,137,551,491,102,18,2,19,53,133,1,6,0.208,0.37650602409638545,0.3604436229205176,0.652,0.40105540897097625,0.31940298507462683,0.4175209692451071,0.48232799245994346,0.6606,0.291,0.3747486932046642,0.14,31.0,0.03856376382381433,0.5176720075400565
Unknown_457706,SF,457706,2018,115,375,347,85,17,1,3,26,133,1,1,0.245,0.42469879518072284,0.2809611829944548,0.624,0.18997361477572558,0.755223880597015,0.29217148182665426,0.7492931196983977,0.5733,0.291,0.3747486932046642,0.14,31.0,0.08906174092478808,0.2507068803016024
Unknown_445988,MIA,445988,2018,54,209,197,48,9,0,1,11,35,1,0,0.244,0.3885542168674698,0.24214417744916822,0.592,0.13720316622691292,0.4716417910447761,0.21435228331780057,0.3081998114985863,0.7751,0.29,0.37193405709690386,0.14,35.0,0.051629805554810684,0.6918001885014138
Unknown_571740,CIN,571740,2018,149,556,504,119,16,9,4,46,132,1,4,0.236,0.42469879518072284,0.28280961182994463,0.626,0.2163588390501319,0.5223880597014926,0.35461323392357874,0.47290292177191334,0.6763,0.289,0.3695215118616807,0.13333333333333336,28.0,0.045556160980124966,0.5270970782280866
Unknown_641553,CWS,641553,2018,130,463,429,101,17,4,6,18,129,8,1,0.235,0.3644578313253013,0.2994454713493531,0.614,0.24010554089709762,0.5611940298507463,0.1505125815470643,0.5699811498586239,0.6501,0.289,0.3695215118616807,0.13333333333333336,27.0,0.12861721152168493,0.4300188501413762
Unknown_455117,LAA,455117,2018,118,420,387,86,19,1,10,16,104,12,2,0.222,0.3463855421686748,0.3327171903881701,0.627,0.3245382585751979,0.4238805970149254,0.146784715750233,0.4969368520263902,0.6786,0.288,0.36670687575392036,0.13333333333333336,32.0,0.11577935341415527,0.5030631479736096
Unknown_592444,DET,592444,2018,124,467,429,89,22,6,11,24,142,11,2,0.207,0.32530120481927716,0.35120147874306845,0.63,0.38786279683377306,0.4388059701492538,0.2087604846225536,0.6300659754948161,0.6188,0.288,0.36670687575392036,0.13333333333333336,26.0,0.10450775952246039,0.36993402450518387
Unknown_571437,PHI,571437,2018,104,285,243,44,11,1,8,36,91,4,2,0.181,0.41265060240963847,0.29390018484288366,0.628,0.37730870712401055,0.33731343283582094,0.5577819198508853,0.6658812441093307,0.5404,0.288,0.36670687575392036,0.13333333333333336,27.0,0.03892672179924735,0.3341187558906695
Unknown_444876,KC,444876,2018,139,531,485,112,22,3,4,29,74,5,4,0.231,0.3644578313253013,0.25693160813308696,0.593,0.19261213720316622,0.38507462686567173,0.22367194780987887,0.24198868991517436,0.7815,0.287,0.36389223964615997,0.12666666666666668,32.0,0.039410723419326575,0.7580113100848258
Unknown_588751,TB,588751,2018,91,325,299,73,11,0,6,17,58,0,7,0.244,0.3644578313253013,0.3086876155268023,0.62,0.23218997361477572,0.4268656716417911,0.2129543336439888,0.3341187558906692,0.7631,0.286,0.36147969441093686,0.12666666666666668,29.0,0.056054307869628894,0.6658812441093309
Unknown_596119,BOS,596119,2018,74,208,193,44,10,0,3,15,58,0,0,0.228,0.37951807228915657,0.2809611829944548,0.61,0.23482849604221634,0.5283582089552239,0.3052190121155638,0.5704524033930254,0.649,0.286,0.36147969441093686,0.13333333333333336,26.0,0.06483880349355384,0.42954759660697484
Unknown_523253,MIN,523253,2018,115,416,371,86,16,0,2,41,83,3,1,0.232,0.463855421686747,0.21626617375231055,0.604,0.13192612137203164,0.4746268656716418,0.4287045666356011,0.38360037700282756,0.6947,0.285,0.35866505830317646,0.12666666666666668,31.0,0.02915642206833812,0.6163996229971724
Unknown_606115,MIL,606115,2018,117,386,368,88,16,0,6,15,90,1,1,0.239,0.33734939759036153,0.2920517560073938,0.602,0.21899736147757254,0.4955223880597015,0.1505125815470643,0.46300659754948165,0.7228,0.284,0.3558504221954161,0.12000000000000001,24.0,0.10602748121821365,0.5369934024505185
Unknown_547172,COL,547172,2018,70,219,185,33,4,4,3,26,33,6,2,0.178,0.4186746987951807,0.2181146025878004,0.589,0.2770448548812665,0.19402985074626866,0.5223671947809879,0.2686145146088596,0.7032,0.284,0.3558504221954161,0.13333333333333336,26.0,0.014567406121141218,0.7313854853911403
Unknown_518960,ATH,518960,2018,127,458,419,101,21,1,4,29,67,3,6,0.241,0.4006024096385542,0.279112754158965,0.616,0.1978891820580475,0.4179104477611941,0.26421248835041933,0.25824693685202643,0.7817,0.283,0.35343787696019296,0.12000000000000001,32.0,0.034728679337673755,0.7417530631479734
Unknown_594011,KC,594011,2018,84,302,278,65,14,3,1,19,57,2,2,0.234,0.3855421686746987,0.2643253234750463,0.602,0.19525065963060687,0.4597014925373134,0.2623485554520037,0.3581526861451461,0.7384,0.283,0.35343787696019296,0.12666666666666668,26.0,0.04806044200335895,0.6418473138548539
Unknown_452254,SF,452254,2018,97,248,235,53,11,1,4,11,59,0,2,0.226,0.3012048192771085,0.2920517560073938,0.59,0.2559366754617414,0.4417910447761193,0.17614165890027958,0.4740810556079171,0.7177,0.282,0.3506232408524326,0.12666666666666668,35.0,0.09370284549975082,0.5259189443920829
Unknown_488671,AZ,488671,2018,79,234,194,32,6,0,7,37,90,1,2,0.165,0.42469879518072284,0.24029574861367847,0.603,0.34300791556728233,0.35522388059701493,0.70596458527493,0.8197455230914231,0.453,0.282,0.3506232408524326,0.12666666666666668,31.0,0.037078848404285776,0.18025447690857677
Unknown_571974,AZ,571974,2018,77,223,208,42,9,0,9,11,71,1,1,0.202,0.25903614457831325,0.37153419593345666,0.619,0.4327176781002638,0.3641791044776119,0.19897483690587137,0.663760603204524,0.6188,0.281,0.34780860474467223,0.12666666666666668,27.0,0.1149999103090921,0.336239396795476
Unknown_641319,SD,641319,2018,72,218,189,37,8,1,2,24,46,1,3,0.196,0.3855421686746987,0.19593345656192246,0.566,0.20052770448548812,0.32537313432835824,0.48229263746505124,0.4106974552309142,0.6697,0.28,0.3453960595094491,0.12666666666666668,27.0,0.027087569384466145,0.5893025447690858
Unknown_572008,AZ,572008,2018,105,309,281,58,15,0,4,24,75,2,2,0.206,0.34337349397590367,0.23659889094269876,0.574,0.2295514511873351,0.391044776119403,0.33131407269338303,0.4853911404335533,0.6731,0.277,0.33735424205870523,0.11333333333333334,27.0,0.05045185733186412,0.5146088595664466
Unknown_641583,ATH,641583,2018,61,203,192,43,3,2,6,8,47,1,2,0.224,0.29518072289156627,0.3327171903881701,0.61,0.31926121372031663,0.38208955223880603,0.15284249767008387,0.45900094250706885,0.7241,0.276,0.3345396059509449,0.12000000000000001,24.0,0.10371983714167275,0.5409990574929311
Unknown_664068,PHI,664068,2018,137,484,452,102,23,2,8,24,126,3,5,0.226,0.3283132530120483,0.30314232902033283,0.605,0.27440633245382584,0.4686567164179104,0.2003727865796831,0.5268614514608859,0.6839,0.275,0.33172496984318456,0.09333333333333335,24.0,0.0915713338659074,0.4731385485391142
Unknown_434658,CLE,434658,2018,74,216,196,44,6,1,1,11,48,4,1,0.224,0.3614457831325302,0.19778188539741232,0.559,0.12401055408970976,0.4686567164179104,0.206430568499534,0.43708765315739867,0.6898,0.273,0.326497788500201,0.12000000000000001,38.0,0.0744888995308378,0.5629123468426014
Unknown_500135,DET,500135,2018,59,206,191,42,7,0,5,10,42,0,2,0.22,0.29518072289156627,0.2975970425138634,0.591,0.2796833773087071,0.35522388059701493,0.19524697110904007,0.39396795475966073,0.733,0.273,0.326497788500201,0.12000000000000001,26.0,0.07136687994977518,0.6060320452403394
Unknown_502481,AZ,502481,2018,64,237,206,39,4,2,2,27,34,0,1,0.189,0.37349397590361444,0.15341959334565625,0.539,0.15567282321899736,0.24477611940298505,0.5,0.25164938737040526,0.73,0.273,0.326497788500201,0.11333333333333334,34.0,0.01437946192477593,0.7483506126295947
Unknown_453923,SF,453923,2018,66,203,189,41,7,3,2,12,58,0,1,0.217,0.3132530120481928,0.2643253234750463,0.58,0.24274406332453824,0.4955223880597015,0.244641192917055,0.5867106503298775,0.6502,0.272,0.32368315239244067,0.12000000000000001,35.0,0.08356193322426636,0.41328934967012243
Unknown_446481,PIT,446481,2018,62,173,150,25,5,1,5,22,60,1,0,0.167,0.35843373493975916,0.25693160813308696,0.591,0.36411609498680736,0.30149253731343284,0.5619757688723206,0.7306786050895382,0.5202,0.272,0.32368315239244067,0.12000000000000001,33.0,0.042765064487910114,0.26932139491046203
Unknown_451594,STL,451594,2018,90,334,289,52,10,0,8,38,75,3,4,0.18,0.3614457831325302,0.22920517560073944,0.576,0.28759894459102897,0.22686567164179106,0.4995340167753961,0.4427426955702168,0.6527,0.271,0.3212706071572175,0.1,32.0,0.02819467327926075,0.5572573044297833
Unknown_475247,ATL,475247,2018,81,184,163,35,6,0,2,18,41,1,1,0.215,0.41265060240963847,0.2107208872458411,0.583,0.17150395778364114,0.4149253731343284,0.42497670083876976,0.4385014137606032,0.6685,0.27,0.3184559710494571,0.12000000000000001,32.0,0.03408805388735413,0.5614985862393969
Unknown_460077,KC,460077,2018,58,185,165,31,9,0,3,16,39,2,2,0.188,0.32228915662650603,0.22735674676524958,0.562,0.2638522427440633,0.26865671641791045,0.37232059645852744,0.4102262016965127,0.6919,0.27,0.3184559710494571,0.12000000000000001,35.0,0.03716317359185807,0.5897737983034872
Unknown_408314,NYM,408314,2018,100,251,228,43,12,3,4,22,39,0,0,0.189,0.30722891566265065,0.26987060998151585,0.58,0.3245382585751979,0.22985074626865676,0.37744641192917056,0.27968897266729503,0.753,0.269,0.31564133494169677,0.10666666666666669,35.0,0.024330046873900738,0.7203110273327049
Unknown_543510,DET,543510,2018,117,457,427,94,16,0,8,26,116,2,2,0.22,0.3283132530120483,0.2587800369685768,0.581,0.22427440633245382,0.4417910447761193,0.23438956197576888,0.511545711592837,0.6849,0.269,0.31564133494169677,0.08000000000000002,28.0,0.07632834236247814,0.488454288407163
Unknown_547379,CLE,547379,2018,62,210,179,30,9,1,2,21,70,1,2,0.168,0.29518072289156627,0.16451016635859528,0.519,0.22691292875989444,0.36716417910447763,0.43522833178005593,0.6988689915174363,0.5286,0.267,0.31041415359871327,0.11333333333333334,30.0,0.05450582943578351,0.3011310084825638
Unknown_472528,LAA,472528,2018,92,288,266,53,9,0,9,19,100,1,2,0.199,0.286144578313253,0.2975970425138634,0.588,0.3324538258575198,0.4268656716417911,0.2767940354147251,0.7316211121583411,0.5833,0.267,0.31041415359871327,0.1,33.0,0.09181564288231732,0.2683788878416591
Unknown_621446,MIA,621446,2018,108,405,382,76,10,5,11,17,120,4,2,0.199,0.24698795180722888,0.30314232902033283,0.577,0.34300791556728233,0.36716417910447763,0.16495806150978565,0.6116870876531574,0.6519,0.265,0.30518697225572977,0.08000000000000002,24.0,0.12654245828692148,0.38831291234684273
Unknown_543376,BAL,543376,2018,80,280,265,58,14,2,3,10,68,3,1,0.219,0.28915662650602414,0.2717190388170056,0.575,0.24538258575197885,0.4417910447761193,0.13560111835973906,0.4858623939679548,0.7071,0.265,0.30518697225572977,0.1,32.0,0.12168731369212818,0.5141376060320453
Unknown_571595,COL,571595,2018,67,153,146,34,4,1,2,6,24,1,0,0.233,0.3313253012048193,0.2606284658040667,0.583,0.19261213720316622,0.39701492537313443,0.15191053122087603,0.28322337417530635,0.7974,0.263,0.2995577000402091,0.11333333333333334,27.0,0.06746533613940463,0.7167766258246935
Unknown_553988,DET,553988,2018,64,233,214,44,13,1,1,14,41,3,1,0.206,0.3162650602409639,0.2144177449168207,0.553,0.1978891820580475,0.34328358208955223,0.2493010251630941,0.32822808671065035,0.7468,0.263,0.2995577000402091,0.1,26.0,0.04667560462224609,0.6717719132893498
Unknown_425772,AZ,425772,2018,67,218,195,39,9,1,1,20,66,0,2,0.2,0.34337349397590367,0.18114602587800382,0.544,0.16622691292875988,0.4716417910447761,0.39655172413793105,0.6270028275212064,0.6009,0.261,0.29433051869722554,0.1,35.0,0.05390720147422001,0.3729971724787937
Unknown_642082,BAL,642082,2018,62,184,160,29,8,0,2,13,66,11,0,0.181,0.39156626506024095,0.1756007393715343,0.557,0.20844327176781,0.4746268656716418,0.29869524697110905,0.758718190386428,0.5109,0.26,0.2915158825894652,0.10666666666666669,23.0,0.08819508007538188,0.24128180961357226
Unknown_605509,SF,605509,2018,61,152,140,29,4,2,0,9,35,2,0,0.207,0.32228915662650603,0.16635859519408513,0.529,0.1266490765171504,0.4238805970149254,0.2451071761416589,0.4561734213006598,0.6908,0.259,0.28910333735424204,0.11333333333333334,28.0,0.06529077627456133,0.5438265786993404
Unknown_622682,DET,622682,2018,75,219,212,47,5,3,1,5,46,0,1,0.222,0.24397590361445776,0.2107208872458411,0.526,0.1503957783641161,0.4268656716417911,0.0754892823858341,0.4083411875589067,0.7626,0.259,0.28910333735424204,0.1,24.0,0.16826839474970004,0.5916588124410933
Unknown_501659,KC,501659,2018,47,151,134,24,1,2,3,15,36,0,1,0.179,0.30722891566265065,0.20332717190388178,0.544,0.25065963060686014,0.25373134328358216,0.4319664492078285,0.4752591894439208,0.6556,0.258,0.28628870124648165,0.11333333333333334,29.0,0.03646272488354237,0.5247408105560794
Unknown_543877,BOS,543877,2018,81,283,264,55,10,0,4,14,44,4,0,0.208,0.3042168674698795,0.2181146025878004,0.551,0.19525065963060687,0.30447761194029854,0.1999068033550792,0.27992459943449577,0.7774,0.256,0.28106151990349815,0.08000000000000002,28.0,0.05079758593680585,0.7200754005655043
Unknown_448801,BAL,448801,2018,128,522,470,79,12,0,16,41,192,7,4,0.168,0.25602409638554213,0.22550831792975973,0.539,0.31398416886543534,0.30746268656716413,0.33504193849021435,0.7801602262016966,0.5402,0.252,0.27020506634499397,0.020000000000000018,32.0,0.08068127011719654,0.21983977379830355
Unknown_435064,MIN,435064,2018,47,151,135,24,8,0,2,12,37,0,2,0.178,0.253012048192771,0.19778188539741232,0.523,0.25065963060686014,0.26865671641791045,0.3397017707362535,0.4908105560791706,0.6623,0.25,0.2649778850020104,0.10666666666666669,35.0,0.04964296861717123,0.5091894439208295
Unknown_506702,BOS,506702,2018,89,295,271,47,12,0,5,15,76,4,1,0.173,0.20783132530120485,0.18299445471349368,0.5,0.24010554089709762,0.25671641791044775,0.20596458527493008,0.5204995287464655,0.6644,0.245,0.25130679533574585,0.06000000000000001,29.0,0.08814312850232241,0.47950047125353423
Unknown_592407,MIA,592407,2018,59,166,151,31,5,0,1,10,29,2,2,0.205,0.31024096385542177,0.1552680221811461,0.519,0.11609498680738786,0.32835820895522394,0.249767008387698,0.32516493873704055,0.747,0.243,0.24607961399276232,0.09333333333333335,31.0,0.04616347264938844,0.6748350612629594
Unknown_592680,MIA,592680,2018,83,160,139,24,3,0,1,19,51,0,2,0.173,0.3343373493975904,0.07763401109057305,0.485,0.08970976253298152,0.37014925373134333,0.5228331780055918,0.664703110273327,0.5625,0.237,0.2299959790912746,0.09333333333333335,26.0,0.04193445319993016,0.33529688972667304
Unknown_600474,WSH,600474,2018,62,213,190,32,9,0,2,18,47,4,1,0.168,0.28915662650602414,0.1349353049907579,0.501,0.18469656992084432,0.22985074626865676,0.3630009319664492,0.43355325164938746,0.6761,0.237,0.2299959790912746,0.07333333333333335,25.0,0.040547294259750497,0.5664467483506126
Unknown_491696,TB,491696,2018,63,198,182,38,5,0,1,9,29,1,2,0.209,0.2680722891566265,0.14602587800369693,0.5,0.09234828496042215,0.31641791044776124,0.18126747437092264,0.2587181903864279,0.7828,0.235,0.22436670687575389,0.07333333333333335,30.0,0.05231440196271912,0.7412818096135723
Unknown_642423,MIA,642423,2018,50,156,147,28,3,0,0,6,39,0,0,0.19,0.19277108433734935,0.06839186691312388,0.433,0.02902374670184697,0.37313432835820903,0.14864864864864863,0.5025918944392083,0.6923,0.232,0.21632488942501002,0.08666666666666667,22.0,0.11567906917555235,0.49740810556079174
Unknown_592885,MIL,592885,2019,134,591,499,165,30,3,45,80,120,9,3,0.331,0.819277108433735,0.9223659889094271,1.103,0.8812664907651715,0.6626865671641792,0.6001863932898415,0.39184731385485394,0.6464,0.487,0.8492159227985525,0.7266666666666667,28.0,0.019012870215869664,0.6081526861451458
Unknown_545361,LAA,545361,2019,139,614,484,141,28,2,46,110,123,16,4,0.291,0.8343373493975904,0.8669131238447321,1.077,0.9023746701846965,0.4895522388059701,0.804287045666356,0.38548539114043356,0.5945,0.477,0.8222758343385603,0.7133333333333333,28.0,0.011628432187346332,0.6145146088595663
Unknown_641355,LAD,641355,2019,166,700,591,177,36,3,48,101,121,3,5,0.299,0.7319277108433736,0.8133086876155269,1.016,0.8073878627968337,0.5014925373134328,0.6416589002795899,0.32092365692742697,0.6786,0.456,0.7659831121833534,0.7133333333333333,24.0,0.01318563512932503,0.6790763430725728
Unknown_443558,MIN,443558,2019,127,548,478,147,27,0,43,60,136,7,3,0.308,0.7018072289156628,0.8502772643253236,1.024,0.8364116094986808,0.626865671641791,0.47949673811742777,0.49835061262959474,0.6277,0.451,0.7523120225170887,0.5733333333333334,39.0,0.03386639560562714,0.5016493873704053
Unknown_608324,HOU,608324,2019,170,741,593,174,39,2,43,130,92,10,8,0.293,0.8012048192771085,0.756007393715342,1.007,0.7414248021108178,0.4388059701492538,0.7865796831314072,0.2061734213006598,0.6869,0.449,0.7470848411741053,0.72,25.0,0.0036994490634176275,0.7938265786993404
Unknown_670541,HOU,670541,2019,99,410,351,105,29,0,27,55,109,2,2,0.299,0.7138554216867471,0.811460258780037,1.008,0.8021108179419525,0.6716417910447762,0.5941286113699906,0.5400565504241283,0.5951,0.447,0.7418576598311217,0.45333333333333337,22.0,0.028372950355498285,0.45994344957587185
Unknown_543685,WSH,543685,2019,160,702,588,190,48,3,37,89,94,12,13,0.323,0.7740963855421686,0.7948243992606285,1.018,0.7176781002638523,0.573134328358209,0.5601118359739049,0.22902921771913287,0.7222,0.445,0.736228387615601,0.6733333333333333,29.0,0.01043319325399463,0.7709707822808671
Unknown_571448,COL,571448,2019,159,674,599,193,33,2,44,63,94,4,8,0.322,0.6867469879518072,0.7948243992606285,0.99,0.7203166226912928,0.5492537313432836,0.4049394221808015,0.24222431668237515,0.7611,0.442,0.7281865701648571,0.64,28.0,0.018871907116433558,0.757775683317625
Unknown_501896,LAD,501896,2019,84,198,173,56,14,0,11,24,48,1,0,0.324,0.7560240963855421,0.77818853974122,1.004,0.6939313984168866,0.7791044776119403,0.5340167753960857,0.48468426013195104,0.6313,0.44,0.7229593888218737,0.2866666666666667,36.0,0.02870492418827012,0.5153157398680492
Unknown_665487,SD,665487,2019,90,387,347,108,13,6,22,32,113,5,3,0.311,0.6536144578313253,0.7375231053604436,0.948,0.6675461741424802,0.7940298507462688,0.35461323392357874,0.6015551366635249,0.6124,0.436,0.7121029352633694,0.41333333333333333,20.0,0.058335015547281543,0.398444863336475
Unknown_624413,NYM,624413,2019,165,715,618,162,31,3,53,73,185,21,3,0.262,0.6024096385542169,0.7486136783733826,0.937,0.8126649076517151,0.4507462686567164,0.4450139794967381,0.5230914231856738,0.6098,0.428,0.6907921190188981,0.6133333333333333,25.0,0.03903671381532536,0.4769085768143264
Unknown_606466,AZ,606466,2019,149,643,584,190,37,9,32,53,90,4,2,0.325,0.6807228915662652,0.7578558225508318,0.968,0.6596306068601583,0.6179104477611942,0.353215284249767,0.24340245051837894,0.7714,0.428,0.6907921190188981,0.5666666666666667,26.0,0.022879477078874458,0.7565975494816211
Unknown_593428,BOS,593428,2019,160,711,626,196,53,1,33,76,122,2,7,0.313,0.6837349397590361,0.7116451016635861,0.944,0.62532981530343,0.6179104477611942,0.46738117427772596,0.3178605089538172,0.7187,0.425,0.6827503015681544,0.6000000000000001,27.0,0.021064111729928232,0.6821394910461829
Unknown_543807,HOU,543807,2019,135,607,526,147,22,3,41,71,126,6,4,0.279,0.6355421686746988,0.7264325323475047,0.936,0.733509234828496,0.4716417910447761,0.5144454799627214,0.40268614514608864,0.6656,0.424,0.6799356654603939,0.5266666666666666,30.0,0.024337525296660334,0.5973138548539114
Unknown_656669,CLE,656669,2019,87,274,237,67,16,1,16,34,63,2,1,0.283,0.6566265060240964,0.7153419593345658,0.937,0.7097625329815304,0.5582089552238807,0.5475302889095992,0.45523091423185674,0.6387,0.424,0.6799356654603939,0.31333333333333335,26.0,0.025850726154296504,0.5447690857681433
Unknown_643446,NYM,643446,2019,137,586,527,169,39,1,25,37,78,21,1,0.321,0.6897590361445783,0.6783733826247691,0.928,0.5567282321899736,0.6119402985074628,0.26328052190121154,0.22714420358152687,0.7679,0.424,0.6799356654603939,0.5133333333333333,27.0,0.030821454662503286,0.772855796418473
Unknown_435062,WSH,435062,2019,131,411,372,126,27,1,18,30,56,4,5,0.339,0.6957831325301206,0.7171903881700556,0.951,0.5646437994722955,0.6626865671641792,0.30941286113699906,0.23468426013195104,0.781,0.422,0.6747084841174105,0.4,36.0,0.026133026615580243,0.765315739868049
Unknown_519203,CHC,519203,2019,151,628,526,157,32,3,28,71,86,28,3,0.298,0.753012048192771,0.6580406654343809,0.938,0.5883905013192612,0.5283582089552239,0.49627213420316874,0.2360980207351555,0.7054,0.421,0.6718938480096501,0.5333333333333334,30.0,0.013422450794039949,0.7639019792648443
Unknown_467793,CLE,467793,2019,165,709,596,171,32,1,35,108,110,3,2,0.287,0.7228915662650602,0.6395563770794825,0.918,0.5910290237467019,0.4955223880597015,0.678937558247903,0.2789820923656927,0.6883,0.42,0.6690792119018898,0.58,33.0,0.009705253056584111,0.7210179076343073
Unknown_608336,TEX,608336,2019,72,302,246,61,15,1,22,52,116,2,1,0.248,0.674698795180723,0.7597042513863217,0.967,0.8654353562005277,0.6686567164179104,0.771668219944082,0.8185673892554194,0.4338,0.42,0.6690792119018898,0.32666666666666666,26.0,0.03316725901555831,0.18143261074458072
Unknown_514888,HOU,514888,2019,137,597,545,164,30,3,36,45,90,3,3,0.301,0.5963855421686747,0.722735674676525,0.921,0.6728232189973615,0.5044776119402985,0.32059645852749297,0.26885014137606034,0.7672,0.419,0.6666666666666665,0.5066666666666666,29.0,0.02870492418827012,0.7311498586239396
Unknown_641598,MIN,641598,2019,97,381,330,88,16,1,31,43,94,5,3,0.267,0.5993975903614458,0.7929759704251387,0.96,0.8627968337730871,0.4179104477611941,0.49534016775396084,0.4948162111215834,0.6273,0.419,0.6666666666666665,0.37333333333333335,28.0,0.0322880094171041,0.5051837888784165
Unknown_592192,ATH,592192,2019,129,509,421,115,18,3,27,68,112,18,2,0.273,0.7138554216867471,0.6451016635859521,0.917,0.6332453825857519,0.5253731343283582,0.591798695246971,0.43190386427898214,0.611,0.418,0.6638520305589062,0.44666666666666666,30.0,0.02186674723563395,0.5680961357210179
Unknown_660162,CWS,660162,2019,137,579,528,168,36,5,26,43,157,4,3,0.318,0.644578313253012,0.7005545286506472,0.925,0.5963060686015831,0.8179104477611939,0.31547064305684996,0.5525447690857681,0.6459,0.418,0.6638520305589062,0.49333333333333335,24.0,0.060642831107918696,0.4474552309142319
Unknown_665742,WSH,665742,2019,165,718,590,164,35,5,36,117,147,4,7,0.278,0.7198795180722893,0.6709796672828099,0.934,0.6596306068601583,0.5223880597014926,0.7287977632805219,0.39585296889726673,0.6267,0.417,0.6610373944511458,0.5733333333333334,21.0,0.014301094059618128,0.6041470311027333
Unknown_453568,COL,453568,2019,144,648,593,185,43,8,32,41,106,9,5,0.312,0.6174698795180723,0.7375231053604436,0.936,0.6649076517150396,0.5940298507462688,0.26421248835041933,0.29901036757775684,0.7593,0.417,0.6610373944511458,0.5266666666666666,33.0,0.04001857599171857,0.7009896324222431
Unknown_502110,BOS,502110,2019,151,673,591,178,34,2,36,73,142,4,5,0.301,0.6656626506024096,0.6913123844731979,0.927,0.6279683377308707,0.6149253731343284,0.4748369058713886,0.4106974552309142,0.6731,0.417,0.6610373944511458,0.5466666666666666,32.0,0.027634572972689175,0.5893025447690858
Unknown_571970,LAD,571970,2019,152,631,524,133,26,1,38,95,158,8,4,0.254,0.6506024096385542,0.6487985212569318,0.899,0.6912928759894459,0.453731343283582,0.6710158434296366,0.5035344015080113,0.5864,0.416,0.6586248492159228,0.5133333333333333,29.0,0.02217597129978066,0.4964655984919888
Unknown_553993,CIN,553993,2019,163,680,593,161,24,2,50,70,193,11,6,0.272,0.5963855421686747,0.7356746765249538,0.928,0.7678100263852242,0.5313432835820896,0.4487418452935695,0.5822337417530631,0.5971,0.416,0.6586248492159228,0.5466666666666666,28.0,0.043376745272594004,0.4177662582469368
Unknown_592450,NYY,592450,2019,111,483,406,110,18,1,28,73,150,3,1,0.271,0.6837349397590361,0.6524953789279115,0.912,0.6517150395778364,0.6686567164179104,0.6733457595526562,0.6453817153628651,0.528,0.415,0.6558102131081622,0.42666666666666664,27.0,0.02978094238579987,0.35461828463713485
Unknown_457759,LAD,457759,2019,146,593,517,152,27,0,31,54,95,16,6,0.294,0.6506024096385542,0.6506469500924217,0.9,0.5883905013192612,0.5104477611940299,0.3937558247903075,0.29099905749293126,0.7218,0.415,0.6558102131081622,0.4866666666666667,35.0,0.024030704737864485,0.7090009425070687
Unknown_669374,MIL,669374,2019,90,364,330,98,25,2,19,25,113,8,1,0.297,0.6084337349397589,0.7097966728280962,0.917,0.6649076517150396,0.7850746268656718,0.2893755824790307,0.6449104618284637,0.5989,0.414,0.6529955770004021,0.3533333333333334,23.0,0.07744589335872669,0.35508953817153643
Unknown_646240,BOS,646240,2019,161,717,661,206,54,5,32,49,121,4,2,0.312,0.6144578313253012,0.702402957486137,0.915,0.6147757255936676,0.6179104477611942,0.2875116495806151,0.31126295947219607,0.7559,0.414,0.6529955770004021,0.56,23.0,0.037830073143553584,0.6887370405278037
Unknown_518692,ATL,518692,2019,168,726,628,183,35,2,39,89,135,7,2,0.291,0.6807228915662652,0.6765249537892792,0.924,0.6306068601583114,0.5432835820895523,0.5405405405405406,0.35179076343072574,0.6818,0.413,0.6505830317651788,0.56,30.0,0.01935870351409999,0.6482092365692744
Unknown_605204,NYM,605204,2019,143,463,418,129,22,1,23,39,99,4,2,0.309,0.6415662650602411,0.6598890942698707,0.903,0.5620052770448548,0.6626865671641792,0.36160298229263743,0.4172950047125354,0.6933,0.413,0.6505830317651788,0.4066666666666667,26.0,0.03914127227384057,0.5827049952874648
Unknown_605137,PIT,605137,2019,148,629,542,149,38,3,37,75,121,5,7,0.275,0.6204819277108434,0.7153419593345658,0.925,0.7308707124010553,0.453731343283582,0.5246971109040075,0.36687087653157396,0.6804,0.413,0.6505830317651788,0.5,27.0,0.021235512950903625,0.633129123468426
Unknown_660670,ATL,660670,2019,167,755,661,187,25,3,43,83,197,10,1,0.283,0.6415662650602411,0.6487985212569318,0.896,0.6147757255936676,0.6179104477611942,0.48136067101584346,0.5282752120640904,0.6119,0.412,0.6477683956574185,0.5733333333333334,22.0,0.03594342994077378,0.47172478793590944
Unknown_543543,PHI,543543,2019,83,184,167,43,6,1,13,16,48,1,0,0.257,0.5060240963855422,0.6746765249537894,0.865,0.7176781002638523,0.444776119402985,0.374650512581547,0.5282752120640904,0.6467,0.411,0.6449537595496582,0.2466666666666667,30.0,0.048038194281732415,0.47172478793590944
Unknown_543760,ATH,543760,2019,166,761,670,191,44,7,33,88,104,2,1,0.285,0.6355421686746988,0.6377079482439927,0.889,0.5936675461741425,0.4835820895522388,0.5079217148182665,0.23562676720075398,0.7451,0.409,0.6397265782066746,0.56,29.0,0.01288229068026066,0.7643732327992458
Unknown_452254,TEX,452254,2019,87,328,297,87,17,1,18,27,72,2,2,0.293,0.5903614457831324,0.6746765249537894,0.892,0.62532981530343,0.5850746268656717,0.35274930102516305,0.4307257304429783,0.6921,0.408,0.6369119420989142,0.32000000000000006,36.0,0.04161644214754566,0.5692742695570217
Unknown_624585,KC,624585,2019,166,691,603,157,33,1,49,74,183,10,4,0.26,0.575301204819277,0.7171903881700556,0.911,0.7730870712401055,0.4597014925373134,0.4683131407269338,0.5374646559849198,0.6093,0.406,0.6316847607559308,0.5133333333333333,27.0,0.037849547917901245,0.46253534401508034
Unknown_605141,BOS,605141,2019,153,717,608,178,40,5,29,97,105,3,9,0.293,0.6927710843373495,0.635859519408503,0.906,0.5699208443271768,0.5194029850746269,0.5997204100652377,0.25848256361922717,0.7141,0.406,0.6316847607559308,0.5266666666666666,27.0,0.010937331338055545,0.741517436380773
Unknown_572816,PIT,572816,2019,82,297,277,82,29,2,13,17,59,0,3,0.296,0.5271084337349398,0.7060998151571167,0.889,0.662269129287599,0.5910447761194031,0.23578751164958062,0.38171536286522145,0.7441,0.406,0.6316847607559308,0.30000000000000004,30.0,0.05723062614302514,0.6182846371347785
Unknown_642086,NYM,642086,2019,85,210,190,53,10,0,12,19,46,1,0,0.279,0.5722891566265059,0.6414048059149724,0.869,0.6147757255936676,0.5283582089552239,0.39095992544268404,0.42954759660697456,0.6857,0.405,0.6288701246481705,0.25333333333333335,24.0,0.036832102939357146,0.5704524033930256
Unknown_668804,PIT,668804,2019,136,553,498,157,37,4,16,46,122,6,3,0.315,0.6626506024096387,0.6062846580406656,0.88,0.4696569920844327,0.7582089552238808,0.3569431500465983,0.43331762488218667,0.6854,0.405,0.6288701246481705,0.43333333333333335,24.0,0.04131392738031115,0.5666823751178134
Unknown_608385,CIN,608385,2019,119,405,355,95,18,2,18,41,62,9,0,0.268,0.6024096385542169,0.5693160813308689,0.84,0.5408970976253298,0.4358208955223881,0.4408201304753029,0.2742695570216777,0.7235,0.405,0.6288701246481705,0.3533333333333334,26.0,0.019275803355425468,0.7257304429783222
Unknown_547180,PHI,547180,2019,161,695,582,153,37,1,37,103,183,6,4,0.263,0.6596385542168676,0.6414048059149724,0.898,0.6569920844327176,0.546268656716418,0.6598322460391426,0.5339302544769085,0.5799,0.403,0.6236429433051869,0.5,27.0,0.024381930668165935,0.46606974552309155
Unknown_596115,COL,596115,2019,149,670,600,174,38,5,35,60,177,7,3,0.29,0.6084337349397589,0.6857670979667285,0.905,0.6490765171503957,0.6597014925373134,0.38676607642124883,0.5360508953817154,0.6358,0.403,0.6236429433051869,0.4866666666666667,27.0,0.04706674354410215,0.46394910461828465
Unknown_518934,NYY,518934,2019,154,692,635,208,35,2,27,50,95,2,4,0.328,0.6566265060240964,0.6340110905730132,0.893,0.47493403693931396,0.644776119402985,0.3061509785647717,0.23704052780395857,0.7861,0.402,0.6208283071974265,0.49333333333333335,31.0,0.026750632624644277,0.7629594721960415
Unknown_592178,CHC,592178,2019,151,647,554,153,35,1,31,75,146,16,2,0.276,0.6596385542168676,0.622920517560074,0.888,0.5963060686015831,0.5611940298507463,0.5093196644920783,0.44533459000942516,0.6337,0.402,0.6208283071974265,0.47333333333333333,27.0,0.02768621272431808,0.554665409990575
Unknown_518626,ATL,518626,2019,163,694,579,146,35,0,38,104,164,9,2,0.252,0.6475903614457831,0.6192236598890943,0.883,0.6543535620052771,0.4507462686567164,0.6677539608574091,0.4703110273327051,0.6009,0.401,0.6184157619622035,0.49333333333333335,34.0,0.02050562211183156,0.5296889726672951
Unknown_641820,BAL,641820,2019,159,694,617,178,38,2,36,63,148,9,5,0.288,0.6084337349397589,0.6617375231053606,0.892,0.6174142480211081,0.5671641791044777,0.39235787511649584,0.41611687087653154,0.683,0.401,0.6184157619622035,0.49333333333333335,27.0,0.035462302103890335,0.5838831291234683
Unknown_666182,TOR,666182,2019,48,215,199,62,18,0,11,14,51,1,1,0.312,0.6024096385542169,0.7282809611829946,0.926,0.6517150395778364,0.7044776119402986,0.27260018639328987,0.47243166823751176,0.693,0.4,0.6156011258544429,0.2466666666666667,21.0,0.06051814087359275,0.5275683317624884
Unknown_457705,PHI,457705,2019,63,274,230,61,13,1,11,44,56,0,0,0.265,0.6777108433734941,0.5545286506469502,0.857,0.5277044854881267,0.5164179104477612,0.7176141658900279,0.39514608859566447,0.635,0.4,0.6156011258544429,0.28,33.0,0.014628183959114612,0.6048539114043354
Unknown_621043,HOU,621043,2019,85,357,316,85,18,1,23,35,90,2,4,0.269,0.5542168674698796,0.6968576709796674,0.892,0.7203166226912928,0.4955223880597015,0.42590866728797766,0.5075400565504241,0.6443,0.399,0.6127864897466826,0.32000000000000006,25.0,0.03978497061098933,0.492459943449576
Unknown_640457,TB,640457,2019,149,634,566,160,32,7,33,61,144,7,0,0.283,0.6084337349397589,0.6746765249537894,0.898,0.6517150395778364,0.573134328358209,0.4175209692451071,0.4486333647502357,0.6656,0.399,0.6127864897466826,0.45333333333333337,24.0,0.03568659225670653,0.5513666352497644
Unknown_593934,MIN,593934,2019,107,451,392,95,19,2,35,55,167,3,1,0.242,0.5451807228915663,0.7301293900184842,0.908,0.8390501319261213,0.5373134328358209,0.537744641192917,0.7860508953817154,0.5011,0.399,0.6127864897466826,0.3666666666666667,26.0,0.04874264468044814,0.21394910461828465
Unknown_621566,ATH,621566,2019,128,551,486,130,26,0,36,52,139,12,1,0.267,0.5843373493975904,0.6820702402957488,0.895,0.7044854881266491,0.4985074626865672,0.4091332712022367,0.5080113100848257,0.6316,0.399,0.6127864897466826,0.41333333333333333,25.0,0.0417247905151572,0.4919886899151744
Unknown_621311,COL,621311,2019,104,428,388,119,28,5,15,29,113,4,5,0.307,0.5993975903614458,0.6414048059149724,0.877,0.5408970976253298,0.7701492537313434,0.2851817334575955,0.5355796418473139,0.6542,0.399,0.6127864897466826,0.3533333333333334,25.0,0.0653605065991463,0.46442035815268623
Unknown_493329,HOU,493329,2019,156,659,607,180,42,2,32,40,66,5,7,0.297,0.5512048192771085,0.6580406654343809,0.872,0.5936675461741425,0.4567164179104477,0.2520969245107176,0.1496229971724788,0.8316,0.398,0.6103739445114595,0.4666666666666667,35.0,0.021944842183659198,0.850377002827521
Unknown_666971,TOR,666971,2019,88,356,326,92,21,2,22,21,88,5,3,0.282,0.5240963855421686,0.7153419593345658,0.894,0.712401055408971,0.555223880597015,0.24417520969245105,0.49599434495758726,0.677,0.398,0.6103739445114595,0.31333333333333335,26.0,0.07109022760707481,0.504005655042413
Unknown_607043,NYM,607043,2019,72,271,213,49,11,3,10,49,76,5,3,0.23,0.6716867469879518,0.512014787430684,0.832,0.5593667546174143,0.4955223880597015,0.8117427772600185,0.5742224316682375,0.5166,0.397,0.6075593084036992,0.2733333333333333,26.0,0.020012069948307662,0.4257775683317626
Unknown_650402,NYY,650402,2019,154,641,577,165,32,0,42,54,134,3,6,0.286,0.5692771084337348,0.7134935304990759,0.907,0.6992084432717678,0.5014925373134328,0.36160298229263743,0.40598491988689916,0.7005,0.396,0.6047446722959389,0.44666666666666666,23.0,0.03803786983307542,0.594015080113101
Unknown_575929,CHC,575929,2019,105,422,371,102,19,2,24,40,103,9,2,0.275,0.6024096385542169,0.6598890942698707,0.889,0.6517150395778364,0.546268656716418,0.4109972041006523,0.48868991517436383,0.6398,0.396,0.6047446722959389,0.34,27.0,0.039832305210657684,0.5113100848256362
Unknown_641313,CWS,641313,2019,128,536,515,172,32,0,18,16,111,3,2,0.334,0.5963855421686747,0.6044362292051757,0.857,0.41688654353562005,0.7850746268656718,0.10857409133271201,0.40150801131008484,0.7575,0.395,0.6023321270607156,0.3933333333333333,26.0,0.12405836145123278,0.5984919886899149
Unknown_518735,MIL,518735,2019,159,649,528,131,27,2,31,111,143,5,5,0.248,0.6716867469879518,0.5711645101663587,0.864,0.5963060686015831,0.4328358208955225,0.7660764212488351,0.4326107445805844,0.6009,0.394,0.5995174909529553,0.44666666666666666,31.0,0.014929681392385265,0.5673892554194158
Unknown_645801,NYY,645801,2019,50,163,143,37,7,0,12,17,28,3,0,0.259,0.5783132530120482,0.7116451016635861,0.909,0.7704485488126649,0.32537313432835824,0.4552656104380242,0.3183317624882187,0.7055,0.393,0.5967028548451949,0.21333333333333335,27.0,0.021875748199820758,0.6816682375117815
Unknown_606157,CIN,606157,2019,60,231,211,55,8,0,19,16,62,2,2,0.261,0.47590361445783136,0.7301293900184842,0.885,0.7889182058047493,0.4149253731343284,0.29217148182665426,0.545947219604147,0.6537,0.393,0.5967028548451949,0.2466666666666667,25.0,0.064958116286373,0.4540527803958532
Unknown_502054,TB,502054,2019,156,697,606,169,33,3,24,85,129,5,1,0.279,0.644578313253012,0.5323475046210722,0.834,0.45910290237467016,0.5522388059701493,0.537744641192917,0.34967012252591895,0.6858,0.392,0.5942903096099719,0.46,31.0,0.019360334030001827,0.6503298774740809
Unknown_488726,HOU,488726,2019,161,686,621,189,41,2,23,54,74,7,4,0.304,0.6204819277108434,0.5804066543438078,0.852,0.4617414248021108,0.5373134328358209,0.3359739049394222,0.16776625824693686,0.8032,0.391,0.5914756735022115,0.45333333333333337,32.0,0.016530869145742838,0.8322337417530632
Unknown_592626,LAD,592626,2019,158,542,475,118,19,3,37,53,118,12,2,0.248,0.5421686746987954,0.6672828096118302,0.872,0.7308707124010553,0.3522388059701492,0.42497670083876976,0.4264844486333648,0.6624,0.391,0.5914756735022115,0.3866666666666667,27.0,0.03307871706877588,0.5735155513666352
Unknown_664023,CHC,664023,2019,60,165,148,37,7,1,11,16,44,0,1,0.25,0.49096385542168675,0.6654343807763403,0.855,0.725593667546174,0.4268656716417911,0.4212488350419385,0.5419415645617341,0.6364,0.391,0.5914756735022115,0.21333333333333335,25.0,0.04321158547854803,0.45805843543826597
Unknown_641531,KC,641531,2019,144,599,534,150,30,10,29,57,151,3,5,0.281,0.5813253012048193,0.6709796672828099,0.888,0.6543535620052771,0.6059701492537314,0.41286113699906807,0.5075400565504241,0.6477,0.391,0.5914756735022115,0.41333333333333333,28.0,0.04124941420078042,0.492459943449576
Unknown_669242,STL,669242,2019,105,401,374,111,21,8,11,20,71,7,0,0.297,0.5602409638554217,0.5730129390018486,0.828,0.4696569920844327,0.6208955223880598,0.20177073625349487,0.33081998114985867,0.7556,0.39,0.5886610373944512,0.32000000000000006,24.0,0.05868852192587265,0.6691800188501413
Unknown_570482,NYY,570482,2019,138,511,476,147,37,0,22,26,93,5,4,0.309,0.5722891566265059,0.6487985212569318,0.874,0.546174142480211,0.6208955223880598,0.206430568499534,0.34236569274269557,0.7573,0.39,0.5886610373944512,0.3666666666666667,28.0,0.0592022233782529,0.6576343072573045
Unknown_649557,HOU,649557,2019,78,271,232,59,12,1,9,27,34,6,6,0.254,0.5451807228915663,0.4750462107208873,0.771,0.44327176781002636,0.3641791044776119,0.43336439888164024,0.2092365692742696,0.7528,0.389,0.5862484921592279,0.26,29.0,0.014382618335137128,0.7907634307257305
Unknown_459964,ATL,459964,2019,138,267,226,63,10,0,7,40,51,0,1,0.279,0.6867469879518072,0.4473197781885398,0.802,0.33773087071240104,0.5880597014925374,0.6672879776328051,0.36357210179076344,0.6592,0.389,0.5862484921592279,0.26,35.0,0.014672819817651657,0.6364278982092364
Unknown_519346,MIL,519346,2019,155,480,415,103,24,2,27,52,147,11,2,0.248,0.5662650602409639,0.622920517560074,0.857,0.6701846965699209,0.5343283582089553,0.4739049394221808,0.6350141376060321,0.5625,0.389,0.5862484921592279,0.3533333333333334,33.0,0.04471835351635839,0.3649858623939679
Unknown_656941,CHC,656941,2019,160,625,544,136,29,3,39,70,160,5,6,0.25,0.5421686746987954,0.656192236598891,0.867,0.712401055408971,0.4238805970149254,0.4911463187325257,0.5167295004712535,0.624,0.389,0.5862484921592279,0.41333333333333333,26.0,0.03423507213543835,0.48327049952874646
Unknown_592206,DET,592206,2019,156,677,626,180,58,3,27,42,147,5,4,0.288,0.533132530120482,0.6377079482439927,0.854,0.5883905013192612,0.6029850746268658,0.2581547064305685,0.4250706880301602,0.7134,0.389,0.5862484921592279,0.44,27.0,0.05776941948802446,0.5749293119698398
Unknown_664040,TB,664040,2019,92,361,329,90,19,2,19,26,128,5,1,0.274,0.533132530120482,0.6340110905730132,0.852,0.6174142480211081,0.7582089552238808,0.3047530288909599,0.749057492931197,0.5596,0.388,0.5834338560514676,0.30000000000000004,25.0,0.08531981379740494,0.25094250706880317
Unknown_425783,TEX,425783,2019,155,675,574,151,31,2,24,82,166,18,1,0.263,0.644578313253012,0.5083179297597045,0.821,0.46701846965699206,0.5850746268656717,0.5354147250698975,0.4929311969839774,0.6059,0.388,0.5834338560514676,0.43333333333333335,37.0,0.02916690774105825,0.5070688030160226
Unknown_623520,CHC,623520,2019,120,371,317,84,18,0,12,45,96,7,2,0.265,0.6295180722891566,0.48243992606284664,0.802,0.42480211081794195,0.6179104477611942,0.5344827586206897,0.5233270499528746,0.6011,0.388,0.5834338560514676,0.30000000000000004,26.0,0.03128991502589946,0.4766729500471256
Unknown_527038,AZ,527038,2019,94,300,278,86,19,0,9,17,34,4,1,0.309,0.5993975903614458,0.5563770794824401,0.831,0.41160949868073876,0.573134328358209,0.23345759552656103,0.18049010367577756,0.8167,0.388,0.5834338560514676,0.2733333333333333,28.0,0.02867078747254686,0.8195098963242227
Unknown_488671,AZ,488671,2019,64,208,169,37,8,0,11,38,68,1,0,0.219,0.6234939759036146,0.5323475046210722,0.827,0.6174142480211081,0.4626865671641791,0.820596458527493,0.6837888784165882,0.4856,0.388,0.5834338560514676,0.23333333333333334,32.0,0.024626175223404663,0.316211121583412
Unknown_467055,SF,467055,2019,114,312,287,78,25,0,14,18,70,2,3,0.272,0.47590361445783136,0.6118299445471351,0.821,0.5910290237467019,0.5283582089552239,0.2381174277726002,0.4422714420358153,0.7051,0.388,0.5834338560514676,0.2733333333333333,33.0,0.065269073960275,0.5577285579641849
Unknown_657656,ATH,657656,2019,123,492,443,128,29,0,25,28,127,11,9,0.289,0.5481927710843374,0.646950092421442,0.864,0.5963060686015831,0.6238805970149256,0.23438956197576888,0.5216776625824693,0.6606,0.387,0.5806192199437072,0.3533333333333334,25.0,0.07779106163497165,0.4783223374175307
Unknown_645277,ATL,645277,2019,171,741,676,200,45,8,25,56,120,4,5,0.296,0.5813253012048193,0.5970425138632165,0.848,0.5065963060686016,0.573134328358209,0.3215284249767008,0.295004712535344,0.7571,0.386,0.5782066747084841,0.45333333333333337,22.0,0.03144439562506179,0.7049952874646561
Unknown_593871,MIN,593871,2019,158,725,648,191,40,7,23,62,119,5,7,0.295,0.5993975903614458,0.5748613678373384,0.842,0.4775725593667546,0.5761194029850747,0.3676607642124884,0.30018850141376063,0.7393,0.386,0.5782066747084841,0.44666666666666666,26.0,0.02714289994354365,0.6998114985862394
Unknown_663993,TB,663993,2019,51,178,161,44,10,0,9,13,52,2,2,0.273,0.5210843373493976,0.6081330868761554,0.835,0.58311345646438,0.6238805970149256,0.30941286113699906,0.6017907634307258,0.6236,0.386,0.5782066747084841,0.21333333333333335,24.0,0.06744247422641365,0.3982092365692742
Unknown_572228,NYY,572228,2019,122,523,440,116,21,1,21,72,144,9,2,0.264,0.6596385542168676,0.5268022181146028,0.836,0.4907651715039578,0.6238805970149256,0.6109040074557316,0.562205466540999,0.5698,0.386,0.5782066747084841,0.36,28.0,0.028690867893560547,0.437794533459001
Unknown_457727,NYY,457727,2019,84,278,246,70,17,0,12,32,76,0,0,0.285,0.6295180722891566,0.6025878003696858,0.867,0.5435356200527705,0.6955223880597016,0.505591798695247,0.5577285579641846,0.6115,0.385,0.5753920386007237,0.25333333333333335,32.0,0.035969549467260886,0.44227144203581537
Unknown_656305,ATH,656305,2019,156,682,591,147,37,3,36,76,148,12,3,0.249,0.5632530120481928,0.6099815157116453,0.849,0.6490765171503957,0.40895522388059713,0.4883504193849021,0.4248350612629595,0.654,0.385,0.5753920386007237,0.42666666666666664,26.0,0.02769718627689207,0.5751649387370406
Unknown_519058,MIL,519058,2019,146,600,538,139,31,1,35,53,101,6,3,0.258,0.5180722891566266,0.6303142329020335,0.845,0.6543535620052771,0.36716417910447763,0.380708294501398,0.3100848256361923,0.7333,0.385,0.5753920386007237,0.3933333333333333,31.0,0.026885549354009226,0.6899151743638077
Unknown_605170,CHC,605170,2019,99,293,255,70,12,0,12,30,60,4,4,0.275,0.5933734939759036,0.534195933456562,0.818,0.47229551451187335,0.5253731343283582,0.4464119291705499,0.3960885956644675,0.6792,0.385,0.5753920386007237,0.26,26.0,0.02870492418827012,0.6039114043355325
Unknown_456781,SF,456781,2019,86,237,223,72,13,1,5,11,52,1,2,0.323,0.5903614457831324,0.5231053604436231,0.812,0.3324538258575198,0.7910447761194032,0.18546132339235785,0.4304901036757776,0.73,0.385,0.5753920386007237,0.24000000000000002,32.0,0.08151545339926679,0.5695098963242224
Unknown_624424,NYM,624424,2019,154,661,562,144,29,1,34,84,151,10,5,0.256,0.6084337349397589,0.5896487985212571,0.853,0.6015831134564643,0.4597014925373134,0.5615097856477166,0.4516965127238454,0.6293,0.385,0.5753920386007237,0.42000000000000004,26.0,0.024775952043271765,0.5483034872761547
Unknown_643565,NYY,643565,2019,87,304,267,73,18,1,13,35,73,1,1,0.273,0.6054216867469878,0.5914972273567469,0.853,0.5593667546174143,0.5850746268656717,0.505591798695247,0.4792648444863337,0.6414,0.385,0.5753920386007237,0.26666666666666666,29.0,0.03036973414803884,0.5207351555136663
Unknown_595879,CHC,595879,2019,138,574,543,153,38,4,31,29,159,0,2,0.282,0.4789156626506025,0.6728280961182997,0.855,0.6517150395778364,0.626865671641791,0.20456663560111837,0.5662111215834119,0.6725,0.384,0.5725774024929633,0.38,27.0,0.0961617783557084,0.4337888784165882
Unknown_519299,TOR,519299,2019,118,460,412,121,25,2,14,39,67,3,3,0.294,0.5993975903614458,0.5397412199630316,0.823,0.4300791556728232,0.555223880597015,0.36439888164026096,0.25683317624882185,0.7565,0.383,0.5701648572577402,0.32666666666666666,33.0,0.023249772351234474,0.7431668237511782
Unknown_596146,MIN,596146,2019,138,623,546,135,32,0,37,65,104,8,4,0.247,0.5301204819277109,0.6192236598890943,0.843,0.6675461741424802,0.31641791044776124,0.4552656104380242,0.3067860508953817,0.7159,0.382,0.5673502211499799,0.3933333333333333,26.0,0.020966428570923963,0.6932139491046181
Unknown_595909,MIN,595909,2019,74,244,210,54,12,2,8,25,74,8,1,0.257,0.5993975903614458,0.5064695009242146,0.804,0.4775725593667546,0.6656716417910448,0.44687791239515373,0.6281809613572102,0.5615,0.382,0.5673502211499799,0.24000000000000002,27.0,0.047267337858740675,0.37181903864278976
Unknown_460075,MIL,460075,2019,147,519,472,134,31,2,22,35,106,9,3,0.284,0.5572289156626508,0.5988909426987061,0.841,0.5408970976253298,0.564179104477612,0.2833178005591799,0.39467483506126294,0.7033,0.382,0.5673502211499799,0.3466666666666667,36.0,0.04863478971300549,0.6053251649387372
Unknown_600303,LAA,600303,2019,84,335,312,88,8,0,16,20,30,3,0,0.282,0.5210843373493976,0.5323475046210722,0.793,0.4485488126649076,0.40895522388059713,0.24743709226467847,0.12464655984919885,0.8239,0.382,0.5673502211499799,0.2733333333333333,30.0,0.019043375932162127,0.875353440150801
Unknown_516782,PIT,516782,2019,132,593,545,160,32,6,23,25,96,16,5,0.294,0.5481927710843374,0.6044362292051757,0.841,0.5224274406332453,0.5492537313432836,0.16589002795899346,0.295004712535344,0.7656,0.382,0.5673502211499799,0.38,31.0,0.06425119505721286,0.7049952874646561
Unknown_527049,MIA,527049,2019,50,165,141,35,5,0,4,11,45,12,0,0.248,0.5903614457831324,0.3604436229205176,0.722,0.2955145118733509,0.6059701492537314,0.28005591798695245,0.5560791705937794,0.5818,0.382,0.5673502211499799,0.20666666666666667,28.0,0.06912806709144663,0.4439208294062207
Unknown_502671,STL,502671,2019,174,736,650,169,30,2,38,80,180,3,3,0.26,0.5542168674698796,0.5804066543438078,0.83,0.5778364116094987,0.4985074626865672,0.4757688723205965,0.4898680490103677,0.6399,0.381,0.5645355850422196,0.43333333333333335,32.0,0.033548255233076155,0.5101319509896323
Unknown_621028,PIT,621028,2019,132,541,502,154,20,7,13,29,64,7,1,0.307,0.5873493975903613,0.5138632162661738,0.805,0.3588390501319261,0.5880597014925374,0.2190121155638397,0.1922714420358153,0.8115,0.381,0.5645355850422196,0.3533333333333334,26.0,0.0327132497059471,0.8077285579641849
Unknown_542303,STL,542303,2019,142,599,529,133,29,1,33,65,128,3,2,0.251,0.5361445783132531,0.5970425138632165,0.833,0.62532981530343,0.4059701492537314,0.4748369058713886,0.4170593779453346,0.6728,0.38,0.5621230398069963,0.37333333333333335,29.0,0.0281162310197006,0.5829406220546653
Unknown_607208,WSH,607208,2019,136,627,570,168,40,5,20,51,123,3,2,0.295,0.5933734939759036,0.5804066543438078,0.842,0.4854881266490765,0.6298507462686568,0.34808946877912395,0.3758246936852027,0.7161,0.38,0.5621230398069963,0.3866666666666667,26.0,0.036704252584173994,0.6241753063147972
Unknown_660271,LAA,660271,2019,106,425,386,110,20,5,18,33,110,2,4,0.285,0.5512048192771085,0.6081330868761554,0.844,0.5514511873350924,0.6477611940298508,0.33084808946877914,0.5233270499528746,0.6541,0.38,0.5621230398069963,0.30666666666666664,25.0,0.054545538178517566,0.4766729500471256
Unknown_650333,MIN,650333,2019,93,377,337,114,24,1,4,36,31,1,3,0.338,0.7319277108433736,0.512014787430684,0.852,0.27440633245382584,0.6776119402985076,0.41425908667287975,0.10721017907634305,0.8196,0.379,0.559308403699236,0.2866666666666667,22.0,0.006653821169613954,0.8927898209236569
Unknown_518618,CIN,518618,2019,115,316,262,50,9,3,20,28,79,25,1,0.191,0.5060240963855422,0.5600739371534196,0.803,0.7308707124010553,0.14626865671641787,0.38210624417520966,0.5025918944392083,0.5791,0.379,0.559308403699236,0.26,30.0,0.04460878081285778,0.49740810556079174
Unknown_429665,NYY,429665,2019,116,515,444,107,21,0,34,61,113,7,3,0.241,0.5481927710843374,0.635859519408503,0.858,0.7071240105540897,0.32537313432835824,0.5209692451071761,0.4304901036757776,0.6485,0.378,0.5564937675914756,0.33333333333333337,36.0,0.02586044775260673,0.5695098963242224
Unknown_547989,CWS,547989,2019,165,714,654,186,41,1,33,36,157,14,10,0.284,0.5210843373493976,0.6062846580406656,0.832,0.5488126649076517,0.564179104477612,0.20410065237651445,0.43166823751178135,0.7101,0.378,0.5564937675914756,0.41333333333333333,32.0,0.07444385616797407,0.5683317624882187
Unknown_542454,TEX,542454,2019,130,521,485,136,23,6,29,25,153,6,5,0.28,0.49096385542168675,0.6617375231053606,0.852,0.6411609498680738,0.635820895522388,0.1929170549860205,0.6055607917059378,0.6449,0.378,0.5564937675914756,0.34,29.0,0.10842546318916721,0.3944392082940622
Unknown_543939,STL,543939,2019,158,602,522,146,29,4,11,52,91,14,7,0.28,0.5963855421686747,0.4436229205175602,0.77,0.32981530343007914,0.5432835820895523,0.3718546132339236,0.26979264844486334,0.7276,0.377,0.5540812223562525,0.3666666666666667,29.0,0.023866044734497917,0.7302073515551366
Unknown_455139,HOU,455139,2019,120,467,393,92,23,1,18,54,134,13,5,0.234,0.5542168674698796,0.48243992606284664,0.777,0.5065963060686016,0.4985074626865672,0.5079217148182665,0.5895381715362865,0.5653,0.376,0.5512665862484921,0.31333333333333335,35.0,0.03803106901785877,0.4104618284637136
Unknown_596847,TB,596847,2019,136,521,435,114,21,2,21,73,121,6,7,0.262,0.6385542168674699,0.5360443622920519,0.835,0.5092348284960422,0.5253731343283582,0.6220876048462255,0.46065032987747406,0.6161,0.376,0.5512665862484921,0.33333333333333337,28.0,0.022073483395091936,0.539349670122526
Unknown_573262,SF,573262,2019,107,412,372,101,22,3,21,32,108,4,3,0.272,0.5271084337349398,0.6321626617375233,0.849,0.6226912928759895,0.5701492537313434,0.33131407269338303,0.5311027332704995,0.6481,0.376,0.5512665862484921,0.29333333333333333,29.0,0.05528450914155167,0.4688972667295006
Unknown_621439,MIN,621439,2019,82,306,281,74,30,4,10,20,69,2,1,0.263,0.47590361445783136,0.6118299445471351,0.821,0.6147757255936676,0.5402985074626866,0.27399813606710155,0.4448633364750236,0.6961,0.376,0.5512665862484921,0.25333333333333335,26.0,0.056731950749262655,0.5551366635249764
Unknown_669257,LAD,669257,2019,60,215,186,44,9,0,15,21,59,5,3,0.237,0.5060240963855422,0.6524953789279115,0.852,0.7414248021108178,0.3522388059701492,0.42451071761416587,0.5600848256361922,0.6047,0.375,0.5484519501407317,0.22000000000000003,24.0,0.0443557523089663,0.4399151743638079
Unknown_650490,TB,650490,2019,88,377,334,88,21,1,16,38,66,1,4,0.263,0.5391566265060243,0.5582255083179299,0.813,0.5382585751978891,0.4388059701492538,0.43895619757688725,0.32610744580584355,0.7215,0.375,0.5484519501407317,0.2733333333333333,28.0,0.023616420000771576,0.6738925541941563
Unknown_572233,AZ,572233,2019,158,616,539,141,27,2,29,70,157,6,1,0.262,0.5843373493975904,0.567467652495379,0.833,0.5540897097625329,0.5432835820895523,0.4986020503261883,0.5141376060320453,0.6218,0.375,0.5484519501407317,0.36,28.0,0.0334245354864916,0.4858623939679547
Unknown_596019,CLE,596019,2019,143,654,598,170,40,2,32,46,98,3,6,0.284,0.533132530120482,0.635859519408503,0.854,0.5936675461741425,0.4686567164179104,0.29683131407269336,0.26649387370405275,0.7737,0.374,0.5460394049055086,0.37333333333333335,26.0,0.03123793647701574,0.7335061262959475
Unknown_641933,STL,641933,2019,61,165,155,42,8,0,5,10,58,0,0,0.271,0.47289156626506024,0.45286506469500937,0.735,0.366754617414248,0.8000000000000002,0.2516309412861137,0.7417530631479735,0.5879,0.374,0.5460394049055086,0.2,24.0,0.10226227984528259,0.2582469368520266
Unknown_608348,AZ,608348,2019,112,369,318,77,19,0,18,48,82,2,1,0.242,0.5602409638554217,0.5508317929759705,0.816,0.58311345646438,0.4029850746268657,0.5754892823858341,0.43708765315739867,0.6423,0.374,0.5460394049055086,0.2733333333333333,25.0,0.023051506225369472,0.5629123468426014
Unknown_621035,LAD,621035,2019,134,443,387,100,30,4,13,45,122,4,5,0.258,0.5421686746987954,0.5231053604436231,0.795,0.5013192612137203,0.6119402985074628,0.4426840633737185,0.5624410933081997,0.6095,0.373,0.5432247687977483,0.29333333333333333,29.0,0.04245953428915017,0.4375589066918002
Unknown_650391,CWS,650391,2019,125,516,479,130,18,2,32,31,136,4,2,0.271,0.48795180722891573,0.635859519408503,0.838,0.62532981530343,0.5343283582089553,0.2493010251630941,0.5346371347785108,0.6686,0.373,0.5432247687977483,0.32000000000000006,23.0,0.07488764057235892,0.4653628652214892
Unknown_519048,BOS,519048,2019,95,347,310,77,17,1,19,34,79,1,2,0.248,0.496987951807229,0.5914972273567469,0.816,0.6226912928759895,0.40895522388059713,0.42590866728797766,0.4500471253534402,0.6715,0.373,0.5432247687977483,0.26,34.0,0.03496584168559987,0.5499528746465598
Unknown_444482,AZ,444482,2019,104,438,395,107,29,3,13,37,91,5,1,0.271,0.5481927710843374,0.524953789279113,0.798,0.4696569920844327,0.5611940298507463,0.3630009319664492,0.40315739868049016,0.6963,0.373,0.5432247687977483,0.29333333333333333,32.0,0.03759242822644108,0.5968426013195098
Unknown_605119,MIA,605119,2019,130,533,469,123,33,2,20,46,116,15,3,0.262,0.5632530120481928,0.5452865064695009,0.814,0.5224274406332453,0.5164179104477612,0.37138863000931965,0.42624882186616403,0.6679,0.373,0.5432247687977483,0.32666666666666666,26.0,0.03879760439312524,0.573751178133836
Unknown_641432,TEX,641432,2019,85,339,311,83,14,1,21,23,53,3,2,0.267,0.49397590361445787,0.6414048059149724,0.842,0.6464379947229552,0.37313432835820903,0.2851817334575955,0.28180961357210177,0.767,0.372,0.5404101326899879,0.26,25.0,0.03461435219376184,0.7181903864278982
Unknown_593160,KC,593160,2019,165,744,690,209,42,10,16,45,128,5,4,0.303,0.5722891566265059,0.5323475046210722,0.81,0.39577836411609496,0.6477611940298508,0.2511649580615098,0.3188030160226202,0.7608,0.372,0.5404101326899879,0.4,30.0,0.045021145817518544,0.6811969839773799
Unknown_608596,SEA,608596,2019,76,284,263,73,12,1,18,19,87,1,1,0.278,0.5090361445783133,0.66913123844732,0.864,0.6596306068601583,0.6328358208955224,0.2809878844361603,0.6352497643732328,0.6232,0.372,0.5404101326899879,0.24000000000000002,28.0,0.07861264949623457,0.36475023562676734
Unknown_458015,CIN,458015,2019,146,622,534,138,32,1,15,81,125,4,3,0.258,0.6054216867469878,0.42883548983364156,0.765,0.366754617414248,0.5253731343283582,0.5759552656104381,0.3871347785108389,0.6624,0.371,0.5375954965822275,0.3533333333333334,36.0,0.01987452665972729,0.612865221489161
Unknown_657077,LAD,657077,2019,110,391,355,104,24,2,12,28,52,2,6,0.293,0.5572289156626508,0.5526802218114604,0.816,0.45118733509234826,0.5253731343283582,0.30288909599254427,0.22690857681432614,0.7903,0.37,0.5351829513470043,0.2733333333333333,23.0,0.02594757388500328,0.7730914231856738
Unknown_500871,AZ,500871,2019,163,714,650,175,29,11,35,51,132,3,10,0.269,0.49096385542168675,0.6192236598890943,0.83,0.6094986807387862,0.4477611940298507,0.3019571295433365,0.3491988689915175,0.7395,0.368,0.5295536791314837,0.37333333333333335,30.0,0.04011763147139673,0.6508011310084825
Unknown_640447,CIN,640447,2019,94,267,241,65,11,7,7,20,64,4,2,0.27,0.5271084337349398,0.5304990757855823,0.794,0.48021108179419525,0.6059701492537314,0.3182665424044734,0.47832233741753066,0.6704,0.368,0.5295536791314837,0.22666666666666668,27.0,0.05193671392894416,0.5216776625824693
Unknown_608577,TEX,608577,2019,121,482,442,121,28,1,20,28,112,6,6,0.274,0.49397590361445787,0.5600739371534196,0.799,0.5145118733509234,0.555223880597015,0.23998136067101583,0.46112158341187565,0.6971,0.368,0.5295536791314837,0.29333333333333333,24.0,0.06741595981844777,0.5388784165881246
Unknown_594809,WSH,594809,2019,165,713,614,170,30,8,15,71,117,14,4,0.277,0.6174698795180723,0.4639556377079483,0.788,0.366754617414248,0.5522388059701493,0.43336439888164024,0.30018850141376063,0.7027,0.367,0.5271411338962605,0.3666666666666667,31.0,0.021883853151024965,0.6998114985862394
Unknown_592663,PHI,592663,2019,149,605,551,150,36,3,26,41,127,5,8,0.272,0.5,0.5841035120147875,0.814,0.5514511873350924,0.5104477611940299,0.2851817334575955,0.40810556079170596,0.7124,0.367,0.5271411338962605,0.33333333333333337,28.0,0.04991605949300611,0.5918944392082941
Unknown_608369,LAD,608369,2019,142,579,520,138,45,1,20,50,109,4,5,0.265,0.5240963855421686,0.5489833641404807,0.803,0.5197889182058048,0.4895522388059701,0.3718546132339236,0.35721017907634306,0.7185,0.366,0.5243264977885002,0.32000000000000006,25.0,0.032177268240745543,0.6427898209236569
Unknown_624415,TOR,624415,2019,103,435,358,84,17,2,17,72,123,3,2,0.235,0.6265060240963854,0.4842883548983365,0.801,0.5065963060686016,0.5104477611940299,0.7404473438956198,0.5798774740810556,0.5425,0.366,0.5243264977885002,0.2733333333333333,24.0,0.02306784890919289,0.4201225259189445
Unknown_488771,MIN,488771,2019,77,281,242,58,11,0,14,34,90,3,1,0.24,0.5451807228915663,0.5268022181146028,0.798,0.5540897097625329,0.546268656716418,0.5330848089468779,0.6682375117813383,0.5445,0.366,0.5243264977885002,0.22666666666666668,32.0,0.041230023733075535,0.3317624882186616
Unknown_592518,SD,592518,2019,161,675,601,156,24,2,33,65,130,6,3,0.26,0.5361445783132531,0.5489833641404807,0.807,0.5329815303430079,0.4328358208955225,0.41798695246971107,0.3673421300659755,0.7022,0.366,0.5243264977885002,0.3533333333333334,27.0,0.02870492418827012,0.6326578699340244
Unknown_571718,LAA,571718,2019,132,467,422,110,30,4,17,38,130,3,3,0.261,0.5,0.5508317929759705,0.796,0.5329815303430079,0.6000000000000002,0.34855545200372784,0.5695098963242223,0.6317,0.366,0.5243264977885002,0.2866666666666667,29.0,0.05619261287898594,0.43049010367577756
Unknown_594777,LAA,594777,2019,156,645,566,132,31,1,34,70,165,7,2,0.233,0.5,0.5508317929759705,0.796,0.6068601583113455,0.39402985074626873,0.4748369058713886,0.5162582469368521,0.6233,0.366,0.5243264977885002,0.34,32.0,0.0356265287156936,0.48374175306314804
Unknown_571980,CLE,571980,2019,93,311,290,83,21,0,10,15,67,2,2,0.286,0.5,0.5323475046210722,0.786,0.4406332453825857,0.6149253731343284,0.19384902143522834,0.4210650329877475,0.7235,0.366,0.5243264977885002,0.24000000000000002,28.0,0.07649136858651846,0.5789349670122526
Unknown_656555,PHI,656555,2019,160,707,574,129,33,5,29,116,174,11,6,0.225,0.6144578313253012,0.512014787430684,0.813,0.5725593667546174,0.391044776119403,0.733923578751165,0.493402450518379,0.5714,0.365,0.5215118616807397,0.3533333333333334,26.0,0.019021267804243354,0.5065975494816213
Unknown_624577,CIN,624577,2019,153,623,565,151,31,2,24,45,134,8,5,0.267,0.5090361445783133,0.5231053604436231,0.784,0.47493403693931396,0.5194029850746269,0.30568499534016774,0.42035815268614524,0.6998,0.365,0.5215118616807397,0.33333333333333337,29.0,0.04765831905706209,0.5796418473138547
Unknown_553882,SEA,553882,2019,132,484,430,119,12,0,22,47,93,4,3,0.277,0.5813253012048193,0.524953789279113,0.809,0.4538258575197889,0.5104477611940299,0.42171481826654245,0.3661639962299717,0.7025,0.364,0.5190993164455167,0.2866666666666667,27.0,0.028286318756635856,0.6338360037700284
Unknown_593643,BAL,593643,2019,139,562,535,163,21,2,12,16,52,4,4,0.305,0.5090361445783133,0.45286506469500937,0.746,0.2770448548812665,0.5492537313432836,0.10205032618825721,0.13147973609802072,0.8665,0.364,0.5190993164455167,0.30666666666666664,27.0,0.05281442883513514,0.8685202639019789
Unknown_547379,CLE,547379,2019,122,464,399,96,9,1,24,49,130,5,4,0.241,0.5120481927710844,0.5083179297597045,0.777,0.525065963060686,0.4626865671641791,0.4613233923578751,0.573751178133836,0.5884,0.364,0.5190993164455167,0.28,31.0,0.04135199548790202,0.426248821866164
Unknown_643265,MIA,643265,2019,110,432,392,111,16,1,15,33,112,5,2,0.283,0.5632530120481928,0.49907578558225524,0.789,0.40105540897097625,0.6746268656716418,0.32525629077353213,0.5245051837888783,0.6528,0.364,0.5190993164455167,0.26666666666666666,29.0,0.055686110671345504,0.47549481621112166
Unknown_501303,MIN,501303,2019,79,246,214,56,9,3,5,20,44,6,4,0.262,0.5361445783132531,0.42144177449168224,0.738,0.345646437994723,0.5014925373134328,0.34808946877912395,0.3350612629594722,0.6992,0.364,0.5190993164455167,0.21333333333333335,30.0,0.032585550761283014,0.6649387370405277
Unknown_571745,SEA,571745,2019,64,287,250,55,13,1,15,30,83,5,2,0.22,0.4698795180722892,0.5286506469500927,0.774,0.6094986807387862,0.3761194029850746,0.45619757688723206,0.5949575871819038,0.5889,0.364,0.5190993164455167,0.22666666666666668,29.0,0.043559589535352654,0.4050424128180963
Unknown_458731,NYY,458731,2019,147,585,523,130,27,7,29,54,119,5,3,0.249,0.496987951807229,0.5896487985212571,0.816,0.6226912928759895,0.39701492537313443,0.39934762348555447,0.39278982092365694,0.6957,0.363,0.5162846803377563,0.31333333333333335,36.0,0.03264732651680392,0.6072101790763431
Unknown_541645,TB,541645,2019,134,562,521,149,26,2,21,31,134,7,3,0.286,0.5271084337349398,0.5360443622920519,0.797,0.4485488126649076,0.635820895522388,0.22646784715750234,0.4752591894439208,0.694,0.363,0.5162846803377563,0.30666666666666664,28.0,0.07358728433920074,0.5247408105560794
Unknown_543068,MIN,543068,2019,128,518,475,122,26,0,26,31,112,10,2,0.257,0.47289156626506024,0.5582255083179299,0.79,0.5540897097625329,0.444776119402985,0.24790307548928237,0.4229500471253535,0.7046,0.363,0.5162846803377563,0.29333333333333333,29.0,0.05997152988956744,0.5770499528746467
Unknown_624428,PIT,624428,2019,155,625,569,159,34,7,10,41,76,10,1,0.279,0.5421686746987954,0.44916820702402965,0.755,0.33773087071240104,0.5194029850746269,0.27493010251630945,0.20004712535344016,0.7904,0.363,0.5162846803377563,0.32666666666666666,28.0,0.025872409386062,0.7999528746465596
Unknown_502517,COL,502517,2019,137,494,456,126,37,1,15,32,76,2,4,0.276,0.5,0.5304990757855823,0.784,0.4617414248021108,0.4985074626865672,0.2712022367194781,0.2759189443920829,0.7733,0.363,0.5162846803377563,0.2866666666666667,34.0,0.035933373742670575,0.7240810556079171
Unknown_435622,COL,435622,2019,143,496,456,120,34,4,20,35,122,2,2,0.263,0.4789156626506025,0.5785582255083181,0.804,0.5672823218997362,0.5432835820895523,0.2982292637465051,0.4931668237511781,0.6774,0.363,0.5162846803377563,0.2866666666666667,34.0,0.05743662768715552,0.5068331762488218
Unknown_664068,PHI,664068,2019,130,514,469,123,34,5,20,37,149,5,2,0.262,0.49397590361445787,0.5730129390018486,0.806,0.5620052770448548,0.6179104477611942,0.3047530288909599,0.596606974552309,0.6265,0.363,0.5162846803377563,0.29333333333333333,25.0,0.06792673042745706,0.40339302544769073
Unknown_446481,PHI,446481,2019,74,155,125,25,5,0,4,21,46,4,1,0.2,0.5210843373493976,0.2994454713493531,0.667,0.33509234828496043,0.4238805970149254,0.6006523765144455,0.6128652214891611,0.5161,0.362,0.513470044229996,0.18666666666666668,34.0,0.03239032905638298,0.387134778510839
Unknown_543105,SF,543105,2019,68,190,174,48,13,3,6,13,42,2,1,0.276,0.5240963855421686,0.5822550831792976,0.82,0.5382585751978891,0.5880597014925374,0.28797763280521904,0.4344957587181904,0.7,0.362,0.513470044229996,0.19333333333333336,29.0,0.05255975096914714,0.5655042412818096
Unknown_614177,SD,614177,2019,156,561,507,127,19,0,39,47,162,0,7,0.25,0.45783132530120485,0.6377079482439927,0.829,0.683377308707124,0.4388059701492538,0.3597390493942218,0.5940150801131008,0.6275,0.362,0.513470044229996,0.30000000000000004,24.0,0.056698823462599066,0.40598491988689944
Unknown_596142,NYY,596142,2019,115,480,426,95,13,1,34,43,136,10,1,0.223,0.4518072289156626,0.5988909426987061,0.806,0.7018469656992085,0.30746268656716413,0.38676607642124883,0.5810556079170593,0.6062,0.361,0.5110574989947727,0.2733333333333333,27.0,0.0511927523640597,0.41894439208294076
Unknown_608070,CLE,608070,2019,132,554,494,124,33,3,23,52,77,2,6,0.251,0.49096385542168675,0.5471349353049908,0.791,0.5540897097625329,0.3522388059701492,0.4068033550792171,0.24104618284637142,0.7635,0.361,0.5110574989947727,0.30000000000000004,27.0,0.01864582653782993,0.7589538171536285
Unknown_455104,COL,455104,2019,56,175,152,35,10,0,7,19,55,3,1,0.23,0.5060240963855422,0.4805914972273569,0.76,0.5145118733509234,0.5194029850746269,0.4753028890959925,0.6540999057492931,0.56,0.361,0.5110574989947727,0.18666666666666668,36.0,0.04601082455516814,0.3459000942507069
Unknown_408234,DET,408234,2019,142,565,507,146,23,0,15,50,112,3,5,0.288,0.5843373493975904,0.4584103512014788,0.774,0.32981530343007914,0.6149253731343284,0.38164026095060577,0.3805372290292177,0.708,0.36,0.5082428628870124,0.30000000000000004,36.0,0.03334150020725185,0.6194627709707825
Unknown_640449,NYY,640449,2019,70,256,234,61,15,0,12,17,74,2,3,0.261,0.463855421686747,0.5637707948243993,0.791,0.5514511873350924,0.5701492537313434,0.2786579683131407,0.5947219604147032,0.6367,0.36,0.5082428628870124,0.21333333333333335,25.0,0.07426618073192047,0.40527803958529685
Unknown_571788,BOS,571788,2019,91,308,272,80,15,2,3,28,59,4,4,0.294,0.6204819277108434,0.41219963031423307,0.761,0.24802110817941952,0.6746268656716418,0.3928238583410997,0.36498586239396796,0.7045,0.36,0.5082428628870124,0.22666666666666668,31.0,0.030791657682086075,0.6350141376060321
Unknown_643217,BOS,643217,2019,142,629,555,150,40,5,15,59,143,7,5,0.27,0.5632530120481928,0.49353049907578567,0.786,0.4274406332453826,0.6029850746268658,0.4063373718546132,0.44910461828463716,0.663,0.36,0.5082428628870124,0.31333333333333335,25.0,0.03689697170702307,0.5508953817153628
Unknown_592325,MIL,592325,2019,131,376,330,84,19,0,9,41,107,3,2,0.255,0.5481927710843374,0.4066543438077635,0.734,0.34300791556728233,0.635820895522388,0.4771668219944082,0.5841187558906692,0.5984,0.359,0.505428226779252,0.24000000000000002,27.0,0.040531323146847334,0.4158812441093309
Unknown_467092,NYM,467092,2019,145,534,482,140,21,0,14,44,69,4,4,0.29,0.5843373493975904,0.45656192236598897,0.773,0.32189973614775724,0.5343283582089553,0.353215284249767,0.2179547596606975,0.7809,0.359,0.505428226779252,0.2866666666666667,32.0,0.02034258882155699,0.7820452403393026
Unknown_455976,ATL,455976,2019,125,502,444,124,26,2,9,50,64,2,6,0.279,0.5813253012048193,0.43253234750462116,0.758,0.31398416886543534,0.5104477611940299,0.43336439888164024,0.21394910461828465,0.7689,0.358,0.503015681544029,0.2733333333333333,36.0,0.014771283351504376,0.7860508953817156
Unknown_622682,DET,622682,2019,70,295,277,85,16,5,3,16,64,0,2,0.307,0.5542168674698796,0.47874306839186703,0.776,0.30870712401055406,0.755223880597015,0.22180801491146318,0.4245994344957587,0.7288,0.358,0.503015681544029,0.22000000000000003,25.0,0.06745167110592948,0.5754005655042413
Unknown_542340,BAL,542340,2019,165,726,654,178,34,5,24,62,177,4,4,0.272,0.5391566265060243,0.5101663585951943,0.787,0.44327176781002636,0.6059701492537314,0.36719478098788444,0.48798303487276157,0.6612,0.358,0.503015681544029,0.33333333333333337,28.0,0.04525003894824066,0.5120169651272384
Unknown_645302,WSH,645302,2019,164,649,574,147,35,4,18,37,147,26,5,0.256,0.5090361445783133,0.4639556377079483,0.752,0.42216358839050133,0.5313432835820896,0.23485554520037277,0.44721960414703116,0.6656,0.357,0.5002010454362685,0.30666666666666664,22.0,0.06690660408647174,0.5527803958529689
Unknown_572041,LAD,572041,2019,96,373,336,87,16,1,16,26,88,7,4,0.259,0.49397590361445787,0.5194085027726434,0.777,0.4934036939313984,0.4985074626865672,0.2940354147250699,0.469368520263902,0.6756,0.357,0.5002010454362685,0.24000000000000002,32.0,0.055502735797395966,0.530631479736098
Unknown_570731,MIN,570731,2019,125,479,448,119,25,1,24,20,121,10,1,0.266,0.46084337349397586,0.5785582255083181,0.798,0.5593667546174143,0.5313432835820896,0.1640260950605778,0.5087181903864278,0.6848,0.357,0.5002010454362685,0.26666666666666666,28.0,0.10696048664640435,0.49128180961357226
Unknown_608597,TEX,608597,2019,89,305,265,62,21,0,12,32,90,4,4,0.234,0.49096385542168675,0.5083179297597045,0.77,0.5435356200527705,0.4925373134328358,0.4580615097856477,0.6088595664467482,0.5869,0.357,0.5002010454362685,0.22000000000000003,25.0,0.04444396775001537,0.391140433553252
Unknown_571976,SD,571976,2019,155,510,455,111,25,1,20,51,174,2,1,0.244,0.49397590361445787,0.48243992606284664,0.757,0.48021108179419525,0.635820895522388,0.43522833178005593,0.717483506126296,0.5529,0.357,0.5002010454362685,0.2733333333333333,29.0,0.056034915343175534,0.28251649387370437
Unknown_543510,CWS,543510,2019,119,488,451,120,26,1,18,30,141,6,0,0.266,0.48795180722891573,0.5064695009242146,0.768,0.4564643799472295,0.6417910447761194,0.2558247903075489,0.5942507068803016,0.6352,0.357,0.5002010454362685,0.26666666666666666,29.0,0.08091761370897313,0.40574929311969865
Unknown_621020,ATL,621020,2019,136,581,517,135,30,3,19,52,134,6,5,0.261,0.5271084337349398,0.49353049907578567,0.774,0.45118733509234826,0.5373134328358209,0.3863000931966449,0.45688030160226206,0.6678,0.356,0.4973864093285082,0.2866666666666667,25.0,0.0398640830626677,0.543119698397738
Unknown_431145,LAD,431145,2019,85,264,220,49,7,0,7,34,65,8,2,0.223,0.5632530120481928,0.3253234750462108,0.695,0.3113456464379947,0.4358208955223881,0.5694315004659832,0.4936380772855797,0.5947,0.356,0.4973864093285082,0.20666666666666667,36.0,0.026991780530723444,0.5063619227144205
Unknown_542932,MIA,542932,2019,75,291,260,71,14,1,6,24,74,6,1,0.273,0.5692771084337348,0.42513863216266184,0.751,0.32189973614775724,0.6716417910447762,0.35368126747437095,0.5127238454288408,0.6426,0.356,0.4973864093285082,0.21333333333333335,29.0,0.049655805895996566,0.48727615457115947
Unknown_475253,TOR,475253,2019,126,514,425,90,17,0,23,82,110,6,1,0.212,0.5662650602409639,0.4436229205175602,0.76,0.5092348284960422,0.28358208955223885,0.7124883504193849,0.41776625824693686,0.6148,0.356,0.4973864093285082,0.2733333333333333,33.0,0.01596304725670694,0.5822337417530632
Unknown_608700,CLE,608700,2019,59,188,170,42,12,1,5,14,35,3,1,0.247,0.4698795180722892,0.4510166358595195,0.731,0.4274406332453826,0.4417910447761193,0.31640260950605775,0.35226201696512727,0.7234,0.356,0.4973864093285082,0.18666666666666668,28.0,0.03836969281540173,0.6477379830348726
Unknown_641857,COL,641857,2019,144,553,493,124,24,1,24,57,166,1,1,0.252,0.5180722891566266,0.5101663585951943,0.78,0.5013192612137203,0.5820895522388061,0.44967381174277726,0.6208765315739868,0.5931,0.356,0.4973864093285082,0.28,25.0,0.04635205003325897,0.3791234684260132
Unknown_519390,SF,519390,2019,100,283,258,68,24,2,10,20,67,1,4,0.264,0.4698795180722892,0.5804066543438078,0.803,0.5699208443271768,0.5373134328358209,0.29869524697110905,0.471253534401508,0.689,0.356,0.4973864093285082,0.21333333333333335,35.0,0.05479517663208858,0.5287464655984919
Unknown_643418,SEA,643418,2019,42,168,152,40,12,1,5,16,40,0,0,0.263,0.5271084337349398,0.5175600739371535,0.787,0.48021108179419525,0.5761194029850747,0.41286113699906807,0.47455230914231855,0.6667,0.355,0.49497386409328503,0.18000000000000002,24.0,0.038403014522090884,0.5254476908576815
Unknown_642708,NYM,642708,2019,162,675,633,183,31,7,15,32,124,4,3,0.289,0.5060240963855422,0.4750462107208873,0.757,0.3509234828496042,0.6089552238805972,0.190121155638397,0.3463713477851084,0.7585,0.355,0.49497386409328503,0.30666666666666664,24.0,0.06500672869800422,0.6536286522148917
Unknown_543877,BOS,543877,2019,139,530,491,134,26,1,24,33,103,0,3,0.273,0.4789156626506025,0.5600739371534196,0.793,0.5145118733509234,0.4955223880597015,0.2595526561043802,0.37134778510838834,0.7377,0.355,0.49497386409328503,0.2733333333333333,29.0,0.05035949227353,0.6286522148916116
Unknown_570267,SEA,570267,2019,123,511,456,115,21,1,21,51,166,2,2,0.252,0.5150602409638555,0.49353049907578567,0.77,0.47493403693931396,0.635820895522388,0.4342963653308481,0.679076343072573,0.5675,0.355,0.49497386409328503,0.26666666666666666,27.0,0.053005990142484846,0.3209236569274272
Unknown_518792,CHC,518792,2019,150,601,524,129,20,4,21,69,114,5,3,0.246,0.5421686746987954,0.4547134935304991,0.758,0.43535620052770446,0.4238805970149254,0.5041938490214353,0.36050895381715364,0.6872,0.355,0.49497386409328503,0.2866666666666667,30.0,0.02197770153302584,0.6394910461828465
Unknown_572821,WSH,572821,2019,143,501,433,101,20,0,21,62,113,5,1,0.233,0.533132530120482,0.4639556377079483,0.76,0.4828496042216359,0.39701492537313443,0.5461323392357875,0.4448633364750236,0.6407,0.354,0.4921592279855247,0.26,32.0,0.025249698471683187,0.5551366635249764
Unknown_608365,CHC,608365,2019,79,252,224,57,5,2,9,22,58,3,2,0.254,0.5090361445783133,0.44547134935304994,0.742,0.40105540897097625,0.5014925373134328,0.3760484622553588,0.455937794533459,0.6667,0.354,0.4921592279855247,0.2,25.0,0.04103214973831523,0.5440622054665412
Unknown_605113,AZ,605113,2019,162,640,569,145,33,6,19,54,116,4,12,0.255,0.4819277108433735,0.4805914972273569,0.752,0.4485488126649076,0.444776119402985,0.3625349487418453,0.34048067860508957,0.7266,0.354,0.4921592279855247,0.29333333333333333,29.0,0.03154862585778554,0.6595193213949104
Unknown_642082,BAL,642082,2019,59,206,173,39,8,0,8,24,63,9,0,0.225,0.5783132530120482,0.43622920517560076,0.76,0.46437994722955145,0.5074626865671642,0.5121155638397018,0.634071630537229,0.534,0.354,0.4921592279855247,0.19333333333333336,24.0,0.04080004605040288,0.36592836946277085
Unknown_592696,MIN,592696,2019,143,616,588,161,29,1,33,22,90,0,6,0.274,0.4186746987951807,0.5933456561922368,0.792,0.5593667546174143,0.4119402985074627,0.13560111835973906,0.2577756833176249,0.8182,0.353,0.4893445918777643,0.2866666666666667,28.0,0.06920512533076689,0.742224316682375
Unknown_578428,CIN,578428,2019,149,547,520,151,22,4,13,21,71,3,2,0.29,0.49096385542168675,0.4602587800369687,0.744,0.32717678100263853,0.5402985074626866,0.1481826654240447,0.21936852026390197,0.8245,0.353,0.4893445918777643,0.2733333333333333,29.0,0.0554195711726375,0.7806314797360978
Unknown_596105,BAL,596105,2019,105,408,373,93,17,3,17,26,85,4,4,0.249,0.4337349397590361,0.5064695009242146,0.75,0.4986807387862797,0.4238805970149254,0.26607642124883507,0.4043355325164939,0.7157,0.353,0.4893445918777643,0.24000000000000002,27.0,0.05328673566771573,0.5956644674835061
Unknown_500874,STL,500874,2019,140,400,360,97,15,2,10,36,88,2,2,0.269,0.5421686746987954,0.42883548983364156,0.743,0.33509234828496043,0.5850746268656717,0.38863000931966446,0.43190386427898214,0.685,0.352,0.4869320466425412,0.23333333333333334,31.0,0.037307376550531825,0.5680961357210179
Unknown_606192,TOR,606192,2019,128,482,431,97,19,2,27,49,161,1,1,0.225,0.44277108433734935,0.5397412199630316,0.771,0.6121372031662269,0.4567164179104477,0.44315004659832247,0.7005183788878416,0.5622,0.352,0.4869320466425412,0.25333333333333335,27.0,0.053560682562415654,0.29948162111215826
Unknown_553902,MIN,553902,2019,62,218,203,58,10,0,4,6,8,5,4,0.286,0.4789156626506025,0.4066543438077635,0.711,0.26121372031662266,0.4268656716417911,0.09739049394221808,0.0,0.9128,0.352,0.4869320466425412,0.19333333333333336,28.0,0.01582470687859283,0.9999999999999998
Unknown_598265,BOS,598265,2019,150,582,507,117,29,3,22,57,156,13,2,0.231,0.496987951807229,0.47319778188539746,0.753,0.5013192612137203,0.4567164179104477,0.4254426840633737,0.545004712535344,0.6065,0.352,0.4869320466425412,0.2733333333333333,29.0,0.04297937144311602,0.4549952874646559
Unknown_474568,DET,474568,2019,78,284,269,71,18,0,9,13,61,2,0,0.264,0.4367469879518072,0.4750462107208873,0.734,0.41688654353562005,0.5313432835820896,0.18266542404473438,0.41965127238454286,0.7324,0.351,0.4841174105347808,0.20666666666666667,33.0,0.0807704218917405,0.5803487276154571
Unknown_596103,SF,596103,2019,67,192,168,40,9,3,5,22,59,2,0,0.238,0.5271084337349398,0.44916820702402965,0.75,0.4485488126649076,0.6059701492537314,0.5032618825722274,0.6376060320452404,0.5677,0.351,0.4841174105347808,0.18666666666666668,27.0,0.041895726468884766,0.36239396795475964
Unknown_649966,SD,649966,2019,75,266,228,51,8,1,6,29,60,9,0,0.224,0.533132530120482,0.31792975970425147,0.681,0.30079155672823216,0.4298507462686568,0.4771668219944082,0.44509896324222437,0.6316,0.351,0.4841174105347808,0.2,22.0,0.030054483228588245,0.5549010367577756
Unknown_475582,WSH,475582,2019,64,231,210,55,12,0,8,19,49,0,2,0.262,0.48795180722891573,0.47874306839186703,0.754,0.4274406332453826,0.5044776119402985,0.35274930102516305,0.4132893496701226,0.7056,0.35,0.48130277442702046,0.19333333333333336,35.0,0.039876091821523095,0.5867106503298776
Unknown_663757,MIL,663757,2019,54,192,164,39,7,2,6,21,51,4,3,0.238,0.5271084337349398,0.44547134935304994,0.748,0.44327176781002636,0.4955223880597015,0.4790307548928239,0.5393496701225259,0.6042,0.35,0.48130277442702046,0.18000000000000002,23.0,0.03698498116949642,0.460650329877474
Unknown_446334,SF,446334,2019,135,526,471,118,19,2,20,43,118,7,5,0.251,0.4849397590361446,0.467652495378928,0.746,0.4406332453825857,0.4656716417910447,0.3499534016775396,0.4420358152686145,0.6806,0.35,0.48130277442702046,0.25333333333333335,34.0,0.043132721433544415,0.5579641847313856
Unknown_596129,SEA,596129,2019,146,564,467,96,17,0,30,93,152,2,2,0.206,0.5451807228915663,0.48243992606284664,0.773,0.5804749340369393,0.28656716417910455,0.7376514445479962,0.5485391140433553,0.5621,0.35,0.48130277442702046,0.26666666666666666,27.0,0.021627072616106052,0.45146088595664446
Unknown_502273,CLE,502273,2019,70,213,177,49,8,0,4,22,61,4,4,0.277,0.6144578313253012,0.3992606284658042,0.752,0.27440633245382584,0.7582089552238808,0.4506057781919851,0.5883600377002827,0.5634,0.35,0.48130277442702046,0.18666666666666668,32.0,0.043657202229355194,0.41163996229971733
Unknown_664058,LAA,664058,2019,153,665,607,177,31,4,6,56,66,0,1,0.292,0.5813253012048193,0.39186691312384486,0.736,0.22427440633245382,0.5522388059701493,0.36160298229263743,0.14726672950047126,0.815,0.35,0.48130277442702046,0.2866666666666667,25.0,0.012797539000572416,0.852733270499529
Unknown_542255,ATL,542255,2019,67,244,212,53,11,2,5,26,43,4,2,0.25,0.5481927710843374,0.4029574861367839,0.732,0.3509234828496042,0.4626865671641791,0.4659832246039142,0.3286993402450518,0.7008,0.35,0.48130277442702046,0.19333333333333336,29.0,0.021986780106109834,0.671300659754948
Unknown_657557,STL,657557,2019,172,711,627,146,35,1,30,65,165,13,6,0.233,0.47289156626506024,0.48243992606284664,0.75,0.5118733509234829,0.391044776119403,0.39515377446411926,0.4604147031102734,0.6582,0.349,0.4788902291917973,0.29333333333333333,26.0,0.03914504484783116,0.5395852968897268
Unknown_452678,TEX,452678,2019,141,538,469,118,25,1,18,58,106,3,8,0.252,0.5271084337349398,0.46210720887245854,0.757,0.4327176781002638,0.444776119402985,0.47157502329916123,0.3777097078228087,0.6896,0.349,0.4788902291917973,0.25333333333333335,34.0,0.025365289389006188,0.6222902921771911
Unknown_607461,LAD,607461,2019,105,280,259,69,19,1,9,19,35,2,0,0.266,0.49096385542168675,0.5138632162661738,0.773,0.46437994722955145,0.4328358208955225,0.28564771668219946,0.2080584354382658,0.8,0.349,0.4788902291917973,0.2,26.0,0.02562628512489811,0.791941564561734
Unknown_572122,SEA,572122,2019,106,443,393,94,19,1,23,44,86,4,2,0.239,0.49096385542168675,0.5434380776340113,0.789,0.5804749340369393,0.34029850746268664,0.4319664492078285,0.3708765315739868,0.6975,0.349,0.4788902291917973,0.23333333333333334,32.0,0.027827785918704162,0.6291234684260134
Unknown_600524,BAL,600524,2019,155,612,553,135,25,0,33,45,147,10,4,0.244,0.45783132530120485,0.5434380776340113,0.779,0.5672823218997362,0.40895522388059713,0.3117427772600186,0.4795004712535344,0.6699,0.349,0.4788902291917973,0.2733333333333333,25.0,0.05324824745855962,0.5204995287464658
Unknown_642336,SD,642336,2019,82,254,236,63,11,2,8,13,58,4,1,0.267,0.47289156626506024,0.4768946395563772,0.747,0.41160949868073876,0.5611940298507463,0.20782851817334577,0.45146088595664474,0.7047,0.349,0.4788902291917973,0.19333333333333336,24.0,0.07629984006560768,0.5485391140433555
Unknown_518586,ATL,518586,2019,96,155,145,35,5,2,5,7,47,1,1,0.241,0.3644578313253013,0.4306839186691313,0.686,0.41424802110817943,0.5522388059701493,0.17986952469711087,0.6279453345900095,0.6387,0.349,0.4788902291917973,0.17333333333333334,30.0,0.11983001691063522,0.37205466540999055
Unknown_435559,WSH,435559,2019,95,346,312,78,12,0,17,23,45,7,4,0.25,0.463855421686747,0.5138632162661738,0.764,0.5092348284960422,0.31641791044776124,0.27912395153774466,0.22007540056550423,0.7832,0.348,0.47607559308403696,0.21333333333333335,36.0,0.02786084897528128,0.7799245994344959
Unknown_623912,MIA,623912,2019,122,455,431,119,21,4,11,18,93,5,1,0.276,0.463855421686747,0.4547134935304991,0.732,0.35620052770448546,0.5820895522388061,0.15377446411929171,0.39514608859566447,0.7429,0.348,0.47607559308403696,0.23333333333333334,25.0,0.08989964212890446,0.6048539114043354
Unknown_450314,CHC,450314,2019,52,194,166,43,5,0,2,25,24,1,2,0.259,0.5963855421686747,0.279112754158965,0.681,0.1503957783641161,0.4626865671641791,0.569897483690587,0.204995287464656,0.7423,0.348,0.47607559308403696,0.18000000000000002,38.0,0.008568578656823955,0.7950047125353439
Unknown_543592,SEA,543592,2019,73,272,242,64,12,1,10,23,66,4,2,0.264,0.5361445783132531,0.5027726432532349,0.782,0.4564643799472295,0.5582089552238807,0.36346691519105306,0.4851555136663525,0.6544,0.348,0.47607559308403696,0.2,30.0,0.04549800938481291,0.5148444863336474
Unknown_592200,CIN,592200,2019,83,243,214,53,10,0,8,25,59,1,3,0.248,0.5030120481927711,0.4306839186691313,0.732,0.39577836411609496,0.4955223880597015,0.4487418452935695,0.485626767200754,0.6502,0.348,0.47607559308403696,0.19333333333333336,31.0,0.03566463418980837,0.5143732327992461
Unknown_571875,AZ,571875,2019,82,237,197,40,8,2,8,33,58,5,2,0.203,0.5150602409638555,0.39186691312384486,0.715,0.45910290237467016,0.31940298507462683,0.6178937558247902,0.49010367577756836,0.5949,0.348,0.47607559308403696,0.18666666666666668,29.0,0.02401899782068037,0.5098963242224317
Unknown_641856,TOR,641856,2019,88,294,267,58,14,1,13,21,77,2,2,0.217,0.35843373493975916,0.4602587800369687,0.701,0.5197889182058048,0.34925373134328364,0.3019571295433365,0.530631479736098,0.6531,0.348,0.47607559308403696,0.2,25.0,0.06099122911511996,0.46936852026390197
Unknown_669222,CIN,669222,2019,102,418,384,97,21,4,12,30,102,3,1,0.253,0.46084337349397586,0.4584103512014788,0.733,0.42216358839050133,0.5373134328358209,0.3038210624417521,0.48845428840716304,0.6651,0.348,0.47607559308403696,0.22666666666666668,24.0,0.055770300074550305,0.511545711592837
Unknown_514917,PHI,514917,2019,166,683,627,176,33,3,14,46,104,6,4,0.281,0.5301204819277109,0.43622920517560076,0.744,0.31662269129287596,0.5432835820895523,0.28285181733457593,0.2723845428840716,0.7716,0.347,0.47326095697627657,0.28,29.0,0.03379545413369467,0.7276154571159283
Unknown_474832,SF,474832,2019,161,635,542,127,33,3,19,85,130,4,4,0.234,0.5481927710843374,0.4380776340110906,0.752,0.44327176781002636,0.4119402985074627,0.5931966449207828,0.39585296889726673,0.6551,0.347,0.47326095697627657,0.26666666666666666,31.0,0.019583690624923558,0.6041470311027333
Unknown_466320,PIT,466320,2019,138,410,390,108,22,1,8,18,44,1,0,0.277,0.46084337349397586,0.4177449168207025,0.711,0.30079155672823216,0.4835820895522388,0.17381174277726003,0.16635249764373233,0.8439,0.347,0.47326095697627657,0.22666666666666668,35.0,0.03730247765966493,0.8336475023562675
Unknown_453943,NYM,453943,2019,130,499,447,112,19,2,21,40,106,12,0,0.251,0.5150602409638555,0.4972273567467654,0.772,0.4828496042216359,0.4477611940298507,0.34296365330848083,0.41399622997172486,0.6834,0.347,0.47326095697627657,0.24000000000000002,33.0,0.041254636487330215,0.5860037700282752
Unknown_665489,TOR,665489,2019,123,514,464,126,26,2,15,46,91,2,2,0.272,0.5451807228915663,0.47874306839186703,0.772,0.40369393139841686,0.5194029850746269,0.3863000931966449,0.3305843543826579,0.7296,0.347,0.47326095697627657,0.2466666666666667,20.0,0.028272398650502774,0.6694156456173419
Unknown_592567,PIT,592567,2019,151,521,481,133,30,1,13,32,121,3,4,0.277,0.496987951807229,0.46210720887245854,0.747,0.366754617414248,0.6208955223880598,0.255358807082945,0.46065032987747406,0.6987,0.347,0.47326095697627657,0.2466666666666667,27.0,0.0631917914353502,0.539349670122526
Unknown_588751,NYM,588751,2019,84,228,209,50,13,1,9,14,51,3,2,0.239,0.40963855421686746,0.4916820702402959,0.734,0.5065963060686016,0.4119402985074627,0.255358807082945,0.44062205466541,0.7018,0.346,0.47084841174105346,0.18666666666666668,30.0,0.06051228164010175,0.55937794533459
Unknown_591741,PIT,591741,2019,98,293,269,70,20,0,10,18,51,1,5,0.26,0.43975903614457834,0.5027726432532349,0.75,0.46701846965699206,0.4417910447761193,0.255358807082945,0.323751178133836,0.7577,0.346,0.47084841174105346,0.2,27.0,0.044876553893710786,0.676248821866164
Unknown_571657,CIN,571657,2019,98,213,199,46,7,0,10,10,65,3,1,0.231,0.35843373493975916,0.44916820702402965,0.694,0.46701846965699206,0.4597014925373134,0.18779123951537743,0.6326578699340245,0.6338,0.346,0.47084841174105346,0.18000000000000002,29.0,0.11594919851896901,0.3673421300659756
Unknown_429664,NYM,429664,2019,110,443,409,107,29,0,13,26,72,5,3,0.262,0.463855421686747,0.46950092421441786,0.739,0.41424802110817943,0.4567164179104477,0.2427772600186393,0.2964184731385486,0.7675,0.346,0.47084841174105346,0.22666666666666668,37.0,0.04357602901723955,0.7035815268614514
Unknown_640458,CLE,640458,2019,112,482,438,118,25,3,15,28,84,5,4,0.269,0.4819277108433735,0.4972273567467654,0.761,0.43535620052770446,0.4955223880597015,0.23998136067101583,0.32422243166823755,0.7427,0.346,0.47084841174105346,0.23333333333333334,25.0,0.048060442003358954,0.6757775683317624
Unknown_642715,TB,642715,2019,159,615,558,141,26,1,22,50,162,3,1,0.253,0.4789156626506025,0.45656192236598897,0.738,0.4195250659630607,0.546268656716418,0.34808946877912395,0.5341658812441094,0.6455,0.345,0.46803377563329307,0.26,24.0,0.05270290937598174,0.46583411875589054
Unknown_465041,PIT,465041,2019,53,172,151,34,9,1,5,15,42,5,0,0.225,0.47590361445783136,0.41219963031423307,0.713,0.4300791556728232,0.4328358208955225,0.37558247903075487,0.4889255419415646,0.6337,0.345,0.46803377563329307,0.17333333333333334,33.0,0.04419821711823801,0.5110744580584354
Unknown_435522,MIA,435522,2019,118,391,347,90,19,1,10,42,80,1,1,0.259,0.5481927710843374,0.42883548983364156,0.746,0.36411609498680736,0.5253731343283582,0.46971109040074555,0.395617342130066,0.6854,0.345,0.46803377563329307,0.21333333333333335,34.0,0.026866690652758894,0.6043826578699341
Unknown_444489,MIL,444489,2019,76,189,167,39,8,0,8,17,53,4,1,0.234,0.4789156626506025,0.4639556377079483,0.743,0.4828496042216359,0.4656716417910447,0.38816402609506057,0.5742224316682375,0.6085,0.345,0.46803377563329307,0.17333333333333334,32.0,0.050364157694365065,0.4257775683317626
Unknown_594824,SD,594824,2019,137,381,318,78,13,4,4,55,85,5,2,0.245,0.6174698795180723,0.32347504621072093,0.712,0.25065963060686014,0.555223880597015,0.6421248835041938,0.43920829406220546,0.6168,0.345,0.46803377563329307,0.21333333333333335,30.0,0.0198984316643689,0.5607917059377947
Unknown_592444,DET,592444,2019,90,343,307,71,20,3,11,28,96,6,1,0.231,0.4487951807228916,0.4602587800369687,0.73,0.4828496042216359,0.4925373134328358,0.34948741845293574,0.5730442978322337,0.6181,0.345,0.46803377563329307,0.20666666666666667,27.0,0.056386161063525814,0.4269557021677661
Unknown_467827,WSH,467827,2019,126,314,286,71,14,3,9,20,59,5,2,0.248,0.4487951807228916,0.44177449168207034,0.719,0.40897097625329815,0.4417910447761193,0.26607642124883507,0.3562676720075401,0.7293,0.344,0.46521913952553273,0.2,32.0,0.047088108298362324,0.64373232799246
Unknown_460086,KC,460086,2019,152,637,559,149,31,1,13,51,101,20,6,0.267,0.5662650602409639,0.40850277264325335,0.741,0.31662269129287596,0.5014925373134328,0.342497670083877,0.28722902921771915,0.7284,0.344,0.46521913952553273,0.26,35.0,0.028318297115808917,0.7127709707822809
Unknown_622534,SD,622534,2019,153,456,413,99,21,4,14,38,91,2,0,0.24,0.4487951807228916,0.4399260628465805,0.718,0.4300791556728232,0.4238805970149254,0.3574091332712022,0.3838360037700283,0.7061,0.344,0.46521913952553273,0.22666666666666668,25.0,0.03637277638392356,0.6161639962299716
Unknown_623993,BAL,623993,2019,93,405,380,99,20,1,20,19,86,2,3,0.261,0.4186746987951807,0.5582255083179299,0.773,0.546174142480211,0.4507462686567164,0.18779123951537743,0.41376060320452407,0.7333,0.344,0.46521913952553273,0.21333333333333335,25.0,0.0776095907359892,0.5862393967954762
Unknown_592348,DET,592348,2019,118,488,436,109,28,5,12,47,141,2,3,0.25,0.5,0.4547134935304991,0.743,0.42480211081794195,0.6119402985074628,0.41798695246971107,0.5942507068803016,0.6107,0.344,0.46521913952553273,0.23333333333333334,27.0,0.04806044200335895,0.40574929311969865
Unknown_451594,STL,451594,2019,161,625,534,121,25,1,21,78,157,8,4,0.227,0.5240963855421686,0.40850277264325335,0.727,0.42216358839050133,0.4298507462686568,0.5507921714818266,0.5054194156456172,0.6096,0.343,0.46280659429030957,0.25333333333333335,33.0,0.028953071852566133,0.4945805843543827
Unknown_543305,NYY,543305,2019,60,260,224,52,10,0,12,33,73,0,3,0.232,0.5090361445783133,0.4879852125693162,0.764,0.5171503957783641,0.4417910447761193,0.5605778191985089,0.5751649387370404,0.5923,0.343,0.46280659429030957,0.18666666666666668,30.0,0.03282311946807625,0.42483506126295967
Unknown_592669,SD,592669,2019,144,511,456,98,21,1,33,47,159,2,6,0.215,0.39156626506024095,0.5693160813308689,0.77,0.683377308707124,0.31940298507462683,0.3979496738117428,0.6467954759660697,0.593,0.343,0.46280659429030957,0.23333333333333334,27.0,0.055466031428262494,0.35320452403393054
Unknown_457803,SEA,457803,2019,99,335,312,67,17,0,26,19,84,1,3,0.215,0.30722891566265065,0.6377079482439927,0.779,0.7783641160949868,0.19701492537313436,0.23345759552656103,0.5042412818096135,0.6896,0.343,0.46280659429030957,0.2,32.0,0.07557463487630707,0.49575871819038664
Unknown_641553,CWS,641553,2019,85,266,243,58,11,2,7,16,79,6,0,0.239,0.4337349397590361,0.3937153419593347,0.689,0.366754617414248,0.5701492537313434,0.249767008387698,0.6133364750235626,0.6165,0.342,0.45999195818254923,0.18666666666666668,28.0,0.08548539671559048,0.38666352497643763
Unknown_642136,LAA,642136,2019,57,176,158,35,9,0,8,18,54,0,0,0.222,0.4307228915662651,0.47319778188539746,0.732,0.5277044854881267,0.4388059701492538,0.44594594594594594,0.6364278982092366,0.5909,0.342,0.45999195818254923,0.17333333333333334,24.0,0.048041521653588576,0.3635721017907636
Unknown_430945,AZ,430945,2019,138,540,497,128,25,1,17,31,105,9,3,0.258,0.46084337349397586,0.4436229205175602,0.726,0.39050131926121373,0.4776119402985074,0.23671947809878846,0.3715834118755891,0.7296,0.342,0.45999195818254923,0.23333333333333334,34.0,0.05554637398062326,0.6284165881244108
Unknown_607345,LAA,607345,2019,63,225,205,52,14,0,5,16,43,3,1,0.254,0.47590361445783136,0.40850277264325335,0.711,0.34828496042216356,0.4865671641791045,0.3005591798695247,0.36380772855796417,0.7244,0.342,0.45999195818254923,0.18000000000000002,31.0,0.042016946989364964,0.6361922714420356
Unknown_656308,BOS,656308,2019,95,382,347,88,10,1,18,31,127,4,0,0.254,0.49397590361445787,0.49907578558225524,0.766,0.4775725593667546,0.635820895522388,0.34762348555452,0.6969839773798304,0.5759,0.342,0.45999195818254923,0.20666666666666667,24.0,0.06925139685263723,0.3030160226201697
Unknown_542921,SEA,542921,2019,88,332,308,72,21,1,15,21,105,3,0,0.234,0.39457831325301196,0.5194085027726434,0.744,0.5593667546174143,0.5044776119402985,0.26421248835041933,0.6588124410933083,0.6114,0.342,0.45999195818254923,0.2,29.0,0.08671032275892336,0.3411875589066917
Unknown_542583,MIL,542583,2019,136,384,330,78,13,0,12,45,82,2,7,0.236,0.5060240963855422,0.390018484288355,0.71,0.366754617414248,0.4119402985074627,0.5153774464119292,0.4165881244109331,0.6562,0.341,0.45717732207478884,0.20666666666666667,29.0,0.025253300277558892,0.5834118755890669
Unknown_520471,TOR,520471,2019,153,605,571,149,28,1,23,30,150,1,2,0.261,0.42168674698795183,0.4805914972273569,0.732,0.4327176781002638,0.5402985074626866,0.2003727865796831,0.49764373232799247,0.6992,0.341,0.45717732207478884,0.24000000000000002,30.0,0.0867324544121352,0.5023562676720075
Unknown_545350,HOU,545350,2019,109,331,301,70,16,3,11,21,99,6,0,0.233,0.4156626506024096,0.44547134935304994,0.711,0.45910290237467016,0.5223880597014926,0.2646784715750233,0.6182846371347784,0.6103,0.34,0.45476477683956573,0.19333333333333336,28.0,0.08130674941760456,0.3817153628652217
Unknown_663586,ATL,663586,2019,85,308,283,64,11,1,19,18,110,5,2,0.226,0.37349397590361444,0.5526802218114604,0.756,0.6279683377308707,0.4597014925373134,0.24137931034482757,0.7549481621112157,0.5682,0.34,0.45476477683956573,0.19333333333333336,22.0,0.10834757711576744,0.24505183788878426
Unknown_405395,LAA,405395,2019,136,557,502,122,22,0,24,44,69,3,8,0.243,0.4367469879518072,0.47319778188539746,0.734,0.4696569920844327,0.30149253731343284,0.33737185461323393,0.20546654099905748,0.7917,0.34,0.45476477683956573,0.23333333333333334,39.0,0.02035020067568115,0.7945334590009423
Unknown_544725,CWS,544725,2019,141,630,588,168,27,3,10,22,140,6,3,0.286,0.4789156626506025,0.40480591497227375,0.709,0.25857519788918204,0.6686567164179104,0.13187325256290772,0.43708765315739867,0.7159,0.34,0.45476477683956573,0.2466666666666667,28.0,0.11322586731203908,0.5629123468426014
Unknown_516416,PHI,516416,2019,149,633,591,165,37,4,12,30,75,8,3,0.279,0.49096385542168675,0.4473197781885398,0.737,0.33773087071240104,0.5014925373134328,0.190121155638397,0.19274269557021678,0.8199,0.34,0.45476477683956573,0.2466666666666667,29.0,0.03838268309581453,0.8072573044297828
Unknown_545121,AZ,545121,2019,87,225,215,57,10,1,6,9,24,0,1,0.265,0.40662650602409633,0.4269870609981517,0.698,0.345646437994723,0.4179104477611941,0.15563839701770735,0.1649387370405278,0.8533,0.34,0.45476477683956573,0.18000000000000002,28.0,0.04162473232984191,0.8350612629594723
Unknown_628356,PIT,628356,2019,69,199,184,35,9,1,12,13,62,1,1,0.19,0.2650602409638554,0.5027726432532349,0.692,0.6490765171503957,0.21791044776119406,0.27353215284249766,0.6477379830348727,0.6181,0.34,0.45476477683956573,0.17333333333333334,32.0,0.08235498122549947,0.3522620169651274
Unknown_592387,SEA,592387,2019,48,191,173,41,16,0,7,13,40,1,4,0.237,0.39156626506024095,0.512014787430684,0.739,0.5408970976253298,0.38208955223880603,0.28657968313140725,0.4069274269557022,0.7173,0.34,0.45476477683956573,0.17333333333333334,27.0,0.049509974174533004,0.5930725730442978
Unknown_571431,WSH,571431,2019,118,348,325,74,14,0,23,20,120,2,1,0.228,0.35542168674698804,0.5711645101663587,0.759,0.6490765171503957,0.4328358208955225,0.23718546132339235,0.725966069745523,0.592,0.339,0.45195014073180534,0.19333333333333336,31.0,0.10605967190839902,0.274033930254477
Unknown_607732,PIT,607732,2019,73,216,197,51,6,0,6,16,42,2,0,0.259,0.49096385542168675,0.3826247689463957,0.702,0.29815303430079154,0.5014925373134328,0.3145386766076421,0.3715834118755891,0.7176,0.339,0.45195014073180534,0.17333333333333334,30.0,0.04077273691508663,0.6284165881244108
Unknown_592122,SF,592122,2019,93,188,161,30,6,1,9,26,69,0,1,0.186,0.42168674698795183,0.42513863216266184,0.702,0.5488126649076517,0.34626865671641793,0.6136999068033551,0.7782752120640904,0.4947,0.339,0.45195014073180534,0.16666666666666669,28.0,0.04135668709849448,0.22172478793590966
Unknown_664056,STL,664056,2019,133,431,370,77,16,3,12,48,124,10,2,0.208,0.4698795180722892,0.3530499075785583,0.679,0.39050131926121373,0.42089552238805983,0.4883504193849021,0.5914231856738925,0.5754,0.338,0.449135504624045,0.20666666666666667,25.0,0.03998116392075903,0.40857681432610726
Unknown_596748,PHI,596748,2019,125,441,402,95,19,0,18,36,65,0,3,0.236,0.4186746987951807,0.4510166358595195,0.715,0.4564643799472295,0.31343283582089554,0.34948741845293574,0.2608388312912347,0.771,0.338,0.449135504624045,0.20666666666666667,27.0,0.0249571646113289,0.7391611687087651
Unknown_592261,TEX,592261,2019,110,420,368,91,17,4,4,38,104,4,2,0.247,0.496987951807229,0.32162661737523107,0.671,0.24274406332453824,0.5910447761194031,0.39095992544268404,0.4969368520263902,0.6333,0.338,0.449135504624045,0.20666666666666667,27.0,0.042948874315175266,0.5030631479736096
Unknown_643393,HOU,643393,2019,112,292,256,58,11,4,9,25,50,6,4,0.227,0.4457831325301205,0.42883548983364156,0.712,0.45118733509234826,0.32835820895522394,0.3681267474370922,0.3169180018850141,0.7192,0.338,0.449135504624045,0.18666666666666668,28.0,0.02870492418827012,0.6830819981149858
Unknown_572073,BAL,572073,2019,67,201,180,40,11,2,3,18,53,3,0,0.222,0.4367469879518072,0.3364140480591498,0.659,0.32717678100263853,0.4895522388059701,0.38676607642124883,0.5348727615457115,0.6318,0.338,0.449135504624045,0.17333333333333334,28.0,0.04695873284200902,0.4651272384542884
Unknown_642165,CIN,642165,2019,97,267,235,55,13,1,8,29,58,2,1,0.234,0.49397590361445787,0.4177449168207025,0.722,0.41424802110817943,0.4238805970149254,0.4753028890959925,0.425306314797361,0.6667,0.338,0.449135504624045,0.18000000000000002,24.0,0.02870492418827012,0.574693685202639
Unknown_571466,CIN,571466,2019,118,375,325,74,14,0,11,46,87,2,1,0.228,0.5060240963855422,0.3659889094269872,0.699,0.3588390501319261,0.4238805970149254,0.5410065237651445,0.4601790763430726,0.6373,0.338,0.449135504624045,0.2,28.0,0.026591118656711932,0.5398209236569276
Unknown_641658,COL,641658,2019,105,335,306,76,9,5,9,25,89,0,2,0.248,0.4367469879518072,0.41589648798521267,0.702,0.37203166226912926,0.5522388059701493,0.3168685927306617,0.5395852968897267,0.6537,0.337,0.44672295938882184,0.18666666666666668,25.0,0.05893170469038604,0.4604147031102732
Unknown_571506,LAA,571506,2019,57,188,165,29,5,0,9,21,55,1,1,0.176,0.34036144578313254,0.3622920517560075,0.641,0.48812664907651715,0.18507462686567167,0.4897483690587139,0.6029688972667295,0.5904,0.337,0.44672295938882184,0.16666666666666669,31.0,0.040695988045066425,0.3970311027332707
Unknown_595751,MIA,595751,2019,130,470,436,114,14,1,18,22,157,10,2,0.261,0.46084337349397586,0.4584103512014788,0.733,0.40105540897097625,0.6895522388059702,0.18732525629077354,0.7005183788878416,0.5979,0.337,0.44672295938882184,0.20666666666666667,26.0,0.1281294216828717,0.29948162111215826
Unknown_462101,TEX,462101,2019,152,660,611,168,28,4,12,34,98,5,10,0.275,0.4698795180722892,0.40480591497227375,0.706,0.28759894459102897,0.5104477611940299,0.20922646784715748,0.26343072573044296,0.7924,0.336,0.4439083232810615,0.23333333333333334,31.0,0.04580543021907675,0.7365692742695569
Unknown_519222,NYY,519222,2019,71,246,233,65,12,0,8,11,51,0,1,0.279,0.45783132530120485,0.47874306839186703,0.744,0.38522427440633245,0.573134328358209,0.17753960857409132,0.4019792648444864,0.7439,0.336,0.4439083232810615,0.17333333333333334,31.0,0.07975672621061851,0.5980207351555136
Unknown_600474,BAL,600474,2019,96,345,309,76,13,0,13,29,73,4,2,0.246,0.4789156626506025,0.4436229205175602,0.731,0.4195250659630607,0.4358208955223881,0.36113699906803354,0.4121112158341188,0.6899,0.336,0.4439083232810615,0.18666666666666668,26.0,0.038693384035771376,0.5878887841658813
Unknown_650859,LAA,650859,2019,108,410,360,87,18,3,7,41,93,5,3,0.242,0.5030120481927711,0.356746765249538,0.692,0.30606860158311344,0.5074626865671642,0.43522833178005593,0.4479264844486334,0.6585,0.336,0.4439083232810615,0.2,22.0,0.03389220296271392,0.5520735155513667
Unknown_543228,WSH,543228,2019,106,385,338,76,17,0,12,41,95,5,1,0.225,0.4789156626506025,0.38447319778188555,0.699,0.39050131926121373,0.4238805970149254,0.46551724137931033,0.4950518378887842,0.6338,0.335,0.4410936871733011,0.19333333333333336,32.0,0.034847802142730235,0.5049481621112157
Unknown_502210,HOU,502210,2019,148,574,526,140,19,3,15,38,75,0,9,0.266,0.46084337349397586,0.41589648798521267,0.71,0.32717678100263853,0.4388059701492538,0.27772600186393287,0.22148916116870881,0.7962,0.335,0.4410936871733011,0.22000000000000003,32.0,0.02820787916884942,0.7785108388312911
Unknown_452095,ATL,452095,2019,86,318,277,64,11,3,11,32,107,7,2,0.231,0.5,0.4399260628465805,0.735,0.4538258575197889,0.5820895522388061,0.43802423112767935,0.7064090480678605,0.5409,0.335,0.4410936871733011,0.18000000000000002,33.0,0.05473674884415003,0.2935909519321396
Unknown_596059,TEX,596059,2019,149,595,535,110,30,1,31,53,182,5,1,0.206,0.37650602409638545,0.48983364140480606,0.722,0.5936675461741425,0.33134328358208953,0.38443616029822925,0.6343072573044297,0.595,0.335,0.4410936871733011,0.22000000000000003,25.0,0.05644566072010898,0.36569274269557006
Unknown_570481,PIT,570481,2019,54,172,155,37,4,1,1,12,37,1,1,0.239,0.4156626506024096,0.22735674676524958,0.593,0.12928759894459102,0.5104477611940299,0.2945013979496738,0.42035815268614524,0.6919,0.335,0.4410936871733011,0.16666666666666669,28.0,0.04964105019169714,0.5796418473138547
Unknown_641796,AZ,641796,2019,82,250,212,53,12,2,1,14,44,22,1,0.25,0.5993975903614458,0.30683918669131255,0.697,0.21372031662269128,0.5253731343283582,0.23019571295433366,0.32822808671065035,0.676,0.335,0.4410936871733011,0.17333333333333334,27.0,0.05082551597694306,0.6717719132893498
Unknown_572365,CWS,572365,2019,55,171,152,38,6,1,3,17,45,1,0,0.25,0.5150602409638555,0.34750462107208885,0.691,0.2717678100263852,0.6059701492537314,0.43243243243243246,0.5336946277097078,0.6257,0.334,0.43868114193807795,0.16,31.0,0.041245118829031896,0.46630537229029234
Unknown_545341,TOR,545341,2019,155,644,599,138,29,5,33,38,167,5,2,0.23,0.37048192771084343,0.5304990757855823,0.742,0.58311345646438,0.38208955223880603,0.24417520969245105,0.5245051837888783,0.6739,0.334,0.43868114193807795,0.22666666666666668,28.0,0.07505974905728793,0.47549481621112166
Unknown_543333,SD,543333,2019,165,683,633,166,30,2,22,42,166,3,5,0.262,0.45481927710843373,0.4547134935304991,0.729,0.39313984168865435,0.555223880597015,0.2558247903075489,0.48609802073515557,0.6911,0.334,0.43868114193807795,0.22666666666666668,30.0,0.06647178821771173,0.5139019792648445
Unknown_425877,STL,425877,2019,124,500,462,122,26,0,11,25,62,7,6,0.264,0.4518072289156626,0.4029574861367839,0.7,0.31398416886543534,0.4388059701492538,0.2022367194780988,0.20570216776625827,0.812,0.333,0.4358665058303176,0.2,37.0,0.037995572739512755,0.7942978322337415
Unknown_595777,ATH,595777,2019,140,532,471,105,24,3,21,49,77,9,3,0.223,0.4457831325301205,0.4547134935304991,0.727,0.49604221635883905,0.26567164179104485,0.3984156570363467,0.2544769085768143,0.7462,0.333,0.4358665058303176,0.20666666666666667,26.0,0.020403697763774917,0.7455230914231856
Unknown_640461,ATH,640461,2019,121,375,346,84,22,0,13,20,88,5,3,0.243,0.4006024096385542,0.45286506469500937,0.711,0.4406332453825857,0.453731343283582,0.21761416589002794,0.46654099905749297,0.696,0.333,0.4358665058303176,0.18666666666666668,27.0,0.07522353267068808,0.5334590009425071
Unknown_457708,LAA,457708,2019,66,266,225,47,8,0,12,34,81,2,5,0.209,0.463855421686747,0.42513863216266184,0.716,0.4934036939313984,0.36119402985074633,0.5647716682199441,0.6310084825636192,0.5602,0.333,0.4358665058303176,0.17333333333333334,32.0,0.03611090870437218,0.3689915174363809
Unknown_656185,CLE,656185,2019,86,271,245,55,11,3,4,12,55,9,1,0.224,0.3825301204819277,0.312384473197782,0.628,0.28759894459102897,0.4149253731343284,0.17567567567567566,0.39184731385485394,0.7048,0.332,0.43305186972255727,0.17333333333333334,26.0,0.07868847357983133,0.6081526861451458
Unknown_609275,KC,609275,2019,105,452,423,112,22,10,9,20,134,0,6,0.265,0.40963855421686746,0.46950092421441786,0.722,0.40633245382585753,0.6746268656716418,0.17520969245107176,0.6121583411875589,0.6527,0.332,0.43305186972255727,0.19333333333333336,24.0,0.11983350467062268,0.38784165881244115
Unknown_595956,KC,595956,2019,46,150,132,31,7,0,4,12,30,3,1,0.235,0.46084337349397586,0.378927911275416,0.69,0.35620052770448546,0.4149253731343284,0.34203168685927304,0.38477851083883136,0.6867,0.332,0.43305186972255727,0.16,27.0,0.03838268309581453,0.6152214891611687
Unknown_503556,MIN,503556,2019,120,484,445,117,20,0,15,32,108,6,1,0.263,0.48795180722891573,0.434380776340111,0.729,0.3614775725593667,0.5432835820895523,0.27726001863932903,0.43920829406220546,0.6983,0.331,0.4306393244873341,0.19333333333333336,30.0,0.055322421455918744,0.5607917059377947
Unknown_622569,PIT,622569,2019,74,177,160,36,9,2,2,15,36,1,1,0.225,0.40963855421686746,0.31423290203327175,0.638,0.29023746701846964,0.4238805970149254,0.363932898415657,0.39278982092365694,0.7062,0.331,0.4306393244873341,0.16,26.0,0.03647455353553128,0.6072101790763431
Unknown_475174,CWS,475174,2019,126,355,308,63,15,0,11,43,73,2,2,0.205,0.43975903614457834,0.34380776340110913,0.665,0.38786279683377306,0.28656716417910455,0.5335507921714818,0.3979736098020735,0.6676,0.331,0.4306393244873341,0.18000000000000002,32.0,0.022855114510051705,0.6020263901979264
Unknown_607752,BOS,607752,2019,63,167,154,34,5,1,7,11,37,1,1,0.221,0.3524096385542169,0.4232902033271721,0.678,0.4564643799472295,0.32537313432835824,0.27632805219012113,0.43567389255419414,0.7066,0.331,0.4306393244873341,0.16,26.0,0.05508012145374776,0.5643261074458059
Unknown_572039,ATH,572039,2019,96,401,365,91,17,1,14,29,87,3,3,0.249,0.4518072289156626,0.4473197781885398,0.724,0.41688654353562005,0.4597014925373134,0.3061509785647717,0.4248350612629595,0.7007,0.33,0.4278246883795737,0.18000000000000002,28.0,0.04808721312066889,0.5751649387370406
Unknown_547172,COL,547172,2019,120,416,363,96,18,2,1,37,69,8,6,0.264,0.5512048192771085,0.29390018484288366,0.674,0.158311345646438,0.5492537313432836,0.38350419384902146,0.30442978322337416,0.7212,0.33,0.4278246883795737,0.18666666666666668,27.0,0.026114028102785784,0.695570216776626
Unknown_547004,BAL,547004,2019,126,430,386,90,16,2,13,41,91,0,2,0.233,0.44277108433734935,0.39186691312384486,0.691,0.37994722955145116,0.40895522388059713,0.4133271202236719,0.4121112158341188,0.6907,0.33,0.4278246883795737,0.18666666666666668,25.0,0.03297004353891929,0.5878887841658813
Unknown_435263,ATL,435263,2019,94,343,302,74,12,0,12,33,56,2,6,0.245,0.4819277108433735,0.42513863216266184,0.722,0.39577836411609496,0.37014925373134333,0.4175209692451071,0.2983034872761546,0.7347,0.329,0.4250100522718134,0.17333333333333334,35.0,0.022849980649610198,0.7016965127238455
Unknown_456715,MIL,456715,2019,150,639,578,149,30,0,11,50,110,7,4,0.258,0.49397590361445787,0.356746765249538,0.689,0.2638522427440633,0.4925373134328358,0.3336439888164026,0.31903864278982097,0.7371,0.329,0.4250100522718134,0.20666666666666667,33.0,0.032590878532220174,0.6809613572101789
Unknown_641343,CLE,641343,2019,121,442,388,89,16,2,12,48,119,3,3,0.229,0.4789156626506025,0.3696857670979668,0.69,0.35620052770448546,0.4835820895522388,0.4753028890959925,0.547832233741753,0.6154,0.329,0.4250100522718134,0.18666666666666668,24.0,0.037972759606176375,0.45216776625824706
Unknown_606132,COL,606132,2019,143,456,435,119,23,5,9,21,103,0,0,0.274,0.4487951807228916,0.4380776340110906,0.719,0.3403693931398417,0.6179104477611942,0.18406337371854614,0.44580584354382663,0.7281,0.329,0.4250100522718134,0.18666666666666668,25.0,0.08484012444591384,0.5541941564561734
Unknown_571771,LAD,571771,2019,138,485,437,102,20,1,18,38,105,6,4,0.233,0.4307228915662651,0.4306839186691313,0.708,0.43535620052770446,0.3880597014925373,0.3345759552656104,0.42365692742695577,0.6928,0.328,0.4225975070365902,0.18666666666666668,28.0,0.04344375599389261,0.5763430725730443
Unknown_607680,SF,607680,2019,165,659,624,161,37,3,22,18,91,10,7,0.258,0.3885542168674698,0.47874306839186703,0.719,0.4379947229551451,0.4,0.09645852749301026,0.23892554194156457,0.8194,0.328,0.4225975070365902,0.20666666666666667,30.0,0.08790586695603263,0.7610744580584352
Unknown_546991,CHC,546991,2019,120,379,354,86,12,1,13,17,65,1,2,0.243,0.3614457831325302,0.40480591497227375,0.671,0.37203166226912926,0.38507462686567173,0.17847157502329916,0.31762488218661644,0.7678,0.328,0.4225975070365902,0.17333333333333334,25.0,0.06392420716138275,0.6823751178133837
Unknown_543401,CLE,543401,2019,122,512,459,112,23,1,17,40,88,2,6,0.244,0.43975903614457834,0.43622920517560076,0.713,0.41424802110817943,0.3880597014925373,0.3331780055917987,0.31856738925541944,0.7363,0.328,0.4225975070365902,0.18666666666666668,32.0,0.032595854145976835,0.6814326107445807
Unknown_572761,STL,572761,2019,138,510,430,95,20,2,15,66,136,7,6,0.221,0.5180722891566266,0.3826247689463957,0.711,0.39841688654353563,0.4388059701492538,0.5722273998136066,0.5419415645617341,0.5882,0.327,0.4197828709288299,0.18666666666666668,34.0,0.029886597996146486,0.45805843543826597
Unknown_455117,KC,455117,2019,107,392,349,78,21,0,12,34,90,6,1,0.223,0.4367469879518072,0.3937153419593347,0.689,0.40633245382585753,0.39402985074626873,0.3732525629077353,0.4545240339302545,0.6633,0.327,0.4197828709288299,0.17333333333333334,33.0,0.041251407477866334,0.5454759660697455
Unknown_656514,PHI,656514,2019,66,242,222,59,14,0,5,14,60,5,0,0.266,0.5,0.4103512014787432,0.72,0.32189973614775724,0.626865671641791,0.239049394221808,0.49764373232799247,0.6694,0.327,0.4197828709288299,0.16,23.0,0.07286492251941405,0.5023562676720075
Unknown_500743,MIA,500743,2019,133,535,492,140,29,1,5,32,63,5,5,0.285,0.5210843373493976,0.3770794824399261,0.71,0.22163588390501318,0.5402985074626866,0.24790307548928237,0.19109330819981152,0.8112,0.327,0.4197828709288299,0.18666666666666668,30.0,0.028122316628618617,0.8089066918001884
Unknown_523253,TEX,523253,2019,102,376,327,74,17,1,8,44,102,3,2,0.226,0.49397590361445787,0.3401109057301294,0.68,0.32189973614775724,0.4985074626865672,0.5144454799627214,0.5527803958529688,0.6011,0.327,0.4197828709288299,0.17333333333333334,32.0,0.03487552944043091,0.4472196041470311
Unknown_546318,PHI,546318,2019,43,151,137,32,10,1,3,12,35,1,1,0.234,0.42168674698795183,0.3937153419593347,0.685,0.37994722955145116,0.4656716417910447,0.3397017707362535,0.4597078228086711,0.6821,0.327,0.4197828709288299,0.15333333333333335,28.0,0.04642922226296781,0.5402921771913289
Unknown_516770,MIA,516770,2019,165,686,646,175,32,4,22,28,115,3,9,0.271,0.42771084337349397,0.48243992606284664,0.735,0.40897097625329815,0.4805970149253731,0.1593662628145387,0.308435438265787,0.7872,0.326,0.4169682348210695,0.2,29.0,0.06950331958282008,0.691564561734213
Unknown_642133,TOR,642133,2019,114,413,374,85,19,0,22,29,117,7,3,0.227,0.40662650602409633,0.5194085027726434,0.748,0.575197889182058,0.391044776119403,0.29636533084808947,0.5810556079170593,0.6295,0.326,0.4169682348210695,0.17333333333333334,24.0,0.06810525888593669,0.41894439208294076
Unknown_541650,MIL,541650,2019,91,263,247,57,13,0,8,12,70,0,2,0.231,0.319277108433735,0.3826247689463957,0.645,0.37203166226912926,0.4567164179104477,0.18173345759552656,0.5407634307257304,0.6806,0.325,0.4145556895858464,0.16,28.0,0.10298596843477327,0.4592365692742697
Unknown_647304,SD,647304,2019,95,280,253,63,15,0,8,26,64,0,1,0.249,0.4819277108433735,0.4232902033271721,0.721,0.3825857519788918,0.5014925373134328,0.402143522833178,0.452167766258247,0.6786,0.325,0.4145556895858464,0.16,22.0,0.037622213343122664,0.5478322337417529
Unknown_622110,TB,622110,2019,47,177,155,40,8,0,1,19,32,2,1,0.258,0.5632530120481928,0.28650646950092434,0.674,0.16358839050131924,0.546268656716418,0.46924510717614165,0.3395381715362865,0.7006,0.324,0.411741053478086,0.15333333333333335,28.0,0.022607845883051085,0.6604618284637136
Unknown_664034,SD,664034,2019,74,209,191,44,8,1,7,10,50,7,1,0.23,0.4036144578313252,0.40480591497227375,0.685,0.40369393139841686,0.4179104477611941,0.19198508853681268,0.4771442035815269,0.6794,0.324,0.411741053478086,0.15333333333333335,25.0,0.08685246306372524,0.5228557964184732
Unknown_518595,TB,518595,2019,110,417,373,91,16,0,16,33,93,4,7,0.244,0.4487951807228916,0.4473197781885398,0.723,0.4300791556728232,0.4268656716417911,0.33783783783783783,0.4389726672950048,0.6882,0.323,0.40892641737032565,0.16666666666666669,30.0,0.04456127759431002,0.5610273327049953
Unknown_543257,ATH,543257,2019,138,496,434,104,21,3,6,59,88,1,2,0.24,0.5210843373493976,0.312384473197782,0.674,0.25065963060686014,0.4567164179104477,0.5237651444547996,0.33152686145146093,0.7016,0.323,0.40892641737032565,0.17333333333333334,30.0,0.018848248729493797,0.6684731385485392
Unknown_641525,DET,641525,2019,112,422,393,98,20,4,15,21,137,4,4,0.249,0.4006024096385542,0.48243992606284664,0.727,0.46701846965699206,0.6119402985074628,0.20130475302889095,0.6783694627709708,0.6161,0.323,0.40892641737032565,0.16666666666666669,27.0,0.11615455287090035,0.32163053722902935
Unknown_621453,SF,621453,2019,78,300,277,66,14,2,4,19,82,1,3,0.238,0.3885542168674698,0.3197781885397412,0.633,0.26121372031662266,0.555223880597015,0.26421248835041933,0.557492931196984,0.66,0.323,0.40892641737032565,0.16,26.0,0.07356202471707787,0.44250706880301616
Unknown_547982,CLE,547982,2019,71,284,252,53,7,0,9,25,80,4,0,0.21,0.4036144578313252,0.3160813308687616,0.637,0.3324538258575198,0.4059701492537314,0.3793103448275862,0.5772855796418473,0.6056,0.323,0.40892641737032565,0.16,31.0,0.05195354047298476,0.42271442035815254
Unknown_570256,PIT,570256,2019,42,167,154,37,8,1,6,12,49,1,0,0.24,0.42469879518072284,0.4584103512014788,0.721,0.4564643799472295,0.5343283582089553,0.304287045666356,0.6048539114043355,0.6228,0.323,0.40892641737032565,0.15333333333333335,28.0,0.06897732286889999,0.3951460885956646
Unknown_622168,STL,622168,2019,87,195,184,49,7,1,2,8,40,1,2,0.266,0.4186746987951807,0.32162661737523107,0.645,0.19261213720316622,0.573134328358209,0.1602982292637465,0.3967954759660698,0.7487,0.321,0.40369923602734215,0.15333333333333335,24.0,0.08681868621357339,0.6032045240339301
Unknown_572033,ATH,572033,2019,105,345,317,75,18,0,12,15,65,6,5,0.237,0.3674698795180724,0.4306839186691313,0.687,0.42480211081794195,0.36716417910447763,0.17194780987884434,0.35744580584354385,0.7449,0.32,0.40088459991958175,0.16,31.0,0.07382330364689098,0.6425541941564561
Unknown_600869,DET,600869,2019,96,394,342,73,17,2,10,44,99,7,1,0.213,0.47289156626506024,0.3493530499075786,0.677,0.36939313984168864,0.4029850746268657,0.4897483690587139,0.5056550424128181,0.6193,0.32,0.40088459991958175,0.16,26.0,0.03353947161030216,0.49434495758718167
Unknown_456078,CWS,456078,2019,73,257,236,51,13,0,12,16,75,3,2,0.216,0.34337349397590367,0.46210720887245854,0.696,0.525065963060686,0.37014925373134333,0.2595526561043802,0.6010838831291234,0.6342,0.32,0.40088459991958175,0.15333333333333335,32.0,0.08065103299537847,0.39891611687087636
Unknown_595284,PHI,595284,2019,75,164,140,30,9,0,3,18,53,3,0,0.214,0.4789156626506025,0.312384473197782,0.66,0.31662269129287596,0.5582089552238807,0.48089468779123945,0.6750706880301601,0.5305,0.319,0.39847205468435865,0.14666666666666667,28.0,0.046967507481924055,0.32492931196984
Unknown_457763,SF,457763,2019,118,459,418,107,26,0,7,35,73,4,1,0.256,0.4849397590361446,0.35859519408502777,0.687,0.2717678100263852,0.4805970149253731,0.32479030754892824,0.28817153628652215,0.7538,0.319,0.39847205468435865,0.16,32.0,0.03032845386083327,0.7118284637134777
Unknown_628338,TB,628338,2019,80,241,212,47,14,0,5,20,62,6,1,0.222,0.44277108433734935,0.3401109057301294,0.664,0.33773087071240104,0.4597014925373134,0.3560111835973905,0.5197926484448633,0.6266,0.318,0.39565741857659825,0.14666666666666667,28.0,0.04999599378486782,0.48020735155513683
Unknown_641487,SEA,641487,2019,92,396,345,78,21,4,7,43,83,2,3,0.226,0.4668674698795181,0.36414048059149734,0.684,0.3588390501319261,0.42089552238805983,0.4753028890959925,0.4073986804901037,0.6692,0.318,0.39565741857659825,0.15333333333333335,24.0,0.027350394396422284,0.5926013195098963
Unknown_435079,SD,435079,2019,92,296,272,60,12,0,11,20,58,3,1,0.221,0.3674698795180724,0.39186691312384486,0.666,0.41160949868073876,0.31641791044776124,0.28424976700838767,0.3751178133836004,0.7264,0.318,0.39565741857659825,0.15333333333333335,37.0,0.04608480482992532,0.6248821866163996
Unknown_543063,SF,543063,2019,152,578,514,119,25,2,11,56,120,4,4,0.232,0.45783132530120485,0.3290203327171904,0.662,0.2955145118733509,0.4328358208955225,0.42078285181733455,0.40268614514608864,0.6886,0.317,0.3928427824688379,0.16,32.0,0.03146143756131682,0.5973138548539114
Unknown_544369,NYY,544369,2019,87,368,346,82,14,2,17,19,57,1,2,0.237,0.35843373493975916,0.4842883548983365,0.714,0.5013192612137203,0.30746268656716413,0.2096924510717614,0.2785108388312913,0.7908,0.316,0.3900281463610775,0.15333333333333335,29.0,0.04809795269679904,0.7214891611687086
Unknown_605131,LAD,605131,2019,79,256,223,46,12,1,5,26,58,5,2,0.206,0.4307228915662651,0.2994454713493531,0.637,0.31926121372031663,0.35522388059701493,0.4426840633737185,0.44745523091423184,0.6523,0.316,0.3900281463610775,0.14666666666666667,30.0,0.033162789511824046,0.5525447690857681
Unknown_596144,KC,596144,2019,92,339,317,80,15,0,9,20,68,2,0,0.252,0.4307228915662651,0.390018484288355,0.686,0.3245382585751979,0.4835820895522388,0.24417520969245105,0.38619227144203583,0.7345,0.316,0.3900281463610775,0.14666666666666667,27.0,0.05580264912939448,0.6138077285579642
Unknown_570560,CWS,570560,2019,152,571,510,126,20,4,2,46,120,5,3,0.247,0.4698795180722892,0.2587800369685768,0.628,0.15303430079155672,0.546268656716418,0.3448275862068966,0.4088124410933082,0.6883,0.315,0.3876156011258544,0.15333333333333335,27.0,0.04047192633391965,0.591187558906692
Unknown_605412,SF,605412,2019,145,506,453,112,22,2,5,43,49,4,4,0.247,0.47289156626506024,0.30314232902033283,0.653,0.2163588390501319,0.39402985074626873,0.3653308480894688,0.14161168708765315,0.8063,0.315,0.3876156011258544,0.15333333333333335,29.0,0.012036407669864213,0.8583883129123466
Unknown_621514,DET,621514,2019,108,427,380,87,26,1,10,34,110,7,6,0.229,0.42771084337349397,0.38447319778188555,0.681,0.37994722955145116,0.4626865671641791,0.3401677539608574,0.5204995287464655,0.6464,0.314,0.384800965018094,0.14666666666666667,26.0,0.05263184570843017,0.47950047125353423
Unknown_592743,LAA,592743,2019,107,437,411,107,19,0,7,24,40,2,0,0.26,0.43975903614457834,0.3401109057301294,0.662,0.23218997361477572,0.42089552238805983,0.22506989748369055,0.1291234684260132,0.849,0.314,0.384800965018094,0.14666666666666667,30.0,0.02225308491657385,0.8708765315739868
Unknown_622666,ATL,622666,2019,99,259,242,57,13,1,7,16,44,0,0,0.236,0.37650602409638545,0.38817005545286515,0.667,0.36939313984168864,0.38208955223880603,0.2572227399813607,0.31385485391140433,0.7645,0.314,0.384800965018094,0.14666666666666667,26.0,0.043205902745529226,0.6861451460885957
Unknown_445055,CWS,445055,2019,47,185,168,44,8,0,0,8,31,3,1,0.262,0.4457831325301205,0.2513863216266174,0.615,0.1029023746701847,0.5522388059701493,0.17054986020503263,0.308435438265787,0.7459,0.314,0.384800965018094,0.14,34.0,0.06508612897033522,0.691564561734213
Unknown_501981,ATH,501981,2019,137,544,491,106,11,0,23,48,151,3,2,0.216,0.39457831325301196,0.378927911275416,0.667,0.40633245382585753,0.3761194029850746,0.38024231127679403,0.5676248821866164,0.6287,0.313,0.3819863289103337,0.14666666666666667,32.0,0.05091329610308859,0.43237511781338345
Unknown_518960,LAA,518960,2019,98,335,300,71,12,1,8,27,51,5,3,0.237,0.4487951807228916,0.3493530499075786,0.671,0.3113456464379947,0.37014925373134333,0.3448275862068966,0.2721489161168709,0.7522,0.313,0.3819863289103337,0.14666666666666667,33.0,0.02654363807988551,0.7278510838831291
Unknown_621002,TB,621002,2019,76,250,219,47,9,1,3,25,62,6,0,0.215,0.463855421686747,0.24399260628465808,0.618,0.2163588390501319,0.453731343283582,0.43522833178005593,0.49787935909519326,0.628,0.312,0.3795737836751105,0.14,25.0,0.037995572739512755,0.5021206409048069
Unknown_605612,DET,605612,2019,95,370,355,103,10,4,5,9,86,0,4,0.29,0.43975903614457834,0.3863216266173753,0.687,0.22163588390501318,0.6925373134328358,0.08247903075489282,0.46112158341187565,0.7378,0.312,0.3795737836751105,0.14,26.0,0.17510591902009423,0.5388784165881246
Unknown_543829,SEA,543829,2019,113,422,394,108,12,6,3,18,61,1,6,0.274,0.4367469879518072,0.3401109057301294,0.661,0.1978891820580475,0.5313432835820896,0.16821994408201305,0.2540056550424128,0.8033,0.311,0.3767591475673502,0.14,31.0,0.05549441137496214,0.7459943449575872
Unknown_641477,CWS,641477,2019,82,248,218,49,8,1,7,19,69,3,2,0.225,0.40662650602409633,0.356746765249538,0.66,0.3509234828496042,0.4716417910447761,0.32618825722274,0.5690386427898209,0.6089,0.31,0.3739445114595898,0.14,27.0,0.060290299212892876,0.43096135721017914
Unknown_446308,STL,446308,2019,71,196,180,37,4,0,11,13,52,1,2,0.206,0.30722891566265065,0.4380776340110906,0.671,0.5197889182058048,0.25074626865671645,0.2781919850885368,0.5386427898209236,0.6633,0.309,0.3715319662243667,0.14,33.0,0.06744515366130611,0.4613572101790764
Unknown_595281,TB,595281,2019,138,514,480,108,22,8,16,27,113,5,1,0.225,0.3463855421686748,0.42513863216266184,0.677,0.4485488126649076,0.3791044776119403,0.21388630009319662,0.43143261074458056,0.716,0.308,0.3687173301166063,0.13333333333333336,29.0,0.07102898981059767,0.5685673892554195
Unknown_434158,MIA,434158,2019,138,374,327,60,17,1,12,42,103,3,2,0.183,0.37048192771084343,0.3290203327171904,0.632,0.4195250659630607,0.26865671641791045,0.49254426840633736,0.5624410933081997,0.6043,0.308,0.3687173301166063,0.13333333333333336,38.0,0.0374605814011509,0.4375589066918002
Unknown_501571,NYM,501571,2019,106,297,270,58,12,1,6,22,78,2,1,0.215,0.3614457831325302,0.29390018484288366,0.611,0.29023746701846964,0.4298507462686568,0.3145386766076421,0.5322808671065032,0.6498,0.308,0.3687173301166063,0.13333333333333336,30.0,0.05858712713086339,0.46771913289349687
Unknown_606115,MIL,606115,2019,154,566,514,117,16,2,15,43,114,1,6,0.228,0.3825301204819277,0.3327171903881701,0.64,0.30870712401055406,0.3791044776119403,0.3233923578751165,0.3880772855796419,0.7173,0.307,0.36590269400884595,0.12666666666666668,25.0,0.041286010768077856,0.6119227144203581
Unknown_606299,CIN,606299,2019,139,416,389,93,19,3,6,17,62,8,2,0.239,0.37951807228915657,0.3253234750462108,0.633,0.26912928759894456,0.4029850746268657,0.1598322460391426,0.26460885956644675,0.7909,0.307,0.36590269400884595,0.13333333333333336,25.0,0.060506655170518744,0.7353911404335534
Unknown_594694,WSH,594694,2019,47,153,138,34,2,0,2,13,33,0,0,0.246,0.46084337349397586,0.24029574861367847,0.616,0.12928759894459102,0.5283582089552239,0.3653308480894688,0.42177191328934965,0.6863,0.307,0.36590269400884595,0.13333333333333336,27.0,0.03911136141355905,0.5782280867106504
Unknown_621563,TB,621563,2019,76,285,258,60,15,2,3,16,53,8,3,0.233,0.41265060240963847,0.3086876155268023,0.636,0.2638522427440633,0.4298507462686568,0.23066169617893756,0.35179076343072574,0.7298,0.306,0.3634901487736228,0.13333333333333336,29.0,0.05416726313218376,0.6482092365692744
Unknown_500135,DET,500135,2019,87,301,283,62,12,3,14,13,85,0,5,0.219,0.27409638554216864,0.4750462107208873,0.68,0.5356200527704486,0.35820895522388063,0.17054986020503263,0.5789349670122526,0.6744,0.306,0.3634901487736228,0.13333333333333336,27.0,0.11652162538635827,0.42106503298774745
Unknown_664238,SEA,664238,2019,92,287,252,51,14,2,9,25,96,9,0,0.202,0.4186746987951807,0.3826247689463957,0.678,0.4485488126649076,0.453731343283582,0.375116495806151,0.7016965127238455,0.5436,0.306,0.3634901487736228,0.13333333333333336,27.0,0.06432707695243475,0.2983034872761545
Unknown_605480,SEA,605480,2019,133,572,516,116,19,9,6,42,143,11,1,0.225,0.4156626506024096,0.29020332717190395,0.628,0.25857519788918204,0.4925373134328358,0.31127679403541475,0.5025918944392083,0.6538,0.305,0.36067551266586245,0.12000000000000001,26.0,0.05591867675662389,0.49740810556079174
Unknown_643603,HOU,643603,2019,85,293,254,54,14,0,4,36,82,0,3,0.213,0.4487951807228916,0.2606284658040667,0.622,0.24538258575197885,0.4716417910447761,0.5419384902143523,0.5730442978322337,0.5973,0.305,0.36067551266586245,0.13333333333333336,29.0,0.03407533230458036,0.4269557021677661
Unknown_593523,BOS,593523,2019,55,155,148,37,7,0,2,3,42,3,0,0.25,0.3644578313253013,0.30314232902033283,0.617,0.20844327176781,0.6059701492537314,0.05964585274930103,0.5520735155513666,0.6839,0.304,0.35786087655810206,0.13333333333333336,27.0,0.26037251370701364,0.4479264844486335
Unknown_502481,AZ,502481,2019,124,466,414,96,11,2,7,47,88,2,2,0.232,0.463855421686747,0.268022181146026,0.631,0.20580474934036938,0.4268656716417911,0.43942218080149115,0.35838831291234685,0.7039,0.303,0.35544833132287895,0.12000000000000001,35.0,0.02621115083251041,0.6416116870876531
Unknown_592273,TOR,592273,2019,125,466,435,95,21,1,16,27,119,1,3,0.218,0.319277108433735,0.38447319778188555,0.646,0.40633245382585753,0.3791044776119403,0.239049394221808,0.515315739868049,0.6845,0.302,0.35263369521511856,0.11333333333333334,27.0,0.07537211394623902,0.48468426013195076
Unknown_605233,TOR,605233,2019,48,167,146,27,4,1,7,21,57,0,0,0.185,0.3885542168674698,0.3622920517560075,0.657,0.46437994722955145,0.32835820895522394,0.554986020503262,0.7177191328934966,0.5329,0.301,0.3498190591073582,0.13333333333333336,26.0,0.042547891981241356,0.2822808671065036
Unknown_543308,DET,543308,2019,97,345,330,73,18,0,13,14,111,0,1,0.221,0.2831325301204819,0.4066543438077635,0.646,0.4327176781002638,0.4656716417910447,0.15843429636533082,0.6715362865221488,0.6377,0.299,0.3445918777643747,0.12000000000000001,30.0,0.14336014671361155,0.3284637134778512
Unknown_621573,MIA,621573,2019,64,190,178,40,14,0,6,10,47,0,1,0.225,0.32228915662650603,0.42513863216266184,0.669,0.45118733509234826,0.4059701492537314,0.21435228331780057,0.49646559849198874,0.6947,0.299,0.3445918777643747,0.12666666666666668,26.0,0.08103105790130492,0.5035344015080112
Unknown_643376,TOR,643376,2019,111,395,356,74,12,1,13,33,80,4,1,0.208,0.37349397590361444,0.33826247689463956,0.638,0.36939313984168864,0.28955223880597025,0.35834109972041006,0.3906691800188502,0.7013,0.299,0.3445918777643747,0.11333333333333334,24.0,0.03693391679228992,0.6093308199811498
Unknown_592859,BAL,592859,2019,104,361,329,74,18,2,10,22,108,7,2,0.225,0.3855421686746987,0.3863216266173753,0.669,0.39313984168865435,0.4955223880597015,0.2530288909599254,0.6185202639019793,0.6177,0.297,0.3393646964213912,0.11333333333333334,27.0,0.08508700728181294,0.38147973609802066
Unknown_448801,BAL,448801,2019,106,370,323,58,9,0,14,41,147,3,3,0.18,0.35542168674698804,0.301293900184843,0.613,0.39313984168865435,0.39701492537313443,0.4855545200372786,0.8496701225259189,0.4838,0.296,0.3365500603136308,0.10666666666666669,33.0,0.059397744405879374,0.15032987747408133
Unknown_602922,CWS,602922,2019,60,165,151,32,6,0,3,11,42,2,0,0.212,0.3493975903614459,0.25323475046210725,0.586,0.237467018469657,0.4179104477611941,0.28005591798695245,0.5131950989632422,0.6606,0.296,0.3365500603136308,0.12666666666666668,25.0,0.06384665143575523,0.4868049010367579
Unknown_608475,DET,608475,2019,75,290,275,67,11,4,6,8,59,3,4,0.244,0.3343373493975904,0.3770794824399261,0.647,0.3324538258575198,0.4507462686567164,0.097856477166822,0.39278982092365694,0.7586,0.295,0.3337354242058705,0.11333333333333334,25.0,0.1326356394127688,0.6072101790763431
Unknown_656811,KC,656811,2019,108,380,337,66,13,1,14,40,102,1,2,0.196,0.37349397590361444,0.3530499075785583,0.647,0.42216358839050133,0.29552238805970155,0.4599254426840634,0.545947219604147,0.6237,0.294,0.3313228789706473,0.10666666666666669,26.0,0.03932932048183265,0.4540527803958532
Unknown_668942,AZ,668942,2019,41,157,138,30,7,0,2,18,41,1,0,0.217,0.463855421686747,0.2550831792975971,0.624,0.22427440633245382,0.4805970149253731,0.5032618825722274,0.5287464655984919,0.6178,0.292,0.3256936067551266,0.12000000000000001,25.0,0.034092716669084554,0.4712535344015081
Unknown_493596,DET,493596,2019,75,247,229,48,13,2,6,14,71,4,0,0.21,0.3283132530120483,0.34750462107208885,0.63,0.37994722955145116,0.4238805970149254,0.23345759552656103,0.5907163053722903,0.6397,0.292,0.3256936067551266,0.11333333333333334,33.0,0.08810280954674375,0.40928369462770986
Unknown_641513,DET,641513,2019,49,187,170,39,7,2,3,14,63,1,1,0.229,0.3975903614457831,0.3197781885397412,0.637,0.28759894459102897,0.6238805970149256,0.3182665424044734,0.7073515551366635,0.5775,0.29,0.3204664254121431,0.12000000000000001,25.0,0.07705495600673633,0.29264844486333663
Unknown_643396,TEX,643396,2019,62,227,207,50,13,1,1,14,50,4,1,0.242,0.4307228915662651,0.28650646950092434,0.629,0.20580474934036938,0.5313432835820896,0.25675675675675674,0.4326107445805844,0.696,0.29,0.3204664254121431,0.11333333333333334,24.0,0.05910281197242097,0.5673892554194158
Unknown_456488,BOS,456488,2019,62,187,180,43,7,0,2,4,27,0,2,0.239,0.286144578313253,0.25323475046210725,0.564,0.16622691292875988,0.4,0.06896551724137931,0.25377002827521206,0.8289,0.289,0.31765178930438276,0.12000000000000001,32.0,0.12059841063747687,0.746229971724788
Unknown_543768,MIL,543768,2019,90,285,244,40,6,0,9,37,95,4,0,0.164,0.37951807228915657,0.2310536044362293,0.583,0.3324538258575198,0.25970149253731345,0.5740913327120224,0.6988689915174363,0.5228,0.288,0.3152392440691596,0.1,29.0,0.03969492159175275,0.3011310084825638
Unknown_650619,KC,650619,2019,43,153,136,29,8,0,1,12,44,0,4,0.213,0.33734939759036153,0.22181146025878012,0.564,0.18997361477572558,0.4805970149253731,0.3345759552656104,0.5911875589066918,0.6275,0.287,0.31242460796139926,0.12000000000000001,22.0,0.06099703809405607,0.40881244109330805
Unknown_434778,ATH,434778,2019,58,216,184,35,2,1,2,27,27,4,1,0.19,0.4457831325301205,0.13123844731977824,0.55,0.11873350923482848,0.23283582089552235,0.5517241379310345,0.2080584354382658,0.7315,0.287,0.31242460796139926,0.11333333333333334,36.0,0.009349406373181298,0.791941564561734
Unknown_553869,PIT,553869,2019,98,332,303,73,14,0,2,23,56,2,3,0.241,0.4156626506024096,0.24584103512014793,0.603,0.1503957783641161,0.453731343283582,0.29217148182665426,0.3110273327049953,0.753,0.286,0.3096099718536389,0.09333333333333335,29.0,0.037111866269571324,0.6889726672950047
Unknown_448602,COL,448602,2019,83,176,148,24,8,0,4,23,63,2,3,0.162,0.3614457831325302,0.22735674676524958,0.576,0.3324538258575198,0.31044776119402984,0.5782851817334577,0.7570688030160225,0.5,0.286,0.3096099718536389,0.11333333333333334,36.0,0.043010532611663994,0.24293119698397758
Unknown_657061,PIT,657061,2019,56,159,147,31,10,3,2,10,40,1,0,0.211,0.32530120481927716,0.345656192236599,0.626,0.37203166226912926,0.4238805970149254,0.2623485554520037,0.5063619227144203,0.673,0.285,0.30719742661841576,0.12000000000000001,23.0,0.06741595981844777,0.4936380772855795
Unknown_670032,KC,670032,2019,102,402,379,91,22,2,2,18,51,1,0,0.24,0.35542168674698804,0.279112754158965,0.601,0.1978891820580475,0.4149253731343284,0.17800559179869524,0.21253534401508017,0.8159,0.283,0.30156815440289503,0.07333333333333335,24.0,0.04482012094056506,0.7874646559849199
Unknown_621006,BAL,621006,2019,102,322,295,60,8,3,6,15,86,6,1,0.203,0.29518072289156627,0.2550831792975971,0.567,0.26121372031662266,0.391044776119403,0.1863932898415657,0.5428840716305372,0.6522,0.282,0.29915560916767187,0.08666666666666667,25.0,0.10093506470423463,0.4571159283694628
Unknown_506702,BOS,506702,2019,63,196,175,34,3,0,5,15,47,1,1,0.194,0.30722891566265065,0.22735674676524958,0.558,0.24802110817941952,0.29850746268656725,0.3257222739981361,0.47855796418473145,0.6582,0.282,0.29915560916767187,0.10666666666666669,30.0,0.0506664790425147,0.5214420358152687
Unknown_605508,CWS,605508,2019,48,160,147,34,5,0,1,10,38,3,0,0.231,0.40963855421686746,0.20702402957486138,0.579,0.11873350923482848,0.5134328358208955,0.26048462255358806,0.473138548539114,0.6813,0.282,0.29915560916767187,0.11333333333333334,27.0,0.06354485625543,0.5268614514608858
Unknown_571740,KC,571740,2019,110,363,325,70,15,2,0,33,89,0,2,0.215,0.3855421686746987,0.18484288354898343,0.56,0.12928759894459102,0.4776119402985074,0.3928238583410997,0.4912818096135721,0.6556,0.281,0.29634097305991147,0.08000000000000002,29.0,0.04220481230132437,0.508718190386428
Unknown_595978,SD,595978,2019,106,359,323,59,9,0,12,28,113,5,1,0.183,0.3012048192771085,0.27356746765249546,0.58,0.34300791556728233,0.30447761194029854,0.33271202236719477,0.655278039585297,0.5877,0.278,0.28829915560916763,0.07333333333333335,27.0,0.06811077327847662,0.34472196041470315
Unknown_543281,DET,543281,2019,39,162,150,29,10,1,2,8,31,2,2,0.193,0.25,0.25693160813308696,0.554,0.29287598944591026,0.27761194029850755,0.1994408201304753,0.36451460885956644,0.7469,0.273,0.2750301568154403,0.10666666666666669,32.0,0.06498672478902366,0.6354853911404335
Unknown_445988,MIA,445988,2019,107,269,254,60,10,0,2,12,42,0,3,0.236,0.3313253012048193,0.2310536044362293,0.567,0.14248021108179418,0.4119402985074627,0.17707362534948742,0.2813383600377003,0.7993,0.272,0.2722155207076799,0.08000000000000002,36.0,0.05773820091090334,0.7186616399622996
Unknown_607776,SF,607776,2019,44,161,144,23,1,0,4,14,50,3,0,0.16,0.27108433734939763,0.14048059149722741,0.498,0.21372031662269128,0.22985074626865676,0.374650512581547,0.6453817153628651,0.5839,0.272,0.2722155207076799,0.10666666666666669,29.0,0.05909531193012223,0.35461828463713485
Unknown_471865,CLE,471865,2019,45,166,145,29,3,0,3,18,52,1,2,0.2,0.39457831325301196,0.20147874306839192,0.572,0.19525065963060687,0.444776119402985,0.4743709226467847,0.6517436380772856,0.5723,0.269,0.264173703256936,0.1,34.0,0.045935620398196986,0.34825636192271436
Unknown_621512,NYM,621512,2019,49,154,146,29,5,0,4,7,39,0,0,0.199,0.2319277108433735,0.2606284658040667,0.55,0.28232189973614774,0.32537313432835824,0.18126747437092264,0.5101319509896324,0.6948,0.268,0.2613590671491757,0.1,25.0,0.09770415472909225,0.48986804901036773
Unknown_656371,MIA,656371,2019,49,201,179,31,5,2,5,19,59,2,1,0.173,0.3042168674698795,0.24584103512014793,0.566,0.32981530343007914,0.26865671641791045,0.40959925442684064,0.6050895381715362,0.602,0.267,0.2589465219139525,0.09333333333333335,23.0,0.05010864494675458,0.3949104618284638
Unknown_542979,BAL,542979,2019,80,242,216,38,6,0,6,21,109,2,2,0.176,0.286144578313253,0.20887245841035124,0.54,0.26912928759894456,0.5283582089552239,0.37371854613233924,0.9747879359095193,0.4504,0.266,0.25613188580619217,0.08000000000000002,29.0,0.09042851095343817,0.025212064090480713
Unknown_606988,DET,606988,2019,60,230,213,42,5,1,5,14,72,1,1,0.197,0.27409638554216864,0.23290203327171904,0.549,0.24802110817941952,0.4059701492537314,0.2530288909599254,0.6510367577756833,0.6174,0.261,0.2424607961399276,0.07333333333333335,27.0,0.08947298668818773,0.34896324222431696
Unknown_572287,TB,572287,2019,88,299,276,45,10,1,10,20,102,3,0,0.163,0.20783132530120485,0.2606284658040667,0.543,0.37730870712401055,0.23582089552238805,0.2809878844361603,0.7172478793590952,0.5819,0.258,0.23441897868918374,0.053333333333333344,28.0,0.08868099060184131,0.28275212064090494
Unknown_605490,KC,605490,2019,53,197,186,40,7,0,4,9,56,1,0,0.215,0.29216867469879515,0.2643253234750463,0.572,0.24538258575197885,0.453731343283582,0.18219944082013045,0.5834118755890669,0.6599,0.258,0.23441897868918374,0.08000000000000002,27.0,0.11040469194605204,0.41658812441093307
Unknown_518614,CHC,518614,2019,80,198,172,29,5,1,2,24,58,0,1,0.169,0.3343373493975904,0.12939001848428838,0.513,0.17678100263852242,0.31343283582089554,0.5340167753960857,0.6036757775683317,0.5758,0.257,0.23200643345396055,0.08000000000000002,33.0,0.03676972327789046,0.39632422243166854
Unknown_572008,KC,572008,2019,61,208,190,28,6,1,5,16,79,2,0,0.147,0.18975903614457834,0.17375231053604445,0.49,0.2955145118733509,0.24776119402985075,0.3275862068965517,0.808435438265787,0.5337,0.244,0.19702452754322475,0.06000000000000001,28.0,0.08558850060192519,0.191564561734213
Unknown_621446,MIA,621446,2019,77,260,238,42,10,1,0,13,79,6,1,0.176,0.2349397590361445,0.09796672828096126,0.463,0.10817941952506596,0.38208955223880603,0.2022367194780988,0.629359095193214,0.6154,0.237,0.17812625653397665,0.03333333333333334,25.0,0.10759801480257215,0.370640904806786
Unknown_425772,TEX,425772,2019,79,253,236,38,10,0,2,15,87,1,1,0.161,0.1656626506024096,0.10166358595194092,0.442,0.15567282321899736,0.32537313432835824,0.24557315936626278,0.7238454288407162,0.5929,0.215,0.11942098914354643,0.0,36.0,0.10224283588708144,0.2761545711592839
Unknown_545358,HOU,545358,2019,54,159,144,21,1,0,1,12,50,1,2,0.146,0.1686746987951807,0.0,0.387,0.05013192612137203,0.22985074626865676,0.3210624417520969,0.6545711592836946,0.6038,0.209,0.1029352633695215,0.04666666666666669,28.0,0.07062051574809823,0.34542884071630553
Unknown_665742,WSH,665742,2020,47,196,154,54,14,0,13,41,28,1,0,0.351,1.0,0.9630314232902033,1.185,0.883905013192612,0.6835820895522388,0.9440820130475303,0.2502356267672008,0.6429,0.523,0.9843184559710494,0.3933333333333333,22.0,0.003215224579967202,0.749764373232799
Unknown_518692,ATL,518692,2020,69,303,246,82,24,1,15,52,40,5,0,0.333,0.9066265060240964,0.8280961182994455,1.081,0.7387862796833772,0.6477611940298508,0.7688723205964585,0.2245523091423186,0.6799,0.475,0.8552472858866103,0.44666666666666666,31.0,0.004882748415853108,0.7754476908576813
Unknown_542303,ATL,542303,2020,69,308,268,88,17,0,21,39,74,0,1,0.328,0.7650602409638553,0.8373382624768948,1.039,0.7651715039577835,0.7492537313432835,0.559179869524697,0.4797360980207352,0.6331,0.441,0.7639726578206674,0.3933333333333333,30.0,0.0267326794819933,0.520263901979265
Unknown_521692,KC,521692,2020,37,156,150,50,12,0,11,3,36,2,1,0.333,0.5873493975903613,0.8484288354898337,0.986,0.7678100263852242,0.719402985074627,0.058713886300093186,0.45735155513666353,0.7372,0.438,0.7559308403699234,0.26666666666666666,30.0,0.22266334229363938,0.5426484448633364
Unknown_443558,MIN,443558,2020,55,222,191,58,8,0,16,27,59,4,0,0.304,0.7319277108433736,0.7818853974121998,0.998,0.7493403693931397,0.6805970149253732,0.5358807082945014,0.5398209236569274,0.5946,0.436,0.75070365902694,0.31333333333333335,40.0,0.03230224904535077,0.4601790763430724
Unknown_608070,CLE,608070,2020,60,263,226,67,19,1,17,33,44,3,1,0.296,0.7048192771084337,0.8151571164510167,1.007,0.8179419525065963,0.4985074626865672,0.5540540540540541,0.30772855796418475,0.6958,0.436,0.75070365902694,0.3466666666666667,28.0,0.01579610473709136,0.6922714420358151
Unknown_545361,LAA,545361,2020,53,241,199,56,9,2,17,35,56,3,4,0.281,0.6987951807228917,0.7929759704251387,0.993,0.8258575197889182,0.4955223880597015,0.6458527493010251,0.46112158341187565,0.61,0.435,0.7478890229191797,0.32666666666666666,29.0,0.020973381259377893,0.5388784165881246
Unknown_474832,SF,474832,2020,48,179,149,46,13,1,9,30,36,0,0,0.309,0.8042168674698794,0.7707948243992606,1.015,0.7203166226912928,0.6626865671641792,0.750232991612302,0.3873704052780396,0.6313,0.434,0.7454764776839564,0.28,32.0,0.013218200208536162,0.6126295947219602
Unknown_607208,WSH,607208,2020,59,259,233,78,15,4,12,22,36,2,2,0.335,0.710843373493976,0.7652495378927913,0.982,0.6437994722955145,0.6537313432835822,0.36486486486486486,0.24104618284637142,0.7683,0.43,0.7346200241254524,0.33333333333333337,27.0,0.0216831344508763,0.7589538171536285
Unknown_547989,CWS,547989,2020,63,276,254,80,16,0,20,18,60,3,1,0.315,0.6265060240963854,0.8133086876155269,0.98,0.7651715039577835,0.6238805970149256,0.2730661696178937,0.42577756833176256,0.7065,0.428,0.7293928427824687,0.3466666666666667,33.0,0.054532072193066564,0.5742224316682374
Unknown_573262,SF,573262,2020,54,225,192,57,14,4,10,30,55,3,0,0.297,0.7289156626506025,0.7282809611829946,0.968,0.6912928759894459,0.7044776119402986,0.5904007455731594,0.4893967954759661,0.6089,0.427,0.7265782066747084,0.30666666666666664,30.0,0.025481424597160053,0.5106032045240341
Unknown_547180,PHI,547180,2020,58,244,190,51,9,2,13,49,43,2,2,0.268,0.789156626506024,0.680221811460259,0.962,0.6992084432717678,0.4328358208955225,0.9049394221808015,0.3286993402450518,0.6107,0.426,0.7237635705669481,0.32000000000000006,28.0,0.006978162656790935,0.671300659754948
Unknown_518934,NYY,518934,2020,57,252,227,80,10,2,10,21,25,2,2,0.352,0.7560240963855421,0.6876155268022184,0.955,0.48812664907651715,0.6776119402985076,0.3574091332712022,0.14726672950047126,0.8095,0.425,0.7213510253317248,0.32000000000000006,32.0,0.013043916976541588,0.852733270499529
Unknown_608369,LAD,608369,2020,61,272,246,76,16,1,18,22,43,1,3,0.309,0.6204819277108434,0.7911275415896488,0.966,0.7493403693931397,0.5223880597014926,0.3462255358807083,0.28605089538171535,0.7574,0.421,0.7104945717732207,0.33333333333333337,26.0,0.027819690369780277,0.7139491046182846
Unknown_624424,NYM,624424,2020,54,233,202,65,12,0,9,24,57,7,0,0.322,0.7650602409638553,0.6303142329020335,0.927,0.4854881266490765,0.8298507462686567,0.4492078285181733,0.4898680490103677,0.6223,0.42,0.7076799356654604,0.30000000000000004,27.0,0.03595854542771118,0.5101319509896323
Unknown_640449,NYY,640449,2020,42,167,138,37,6,1,9,25,49,3,1,0.268,0.6957831325301206,0.6432532347504623,0.911,0.6464379947229552,0.6328358208955224,0.6668219944082013,0.6048539114043355,0.5389,0.419,0.7052673904302371,0.25333333333333335,26.0,0.027929151931152335,0.3951460885956646
Unknown_642086,NYM,642086,2020,50,199,177,56,21,1,10,14,45,5,3,0.316,0.6596385542168676,0.8170055452865066,0.993,0.7651715039577835,0.6985074626865672,0.2972972972972973,0.4462770970782281,0.6784,0.418,0.7024527543224768,0.2733333333333333,25.0,0.052156993359109276,0.5537229029217721
Unknown_660670,ATL,660670,2020,55,244,195,49,14,0,15,44,77,5,0,0.251,0.7349397590361447,0.702402957486137,0.955,0.7757255936675461,0.5850746268656717,0.809412861136999,0.6571630537229028,0.4836,0.415,0.694410936871733,0.30000000000000004,23.0,0.023874096114620665,0.34283694627709727
Unknown_578428,BAL,578428,2020,39,150,142,53,17,0,3,3,17,4,1,0.373,0.7289156626506025,0.7060998151571167,0.956,0.45910290237467016,0.8149253731343283,0.062441752096924506,0.18049010367577756,0.84,0.415,0.694410936871733,0.24000000000000002,30.0,0.09964289698057066,0.8195098963242227
Unknown_605141,LAD,605141,2020,62,286,252,73,14,1,16,30,46,2,2,0.29,0.6295180722891566,0.6839186691312387,0.911,0.6464379947229552,0.4865671641791045,0.4580615097856477,0.29241281809613573,0.7273,0.411,0.6835544833132288,0.32666666666666666,28.0,0.019663738554911186,0.7075871819038642
Unknown_543105,SF,543105,2020,52,170,151,45,10,1,10,16,30,2,1,0.298,0.6415662650602411,0.7430683918669132,0.947,0.7097625329815304,0.5313432835820896,0.407735321528425,0.3294062205466541,0.7176,0.411,0.6835544833132288,0.2466666666666667,30.0,0.02629834014537385,0.6705937794533459
Unknown_571976,SD,571976,2020,61,244,220,62,15,2,17,22,64,2,0,0.282,0.5843373493975904,0.7874306839186691,0.952,0.8153034300791556,0.5671641791044777,0.3895619757688723,0.531573986804901,0.6393,0.409,0.6783273019702452,0.29333333333333333,30.0,0.04627939102924323,0.468426013195099
Unknown_656555,PHI,656555,2020,41,185,151,37,9,0,10,29,43,5,0,0.245,0.6807228915662652,0.6081330868761554,0.887,0.6569920844327176,0.4238805970149254,0.6999068033550792,0.46112158341187565,0.5838,0.409,0.6783273019702452,0.26,27.0,0.0186815310340277,0.5388784165881246
Unknown_543685,LAA,543685,2020,52,232,189,54,11,1,9,38,31,5,0,0.286,0.783132530120482,0.5970425138632165,0.915,0.5356200527704486,0.5014925373134328,0.7325256290773532,0.22832233741753066,0.681,0.408,0.6755126658624848,0.2866666666666667,30.0,0.005780806629495814,0.7716776625824695
Unknown_572228,NYY,572228,2020,63,263,238,64,8,0,23,21,61,3,1,0.269,0.533132530120482,0.7726432532347505,0.927,0.8311345646437994,0.391044776119403,0.3410997204100652,0.4599434495758718,0.6768,0.407,0.6726980297547245,0.30666666666666664,29.0,0.046241314389158863,0.5400565504241281
Unknown_665487,SD,665487,2020,65,284,246,69,13,2,19,32,68,5,1,0.28,0.6475903614457831,0.7523105360443623,0.955,0.7704485488126649,0.5313432835820896,0.49440820130475305,0.4776154571159284,0.6303,0.405,0.6674708484117409,0.31333333333333335,21.0,0.03110933633921284,0.5223845428840714
Unknown_641313,CWS,641313,2020,52,235,222,76,13,1,10,10,50,2,1,0.342,0.6506024096385542,0.6857670979667285,0.92,0.5118733509234829,0.8089552238805972,0.16775396085740912,0.4149387370405278,0.7362,0.405,0.6674708484117409,0.2866666666666667,27.0,0.0866806066578789,0.5850612629594723
Unknown_518595,ATL,518595,2020,53,222,196,62,10,0,11,23,59,2,1,0.316,0.7048192771084337,0.66913123844732,0.928,0.5540897097625329,0.8000000000000002,0.4520037278657968,0.5398209236569274,0.6216,0.402,0.6594290309609971,0.2733333333333333,31.0,0.03965312248908291,0.4601790763430724
Unknown_592518,SD,592518,2020,66,281,250,72,12,1,18,27,41,0,4,0.288,0.5843373493975904,0.7134935304990759,0.912,0.6939313984168866,0.4268656716417911,0.4170549860205033,0.2573044297832234,0.758,0.401,0.6566143948532368,0.30666666666666664,28.0,0.019379633086931795,0.7426955702167766
Unknown_608385,CIN,608385,2020,56,191,155,39,7,0,12,29,48,6,1,0.252,0.6897590361445783,0.656192236598891,0.916,0.7071240105540897,0.4388059701492538,0.6766076421248834,0.5056550424128181,0.5654,0.401,0.6566143948532368,0.25333333333333335,27.0,0.022036323518117656,0.49434495758718167
Unknown_429664,NYM,429664,2020,49,182,171,54,9,0,10,9,24,1,1,0.316,0.5843373493975904,0.6839186691312387,0.896,0.5778364116094987,0.5522388059701493,0.1999068033550792,0.22431668237511782,0.8132,0.399,0.6513872135102532,0.2466666666666667,38.0,0.041569500675470564,0.7756833176248821
Unknown_543807,HOU,543807,2020,61,273,240,64,7,2,18,25,50,6,2,0.267,0.5722891566265059,0.6728280961182997,0.885,0.6912928759894459,0.3880597014925373,0.3960857409133271,0.3451932139491046,0.696,0.398,0.6485725774024929,0.29333333333333333,31.0,0.02870492418827012,0.6548067860508953
Unknown_519048,SD,519048,2020,46,160,144,40,10,0,10,15,34,1,0,0.278,0.5783132530120482,0.7060998151571167,0.906,0.7097625329815304,0.4955223880597015,0.4063373718546132,0.41423185673892554,0.6875,0.397,0.6461600321672698,0.23333333333333334,35.0,0.03384300940784061,0.5857681432610744
Unknown_502671,STL,502671,2020,61,245,205,61,14,0,8,38,45,1,1,0.298,0.753012048192771,0.5711645101663587,0.891,0.46437994722955145,0.6328358208955224,0.6919850885368126,0.3463713477851084,0.6531,0.394,0.6381182147165259,0.2733333333333333,33.0,0.012918508949013282,0.6536286522148917
Unknown_650391,CWS,650391,2020,55,228,215,64,15,0,14,12,56,0,1,0.298,0.5271084337349398,0.7190388170055453,0.896,0.6754617414248021,0.6208955223880598,0.21435228331780057,0.49222431668237515,0.7018,0.394,0.6381182147165259,0.26666666666666666,24.0,0.08036870177835512,0.5077756833176248
Unknown_666971,TOR,666971,2020,58,232,216,66,15,0,11,14,49,0,2,0.306,0.5632530120481928,0.6543438077634014,0.873,0.5620052770448548,0.6388059701492538,0.25023299161230195,0.41116870876531575,0.7284,0.394,0.6381182147165259,0.26666666666666666,27.0,0.05778634896516975,0.588831291234684
Unknown_607043,NYM,607043,2020,51,225,186,52,8,3,8,33,43,6,0,0.28,0.7409638554216867,0.5730129390018486,0.888,0.5145118733509234,0.573134328358209,0.6528424976700838,0.36380772855796417,0.6356,0.394,0.6381182147165259,0.26666666666666666,27.0,0.015207518104537422,0.6361922714420356
Unknown_664023,CHC,664023,2020,58,239,206,55,11,1,13,30,64,2,0,0.267,0.6265060240963854,0.6377079482439927,0.885,0.6411609498680738,0.573134328358209,0.5540540540540541,0.5445334590009424,0.5941,0.393,0.6353035786087655,0.2733333333333333,26.0,0.03129594171252106,0.4554665409990575
Unknown_606192,TOR,606192,2020,52,215,198,56,7,0,16,15,67,1,1,0.283,0.533132530120482,0.7153419593345658,0.895,0.7097625329815304,0.6298507462686568,0.2945013979496738,0.6477379830348727,0.6093,0.393,0.6353035786087655,0.26,28.0,0.07640046952058067,0.3522620169651274
Unknown_669257,LAD,669257,2020,45,174,147,40,12,0,8,24,32,2,1,0.272,0.6656626506024096,0.6340110905730132,0.896,0.6226912928759895,0.4835820895522388,0.6118359739049394,0.34684260131950995,0.6667,0.392,0.6324889425010052,0.23333333333333334,25.0,0.015805924281042695,0.6531573986804902
Unknown_630105,SD,630105,2020,59,216,190,56,15,4,5,22,35,3,1,0.295,0.6536144578313253,0.5933456561922368,0.87,0.503957783641161,0.6089552238805972,0.4440820130475303,0.2952403393025448,0.7222,0.391,0.6300763972657821,0.25333333333333335,26.0,0.020765173013876467,0.7047596606974551
Unknown_664761,PHI,664761,2020,44,180,160,54,11,0,4,16,36,2,2,0.338,0.7289156626506025,0.567467652495379,0.881,0.35620052770448546,0.8238805970149253,0.38350419384902146,0.38477851083883136,0.7,0.391,0.6300763972657821,0.23333333333333334,24.0,0.03353836058303921,0.6152214891611687
Unknown_500743,MIA,500743,2020,44,163,143,41,10,1,5,17,21,3,0,0.287,0.6506024096385542,0.5582255083179299,0.85,0.47493403693931396,0.5194029850746269,0.4552656104380242,0.21701225259189444,0.7485,0.389,0.6244471250502612,0.22666666666666668,31.0,0.01389600451766525,0.7829877474081053
Unknown_596115,COL,596115,2020,59,259,235,68,13,4,11,24,63,0,0,0.289,0.5933734939759036,0.6377079482439927,0.874,0.58311345646438,0.6567164179104478,0.4012115563839702,0.48656927426955704,0.6641,0.389,0.6244471250502612,0.2733333333333333,28.0,0.04077341318192852,0.5134307257304431
Unknown_518792,CHC,518792,2020,52,189,154,41,7,2,6,30,38,3,2,0.266,0.7048192771084337,0.5194085027726434,0.846,0.47229551451187335,0.5313432835820896,0.7087604846225536,0.3873704052780396,0.6243,0.386,0.6164053075995175,0.23333333333333334,31.0,0.014520634825353736,0.6126295947219602
Unknown_488726,HOU,488726,2020,57,237,215,66,17,0,8,21,35,1,0,0.307,0.6415662650602411,0.5988909426987061,0.869,0.48021108179419525,0.6059701492537314,0.38210624417520966,0.26154571159283696,0.7595,0.385,0.6139927623642942,0.26,33.0,0.022260366902207812,0.7384542884071632
Unknown_657077,BOS,657077,2020,52,221,201,62,16,0,6,17,45,2,1,0.308,0.6295180722891566,0.5619223659889094,0.844,0.42216358839050133,0.7074626865671642,0.3275862068965517,0.39326107445805847,0.7104,0.385,0.6139927623642942,0.25333333333333335,24.0,0.041239446778535714,0.6067389255419415
Unknown_600869,DET,600869,2020,52,206,185,55,11,3,7,20,49,1,0,0.297,0.6355421686746988,0.6081330868761554,0.872,0.5171503957783641,0.71044776119403,0.42171481826654245,0.4740810556079171,0.6602,0.384,0.6111781262565339,0.24000000000000002,27.0,0.03741590388465922,0.5259189443920829
Unknown_664238,SEA,664238,2020,36,159,137,35,9,0,8,14,43,8,0,0.255,0.6024096385542169,0.5951940850277266,0.855,0.6121372031662269,0.5373134328358209,0.3797763280521901,0.550659754948162,0.5912,0.384,0.6111781262565339,0.22000000000000003,28.0,0.049400608390101755,0.449340245051838
Unknown_650490,TB,650490,2020,41,168,136,38,3,0,2,31,23,1,0,0.279,0.7801204819277109,0.31792975970425147,0.762,0.1503957783641161,0.5671641791044777,0.8289841565703634,0.2360980207351555,0.6726,0.383,0.6083634901487736,0.22000000000000003,29.0,0.00435578768484402,0.7639019792648443
Unknown_643446,NYM,643446,2020,51,209,183,57,14,0,4,20,24,3,3,0.311,0.6777108433734941,0.5175600739371535,0.836,0.3509234828496042,0.6000000000000002,0.41519105312208754,0.18402450518378888,0.7751,0.383,0.6083634901487736,0.24000000000000002,28.0,0.013212419855607593,0.8159754948162112
Unknown_623993,BAL,623993,2020,37,165,153,40,13,1,11,10,25,2,0,0.261,0.47289156626506024,0.7412199630314233,0.89,0.8047493403693932,0.34029850746268664,0.2516309412861137,0.2704995287464656,0.7758,0.381,0.60313630880579,0.22000000000000003,26.0,0.03838268309581453,0.7295004712535345
Unknown_593428,BOS,593428,2020,56,225,203,61,8,0,11,21,41,0,1,0.3,0.6204819277108434,0.6062846580406656,0.867,0.5092348284960422,0.5820895522388061,0.40400745573159363,0.3428369462770971,0.7244,0.378,0.5950944913550462,0.2466666666666667,28.0,0.027792123776840427,0.6571630537229027
Unknown_594777,AZ,594777,2020,54,228,190,43,9,0,16,28,50,6,4,0.226,0.5421686746987954,0.6506469500924217,0.864,0.7678100263852242,0.22985074626865676,0.5414725069897484,0.4302544769085768,0.6316,0.378,0.5950944913550462,0.2466666666666667,33.0,0.024559564916797512,0.569745523091423
Unknown_457759,LAD,457759,2020,51,215,184,53,10,1,4,21,32,8,2,0.288,0.6716867469879518,0.4510166358595195,0.8,0.31926121372031663,0.5761194029850747,0.42451071761416587,0.2641376060320452,0.7163,0.377,0.5922798552472859,0.24000000000000002,36.0,0.019472916714543008,0.7358623939679545
Unknown_645277,ATL,645277,2020,38,164,155,44,7,0,8,7,35,1,1,0.284,0.4789156626506025,0.5730129390018486,0.801,0.503957783641161,0.5522388059701493,0.16821994408201305,0.41635249764373233,0.7378,0.377,0.5922798552472859,0.21333333333333335,23.0,0.08672614855200242,0.5836475023562675
Unknown_456781,SF,456781,2020,51,203,190,62,15,1,3,10,39,2,1,0.326,0.6234939759036146,0.534195933456562,0.828,0.33773087071240104,0.7820895522388062,0.19897483690587137,0.3661639962299717,0.7488,0.377,0.5922798552472859,0.23333333333333334,33.0,0.06541366487205927,0.6338360037700284
Unknown_598265,BOS,598265,2020,54,217,191,54,11,0,7,23,48,2,1,0.283,0.6204819277108434,0.5101663585951943,0.814,0.4195250659630607,0.6238805970149256,0.46318732525629075,0.4347313854853912,0.6636,0.376,0.5898673100120626,0.24000000000000002,30.0,0.030384837055240102,0.5652686145146086
Unknown_621035,LAD,621035,2020,64,246,213,54,11,2,8,30,66,2,0,0.254,0.5813253012048193,0.48613678373382635,0.788,0.45910290237467016,0.5880597014925374,0.537744641192917,0.5457115928369463,0.5976,0.374,0.5842380377965419,0.2466666666666667,30.0,0.03256016257275092,0.45428840716305374
Unknown_650402,NYY,650402,2020,49,190,159,43,8,0,5,29,34,2,0,0.27,0.6957831325301206,0.44547134935304994,0.805,0.3588390501319261,0.546268656716418,0.6803355079217148,0.3350612629594722,0.6579,0.373,0.5818254925613189,0.22000000000000003,24.0,0.0126852524972759,0.6649387370405277
Unknown_592663,PHI,592663,2020,47,195,173,46,6,0,11,16,48,6,0,0.266,0.575301204819277,0.5859519408502774,0.84,0.5699208443271768,0.5164179104477612,0.35181733457595527,0.4936380772855797,0.641,0.373,0.5818254925613189,0.22666666666666668,29.0,0.048036866463998296,0.5063619227144205
Unknown_643265,MIA,643265,2020,39,154,138,37,9,0,7,14,36,2,0,0.268,0.5602409638554217,0.5767097966728283,0.83,0.5488126649076517,0.5432835820895523,0.3928238583410997,0.4644203581526862,0.6623,0.371,0.5761962203457981,0.20666666666666667,30.0,0.03977738762484459,0.5355796418473138
Unknown_453568,COL,453568,2020,59,247,221,67,12,1,6,19,44,2,5,0.303,0.5963855421686747,0.5064695009242146,0.804,0.3588390501319261,0.635820895522388,0.3275862068965517,0.3331762488218662,0.7368,0.371,0.5761962203457981,0.2466666666666667,34.0,0.034821167138941886,0.6668237511781336
Unknown_664034,SEA,664034,2020,43,155,141,43,9,1,4,11,37,3,0,0.305,0.6325301204819277,0.5434380776340113,0.836,0.40633245382585753,0.764179104477612,0.30009319664492073,0.4759660697455231,0.671,0.369,0.5709690390028146,0.20666666666666667,26.0,0.05506659422656715,0.524033930254477
Unknown_543543,STL,543543,2020,49,172,143,33,8,1,7,25,46,3,1,0.231,0.5933734939759036,0.5064695009242146,0.802,0.5488126649076517,0.453731343283582,0.6463187325256291,0.5435909519321396,0.5698,0.368,0.5681544028950543,0.20666666666666667,31.0,0.025614435452481682,0.4564090480678604
Unknown_570731,DET,570731,2020,44,177,163,45,4,2,8,8,39,4,2,0.276,0.49397590361445787,0.5508317929759705,0.794,0.4934036939313984,0.5373134328358209,0.17986952469711087,0.4326107445805844,0.7062,0.368,0.5681544028950543,0.21333333333333335,29.0,0.0843306269356161,0.5673892554194158
Unknown_621043,HOU,621043,2020,69,267,239,66,9,0,11,24,56,3,1,0.276,0.5722891566265059,0.5138632162661738,0.8,0.4406332453825857,0.5492537313432836,0.38816402609506057,0.40763430725730443,0.6891,0.367,0.565741857659831,0.2466666666666667,26.0,0.03514241009117508,0.5923656927426957
Unknown_621020,ATL,621020,2020,69,303,272,73,17,1,12,25,85,4,2,0.268,0.5391566265060243,0.5489833641404807,0.807,0.5092348284960422,0.6298507462686568,0.35368126747437095,0.5744580584354383,0.6238,0.366,0.5629272215520706,0.26,26.0,0.05580264912939448,0.4255419415645618
Unknown_570482,NYY,570482,2020,50,205,179,50,11,0,7,20,32,1,5,0.279,0.5662650602409639,0.524953789279113,0.804,0.4485488126649076,0.4865671641791045,0.424044734389562,0.2813383600377003,0.7415,0.366,0.5629272215520706,0.22000000000000003,29.0,0.020950818178331866,0.7186616399622996
Unknown_600303,ATH,600303,2020,62,259,224,63,15,2,6,29,15,3,2,0.281,0.6325301204819277,0.5027726432532349,0.815,0.41160949868073876,0.4298507462686568,0.4911463187325257,0.04995287464655983,0.8108,0.366,0.5629272215520706,0.24000000000000002,31.0,0.0,0.9500471253534399
Unknown_572041,LAD,572041,2020,63,237,221,60,10,0,16,13,48,1,2,0.271,0.463855421686747,0.6654343807763403,0.846,0.6675461741424802,0.4268656716417911,0.22506989748369055,0.3906691800188502,0.7384,0.365,0.5601125854443103,0.23333333333333334,33.0,0.06138719197440372,0.6093308199811498
Unknown_543257,ATH,543257,2020,57,212,183,43,14,2,8,24,42,5,0,0.235,0.5481927710843374,0.5360443622920519,0.804,0.58311345646438,0.38507462686567173,0.4967381174277725,0.380301602262017,0.6651,0.365,0.5601125854443103,0.22000000000000003,31.0,0.023866044734497917,0.6196983977379831
Unknown_543305,NYY,543305,2020,61,244,195,46,11,3,6,47,43,1,1,0.236,0.6837349397590361,0.44547134935304994,0.801,0.4485488126649076,0.4119402985074627,0.8667287977632805,0.3286993402450518,0.627,0.364,0.5577000402090873,0.23333333333333334,31.0,0.007701272976673215,0.671300659754948
Unknown_624415,TOR,624415,2020,61,273,229,56,17,0,8,41,67,3,0,0.245,0.6265060240963854,0.46210720887245854,0.79,0.4485488126649076,0.5313432835820896,0.6691519105312209,0.4917530631479737,0.5897,0.364,0.5577000402090873,0.2466666666666667,25.0,0.021617351086872752,0.5082469368520264
Unknown_664058,LAA,664058,2020,49,230,207,66,13,0,3,20,25,0,2,0.319,0.6566265060240964,0.4639556377079483,0.801,0.2559366754617414,0.6388059701492538,0.374650512581547,0.16965127238454292,0.8,0.364,0.5577000402090873,0.22666666666666668,26.0,0.01417716196614024,0.8303487276154569
Unknown_516782,AZ,516782,2020,62,255,232,66,15,1,6,12,41,10,1,0.284,0.5632530120481928,0.48243992606284664,0.78,0.3746701846965699,0.564179104477612,0.18872320596458528,0.29241281809613573,0.7529,0.363,0.5548854041013268,0.23333333333333334,32.0,0.05607387294591164,0.7075871819038642
Unknown_624413,NYM,624413,2020,57,239,208,48,6,0,16,24,61,6,1,0.231,0.5060240963855422,0.5841035120147875,0.817,0.662269129287599,0.32238805970149254,0.43709226467847156,0.5148444863336474,0.6192,0.363,0.5548854041013268,0.22666666666666668,26.0,0.039192376072142945,0.48515551366635257
Unknown_663656,HOU,663656,2020,69,272,252,69,12,6,9,19,51,0,1,0.274,0.5,0.5582255083179299,0.8,0.5092348284960422,0.5283582089552239,0.29496738117427773,0.35532516493873706,0.739,0.361,0.5496582227583433,0.24000000000000002,23.0,0.04191319600200026,0.644674835061263
Unknown_669221,ATH,669221,2020,48,165,138,32,5,0,9,26,41,0,1,0.232,0.5843373493975904,0.5360443622920519,0.815,0.5883905013192612,0.37014925373134333,0.7036346691519105,0.499057492931197,0.5939,0.361,0.5496582227583433,0.2,26.0,0.020513217092670982,0.5009425070688032
Unknown_543877,BOS,543877,2020,46,189,173,49,9,0,7,16,43,0,0,0.283,0.5602409638554217,0.5231053604436231,0.801,0.4327176781002638,0.6179104477611942,0.363932898415657,0.44957587181903863,0.6878,0.361,0.5496582227583433,0.20666666666666667,30.0,0.04198184963167816,0.5504241281809612
Unknown_607680,BOS,607680,2020,54,223,208,60,12,3,6,13,41,2,0,0.288,0.5361445783132531,0.5323475046210722,0.798,0.4327176781002638,0.6000000000000002,0.24091332712022367,0.34684260131950995,0.7489,0.36,0.546843586650583,0.22000000000000003,31.0,0.05104842931615139,0.6531573986804902
Unknown_641355,LAD,641355,2020,65,283,248,60,10,2,14,35,53,0,0,0.242,0.5361445783132531,0.5434380776340113,0.803,0.5725593667546174,0.35820895522388063,0.5456663560111836,0.35485391140433553,0.689,0.359,0.5440289505428226,0.24000000000000002,25.0,0.01930099031044604,0.6451460885956644
Unknown_663757,SD,663757,2020,65,279,238,57,9,3,10,35,75,4,1,0.239,0.5632530120481928,0.4713493530499077,0.774,0.47493403693931396,0.5104477611940299,0.5535880708294502,0.54688972667295,0.5842,0.359,0.5440289505428226,0.24000000000000002,24.0,0.031483228180866595,0.45311027332705023
Unknown_592567,PIT,592567,2020,52,200,178,44,10,0,10,19,52,2,1,0.247,0.5030120481927711,0.5508317929759705,0.797,0.5699208443271768,0.4686567164179104,0.4119291705498602,0.5261545711592837,0.635,0.359,0.5440289505428226,0.21333333333333335,28.0,0.04296688468359873,0.47384542884071634
Unknown_641786,SEA,641786,2020,58,242,206,54,3,0,11,34,71,0,2,0.262,0.6204819277108434,0.48613678373382635,0.801,0.4379947229551451,0.6179104477611942,0.6239515377446413,0.6048539114043355,0.5661,0.359,0.5440289505428226,0.22666666666666668,25.0,0.030413169176932764,0.3951460885956646
Unknown_544369,PHI,544369,2020,60,237,215,61,10,2,10,15,28,4,2,0.284,0.5451807228915663,0.5804066543438078,0.827,0.5171503957783641,0.4507462686567164,0.26421248835041933,0.19180018850141378,0.7975,0.359,0.5440289505428226,0.22666666666666668,30.0,0.026105842017207642,0.808199811498586
Unknown_664040,TB,664040,2020,68,273,238,56,9,2,15,29,74,4,2,0.235,0.5060240963855422,0.5637707948243993,0.805,0.6200527704485488,0.4119402985074627,0.4641192917054986,0.5523091423185674,0.6081,0.358,0.5416164053075995,0.23333333333333334,26.0,0.03940331303709982,0.4476908576814327
Unknown_458731,NYY,458731,2020,49,182,149,36,6,1,6,30,45,2,1,0.242,0.6506024096385542,0.4473197781885398,0.79,0.43535620052770446,0.5044776119402985,0.7371854613233924,0.49622997172478794,0.5769,0.358,0.5416164053075995,0.2,37.0,0.019038910133768842,0.5037700282752122
Unknown_527038,SF,527038,2020,55,213,198,53,11,1,12,13,36,1,1,0.268,0.47289156626506024,0.6303142329020335,0.83,0.6279683377308707,0.4119402985074627,0.2534948741845293,0.3117342130065976,0.7653,0.358,0.5416164053075995,0.21333333333333335,29.0,0.04361819201301069,0.6882657869934024
Unknown_606132,COL,606132,2020,49,206,186,59,8,2,1,14,38,2,3,0.317,0.6265060240963854,0.4140480591497229,0.764,0.18997361477572558,0.755223880597015,0.28611369990680335,0.3482563619227144,0.7233,0.358,0.5416164053075995,0.21333333333333335,26.0,0.04250996262991435,0.6517436380772856
Unknown_592192,ATH,592192,2020,66,271,216,51,12,2,6,39,61,10,6,0.236,0.6355421686746988,0.4066543438077635,0.763,0.39050131926121373,0.4656716417910447,0.6397949673811743,0.4439208294062205,0.5941,0.357,0.538801769199839,0.23333333333333334,31.0,0.020271352492605983,0.5560791705937795
Unknown_642162,BAL,642162,2020,51,150,141,39,4,0,8,8,34,0,0,0.277,0.47289156626506024,0.5563770794824401,0.791,0.5013192612137203,0.5343283582089553,0.21761416589002794,0.44769085768143263,0.7133,0.357,0.538801769199839,0.19333333333333336,28.0,0.07231838928380797,0.5523091423185673
Unknown_458015,CIN,458015,2020,56,233,195,44,8,0,11,38,46,0,0,0.226,0.5843373493975904,0.4842883548983365,0.788,0.5303430079155672,0.31343283582089554,0.7292637465051258,0.3786522148916117,0.6395,0.356,0.5359871330920788,0.22000000000000003,37.0,0.01341988007678367,0.6213477851083882
Unknown_605204,NYM,605204,2020,56,229,190,47,9,0,6,31,56,7,1,0.247,0.6415662650602411,0.3974121996303143,0.761,0.3509234828496042,0.5492537313432836,0.6001863932898415,0.4896324222431669,0.5895,0.356,0.5359871330920788,0.22000000000000003,27.0,0.02494532213112953,0.5103675777568333
Unknown_592885,MIL,592885,2020,60,256,209,43,8,1,12,46,80,1,0,0.206,0.5843373493975904,0.46580406654343814,0.777,0.5567282321899736,0.391044776119403,0.8066169617893756,0.6498586239396795,0.5039,0.355,0.5331724969843183,0.22666666666666668,29.0,0.023653317145823458,0.3501413760603205
Unknown_665489,TOR,665489,2020,62,251,228,59,13,2,9,20,42,3,0,0.259,0.5090361445783133,0.5138632162661738,0.778,0.4854881266490765,0.4417910447761193,0.3406337371854613,0.30772855796418475,0.741,0.355,0.5331724969843183,0.22000000000000003,21.0,0.030623476142337902,0.6922714420358151
Unknown_600524,BAL,600524,2020,52,216,195,50,10,0,12,17,64,3,1,0.256,0.5,0.5878003696857672,0.816,0.5989445910290236,0.546268656716418,0.3359739049394222,0.6116870876531574,0.6111,0.355,0.5331724969843183,0.21333333333333335,26.0,0.06286606045911938,0.38831291234684273
Unknown_594807,ATL,594807,2020,59,230,210,47,9,0,17,16,65,3,1,0.224,0.3885542168674698,0.6210720887245842,0.796,0.7308707124010553,0.29552238805970155,0.29356943150046594,0.5794062205466541,0.6348,0.354,0.5307599517490953,0.21333333333333335,32.0,0.06858396520384107,0.4205937794533461
Unknown_572233,AZ,572233,2020,57,243,218,59,18,1,7,19,50,3,3,0.271,0.5271084337349398,0.5268022181146028,0.792,0.47229551451187335,0.546268656716418,0.3336439888164026,0.39844486333647505,0.7037,0.354,0.5307599517490953,0.22000000000000003,29.0,0.0409320671558582,0.601555136663525
Unknown_605119,MIA,605119,2020,64,250,219,55,8,1,11,23,73,7,1,0.251,0.5481927710843374,0.5046210720887248,0.787,0.4934036939313984,0.5671641791044777,0.3979496738117428,0.6015551366635249,0.588,0.353,0.527945315641335,0.22000000000000003,27.0,0.05142661901467874,0.398444863336475
Unknown_572122,SEA,572122,2020,60,248,203,49,12,0,9,32,33,7,6,0.241,0.5933734939759036,0.47874306839186703,0.788,0.4828496042216359,0.31641791044776124,0.570363466915191,0.22714420358152687,0.7097,0.353,0.527945315641335,0.22000000000000003,33.0,0.009964581745598848,0.772855796418473
Unknown_606466,AZ,606466,2020,45,195,181,52,14,1,2,7,21,4,3,0.287,0.496987951807229,0.434380776340111,0.732,0.29815303430079154,0.5283582089552239,0.13653308480894688,0.1672950047125354,0.8359,0.353,0.527945315641335,0.2,27.0,0.04806044200335895,0.8327049952874643
Unknown_642715,TB,642715,2020,65,249,219,52,16,1,8,29,89,1,0,0.237,0.5150602409638555,0.4713493530499077,0.759,0.4828496042216359,0.6776119402985076,0.5121155638397018,0.7556550424128181,0.5221,0.352,0.5251306795335746,0.22000000000000003,25.0,0.04937296209554093,0.2443449575871821
Unknown_575929,CHC,575929,2020,59,233,193,47,11,0,7,21,57,17,2,0.244,0.6234939759036146,0.434380776340111,0.774,0.41424802110817943,0.5104477611940299,0.3890959925442684,0.4898680490103677,0.5923,0.352,0.5251306795335746,0.21333333333333335,28.0,0.04253950073978755,0.5101319509896323
Unknown_545341,TOR,545341,2020,57,239,223,60,9,0,12,14,54,0,2,0.269,0.45783132530120485,0.5489833641404807,0.78,0.5092348284960422,0.5014925373134328,0.2423112767940354,0.44580584354382663,0.7155,0.352,0.5251306795335746,0.21333333333333335,29.0,0.06460841883844341,0.5541941564561734
Unknown_518735,CWS,518735,2020,49,208,171,39,7,0,10,34,61,1,2,0.228,0.5963855421686747,0.49907578558225524,0.8,0.546174142480211,0.4477611940298507,0.7311276794035415,0.6046182846371347,0.5385,0.351,0.5227181342983513,0.20666666666666667,32.0,0.024715438253294628,0.39538171536286537
Unknown_643376,TOR,643376,2020,43,152,125,24,3,0,8,21,31,2,1,0.192,0.47289156626506024,0.43253234750462116,0.723,0.546174142480211,0.14925373134328357,0.6132339235787511,0.39396795475966073,0.625,0.35,0.519903498190591,0.18666666666666668,25.0,0.01855098032724306,0.6060320452403394
Unknown_516416,PHI,516416,2020,54,217,192,51,5,2,7,23,45,1,0,0.266,0.5692771084337348,0.4584103512014788,0.769,0.38786279683377306,0.5373134328358209,0.46318732525629075,0.4022148916116871,0.6774,0.35,0.519903498190591,0.20666666666666667,30.0,0.027864967754785135,0.5977851083883128
Unknown_596847,TB,596847,2020,52,179,149,35,14,0,5,26,42,1,3,0.235,0.5662650602409639,0.47319778188539746,0.776,0.4907651715039578,0.453731343283582,0.6463187325256291,0.4663053722902922,0.6145,0.349,0.5170888620828307,0.19333333333333336,29.0,0.021245123791539394,0.5336946277097077
Unknown_543592,SD,543592,2020,54,207,178,46,9,1,7,22,41,3,4,0.258,0.5572289156626508,0.4879852125693162,0.781,0.45118733509234826,0.4686567164179104,0.46458527493010254,0.380301602262017,0.6812,0.349,0.5170888620828307,0.2,31.0,0.026064707741244836,0.6196983977379831
Unknown_457705,PHI,457705,2020,57,241,217,55,9,0,10,22,48,1,1,0.253,0.5,0.47874306839186703,0.757,0.45118733509234826,0.4388059701492538,0.3946877912395154,0.38289349670122524,0.7054,0.349,0.5170888620828307,0.21333333333333335,34.0,0.032224109245559,0.6171065032987746
Unknown_646240,BOS,646240,2020,57,248,232,61,16,1,11,13,67,3,0,0.263,0.45783132530120485,0.5711645101663587,0.793,0.5567282321899736,0.5701492537313434,0.21342031686859272,0.5501885014137605,0.6653,0.349,0.5170888620828307,0.21333333333333335,24.0,0.08980039454353139,0.44981149858623937
Unknown_543333,SD,543333,2020,44,183,168,45,7,0,10,10,33,2,3,0.268,0.46084337349397586,0.5804066543438078,0.8,0.5567282321899736,0.4149253731343284,0.22367194780987887,0.3383600377002827,0.7541,0.348,0.5146763168476075,0.19333333333333336,31.0,0.05390963694747919,0.6616399622997171
Unknown_543063,SF,543063,2020,53,193,172,44,12,0,8,15,47,4,2,0.256,0.5060240963855422,0.5378927911275417,0.792,0.5277044854881267,0.5044776119402985,0.33131407269338303,0.4872761545711593,0.658,0.348,0.5146763168476075,0.19333333333333336,33.0,0.050651141942572885,0.5127238454288405
Unknown_542583,MIA,542583,2020,56,238,209,56,11,0,9,23,47,2,4,0.268,0.5481927710843374,0.5101663585951943,0.79,0.4564643799472295,0.4925373134328358,0.41938490214352286,0.3788878416588125,0.6975,0.347,0.5118616807398472,0.20666666666666667,30.0,0.02956650520902459,0.6211121583411876
Unknown_596146,MIN,596146,2020,49,204,176,39,9,0,9,25,37,2,1,0.222,0.5,0.46580406654343814,0.75,0.5171503957783641,0.28358208955223885,0.5400745573159366,0.3409519321394911,0.6863,0.347,0.5118616807398472,0.2,27.0,0.01865585534713013,0.6590480678605088
Unknown_614177,CLE,614177,2020,61,250,218,58,10,0,9,26,74,1,5,0.266,0.5481927710843374,0.4842883548983365,0.776,0.42480211081794195,0.644776119402985,0.4538676607642125,0.6109802073515551,0.596,0.347,0.5118616807398472,0.21333333333333335,25.0,0.04508267003180682,0.3890197926484449
Unknown_514917,CLE,514917,2020,60,270,242,69,21,0,3,25,60,2,0,0.285,0.5993975903614458,0.434380776340111,0.766,0.3034300791556728,0.701492537313433,0.40074557315936626,0.43708765315739867,0.6704,0.347,0.5118616807398472,0.22000000000000003,30.0,0.03643877039948272,0.5629123468426014
Unknown_608324,HOU,608324,2020,53,228,194,47,13,1,7,29,29,4,1,0.242,0.5813253012048193,0.46950092421441786,0.779,0.46701846965699206,0.3522388059701492,0.5619757688723206,0.21324222431668238,0.7281,0.345,0.5066344993968637,0.2,26.0,0.009349406373181298,0.7867577756833175
Unknown_592206,CIN,592206,2020,62,252,228,52,12,2,14,19,73,4,1,0.228,0.42168674698795183,0.5693160813308689,0.78,0.6464379947229552,0.4,0.32059645852749297,0.5961357210179077,0.619,0.345,0.5066344993968637,0.20666666666666667,28.0,0.06436117650280379,0.4038642789820923
Unknown_596748,KC,596748,2020,60,243,223,62,16,0,8,16,38,0,4,0.278,0.49096385542168675,0.5231053604436231,0.778,0.4485488126649076,0.4895522388059701,0.27586206896551724,0.28204524033930256,0.7778,0.345,0.5066344993968637,0.20666666666666667,28.0,0.03600001296964099,0.7179547596606974
Unknown_621566,ATH,621566,2020,67,273,233,44,4,1,16,39,87,1,0,0.189,0.4518072289156626,0.45656192236598897,0.728,0.5883905013192612,0.24179104477611946,0.6351351351351351,0.6644674835061263,0.5348,0.344,0.5038198632891033,0.21333333333333335,26.0,0.033161163069420733,0.33553251649387383
Unknown_542932,MIA,542932,2020,42,170,137,34,5,0,2,25,42,5,1,0.248,0.6716867469879518,0.2846580406654345,0.709,0.18733509234828497,0.6149253731343284,0.6547064305684995,0.49575871819038647,0.5647,0.344,0.5038198632891033,0.18666666666666668,30.0,0.022507474228442223,0.5042412818096136
Unknown_519203,CHC,519203,2020,60,251,211,45,6,0,11,28,41,10,2,0.213,0.5210843373493976,0.4140480591497229,0.729,0.46437994722955145,0.22985074626865676,0.48928238583411,0.2983034872761546,0.6853,0.344,0.5038198632891033,0.20666666666666667,31.0,0.018316075468522625,0.7016965127238455
Unknown_553993,CIN,553993,2020,59,241,207,42,8,0,15,31,71,2,1,0.203,0.46084337349397586,0.5268022181146028,0.77,0.6517150395778364,0.25970149253731345,0.5684995340167753,0.6076814326107445,0.5685,0.344,0.5038198632891033,0.20666666666666667,29.0,0.0343339783584437,0.3923185673892555
Unknown_592696,MIN,592696,2020,59,238,217,54,7,0,13,19,35,0,2,0.249,0.4487951807228916,0.5304990757855823,0.768,0.5356200527704486,0.31641791044776124,0.3410997204100652,0.26013195098963243,0.7731,0.344,0.5038198632891033,0.20666666666666667,29.0,0.025673044831269996,0.7398680490103675
Unknown_624585,KC,624585,2020,43,174,151,34,8,0,8,19,60,3,1,0.225,0.49397590361445787,0.48613678373382635,0.759,0.5356200527704486,0.5253731343283582,0.4780987884436161,0.725966069745523,0.5172,0.344,0.5038198632891033,0.18666666666666668,28.0,0.051109113307567074,0.274033930254477
Unknown_656305,ATH,656305,2020,36,152,142,33,9,2,10,8,54,1,1,0.232,0.35542168674698804,0.6672828096118302,0.812,0.7757255936675461,0.4686567164179104,0.21435228331780057,0.7507068803016023,0.5855,0.344,0.5038198632891033,0.18000000000000002,27.0,0.12073562771590729,0.24929311969839807
Unknown_595777,SD,595777,2020,60,217,195,54,6,0,7,15,30,4,2,0.277,0.5421686746987954,0.44547134935304994,0.753,0.3403693931398417,0.4776119402985074,0.29123951537744636,0.2391611687087653,0.7696,0.343,0.501005227181343,0.2,27.0,0.02870492418827012,0.7608388312912349
Unknown_593160,KC,593160,2020,60,265,248,70,12,0,9,12,33,4,1,0.282,0.5030120481927711,0.4916820702402959,0.764,0.39050131926121373,0.4805970149253731,0.18033550792171482,0.206880301602262,0.8151,0.343,0.501005227181343,0.20666666666666667,31.0,0.043189516990290236,0.793119698397738
Unknown_641531,KC,641531,2020,44,186,158,36,4,2,6,27,48,1,0,0.228,0.5602409638554217,0.4029574861367839,0.736,0.41160949868073876,0.4597014925373134,0.6458527493010251,0.5216776625824693,0.5914,0.342,0.4985926819461198,0.18666666666666668,29.0,0.0243992545916629,0.4783223374175307
Unknown_444482,AZ,444482,2020,54,218,203,61,10,1,5,13,45,0,2,0.3,0.5451807228915663,0.47874306839186703,0.773,0.32717678100263853,0.6776119402985076,0.24697110904007458,0.3998586239396796,0.7339,0.341,0.49577804583835944,0.19333333333333336,33.0,0.05702373548819874,0.6001413760603205
Unknown_571970,LAD,571970,2020,67,289,231,45,6,0,14,52,71,4,2,0.195,0.575301204819277,0.4232902033271721,0.752,0.525065963060686,0.22388059701492535,0.8075489282385834,0.49245994344957594,0.5606,0.34,0.4929634097305991,0.21333333333333335,30.0,0.01642885646897254,0.507540056550424
Unknown_572816,MIA,572816,2020,57,231,214,54,5,1,8,17,40,0,0,0.252,0.4487951807228916,0.41219963031423307,0.705,0.3588390501319261,0.4268656716417911,0.31220876048462254,0.32163053722902923,0.7489,0.339,0.4905508644953759,0.19333333333333336,31.0,0.03554247124251345,0.6783694627709707
Unknown_622534,TB,622534,2020,54,195,178,47,9,0,4,15,33,0,1,0.264,0.48795180722891573,0.38447319778188555,0.702,0.28759894459102897,0.5044776119402985,0.3275862068965517,0.31220546654099907,0.7487,0.337,0.4849215922798552,0.18666666666666668,26.0,0.03258106169610325,0.6877945334590008
Unknown_543760,ATH,543760,2020,60,267,238,58,10,1,9,29,51,0,0,0.244,0.5060240963855422,0.43253234750462116,0.733,0.40897097625329815,0.42089552238805983,0.4753028890959925,0.36357210179076344,0.7004,0.337,0.4849215922798552,0.2,30.0,0.0240353609584789,0.6364278982092364
Unknown_519058,CIN,519058,2020,46,172,147,32,9,0,8,19,38,4,2,0.218,0.48795180722891573,0.4953789279112755,0.762,0.5672823218997362,0.29552238805970155,0.48415657036346693,0.43402450518378893,0.6453,0.336,0.482509047044632,0.18000000000000002,32.0,0.02868740788255511,0.5659754948162112
Unknown_643396,TEX,643396,2020,58,228,211,59,4,3,3,14,32,2,1,0.28,0.5150602409638555,0.3622920517560075,0.699,0.21372031662269128,0.5432835820895523,0.255358807082945,0.2443449575871819,0.7895,0.336,0.482509047044632,0.19333333333333336,25.0,0.03425308564666691,0.7556550424128183
Unknown_514888,HOU,514888,2020,59,261,233,56,10,0,10,26,46,2,0,0.24,0.49397590361445787,0.4399260628465805,0.734,0.4300791556728232,0.3761194029850746,0.43336439888164024,0.3286993402450518,0.7165,0.335,0.4796944109368717,0.2,30.0,0.024235276500046803,0.671300659754948
Unknown_459964,MIA,459964,2020,51,161,138,34,5,0,2,22,44,0,1,0.246,0.5722891566265059,0.2809611829944548,0.674,0.18733509234828497,0.626865671641791,0.6057781919850885,0.557492931196984,0.5901,0.335,0.4796944109368717,0.17333333333333334,36.0,0.02871909367422553,0.44250706880301616
Unknown_408234,DET,408234,2020,57,231,204,51,4,0,10,24,51,1,2,0.25,0.5150602409638555,0.44916820702402965,0.746,0.41688654353562005,0.444776119402985,0.4534016775396086,0.43378887841658814,0.671,0.335,0.4796944109368717,0.19333333333333336,37.0,0.03112669253856997,0.5662111215834118
Unknown_605113,AZ,605113,2020,57,217,199,53,10,1,5,18,46,0,0,0.266,0.5090361445783133,0.42144177449168224,0.729,0.33509234828496043,0.5671641791044777,0.3555452003727866,0.4130537229029218,0.7051,0.334,0.47687977482911137,0.18666666666666668,30.0,0.03949171457496618,0.5869462770970784
Unknown_600474,BAL,600474,2020,48,178,160,40,5,1,5,16,40,1,0,0.25,0.49397590361445787,0.39556377079482447,0.71,0.3403693931398417,0.5074626865671642,0.38816402609506057,0.4429783223374176,0.6742,0.334,0.47687977482911137,0.18000000000000002,27.0,0.03837191806922106,0.5570216776625825
Unknown_621563,TB,621563,2020,58,220,200,56,9,2,4,13,44,6,1,0.28,0.5512048192771085,0.4269870609981517,0.746,0.30606860158311344,0.6149253731343284,0.244641192917055,0.38477851083883136,0.7136,0.333,0.47446722959388815,0.18666666666666668,30.0,0.055494794869729774,0.6152214891611687
Unknown_592626,LAD,592626,2020,50,156,139,30,4,0,8,12,36,5,0,0.216,0.4307228915662651,0.44916820702402965,0.719,0.5065963060686016,0.29253731343283584,0.3275862068965517,0.45735155513666353,0.6538,0.333,0.47446722959388815,0.17333333333333334,28.0,0.048085611727435786,0.5426484448633364
Unknown_452678,WSH,452678,2020,52,213,190,46,9,3,8,19,40,0,4,0.242,0.44277108433734935,0.5046210720887248,0.753,0.5171503957783641,0.3761194029850746,0.3849021435228332,0.3560320452403393,0.723,0.333,0.47446722959388815,0.18666666666666668,35.0,0.030744631222595617,0.6439679547596608
Unknown_673357,CWS,673357,2020,59,240,217,51,8,0,12,20,77,1,2,0.235,0.42771084337349397,0.4879852125693162,0.738,0.5118733509234829,0.4955223880597015,0.3574091332712022,0.669415645617342,0.5833,0.332,0.4716525934861278,0.18666666666666668,23.0,0.06453470626614162,0.3305843543826581
Unknown_641857,COL,641857,2020,52,193,172,37,6,1,9,18,66,2,1,0.215,0.41265060240963847,0.45286506469500937,0.714,0.5118733509234829,0.453731343283582,0.40400745573159363,0.719368520263902,0.5544,0.332,0.4716525934861278,0.18000000000000002,26.0,0.06094337508285537,0.28063147973609803
Unknown_596019,CLE,596019,2020,62,275,244,62,14,0,8,25,44,4,2,0.254,0.5210843373493976,0.43622920517560076,0.741,0.38786279683377306,0.4298507462686568,0.3928238583410997,0.29052780395852973,0.7345,0.331,0.4688379573783675,0.19333333333333336,27.0,0.024063006824475444,0.7094721960414703
Unknown_622682,DET,622682,2020,55,213,202,56,7,2,4,9,45,2,0,0.277,0.47289156626506024,0.40110905730129404,0.706,0.2770448548812665,0.6149253731343284,0.16635601118359736,0.4114043355325165,0.7371,0.329,0.463610776035384,0.18000000000000002,26.0,0.08667996218287423,0.5885956644674835
Unknown_656775,BAL,656775,2020,40,153,140,38,4,3,3,8,37,1,0,0.271,0.47289156626506024,0.4306839186691313,0.723,0.33509234828496043,0.644776119402985,0.2129543336439888,0.4832704995287465,0.6732,0.328,0.4607961399276236,0.16666666666666669,26.0,0.07948077589439223,0.5167295004712535
Unknown_656941,CHC,656941,2020,61,231,195,36,6,0,11,33,67,3,0,0.185,0.463855421686747,0.390018484288355,0.696,0.503957783641161,0.23880597014925375,0.6351351351351351,0.5968426013195098,0.5541,0.327,0.4583835946924004,0.18000000000000002,27.0,0.029273805747565947,0.40315739868049016
Unknown_606115,MIL,606115,2020,58,196,180,46,10,1,6,14,36,1,1,0.256,0.46084337349397586,0.4584103512014788,0.733,0.41688654353562005,0.4597014925373134,0.3019571295433365,0.3463713477851084,0.7398,0.326,0.4555689585846401,0.17333333333333334,26.0,0.03979232865097506,0.6536286522148917
Unknown_643289,SF,643289,2020,50,177,158,43,4,1,4,15,36,1,2,0.272,0.533132530120482,0.39186691312384486,0.721,0.2770448548812665,0.5701492537313434,0.363932898415657,0.39278982092365694,0.6949,0.326,0.4555689585846401,0.16666666666666669,26.0,0.03647455353553128,0.6072101790763431
Unknown_593643,BAL,593643,2020,54,231,219,62,15,0,3,5,30,3,2,0.283,0.4457831325301205,0.40480591497227375,0.698,0.26649076517150394,0.5373134328358209,0.06989748369058715,0.2196041470311027,0.8268,0.326,0.4555689585846401,0.18000000000000002,28.0,0.10639582208494608,0.780395852968897
Unknown_455117,HOU,455117,2020,58,200,167,35,6,0,7,29,67,2,0,0.21,0.5271084337349398,0.36414048059149734,0.705,0.40369393139841686,0.4985074626865672,0.6449207828518173,0.7028746465598492,0.5,0.325,0.45275432247687974,0.17333333333333334,34.0,0.034711809027435626,0.297125353440151
Unknown_520471,CIN,520471,2020,48,163,144,32,5,0,7,14,31,5,0,0.222,0.4668674698795181,0.4232902033271721,0.716,0.4538258575197889,0.30447761194029854,0.369524697110904,0.36168708765315744,0.6933,0.324,0.4503417772416565,0.16666666666666669,31.0,0.03285092567601906,0.6383129123468425
Unknown_609275,KC,609275,2020,59,233,219,56,11,3,6,11,70,1,0,0.256,0.40963855421686746,0.4473197781885398,0.71,0.39841688654353563,0.644776119402985,0.18918918918918917,0.6213477851083883,0.6395,0.324,0.4503417772416565,0.17333333333333334,25.0,0.11318027736429338,0.3786522148916118
Unknown_547004,BAL,547004,2020,53,204,185,41,11,0,9,17,46,0,1,0.222,0.3855421686746987,0.467652495378928,0.713,0.5171503957783641,0.32835820895522394,0.3574091332712022,0.4448633364750236,0.6863,0.324,0.4503417772416565,0.17333333333333334,26.0,0.042390878561724285,0.5551366635249764
Unknown_571448,COL,571448,2020,48,201,182,46,9,0,8,15,20,0,4,0.253,0.4367469879518072,0.4805914972273569,0.738,0.4538258575197889,0.31940298507462683,0.3168685927306617,0.14797360980207352,0.8259,0.322,0.44471250502613585,0.16666666666666669,29.0,0.01580989422298977,0.8520263901979261
Unknown_592669,TB,592669,2020,43,151,134,21,6,0,9,14,44,2,1,0.157,0.2620481927710844,0.4232902033271721,0.648,0.62532981530343,0.03582089552238804,0.4012115563839702,0.6001413760603204,0.6026,0.321,0.4422999597909127,0.16,28.0,0.05083744725622497,0.3998586239396795
Unknown_571771,LAD,571771,2020,53,161,150,34,8,1,6,7,36,3,1,0.227,0.3463855421686748,0.44177449168207034,0.687,0.4696569920844327,0.36716417910447763,0.17194780987884434,0.4403864278982092,0.7143,0.319,0.436670687575392,0.16,29.0,0.08948569967197434,0.5596135721017907
Unknown_502054,SD,502054,2020,37,150,133,32,4,0,3,16,32,1,0,0.241,0.5090361445783133,0.30314232902033283,0.665,0.23482849604221634,0.4835820895522388,0.4664492078285182,0.41611687087653154,0.6733,0.319,0.436670687575392,0.16,32.0,0.028686784059108836,0.5838831291234683
Unknown_593934,MIN,593934,2020,55,213,193,39,12,0,13,19,91,1,0,0.202,0.35843373493975916,0.5397412199630316,0.743,0.6728232189973615,0.4716417910447761,0.3849021435228332,0.9201225259189445,0.4789,0.319,0.436670687575392,0.16666666666666669,27.0,0.08269206356488559,0.07987747408105572
Unknown_425877,STL,425877,2020,45,169,157,44,4,0,4,7,22,3,1,0.28,0.49096385542168675,0.38447319778188555,0.704,0.24538258575197885,0.5044776119402985,0.16216216216216214,0.22031102733270502,0.8047,0.318,0.4342581423401688,0.16,38.0,0.05086558951279211,0.7796889726672951
Unknown_467793,CLE,467793,2020,62,264,214,41,7,0,8,48,46,1,1,0.192,0.5512048192771085,0.2994454713493531,0.677,0.3588390501319261,0.21194029850746265,0.8164026095060577,0.32398680490103676,0.6402,0.318,0.4342581423401688,0.17333333333333334,34.0,0.008540264814354702,0.6760131950989632
Unknown_641487,SEA,641487,2020,53,232,204,52,7,2,2,23,39,3,2,0.255,0.5361445783132531,0.30314232902033283,0.674,0.19525065963060687,0.5044776119402985,0.43103448275862066,0.3096135721017908,0.7198,0.317,0.4314435062324085,0.16666666666666669,25.0,0.022826003035553946,0.690386427898209
Unknown_608336,TEX,608336,2020,57,226,193,35,8,0,10,29,79,4,0,0.181,0.4307228915662651,0.3770794824399261,0.679,0.49604221635883905,0.31641791044776124,0.5671015843429636,0.7372761545711594,0.5044,0.316,0.4286288701246481,0.16666666666666669,27.0,0.042735034529682914,0.26272384542884075
Unknown_543939,STL,543939,2020,55,223,195,51,5,2,2,20,30,4,2,0.262,0.5451807228915663,0.30314232902033283,0.678,0.17941952506596304,0.4865671641791045,0.3872320596458528,0.23044297832233746,0.7489,0.315,0.42621632488942496,0.16,30.0,0.01901637625184327,0.7695570216776624
Unknown_541645,MIL,541645,2020,55,215,189,47,10,0,2,20,52,6,0,0.249,0.5481927710843374,0.29390018484288366,0.673,0.20052770448548812,0.5940298507462688,0.4026095060577819,0.4835061262959473,0.6372,0.315,0.42621632488942496,0.16,29.0,0.04033904726207082,0.5164938737040528
Unknown_669374,MIL,669374,2020,61,253,223,47,4,0,13,17,87,11,2,0.211,0.4156626506024096,0.42513863216266184,0.7,0.4854881266490765,0.4119402985074627,0.28238583410997203,0.7238454288407162,0.5455,0.315,0.42621632488942496,0.16666666666666669,24.0,0.08904690309096518,0.2761545711592839
Unknown_657656,ATH,657656,2020,61,249,209,44,9,1,8,25,65,12,3,0.211,0.5030120481927711,0.3770794824399261,0.703,0.41688654353562005,0.37313432835820903,0.43709226467847156,0.5285108388312912,0.5904,0.314,0.4234016887816646,0.16666666666666669,26.0,0.0403105235156441,0.47148916116870887
Unknown_571718,LAA,571718,2020,49,165,145,31,9,1,6,17,54,1,2,0.214,0.4186746987951807,0.4436229205175602,0.711,0.503957783641161,0.4567164179104477,0.4492078285181733,0.684731385485391,0.5636,0.314,0.4234016887816646,0.15333333333333335,30.0,0.051499334974389285,0.3152686145146091
Unknown_457708,LAA,457708,2020,42,166,147,30,5,0,9,11,43,7,1,0.204,0.39457831325301196,0.4584103512014788,0.711,0.5514511873350924,0.25373134328358216,0.2781919850885368,0.5237983034872762,0.6325,0.314,0.4234016887816646,0.15333333333333335,33.0,0.06560594156122981,0.4762016965127238
Unknown_663586,ATL,663586,2020,60,243,221,51,7,1,9,19,62,2,1,0.231,0.4156626506024096,0.4066543438077635,0.69,0.40633245382585753,0.4298507462686568,0.3336439888164026,0.5146088595664468,0.6584,0.313,0.4205870526739043,0.16,23.0,0.05313445882189245,0.48539114043355336
Unknown_446334,SF,446334,2020,51,209,193,49,10,1,7,11,39,2,3,0.254,0.4186746987951807,0.4639556377079483,0.722,0.4274406332453826,0.4358208955223881,0.21435228331780057,0.35320452403393027,0.7512,0.313,0.4205870526739043,0.16,35.0,0.058658139970555856,0.6467954759660697
Unknown_453943,TEX,453943,2020,43,172,157,37,9,1,4,11,42,4,0,0.236,0.4337349397590361,0.38447319778188555,0.684,0.3614775725593667,0.4865671641791045,0.2674743709226468,0.4889255419415646,0.6686,0.313,0.4205870526739043,0.15333333333333335,34.0,0.06384728622129077,0.5110744580584354
Unknown_669242,STL,669242,2020,58,241,218,54,7,1,5,16,51,5,2,0.248,0.46084337349397586,0.3401109057301294,0.669,0.26649076517150394,0.4925373134328358,0.2786579683131407,0.4121112158341188,0.7012,0.311,0.4153598713309208,0.16,25.0,0.05167502665557433,0.5878887841658813
Unknown_543768,TOR,543768,2020,49,184,167,40,10,0,6,16,51,0,1,0.24,0.43975903614457834,0.4306839186691313,0.712,0.4195250659630607,0.5134328358208955,0.374650512581547,0.5666823751178134,0.6359,0.311,0.4153598713309208,0.15333333333333335,30.0,0.05166457290685825,0.4333176248821866
Unknown_660162,CWS,660162,2020,55,245,213,46,8,3,6,29,76,1,2,0.216,0.45783132530120485,0.35489833641404817,0.676,0.37203166226912926,0.4985074626865672,0.5209692451071761,0.6444392082940621,0.5673,0.31,0.4125452352231604,0.16,25.0,0.04070403742836741,0.3555607917059378
Unknown_502110,BOS,502110,2020,54,237,211,45,16,0,7,22,59,2,2,0.213,0.4006024096385542,0.3974121996303143,0.68,0.4379947229551451,0.37313432835820903,0.40167753960857405,0.5,0.6498,0.31,0.4125452352231604,0.16,33.0,0.041907556491019286,0.5
Unknown_594809,WSH,594809,2020,41,176,159,36,11,1,4,12,32,1,0,0.226,0.3825301204819277,0.38817005545286515,0.669,0.39050131926121373,0.3761194029850746,0.28704566635601114,0.34189443920829404,0.7216,0.31,0.4125452352231604,0.15333333333333335,32.0,0.0415896823818923,0.6581055607917059
Unknown_502210,HOU,502210,2020,67,242,219,53,11,1,4,22,50,0,1,0.242,0.45783132530120485,0.3364140480591498,0.666,0.2770448548812665,0.4805970149253731,0.3928238583410997,0.4003298774740811,0.6983,0.309,0.4101326899879372,0.16,33.0,0.033985637519559485,0.5996701225259189
Unknown_673451,CIN,673451,2020,54,187,160,38,6,1,0,25,36,2,0,0.238,0.5722891566265059,0.2107208872458411,0.635,0.10817941952506596,0.5134328358208955,0.592264678471575,0.36710650329877476,0.6578,0.309,0.4101326899879372,0.15333333333333335,32.0,0.017861780700236064,0.6328934967012252
Unknown_660271,LAA,660271,2020,43,175,153,29,6,0,7,22,50,0,0,0.19,0.4006024096385542,0.35489833641404817,0.657,0.4406332453825857,0.28358208955223885,0.554986020503262,0.5867106503298775,0.5886,0.309,0.4101326899879372,0.15333333333333335,26.0,0.03398650144409786,0.41328934967012243
Unknown_669256,TEX,669256,2020,58,233,209,56,10,0,2,18,42,2,4,0.268,0.5060240963855422,0.31423290203327175,0.671,0.17941952506596304,0.555223880597015,0.32945013979496734,0.3383600377002827,0.7339,0.309,0.4101326899879372,0.15333333333333335,25.0,0.0351400704734937,0.6616399622997171
Unknown_455976,ATL,455976,2020,44,171,159,39,17,0,1,11,33,1,0,0.245,0.42168674698795183,0.36414048059149734,0.669,0.30870712401055406,0.5074626865671642,0.2688723205964585,0.36828463713477855,0.7368,0.308,0.4073180538801769,0.15333333333333335,37.0,0.048090543897317095,0.6317153628652212
Unknown_572761,STL,572761,2020,53,183,149,28,7,0,4,26,52,7,1,0.188,0.5271084337349398,0.2606284658040667,0.649,0.31398416886543534,0.36119402985074633,0.6314072693383038,0.5831762488218661,0.5355,0.308,0.4073180538801769,0.15333333333333335,35.0,0.02870492418827012,0.41682375117813386
Unknown_595281,TB,595281,2020,58,193,171,37,9,3,4,20,50,2,0,0.216,0.4457831325301205,0.3696857670979668,0.68,0.39313984168865435,0.4417910447761193,0.4520037278657968,0.5240339302544769,0.6269,0.307,0.40450341777241655,0.15333333333333335,30.0,0.038401366028068484,0.47596606974552325
Unknown_660294,TB,660294,2020,55,197,169,32,5,1,8,26,52,1,1,0.189,0.42469879518072284,0.36783733826247694,0.672,0.45910290237467016,0.25074626865671645,0.5843429636533085,0.5355796418473139,0.599,0.304,0.39646160032167266,0.14666666666666667,29.0,0.02870492418827012,0.46442035815268623
Unknown_657557,STL,657557,2020,48,188,162,40,7,0,3,20,52,2,4,0.247,0.5180722891566266,0.31792975970425147,0.675,0.237467018469657,0.5940298507462688,0.4650512581547064,0.5652686145146089,0.6064,0.304,0.39646160032167266,0.14666666666666667,27.0,0.04031095836686662,0.43473138548539136
Unknown_641933,STL,641933,2020,47,157,139,24,5,0,7,15,43,2,1,0.173,0.31024096385542177,0.34380776340110913,0.621,0.4696569920844327,0.16417910447761197,0.41425908667287975,0.5589066918001884,0.6178,0.304,0.39646160032167266,0.14666666666666667,25.0,0.045506729705242506,0.4410933081998114
Unknown_605137,PIT,605137,2020,57,223,195,44,3,0,8,22,59,2,4,0.226,0.44277108433734935,0.35120147874306845,0.669,0.3403693931398417,0.4149253731343284,0.42917054986020503,0.5369934024505184,0.6278,0.301,0.3884197828709288,0.14666666666666667,28.0,0.04188314908364975,0.4630065975494817
Unknown_467092,NYM,467092,2020,45,155,142,34,6,0,5,10,31,2,1,0.239,0.4186746987951807,0.3937153419593347,0.684,0.366754617414248,0.40895522388059713,0.26980428704566634,0.38477851083883136,0.7226,0.301,0.3884197828709288,0.14666666666666667,33.0,0.050010998062243864,0.6152214891611687
Unknown_624428,PIT,624428,2020,57,230,209,48,7,0,7,17,35,3,0,0.23,0.4186746987951807,0.35120147874306845,0.661,0.32981530343007914,0.33432835820895523,0.3136067101584343,0.2721489161168709,0.7565,0.3,0.3856051467631684,0.14666666666666667,29.0,0.029857350147490566,0.7278510838831291
Unknown_593871,MIN,593871,2020,57,234,216,55,8,0,4,14,37,1,1,0.255,0.4337349397590361,0.3197781885397412,0.649,0.22163588390501318,0.4656716417910447,0.24790307548928237,0.28605089538171535,0.7692,0.299,0.3831926015279453,0.14,27.0,0.041166252547482816,0.7139491046182846
Unknown_641658,COL,641658,2020,49,184,167,39,4,3,5,13,60,0,1,0.234,0.3885542168674698,0.3863216266173753,0.671,0.37203166226912926,0.5850746268656717,0.29869524697110905,0.6819038642789821,0.587,0.299,0.3831926015279453,0.14,26.0,0.07927018784381334,0.3180961357210179
Unknown_429665,CWS,429665,2020,45,183,162,25,5,0,10,16,55,4,1,0.154,0.2650602409638554,0.3622920517560075,0.616,0.546174142480211,0.056716417910447736,0.3765144454799627,0.621583411875589,0.5847,0.298,0.3803779654201849,0.14,37.0,0.05654232223582921,0.37841658812441104
Unknown_592178,CHC,592178,2020,36,155,139,27,5,1,4,12,42,4,0,0.194,0.35843373493975916,0.29020332717190395,0.608,0.33773087071240104,0.33731343283582094,0.3299161230195713,0.5520735155513666,0.6258,0.296,0.3751507840772014,0.14,28.0,0.05776320803986343,0.4479264844486335
Unknown_621005,SEA,621005,2020,45,151,143,34,12,0,2,6,34,2,0,0.238,0.3614457831325302,0.35120147874306845,0.642,0.30870712401055406,0.4925373134328358,0.1542404473438956,0.4441564561734213,0.7219,0.294,0.3695215118616807,0.14,26.0,0.09978891656711018,0.5558435438265785
Unknown_405395,LAA,405395,2020,39,163,152,34,8,0,6,9,25,1,1,0.224,0.33734939759036153,0.40850277264325335,0.665,0.4274406332453826,0.28656716417910455,0.22646784715750234,0.27497643732328,0.7853,0.294,0.3695215118616807,0.14,40.0,0.043782592051473376,0.7250235626767201
Unknown_542340,MIA,542340,2020,52,209,187,43,5,0,2,19,55,0,2,0.23,0.42168674698795183,0.21256931608133095,0.587,0.13192612137203164,0.5283582089552239,0.3928238583410997,0.5336946277097078,0.6411,0.293,0.3671089666264576,0.13333333333333336,29.0,0.04603758810629246,0.46630537229029234
Unknown_460086,KC,460086,2020,50,184,163,34,4,0,4,18,37,3,0,0.209,0.42469879518072284,0.24584103512014793,0.606,0.23482849604221634,0.33432835820895523,0.42497670083876976,0.3873704052780396,0.6848,0.292,0.3642943305186972,0.13333333333333336,36.0,0.029793424678893725,0.6126295947219602
Unknown_668804,PIT,668804,2020,55,208,186,35,6,2,7,21,57,1,0,0.188,0.3493975903614459,0.33456561922365996,0.629,0.41688654353562005,0.28656716417910455,0.4398881640260951,0.5591423185673893,0.6154,0.291,0.36147969441093686,0.13333333333333336,25.0,0.04250291708615522,0.44085768143261084
Unknown_656308,BOS,656308,2020,42,158,146,31,5,2,5,8,50,2,2,0.212,0.3042168674698795,0.37523105360443637,0.636,0.40897097625329815,0.4358208955223881,0.20503261882572227,0.6592836946277097,0.6203,0.291,0.36147969441093686,0.13333333333333336,25.0,0.1110615049311283,0.34071630537229036
Unknown_621028,PIT,621028,2020,44,172,156,35,5,0,1,12,21,1,2,0.224,0.37048192771084343,0.18853974121996314,0.556,0.11081794195250658,0.34626865671641793,0.2945013979496738,0.20122525918944395,0.7965,0.288,0.35343787696019296,0.13333333333333336,27.0,0.023852179750389682,0.7987747408105561
Unknown_640457,TB,640457,2020,44,184,162,31,8,1,6,19,60,1,2,0.191,0.35843373493975916,0.35120147874306845,0.641,0.4327176781002638,0.36119402985074633,0.4506057781919851,0.6819038642789821,0.5652,0.286,0.34821069561720946,0.12666666666666668,25.0,0.05109586686884238,0.3180961357210179
Unknown_645302,WSH,645302,2020,52,189,168,37,5,1,3,9,53,9,2,0.22,0.40662650602409633,0.2606284658040667,0.608,0.22691292875989444,0.4895522388059701,0.19105312208760486,0.5742224316682375,0.619,0.285,0.3453960595094491,0.12666666666666668,23.0,0.1040125271158846,0.4257775683317626
Unknown_572039,ATH,572039,2020,47,178,166,37,6,0,5,9,54,1,1,0.223,0.32530120481927716,0.32347504621072093,0.615,0.3113456464379947,0.4835820895522388,0.20503261882572227,0.6284165881244109,0.6348,0.282,0.33735424205870523,0.12666666666666668,29.0,0.10605049142564088,0.3715834118755892
Unknown_608577,CWS,608577,2020,44,156,142,34,7,0,1,11,47,3,0,0.239,0.4518072289156626,0.2513863216266174,0.618,0.16094986807387865,0.6477611940298508,0.29776328052190115,0.6234684260131951,0.609,0.282,0.33735424205870523,0.12666666666666668,25.0,0.07271470441179834,0.3765315739868049
Unknown_493329,HOU,493329,2020,68,274,249,53,12,1,6,15,30,4,6,0.213,0.3162650602409639,0.3086876155268023,0.604,0.31662269129287596,0.24179104477611946,0.22413793103448276,0.17153628652214892,0.8212,0.28,0.33212706071572173,0.11333333333333334,36.0,0.028740309047164257,0.828463713477851
Unknown_595879,CHC,595879,2020,60,243,230,46,9,1,8,7,78,4,2,0.2,0.2319277108433735,0.3290203327171904,0.587,0.37730870712401055,0.3761194029850746,0.10344827586206895,0.6698868991517436,0.6337,0.28,0.33212706071572173,0.12000000000000001,28.0,0.20572726420543666,0.3301131008482565
Unknown_503556,MIN,503556,2020,55,205,180,38,4,0,5,18,41,3,4,0.211,0.39156626506024095,0.2643253234750463,0.604,0.2559366754617414,0.31343283582089554,0.3783783783783784,0.38477851083883136,0.6976,0.277,0.3240852432649779,0.12000000000000001,31.0,0.03408390636011713,0.6152214891611687
Unknown_570481,PIT,570481,2020,50,193,181,41,13,1,3,8,51,0,3,0.227,0.29216867469879515,0.3419593345656193,0.614,0.32717678100263853,0.4716417910447761,0.16262814538676607,0.5360508953817154,0.6891,0.273,0.3132287897064736,0.11333333333333334,29.0,0.11321624534716396,0.46394910461828465
Unknown_500871,AZ,500871,2020,54,222,203,43,7,3,4,15,41,2,2,0.212,0.33734939759036153,0.2975970425138634,0.605,0.30079155672823216,0.32835820895522394,0.28424976700838767,0.34872761545711595,0.7387,0.273,0.3132287897064736,0.11333333333333334,31.0,0.04287797347594611,0.651272384542884
Unknown_596142,NYY,596142,2020,51,187,164,24,4,0,11,18,68,4,1,0.146,0.2650602409638554,0.3659889094269872,0.618,0.5725593667546174,0.05074626865671639,0.41798695246971107,0.7702639019792648,0.5187,0.272,0.31081624447125045,0.11333333333333334,28.0,0.06307453526179232,0.22973609802073547
Unknown_657108,SEA,657108,2020,54,202,182,32,7,0,8,18,84,1,1,0.176,0.2831325301204819,0.31792975970425147,0.599,0.42480211081794195,0.3880597014925373,0.38443616029822925,0.8932610744580585,0.4901,0.269,0.3027744270205066,0.10666666666666669,24.0,0.08031963836184032,0.10673892554194175
Unknown_592348,DET,592348,2020,43,179,158,29,7,1,5,18,69,0,3,0.184,0.3162650602409639,0.2975970425138634,0.598,0.37730870712401055,0.4238805970149254,0.43802423112767935,0.82186616399623,0.514,0.265,0.29191797346200243,0.10666666666666669,28.0,0.06416438674613166,0.1781338360037703
Unknown_670032,KC,670032,2020,55,192,169,34,8,0,1,18,41,2,0,0.201,0.3855421686746987,0.1700554528650648,0.552,0.14775725593667546,0.3761194029850746,0.4063373718546132,0.4165881244109331,0.6667,0.265,0.29191797346200243,0.10666666666666669,25.0,0.03404935821183942,0.5834118755890669
Unknown_570256,PIT,570256,2020,50,174,158,24,6,0,7,13,65,0,3,0.152,0.1656626506024096,0.2754158964879853,0.535,0.4274406332453826,0.17014925373134326,0.3173345759552656,0.7938265786993401,0.546,0.237,0.21672698029754722,0.08000000000000002,29.0,0.08679738863462774,0.20617342130066008
Unknown_545361,LAA,545361,2021,44,168,136,46,10,1,8,30,47,2,0,0.338,0.9216867469879518,0.7929759704251387,1.067,0.6754617414248021,0.9999999999999999,0.8014911463187325,0.572808671065033,0.5298,0.538,1.0,0.36,30.0,0.020316810644664993,0.4271913289349669
Unknown_547180,PHI,547180,2021,148,621,504,159,44,1,37,106,137,5,4,0.315,0.8373493975903615,0.8373382624768948,1.063,0.7994722955145118,0.6895522388059702,0.7646784715750232,0.43331762488218667,0.5974,0.476,0.833936469642139,0.74,29.0,0.015007522008640773,0.5666823751178134
Unknown_665742,WSH,665742,2021,156,669,514,158,20,2,29,148,96,2,5,0.307,0.9096385542168676,0.6451016635859521,0.984,0.546174142480211,0.5761194029850747,1.0,0.25164938737040526,0.6323,0.455,0.777643747486932,0.7066666666666667,23.0,0.002550474482438071,0.7483506126295947
Unknown_621439,MIN,621439,2021,68,273,252,74,24,1,19,15,66,6,0,0.294,0.5722891566265059,0.8299445471349354,0.971,0.8443271767810027,0.5820895522388061,0.22506989748369055,0.4832704995287465,0.6813,0.449,0.761158021712907,0.36,28.0,0.07524278123001374,0.5167295004712535
Unknown_665489,TOR,665489,2021,168,717,621,192,31,1,49,88,113,6,2,0.309,0.7259036144578314,0.7855822550831795,0.998,0.7414248021108178,0.5253731343283582,0.5410065237651445,0.28487276154571156,0.7113,0.447,0.7559308403699234,0.7133333333333333,22.0,0.014854765556120171,0.7151272384542884
Unknown_673357,CWS,673357,2021,80,343,315,103,23,1,13,18,74,8,2,0.327,0.6566265060240964,0.6580406654343809,0.906,0.5118733509234829,0.7671641791044778,0.21388630009319662,0.42177191328934965,0.7085,0.446,0.7531162042621633,0.41333333333333333,24.0,0.0695174160383717,0.5782280867106504
Unknown_643524,CHC,643524,2021,70,267,249,82,20,1,15,17,43,1,0,0.329,0.6536144578313253,0.7837338262476896,0.973,0.6860158311345647,0.6477611940298508,0.26607642124883507,0.29288407163053726,0.7715,0.445,0.75070365902694,0.3533333333333334,29.0,0.03891442809073455,0.7071159283694626
Unknown_665487,SD,665487,2021,137,564,494,140,33,0,43,64,159,2,4,0.283,0.6234939759036146,0.8077634011090573,0.977,0.841688654353562,0.5791044776119404,0.4981360671015843,0.5777568331762487,0.6011,0.438,0.7318053880176918,0.56,22.0,0.03806719668208841,0.4222431668237512
Unknown_660670,ATL,660670,2021,89,380,314,86,19,1,26,51,90,10,5,0.274,0.6897590361445783,0.7670979667282809,0.976,0.8073878627968337,0.4835820895522388,0.5945945945945946,0.4714891611687088,0.6026,0.438,0.7318053880176918,0.42666666666666664,24.0,0.024147291081289442,0.5285108388312911
Unknown_660271,LAA,660271,2021,160,651,548,143,26,8,47,97,191,4,2,0.261,0.6536144578313253,0.77818853974122,0.97,0.8575197889182058,0.5194029850746269,0.6635601118359739,0.6048539114043355,0.5515,0.436,0.7265782066747084,0.62,27.0,0.028107371289280807,0.3951460885956646
Unknown_608385,CIN,608385,2021,117,507,441,133,32,1,26,56,80,10,0,0.302,0.7078313253012049,0.7060998151571167,0.948,0.6464379947229552,0.5522388059701493,0.48415657036346693,0.2853440150801131,0.712,0.433,0.7185363892239647,0.5066666666666666,28.0,0.017634618976382216,0.714655984919887
Unknown_656941,WSH,656941,2021,126,521,441,119,22,0,36,72,135,6,2,0.27,0.6626506024096387,0.722735674676525,0.943,0.7546174142480211,0.5104477611940299,0.6132339235787511,0.5240339302544769,0.5912,0.432,0.7157217531162041,0.5133333333333333,28.0,0.02628198310143194,0.47596606974552325
Unknown_518735,CWS,518735,2021,102,414,312,75,9,0,24,90,87,4,7,0.24,0.7560240963855421,0.6025878003696858,0.909,0.662269129287599,0.33134328358208953,0.9822926374650514,0.4085768143261075,0.5604,0.427,0.7024527543224768,0.42666666666666664,33.0,0.008699474082242252,0.5914231856738927
Unknown_606466,AZ,606466,2021,96,394,356,112,32,1,15,35,64,2,1,0.315,0.6626506024096387,0.6709796672828099,0.915,0.5620052770448548,0.6417910447761194,0.3830382106244175,0.2961828463713478,0.7437,0.423,0.6915963007639725,0.4,28.0,0.025391817535236894,0.7038171536286522
Unknown_474832,SF,474832,2021,101,390,331,90,14,2,29,51,105,7,1,0.272,0.6656626506024096,0.7670979667282809,0.969,0.8126649076517151,0.5194029850746269,0.5787511649580614,0.547832233741753,0.5821,0.423,0.6915963007639725,0.4,33.0,0.029829556721868558,0.45216776625824706
Unknown_668804,PIT,668804,2021,166,667,578,175,35,8,25,77,125,8,4,0.303,0.6987951807228917,0.6414048059149724,0.911,0.5514511873350924,0.635820895522388,0.5069897483690587,0.3550895381715363,0.6852,0.422,0.6887816646562122,0.58,26.0,0.021425639325403097,0.6449104618284636
Unknown_543068,COL,543068,2021,149,566,485,138,32,1,31,64,118,13,4,0.285,0.6686746987951807,0.6876155268022184,0.926,0.6675461741424802,0.5402985074626866,0.49627213420316874,0.4048067860508954,0.6537,0.421,0.6863691194209891,0.5066666666666666,31.0,0.025675811320656744,0.5951932139491045
Unknown_608369,LAD,608369,2021,109,456,396,118,25,3,19,52,73,5,3,0.298,0.6807228915662652,0.6395563770794825,0.904,0.5620052770448548,0.5611940298507463,0.5004659832246039,0.29076343072573047,0.7149,0.42,0.6835544833132288,0.43333333333333335,27.0,0.017176506121212826,0.7092365692742695
Unknown_663538,CHC,663538,2021,52,191,169,52,10,2,1,17,28,3,2,0.308,0.6596385542168676,0.43253234750462116,0.785,0.24274406332453824,0.6716417910447762,0.3839701770736253,0.2589538171536287,0.7487,0.42,0.6835544833132288,0.26666666666666666,24.0,0.021876123520924176,0.741046182846371
Unknown_643265,MIA,643265,2021,77,268,232,69,13,1,10,31,70,4,1,0.297,0.6927710843373495,0.5859519408502774,0.879,0.48812664907651715,0.7522388059701494,0.5083876980428704,0.5289820923656927,0.6082,0.419,0.6807398472054684,0.31333333333333335,31.0,0.03369018288221694,0.4710179076343073
Unknown_592206,CIN,592206,2021,145,605,550,169,39,1,35,42,129,7,6,0.307,0.6084337349397589,0.7375231053604436,0.933,0.6754617414248021,0.6208955223880598,0.29263746505125815,0.41588124410933086,0.7058,0.416,0.6726980297547245,0.52,29.0,0.04945493175948926,0.5841187558906691
Unknown_605204,NYM,605204,2021,78,231,194,54,12,0,6,28,73,7,2,0.278,0.6837349397590361,0.47874306839186703,0.818,0.38522427440633245,0.8238805970149253,0.5340167753960857,0.6581055607917059,0.5325,0.415,0.6702854845195014,0.28,28.0,0.04045876999017224,0.3418944392082941
Unknown_656582,COL,656582,2021,72,229,196,57,11,0,8,27,46,3,3,0.291,0.6686746987951807,0.5452865064695009,0.849,0.4485488126649076,0.6089552238805972,0.5186393289841565,0.3868991517436381,0.6681,0.415,0.6702854845195014,0.28,29.0,0.022975428244702695,0.613100848256362
Unknown_518692,ATL,518692,2021,171,734,634,188,28,2,33,90,120,8,2,0.297,0.6987951807228917,0.6081330868761554,0.893,0.5224274406332453,0.5582089552238807,0.5405405405405406,0.2987747408105561,0.703,0.414,0.6674708484117409,0.5866666666666667,32.0,0.015806508156518434,0.7012252591894439
Unknown_458015,CIN,458015,2021,132,543,457,121,23,1,36,78,129,4,4,0.265,0.6506024096385542,0.7060998151571167,0.93,0.7440633245382585,0.4567164179104477,0.6383970177073626,0.4733741753063148,0.6114,0.412,0.6622436670687575,0.4666666666666667,38.0,0.02201945285381047,0.5266258246936852
Unknown_592450,NYY,592450,2021,154,654,569,163,25,0,40,77,164,3,5,0.286,0.644578313253012,0.6783733826247691,0.913,0.6490765171503957,0.5910447761194031,0.5177073625349488,0.5044769085768144,0.6269,0.41,0.6566143948532368,0.5266666666666666,29.0,0.031237421846319134,0.4955230914231856
Unknown_663656,HOU,663656,2021,148,609,547,159,39,3,32,56,95,1,5,0.291,0.5933734939759036,0.6913123844731979,0.903,0.6569920844327176,0.4925373134328358,0.3979496738117428,0.28110273327049956,0.7471,0.409,0.6542018496180138,0.49333333333333335,24.0,0.022814114418460478,0.7188972667295004
Unknown_608070,CLE,608070,2021,159,659,572,152,32,5,38,75,91,7,5,0.266,0.5933734939759036,0.6728280961182997,0.894,0.6965699208443272,0.35820895522388063,0.4995340167753961,0.23892554194156457,0.7375,0.408,0.6513872135102532,0.52,29.0,0.013482438736157206,0.7610744580584352
Unknown_621566,ATH,621566,2021,163,696,586,159,37,0,41,89,119,9,12,0.271,0.6355421686746988,0.6839186691312387,0.914,0.6965699208443272,0.4029850746268657,0.5652376514445481,0.31644674835061265,0.6882,0.407,0.6485725774024929,0.54,27.0,0.015871867810478626,0.6835532516493872
Unknown_606192,TOR,606192,2021,150,620,572,167,31,0,34,39,157,7,2,0.292,0.5602409638554217,0.646950092421442,0.868,0.5910290237467019,0.635820895522388,0.2623485554520037,0.5101319509896324,0.6726,0.407,0.6485725774024929,0.49333333333333335,29.0,0.06790831003314,0.48986804901036773
Unknown_543063,SF,543063,2021,147,588,518,154,33,3,26,59,112,5,6,0.297,0.6415662650602411,0.6451016635859521,0.894,0.5725593667546174,0.5910447761194031,0.43662628145386767,0.3623939679547597,0.7007,0.406,0.6461600321672698,0.47333333333333333,34.0,0.026755864069303054,0.6376060320452404
Unknown_573131,SF,573131,2021,124,335,282,72,13,2,17,48,96,3,2,0.255,0.6295180722891566,0.5951940850277266,0.864,0.6121372031662269,0.5611940298507463,0.6369990680335509,0.5888312912346843,0.5612,0.406,0.6461600321672698,0.33333333333333337,35.0,0.02870492418827012,0.41116870876531597
Unknown_572041,LAD,572041,2021,128,458,414,120,29,1,22,35,94,7,2,0.29,0.5903614457831324,0.646950092421442,0.878,0.5936675461741425,0.5761194029850747,0.32525629077353213,0.3970311027332705,0.7031,0.406,0.6461600321672698,0.4,34.0,0.04198017462689125,0.6029688972667293
Unknown_663586,ATL,663586,2021,172,700,626,189,34,1,36,54,176,12,8,0.302,0.6204819277108434,0.6617375231053606,0.896,0.58311345646438,0.6835820895522388,0.32851817334575956,0.5058906691800189,0.6543,0.406,0.6461600321672698,0.54,24.0,0.05310643302908248,0.4941093308199811
Unknown_571970,LAD,571970,2021,151,613,515,129,26,2,38,86,127,11,1,0.25,0.6355421686746988,0.6580406654343809,0.899,0.7150395778364117,0.37313432835820903,0.6230195712954334,0.4017436380772856,0.6346,0.406,0.6461600321672698,0.4866666666666667,31.0,0.018578801539463848,0.5982563619227144
Unknown_502110,BOS,502110,2021,160,679,610,178,46,3,30,61,158,3,5,0.292,0.5963855421686747,0.6487985212569318,0.881,0.5910290237467019,0.635820895522388,0.38769804287045667,0.4618284637134778,0.6716,0.405,0.6433453960595095,0.52,34.0,0.040150113453094355,0.538171536286522
Unknown_641933,STL,641933,2021,143,558,501,141,26,2,34,40,176,13,4,0.281,0.5722891566265059,0.6857670979667285,0.893,0.6701846965699209,0.6835820895522388,0.30335507921714816,0.6566918001885014,0.5896,0.404,0.6405307599517491,0.45333333333333337,26.0,0.07513657082976632,0.3433081998114986
Unknown_669257,LAD,669257,2021,141,545,452,120,22,2,29,64,106,18,11,0.265,0.6415662650602411,0.6303142329020335,0.886,0.6358839050131926,0.4268656716417911,0.516309412861137,0.37181903864278987,0.655,0.402,0.6353035786087655,0.44,26.0,0.02206073877133588,0.6281809613572102
Unknown_593428,BOS,593428,2021,157,654,574,168,35,1,26,68,123,5,7,0.293,0.6355421686746988,0.5896487985212571,0.862,0.503957783641161,0.5820895522388061,0.4538676607642125,0.35673892554194153,0.7003,0.401,0.6324889425010052,0.49333333333333335,29.0,0.025001320298652166,0.6432610744580585
Unknown_502671,STL,502671,2021,166,705,627,184,37,2,32,69,138,4,5,0.293,0.6234939759036146,0.6247689463955639,0.877,0.5540897097625329,0.5820895522388061,0.4254426840633737,0.3746465598491989,0.7007,0.401,0.6324889425010052,0.52,34.0,0.02868515348570108,0.6253534401508012
Unknown_605141,LAD,605141,2021,135,597,509,138,29,3,26,71,94,11,6,0.271,0.6355421686746988,0.5896487985212571,0.862,0.5620052770448548,0.4477611940298507,0.5232991612301957,0.2846371347785109,0.7052,0.4,0.6296743063932448,0.46,29.0,0.015633031164286666,0.7153628652214892
Unknown_607043,NYM,607043,2021,97,410,348,100,17,4,9,55,87,5,0,0.287,0.7048192771084337,0.48613678373382635,0.829,0.36939313984168864,0.6776119402985076,0.5941286113699906,0.4135249764373233,0.6366,0.4,0.6296743063932448,0.36,28.0,0.020622083042520875,0.5864750235626768
Unknown_457763,SF,457763,2021,123,484,424,129,27,0,19,57,94,1,2,0.304,0.6867469879518072,0.6062846580406656,0.889,0.4986807387862797,0.6477611940298508,0.5181733457595527,0.3711121583411876,0.686,0.399,0.6272617611580216,0.3933333333333333,34.0,0.021902560541880674,0.6288878416588124
Unknown_519317,NYY,519317,2021,145,600,528,146,20,0,36,65,163,4,3,0.277,0.6024096385542169,0.6377079482439927,0.877,0.6147757255936676,0.5880597014925374,0.4739049394221808,0.5537229029217718,0.6133,0.399,0.6272617611580216,0.45333333333333337,32.0,0.038552468339806543,0.44627709707822794
Unknown_542364,CHC,542364,2021,109,347,311,92,16,3,11,32,75,2,0,0.296,0.6234939759036146,0.5526802218114604,0.838,0.44327176781002636,0.6746268656716418,0.39888164026095063,0.4227144203581527,0.6801,0.399,0.6272617611580216,0.32000000000000006,30.0,0.035359695497796315,0.5772855796418475
Unknown_663611,CWS,663611,2021,59,234,217,67,11,4,2,13,18,3,1,0.309,0.5933734939759036,0.46210720887245854,0.779,0.2796833773087071,0.5791044776119404,0.22833178005591798,0.09472196041470309,0.8547,0.399,0.6272617611580216,0.26666666666666666,24.0,0.016764379924645183,0.9052780395852971
Unknown_646240,BOS,646240,2021,170,715,637,178,38,1,40,67,154,7,4,0.279,0.5843373493975904,0.6598890942698707,0.883,0.6385224274406333,0.5223880597014926,0.4058713886300093,0.4210650329877475,0.6811,0.398,0.6244471250502612,0.5133333333333333,25.0,0.03448885693984415,0.5789349670122526
Unknown_621043,HOU,621043,2021,158,678,586,167,38,1,28,82,120,4,6,0.285,0.6475903614457831,0.5970425138632165,0.87,0.5356200527704486,0.5343283582089553,0.5326188257222739,0.3305843543826579,0.6962,0.397,0.6216324889425009,0.49333333333333335,27.0,0.018330750868024,0.6694156456173419
Unknown_516782,MIA,516782,2021,125,542,481,150,29,4,12,44,99,13,3,0.312,0.6777108433734941,0.5360443622920519,0.846,0.37730870712401055,0.7044776119402986,0.34762348555452,0.3440150801131009,0.7103,0.397,0.6216324889425009,0.42000000000000004,33.0,0.033543803642042326,0.6559849198868992
Unknown_656555,PHI,656555,2021,114,465,408,101,31,0,27,49,113,6,2,0.248,0.533132530120482,0.6432532347504623,0.858,0.7018469656992085,0.4179104477611941,0.4603914259086673,0.48609802073515557,0.6387,0.397,0.6216324889425009,0.38,28.0,0.03461808997238645,0.5139019792648445
Unknown_641313,CWS,641313,2021,135,596,571,183,34,2,18,23,129,1,1,0.32,0.5692771084337348,0.5693160813308689,0.829,0.40105540897097625,0.7582089552238808,0.14911463187325258,0.423421300659755,0.7433,0.396,0.6192199437072778,0.44666666666666666,28.0,0.09850513351107747,0.5765786993402449
Unknown_543807,TOR,543807,2021,80,348,305,80,19,1,22,38,80,4,1,0.262,0.5813253012048193,0.6913123844731979,0.898,0.7282321899736147,0.4477611940298507,0.4780987884436161,0.45523091423185674,0.6466,0.396,0.6192199437072778,0.32000000000000006,32.0,0.030743280002130204,0.5447690857681433
Unknown_607208,WSH,607208,2021,161,697,643,203,37,3,28,44,118,6,4,0.316,0.6174698795180723,0.6266173752310538,0.876,0.4986807387862797,0.6417910447761194,0.26328052190121154,0.31244109330819986,0.759,0.395,0.6164053075995175,0.49333333333333335,28.0,0.041925571063552665,0.6875589066918002
Unknown_656775,BAL,656775,2021,163,696,621,178,38,5,30,61,128,9,4,0.287,0.5993975903614458,0.6192236598890943,0.866,0.5620052770448548,0.546268656716418,0.37744641192917056,0.34684260131950995,0.7126,0.395,0.6164053075995175,0.49333333333333335,27.0,0.03062721876579607,0.6531573986804902
Unknown_624413,NYM,624413,2021,158,658,581,152,28,3,38,61,130,12,4,0.262,0.5542168674698796,0.6321626617375233,0.858,0.6490765171503957,0.4149253731343284,0.4012115563839702,0.3791234684260132,0.6915,0.393,0.6111781262565339,0.4666666666666667,27.0,0.03125225231495926,0.6208765315739868
Unknown_663697,CIN,663697,2021,157,652,550,148,36,2,22,74,145,23,4,0.269,0.6566265060240964,0.5323475046210722,0.838,0.4854881266490765,0.573134328358209,0.4981360671015843,0.43755890669180014,0.6273,0.393,0.6111781262565339,0.46,25.0,0.027920471483870044,0.5624410933082
Unknown_605137,WSH,605137,2021,150,589,515,137,25,1,29,68,108,2,4,0.266,0.5813253012048193,0.5785582255083181,0.839,0.5593667546174143,0.444776119402985,0.5069897483690587,0.34566446748350615,0.6978,0.393,0.6111781262565339,0.43333333333333335,29.0,0.020754737494724104,0.6543355325164939
Unknown_614177,CLE,614177,2021,123,492,442,113,18,3,32,45,156,2,3,0.256,0.5030120481927711,0.6524953789279115,0.852,0.6912928759894459,0.5402985074626866,0.3956197576887232,0.6606974552309142,0.5874,0.392,0.6083634901487736,0.38,26.0,0.05707186341235111,0.33930254476908606
Unknown_501303,ATL,501303,2021,121,234,206,55,13,2,6,22,44,2,3,0.267,0.5451807228915663,0.48613678373382635,0.776,0.42480211081794195,0.5194029850746269,0.40726933830382106,0.35650329877474085,0.7051,0.391,0.6055488540410132,0.25333333333333335,32.0,0.02870492418827012,0.6434967012252593
Unknown_665120,LAA,665120,2021,149,609,551,152,35,1,29,51,158,4,3,0.276,0.5481927710843374,0.6044362292051757,0.841,0.5699208443271768,0.6000000000000002,0.35927306616961785,0.5247408105560792,0.6502,0.391,0.6055488540410132,0.43333333333333335,28.0,0.04997980637450874,0.47525918944392065
Unknown_592178,CHC,592178,2021,155,622,546,146,32,2,27,64,144,10,2,0.267,0.5903614457831324,0.5693160813308689,0.835,0.5408970976253298,0.5432835820895523,0.4487418452935695,0.45900094250706885,0.6495,0.39,0.60313630880579,0.43333333333333335,29.0,0.03353910113528453,0.5409990574929311
Unknown_677551,TB,677551,2021,82,342,313,91,21,5,9,25,44,3,1,0.291,0.5722891566265059,0.5582255083179299,0.824,0.46437994722955145,0.5373134328358209,0.30987884436160296,0.2167766258246937,0.7895,0.39,0.60313630880579,0.30000000000000004,20.0,0.024071250292729024,0.7832233741753061
Unknown_670541,HOU,670541,2021,155,640,569,156,37,1,35,59,158,8,4,0.274,0.5722891566265059,0.6524953789279115,0.876,0.6437994722955145,0.5492537313432836,0.39888164026095063,0.495287464655985,0.6484,0.389,0.6003216726980296,0.44,24.0,0.04182553008244638,0.5047125353440152
Unknown_446334,SF,446334,2021,90,320,280,70,18,0,15,37,74,1,2,0.25,0.5421686746987954,0.5563770794824401,0.812,0.5699208443271768,0.4507462686567164,0.5079217148182665,0.4582940622054666,0.65,0.387,0.5950944913550462,0.2866666666666667,36.0,0.02870492418827012,0.5417059377945335
Unknown_642715,MIL,642715,2021,149,591,532,143,34,1,29,58,169,0,1,0.269,0.5481927710843374,0.6025878003696858,0.84,0.5857519788918206,0.6149253731343284,0.42637465051258155,0.5874175306314796,0.6159,0.387,0.5950944913550462,0.41333333333333333,26.0,0.04642281919127701,0.4125824693685203
Unknown_663886,CIN,663886,2021,137,422,368,106,21,0,10,43,84,6,5,0.288,0.6295180722891566,0.467652495378928,0.794,0.34300791556728233,0.626865671641791,0.4440820130475303,0.3826578699340245,0.6848,0.387,0.5950944913550462,0.33333333333333337,25.0,0.027812177046651697,0.6173421300659754
Unknown_666182,TOR,666182,2021,168,718,665,202,33,1,31,43,145,6,4,0.304,0.5783132530120482,0.5951940850277266,0.846,0.4828496042216359,0.635820895522388,0.24836905871388631,0.3892554194156456,0.7298,0.387,0.5950944913550462,0.47333333333333333,23.0,0.05523393942397617,0.6107445805843545
Unknown_543760,TOR,543760,2021,170,748,674,178,40,2,47,68,156,3,3,0.264,0.5271084337349398,0.6746765249537894,0.871,0.6992084432717678,0.4238805970149254,0.3928238583410997,0.40504241281809616,0.6965,0.387,0.5950944913550462,0.4866666666666667,31.0,0.034411501497889276,0.594957587181904
Unknown_547989,CWS,547989,2021,164,708,607,159,30,2,31,66,154,25,10,0.262,0.5873493975903613,0.5489833641404807,0.824,0.5277044854881267,0.4835820895522388,0.40354147250698974,0.42601319509896324,0.654,0.386,0.5922798552472859,0.46,34.0,0.03516368603429225,0.5739868049010366
Unknown_669289,TOR,669289,2021,86,262,238,75,14,1,3,22,32,1,0,0.315,0.6536144578313253,0.4547134935304991,0.796,0.25329815303430075,0.6597014925373134,0.36067101584342964,0.20122525918944395,0.7863,0.386,0.5922798552472859,0.26,27.0,0.018128516239310867,0.7987747408105561
Unknown_457759,LAD,457759,2021,165,660,574,157,25,0,29,67,107,13,6,0.274,0.6054216867469878,0.5452865064695009,0.828,0.4907651715039578,0.4597014925373134,0.4422180801491147,0.2954759660697455,0.7167,0.385,0.5894652191395255,0.43333333333333335,37.0,0.02090550863519492,0.7045240339302543
Unknown_643393,ATH,643393,2021,123,412,342,98,18,4,8,54,53,6,6,0.287,0.6897590361445783,0.47874306839186703,0.82,0.3614775725593667,0.5373134328358209,0.5801491146318732,0.2165409990574929,0.716,0.385,0.5894652191395255,0.32666666666666666,30.0,0.008980308016676932,0.7834590009425069
Unknown_571771,BOS,571771,2021,149,642,560,150,40,3,26,65,117,9,8,0.268,0.575301204819277,0.5822550831792976,0.838,0.5593667546174143,0.4716417910447761,0.4408201304753029,0.3428369462770971,0.7025,0.384,0.5870526739043023,0.42666666666666664,30.0,0.024841471027550813,0.6571630537229027
Unknown_514888,HOU,514888,2021,157,725,640,177,34,1,34,72,103,5,7,0.277,0.5813253012048193,0.5878003696857672,0.843,0.546174142480211,0.4358208955223881,0.4319664492078285,0.24835061262959474,0.7503,0.384,0.5870526739043023,0.46,31.0,0.01769196591483086,0.7516493873704053
Unknown_488771,HOU,488771,2021,71,195,163,36,7,0,8,27,60,3,0,0.221,0.5542168674698796,0.4380776340110906,0.753,0.4775725593667546,0.4805970149253731,0.614631873252563,0.6385485391140433,0.5282,0.383,0.5842380377965419,0.22666666666666668,34.0,0.032995280844755503,0.3614514608859567
Unknown_641645,NYM,641645,2021,66,169,142,39,5,0,1,26,25,0,0,0.275,0.6897590361445783,0.29020332717190395,0.718,0.12401055408970976,0.5791044776119404,0.6859273066169618,0.2620169651272385,0.6923,0.382,0.5814234016887816,0.21333333333333335,27.0,0.008606899512914561,0.7379830348727616
Unknown_641598,MIN,641598,2021,73,255,219,54,15,0,13,31,74,3,2,0.247,0.5632530120481928,0.5896487985212571,0.838,0.6279683377308707,0.5134328358208955,0.5358807082945014,0.5973138548539114,0.5765,0.382,0.5814234016887816,0.25333333333333335,30.0,0.03618608650166794,0.4026861451460886
Unknown_621550,CHC,621550,2021,116,391,353,84,14,0,30,34,157,4,0,0.238,0.463855421686747,0.6635859519408505,0.845,0.7546174142480211,0.5701492537313434,0.374650512581547,0.8595664467483507,0.4987,0.382,0.5814234016887816,0.30666666666666664,30.0,0.07931849088864608,0.14043355325164963
Unknown_607461,LAD,607461,2021,126,257,223,59,4,1,8,23,50,10,1,0.265,0.6024096385542169,0.41589648798521267,0.757,0.3324538258575198,0.5164179104477612,0.3863000931966449,0.3720546654099906,0.677,0.381,0.5790108564535584,0.2466666666666667,28.0,0.032078623382855435,0.6279453345900095
Unknown_642180,NYY,642180,2021,63,166,147,40,7,1,0,18,41,1,0,0.272,0.5933734939759036,0.29390018484288366,0.689,0.13720316622691292,0.7253731343283581,0.4743709226467847,0.4955230914231857,0.6325,0.381,0.5790108564535584,0.21333333333333335,27.0,0.03409732859800889,0.5044769085768144
Unknown_608671,PHI,608671,2021,72,164,135,34,6,2,1,26,31,1,0,0.252,0.6596385542168676,0.32162661737523107,0.725,0.2295514511873351,0.555223880597015,0.7078285181733458,0.3588595664467484,0.628,0.38,0.5761962203457981,0.20666666666666667,30.0,0.013073969738229935,0.6411404335532516
Unknown_664034,SEA,664034,2021,159,672,590,169,33,1,19,48,108,28,6,0.286,0.6234939759036146,0.4953789279112755,0.807,0.38786279683377306,0.555223880597015,0.3019571295433365,0.292177191328935,0.7262,0.38,0.5761962203457981,0.42000000000000004,27.0,0.033557357926226564,0.707822808671065
Unknown_475582,WSH,475582,2021,115,288,269,69,17,0,17,17,81,0,2,0.257,0.42469879518072284,0.6192236598890943,0.808,0.6437994722955145,0.4985074626865672,0.24417520969245105,0.5761074458058435,0.6597,0.38,0.5761962203457981,0.26,37.0,0.08224425482254971,0.4238925541941565
Unknown_668227,TB,668227,2021,151,638,559,154,34,3,21,60,177,14,5,0.275,0.5993975903614458,0.5286506469500927,0.817,0.4617414248021108,0.6835820895522388,0.40726933830382106,0.5671536286522149,0.6066,0.378,0.5709690390028146,0.4,26.0,0.04711325708900353,0.43284637134778525
Unknown_572287,TB,572287,2021,115,402,359,77,13,2,34,35,144,7,1,0.214,0.4156626506024096,0.6876155268022184,0.842,0.8496042216358839,0.30447761194029854,0.375116495806151,0.7575400565504241,0.5373,0.378,0.5709690390028146,0.30666666666666664,30.0,0.06959373334988142,0.24245994344957578
Unknown_521692,KC,521692,2021,166,678,633,172,26,0,48,28,177,13,4,0.272,0.4698795180722892,0.6765249537892792,0.854,0.6860158311345647,0.4985074626865672,0.16169617893755825,0.5287464655984919,0.6785,0.378,0.5709690390028146,0.42000000000000004,31.0,0.11236012830433197,0.4712535344015081
Unknown_621493,LAA,621493,2021,67,246,217,56,15,1,10,20,58,6,1,0.258,0.5361445783132531,0.5563770794824401,0.811,0.5488126649076517,0.5164179104477612,0.34808946877912395,0.46913289349670123,0.6504,0.377,0.5681544028950543,0.24000000000000002,28.0,0.046132032479346406,0.5308671065032988
Unknown_493329,HOU,493329,2021,152,645,566,177,32,0,15,62,75,5,12,0.313,0.6626506024096387,0.5083179297597045,0.827,0.33509234828496043,0.5910447761194031,0.4170549860205033,0.1875589066918002,0.7798,0.376,0.5653397667872939,0.3933333333333333,37.0,0.01341789190767447,0.8124410933081998
Unknown_649966,MIL,649966,2021,159,603,519,131,29,1,23,68,118,12,3,0.252,0.5783132530120482,0.500924214417745,0.796,0.4854881266490765,0.444776119402985,0.49487418452935694,0.3746465598491989,0.665,0.376,0.5653397667872939,0.38,24.0,0.02357433923551165,0.6253534401508012
Unknown_571980,CIN,571980,2021,130,468,423,116,26,2,20,36,108,5,4,0.274,0.533132530120482,0.5785582255083181,0.822,0.5382585751978891,0.5582089552238807,0.3275862068965517,0.45735155513666353,0.6816,0.376,0.5653397667872939,0.32666666666666666,30.0,0.048085611727435786,0.5426484448633364
Unknown_518626,MIN,518626,2021,142,563,476,117,27,0,27,75,119,4,8,0.246,0.5722891566265059,0.5526802218114604,0.821,0.575197889182058,0.39402985074626873,0.5899347623485555,0.4116399622997173,0.6483,0.375,0.5629272215520706,0.36,36.0,0.020712780946304014,0.5883600377002827
Unknown_593871,MIN,593871,2021,158,665,608,163,36,2,34,46,122,5,6,0.268,0.49397590361445787,0.6062846580406656,0.823,0.5936675461741425,0.4417910447761193,0.2917054986020503,0.3459000942507069,0.7398,0.375,0.5629272215520706,0.4,28.0,0.04131957524983813,0.6540999057492931
Unknown_630105,SD,630105,2021,159,664,590,155,35,7,21,58,95,10,3,0.263,0.5391566265060243,0.5157116451016637,0.79,0.4775725593667546,0.4388059701492538,0.3760484622553588,0.25070688030160226,0.7425,0.375,0.5629272215520706,0.4,27.0,0.021720974461176212,0.7492931196983978
Unknown_541645,MIL,541645,2021,145,554,496,128,18,0,31,40,134,12,6,0.258,0.5030120481927711,0.5693160813308689,0.807,0.5672823218997362,0.4597014925373134,0.30568499534016774,0.4835061262959473,0.6643,0.374,0.5601125854443103,0.3533333333333334,30.0,0.05484291569756597,0.5164938737040528
Unknown_443558,MIN,443558,2021,151,622,553,143,21,1,34,53,138,7,9,0.259,0.5060240963855422,0.5748613678373384,0.811,0.5725593667546174,0.4328358208955225,0.3662628145386766,0.4363807728557964,0.6752,0.374,0.5601125854443103,0.38,41.0,0.04040456230419822,0.5636192271442035
Unknown_592518,SD,592518,2021,160,660,580,160,31,2,28,66,105,2,12,0.276,0.5632530120481928,0.567467652495379,0.826,0.5171503957783641,0.4597014925373134,0.43522833178005593,0.2884071630537229,0.7379,0.374,0.5601125854443103,0.3933333333333333,29.0,0.020788517401898784,0.711592836946277
Unknown_488726,HOU,488726,2021,132,554,513,159,35,3,8,34,62,5,1,0.31,0.6024096385542169,0.48613678373382635,0.795,0.3113456464379947,0.6149253731343284,0.255358807082945,0.17719132893496703,0.8159,0.373,0.55729794933655,0.3533333333333334,34.0,0.025268846921422103,0.8228086710650329
Unknown_660162,CWS,660162,2021,156,659,560,149,37,2,15,86,168,11,2,0.266,0.6475903614457831,0.4547134935304991,0.793,0.3825857519788918,0.6567164179104478,0.5773532152842498,0.5141376060320453,0.5979,0.373,0.55729794933655,0.3933333333333333,26.0,0.027800183508790877,0.4858623939679547
Unknown_595879,CHC,595879,2021,145,567,522,134,19,2,31,29,191,13,3,0.257,0.45783132530120485,0.5637707948243993,0.789,0.5620052770448548,0.6149253731343284,0.20736253494874182,0.7073515551366635,0.5873,0.373,0.55729794933655,0.3533333333333334,29.0,0.11760394632528279,0.29264844486333663
Unknown_606213,CWS,606213,2021,76,283,258,69,9,1,7,23,50,1,1,0.267,0.5150602409638555,0.40110905730129404,0.72,0.3034300791556728,0.5164179104477612,0.34808946877912395,0.3298774740810556,0.7385,0.373,0.55729794933655,0.2466666666666667,28.0,0.03206178521155121,0.6701225259189445
Unknown_624414,BOS,624414,2021,69,225,206,54,13,0,7,9,53,7,0,0.262,0.47289156626506024,0.467652495378928,0.742,0.41160949868073876,0.5611940298507463,0.15563839701770735,0.46866163996229976,0.6756,0.372,0.5548854041013268,0.22666666666666668,26.0,0.10399788848896563,0.5313383600377002
Unknown_664040,TB,664040,2021,160,652,571,135,31,0,39,69,180,9,3,0.236,0.5090361445783133,0.5951940850277266,0.822,0.6596306068601583,0.4059701492537314,0.46225535880708296,0.5640904806786051,0.6043,0.372,0.5548854041013268,0.3866666666666667,27.0,0.04050483816816832,0.4359095193213949
Unknown_621438,MIL,621438,2021,100,287,259,64,9,3,13,20,65,7,1,0.247,0.4789156626506025,0.5212569316081332,0.773,0.525065963060686,0.4358208955223881,0.2940354147250699,0.44721960414703116,0.6794,0.372,0.5548854041013268,0.2466666666666667,27.0,0.05289237901889045,0.5527803958529689
Unknown_575929,CHC,575929,2021,133,502,428,102,21,1,22,54,145,16,4,0.238,0.5572289156626508,0.5027726432532349,0.789,0.525065963060686,0.5014925373134328,0.47064305684995345,0.5940150801131008,0.5717,0.372,0.5548854041013268,0.32666666666666666,29.0,0.04194438618818218,0.40598491988689944
Unknown_516416,PHI,516416,2021,137,584,529,157,28,3,14,40,79,9,5,0.297,0.5873493975903613,0.4916820702402959,0.794,0.35620052770448546,0.5671641791044777,0.28844361602982294,0.23232799245994346,0.7791,0.372,0.5548854041013268,0.36,31.0,0.028224568271691272,0.7676720075400565
Unknown_602104,BAL,602104,2021,91,313,277,75,14,0,7,30,81,6,0,0.271,0.5933734939759036,0.41219963031423307,0.752,0.30870712401055406,0.6746268656716418,0.4156570363466915,0.5233270499528746,0.6262,0.372,0.5548854041013268,0.26,27.0,0.04228207238424056,0.4766729500471256
Unknown_592669,BOS,592669,2021,155,618,562,148,35,0,32,49,137,1,6,0.263,0.48795180722891573,0.5951940850277266,0.817,0.5910290237467019,0.4686567164179104,0.3387698042870456,0.43590951932139493,0.6974,0.371,0.5520707679935666,0.3666666666666667,29.0,0.04410635135260941,0.5640904806786051
Unknown_641584,SEA,641584,2021,83,281,228,51,9,0,9,48,76,2,2,0.224,0.6114457831325301,0.38447319778188555,0.742,0.39313984168865435,0.4656716417910447,0.7651444547996272,0.5508953817153629,0.548,0.371,0.5520707679935666,0.2466666666666667,26.0,0.020647679945572137,0.4491046182846372
Unknown_596129,MIL,596129,2021,102,280,232,51,9,0,10,48,64,0,0,0.22,0.5903614457831324,0.39556377079482447,0.742,0.4195250659630607,0.37313432835820903,0.7679403541472507,0.452167766258247,0.6,0.37,0.5492561318858061,0.24000000000000002,29.0,0.01580877404542798,0.5478322337417529
Unknown_624428,PIT,624428,2021,161,661,598,184,40,5,7,48,70,11,1,0.308,0.6355421686746988,0.46580406654343814,0.796,0.29023746701846964,0.6119402985074628,0.3075489282385834,0.16305372290292175,0.8003,0.37,0.5492561318858061,0.38,30.0,0.018227350494978235,0.8369462770970781
Unknown_546990,PIT,546990,2021,56,170,153,34,7,1,5,14,65,3,0,0.222,0.42771084337349397,0.378927911275416,0.679,0.39050131926121373,0.6417910447761194,0.353215284249767,0.8145617342130066,0.5176,0.37,0.5492561318858061,0.2,27.0,0.07981852463199982,0.1854382657869933
Unknown_456715,MIL,456715,2021,89,325,290,74,13,0,9,32,58,2,1,0.255,0.5240963855421686,0.40480591497227375,0.725,0.3403693931398417,0.4656716417910447,0.42823858341099724,0.3341187558906692,0.7169,0.369,0.546843586650583,0.25333333333333335,35.0,0.02506962388797425,0.6658812441093309
Unknown_571745,SEA,571745,2021,162,712,639,160,23,2,41,56,175,9,8,0.25,0.47590361445783136,0.5748613678373384,0.801,0.5963060686015831,0.4238805970149254,0.3359739049394222,0.4926955702167766,0.6629,0.369,0.546843586650583,0.3933333333333333,31.0,0.05044606491068246,0.5073044297832234
Unknown_666971,TOR,666971,2021,148,561,518,142,29,2,22,33,104,3,6,0.274,0.4819277108433735,0.5378927911275417,0.783,0.48021108179419525,0.5014925373134328,0.2432432432432432,0.35037700282752127,0.7487,0.369,0.546843586650583,0.34,28.0,0.051023021260770504,0.6496229971724787
Unknown_608324,HOU,608324,2021,101,438,382,104,19,0,13,48,62,4,4,0.272,0.5963855421686747,0.46210720887245854,0.78,0.37730870712401055,0.4746268656716418,0.47996272134203166,0.247172478793591,0.7397,0.368,0.5440289505428226,0.29333333333333333,27.0,0.015000652450579495,0.7528275212064093
Unknown_657757,CWS,657757,2021,57,191,172,44,9,0,12,16,45,2,1,0.256,0.5030120481927711,0.6340110905730132,0.842,0.6675461741424802,0.4238805970149254,0.3597390493942218,0.46866163996229976,0.6702,0.368,0.5440289505428226,0.20666666666666667,25.0,0.044411072295979424,0.5313383600377002
Unknown_661388,ATL,661388,2021,62,198,175,40,7,1,9,20,58,2,1,0.229,0.4668674698795181,0.4805914972273569,0.747,0.5197889182058048,0.4477611940298507,0.4398881640260951,0.6036757775683317,0.596,0.368,0.5440289505428226,0.20666666666666667,24.0,0.04612489022185006,0.39632422243166854
Unknown_663993,TEX,663993,2021,165,667,576,152,24,3,19,86,166,2,3,0.264,0.6084337349397589,0.44547134935304994,0.775,0.3746701846965699,0.6089552238805972,0.569897483690587,0.5,0.6192,0.368,0.5440289505428226,0.37333333333333335,26.0,0.027368507519889285,0.5
Unknown_600869,DET,600869,2021,156,645,575,156,42,4,16,66,137,4,0,0.271,0.5783132530120482,0.4953789279112755,0.792,0.42480211081794195,0.5910447761194031,0.44594594594594594,0.41399622997172486,0.6791,0.368,0.5440289505428226,0.3666666666666667,28.0,0.030180711470359,0.5860037700282752
Unknown_543257,DET,543257,2021,162,690,573,138,26,3,25,100,159,9,6,0.241,0.6054216867469878,0.46950092421441786,0.787,0.4696569920844327,0.453731343283582,0.6444547996272134,0.4564090480678605,0.6087,0.368,0.5440289505428226,0.38,32.0,0.02077036409015917,0.5435909519321396
Unknown_543685,LAA,543685,2021,66,274,234,56,14,0,7,36,43,2,2,0.239,0.5572289156626508,0.3974121996303143,0.732,0.37203166226912926,0.38507462686567173,0.5815470643056849,0.28322337417530635,0.7044,0.368,0.5440289505428226,0.23333333333333334,31.0,0.01310561416834694,0.7167766258246935
Unknown_668942,AZ,668942,2021,147,579,514,137,33,4,12,61,144,0,3,0.267,0.5572289156626508,0.4473197781885398,0.759,0.37203166226912926,0.6328358208955224,0.4603914259086673,0.4995287464655986,0.6373,0.367,0.5412143144350623,0.34,27.0,0.0356648304993884,0.5004712535344014
Unknown_571976,SD,571976,2021,153,521,462,121,24,2,19,55,147,0,4,0.262,0.5421686746987954,0.5027726432532349,0.784,0.4617414248021108,0.6149253731343284,0.4613233923578751,0.5782280867106503,0.6123,0.367,0.5412143144350623,0.32000000000000006,31.0,0.0417002481758629,0.4217719132893496
Unknown_628451,TEX,628451,2021,85,292,273,77,16,2,8,15,38,2,1,0.282,0.496987951807229,0.4972273567467654,0.766,0.40105540897097625,0.5044776119402985,0.2087604846225536,0.22007540056550423,0.8082,0.367,0.5412143144350623,0.24000000000000002,28.0,0.0389851894869457,0.7799245994344959
Unknown_657077,BOS,657077,2021,157,653,589,173,35,2,14,54,101,5,5,0.294,0.5933734939759036,0.4750462107208873,0.787,0.3403693931398417,0.5910447761194031,0.35461323392357874,0.27803958529688977,0.755,0.366,0.538801769199839,0.36,25.0,0.02620064316503614,0.72196041470311
Unknown_621035,LAD,621035,2021,158,623,542,136,26,4,24,68,178,8,4,0.251,0.5512048192771085,0.5027726432532349,0.787,0.4934036939313984,0.573134328358209,0.4776328052190121,0.5867106503298775,0.5907,0.366,0.538801769199839,0.3533333333333334,31.0,0.0406801529006303,0.41328934967012243
Unknown_596103,SF,596103,2021,126,327,291,72,13,1,15,31,88,5,0,0.247,0.5180722891566266,0.5175600739371535,0.784,0.5197889182058048,0.5044776119402985,0.4109972041006523,0.5475966069745523,0.6208,0.366,0.538801769199839,0.25333333333333335,29.0,0.04493660843193638,0.45240339302544763
Unknown_592663,PHI,592663,2021,137,555,490,129,26,4,18,51,130,12,2,0.263,0.5662650602409639,0.4972273567467654,0.789,0.45118733509234826,0.564179104477612,0.39748369058713884,0.4653628652214891,0.6523,0.366,0.538801769199839,0.32666666666666666,30.0,0.03931991981264963,0.534637134778511
Unknown_608700,BOS,608700,2021,66,192,176,50,8,0,3,12,27,3,0,0.284,0.5481927710843374,0.3826247689463957,0.721,0.23218997361477572,0.5611940298507463,0.26048462255358806,0.24481621112158342,0.776,0.365,0.5359871330920788,0.20666666666666667,30.0,0.03353606143491629,0.7551837888784163
Unknown_608336,TEX,608336,2021,158,640,520,104,14,1,39,112,219,6,2,0.2,0.5692771084337348,0.5212569316081332,0.803,0.6517150395778364,0.33432835820895523,0.7847157502329916,0.7198397737983034,0.4734,0.365,0.5359871330920788,0.3533333333333334,28.0,0.02784222110851188,0.28016022620169645
Unknown_592192,ATH,592192,2021,148,651,541,124,22,4,17,81,135,27,2,0.229,0.5963855421686747,0.378927911275416,0.735,0.37203166226912926,0.4179104477611941,0.548928238583411,0.4022148916116871,0.6267,0.365,0.5359871330920788,0.36,32.0,0.022263457648521917,0.5977851083883128
Unknown_596115,COL,596115,2021,149,617,546,134,34,5,25,55,145,11,5,0.245,0.5,0.534195933456562,0.788,0.5514511873350924,0.453731343283582,0.38443616029822925,0.46724787935909523,0.658,0.365,0.5359871330920788,0.3466666666666667,29.0,0.04104379525333235,0.5327521206409049
Unknown_572228,NYY,572228,2021,71,253,221,54,8,1,11,24,76,8,0,0.244,0.5481927710843374,0.48983364140480606,0.779,0.4907651715039578,0.5582089552238807,0.4114631873252563,0.6213477851083883,0.5731,0.365,0.5359871330920788,0.22666666666666668,30.0,0.051262566657699245,0.3786522148916118
Unknown_543939,MIL,543939,2021,126,528,477,129,34,2,16,34,90,14,3,0.27,0.533132530120482,0.512014787430684,0.786,0.45118733509234826,0.5014925373134328,0.26933830382106244,0.3152686145146089,0.7386,0.364,0.5331724969843183,0.31333333333333335,31.0,0.041237922525059006,0.6847313854853911
Unknown_596019,NYM,596019,2021,132,552,477,115,18,3,22,61,97,5,3,0.241,0.5240963855421686,0.47319778188539746,0.761,0.47493403693931396,0.37014925373134333,0.48415657036346693,0.3275212064090481,0.6938,0.364,0.5331724969843183,0.32000000000000006,28.0,0.02077003769936945,0.672478793590952
Unknown_622682,DET,622682,2021,78,241,228,61,13,4,5,10,58,0,1,0.268,0.4186746987951807,0.4639556377079483,0.723,0.39313984168865435,0.6059701492537314,0.16262814538676607,0.48067860508953814,0.7095,0.364,0.5331724969843183,0.22000000000000003,27.0,0.10225589188560764,0.5193213949104618
Unknown_664774,SF,664774,2021,119,410,360,88,17,3,19,37,99,6,3,0.244,0.496987951807229,0.5415896487985215,0.789,0.5620052770448548,0.4417910447761193,0.3895619757688723,0.48256361922714425,0.6439,0.363,0.5307599517490953,0.2733333333333333,27.0,0.041816034371218315,0.5174363807728557
Unknown_650391,CWS,650391,2021,63,259,241,63,12,0,11,16,63,1,1,0.261,0.45481927710843373,0.5064695009242146,0.757,0.4696569920844327,0.5253731343283582,0.2572227399813607,0.48656927426955704,0.6911,0.363,0.5307599517490953,0.22666666666666668,25.0,0.06616317549384655,0.5134307257304431
Unknown_666185,STL,666185,2021,156,642,563,150,31,4,20,59,157,11,8,0.266,0.5572289156626508,0.4953789279112755,0.785,0.4406332453825857,0.5850746268656717,0.39748369058713884,0.4896324222431669,0.6449,0.363,0.5307599517490953,0.3466666666666667,23.0,0.04148925423588592,0.5103675777568333
Unknown_641857,COL,641857,2021,159,624,554,142,33,1,24,60,158,5,5,0.256,0.5240963855421686,0.5083179297597045,0.781,0.4854881266490765,0.5343283582089553,0.4175209692451071,0.5101319509896324,0.6426,0.363,0.5307599517490953,0.34,27.0,0.04093793336870048,0.48986804901036773
Unknown_657656,ATH,657656,2021,93,395,354,89,23,3,14,31,102,9,1,0.251,0.5090361445783133,0.5138632162661738,0.779,0.5065963060686016,0.5373134328358209,0.33504193849021435,0.5219132893496701,0.6405,0.363,0.5307599517490953,0.26666666666666666,27.0,0.053657515307849596,0.4780867106503299
Unknown_456781,SF,456781,2021,111,370,331,91,17,0,9,25,64,8,5,0.275,0.5361445783132531,0.43253234750462116,0.744,0.32717678100263853,0.5313432835820896,0.28424976700838767,0.3211592836946277,0.7351,0.362,0.527945315641335,0.26,34.0,0.039527980007949964,0.6788407163053722
Unknown_571448,STL,571448,2021,165,679,615,155,36,3,35,54,98,3,7,0.252,0.463855421686747,0.5859519408502774,0.803,0.6068601583113455,0.33134328358208953,0.3397017707362535,0.2535344015080114,0.7717,0.362,0.527945315641335,0.3533333333333334,30.0,0.025125979384725397,0.7464655984919888
Unknown_542583,MIA,542583,2021,137,527,469,123,24,0,23,48,93,3,7,0.262,0.5180722891566266,0.5304990757855823,0.791,0.4986807387862797,0.4298507462686568,0.3937558247903075,0.3294062205466541,0.7173,0.362,0.527945315641335,0.30666666666666664,31.0,0.02749387642157411,0.6705937794533459
Unknown_500871,AZ,500871,2021,157,631,579,145,28,5,29,50,135,1,1,0.25,0.46084337349397586,0.5397412199630316,0.777,0.546174142480211,0.4328358208955225,0.3383038210624418,0.4175306314797362,0.7052,0.361,0.5251306795335746,0.34,32.0,0.042268449929904334,0.582469368520264
Unknown_624585,KC,624585,2021,159,636,554,125,32,0,29,71,150,6,5,0.226,0.4819277108433735,0.4916820702402959,0.758,0.5435356200527705,0.35522388059701493,0.48928238583411,0.46913289349670123,0.6305,0.361,0.5251306795335746,0.34,29.0,0.030890224586747887,0.5308671065032988
Unknown_656541,COL,656541,2021,87,263,236,49,7,2,14,26,100,1,0,0.208,0.39457831325301196,0.4768946395563772,0.721,0.5699208443271768,0.4567164179104477,0.4301025163094129,0.80937794533459,0.5171,0.361,0.5251306795335746,0.22000000000000003,27.0,0.0644020571455219,0.19062205466541027
Unknown_664023,CHC,664023,2021,154,555,481,111,23,1,26,65,160,6,1,0.231,0.5150602409638555,0.500924214417745,0.774,0.5408970976253298,0.4567164179104477,0.5149114631873253,0.592836946277097,0.5802,0.361,0.5251306795335746,0.31333333333333335,27.0,0.037647140360740704,0.40716305372290296
Unknown_669720,BAL,669720,2021,137,551,508,133,27,5,24,29,112,10,1,0.262,0.4698795180722892,0.5582255083179299,0.79,0.5435356200527705,0.4716417910447761,0.21435228331780057,0.3925541941564562,0.7205,0.361,0.5251306795335746,0.31333333333333335,26.0,0.06480333288903463,0.6074458058435437
Unknown_643376,TOR,643376,2021,69,219,197,42,13,0,11,18,46,3,0,0.213,0.39457831325301196,0.5046210720887248,0.736,0.5936675461741425,0.25970149253731345,0.35228331780055916,0.4083411875589067,0.6895,0.361,0.5251306795335746,0.20666666666666667,26.0,0.0394422917353267,0.5916588124410933
Unknown_650490,TB,650490,2021,145,579,498,129,20,2,14,73,90,3,5,0.259,0.5903614457831324,0.4029574861367839,0.746,0.32717678100263853,0.4597014925373134,0.5568499534016775,0.27968897266729503,0.7133,0.36,0.5227181342983513,0.32000000000000006,30.0,0.013846763010628588,0.7203110273327049
Unknown_624641,STL,624641,2021,117,341,303,81,8,4,7,18,65,17,2,0.267,0.5512048192771085,0.3974121996303143,0.731,0.29815303430079154,0.5492537313432836,0.21528424976700838,0.36262959472196044,0.7009,0.36,0.5227181342983513,0.2466666666666667,25.0,0.059864375216348714,0.6373704052780396
Unknown_519203,CHC,519203,2021,149,600,518,126,24,3,23,53,95,24,5,0.243,0.5421686746987954,0.4805914972273569,0.773,0.48021108179419525,0.35820895522388063,0.380708294501398,0.2865221489161169,0.7133,0.36,0.5227181342983513,0.32666666666666666,32.0,0.024693531481405732,0.7134778510838831
Unknown_643217,KC,643217,2021,141,558,509,140,28,2,17,39,102,2,6,0.275,0.5060240963855422,0.4879852125693162,0.764,0.40633245382585753,0.5283582089552239,0.29496738117427773,0.34425070688030157,0.7401,0.36,0.5227181342983513,0.31333333333333335,27.0,0.04061175202873964,0.6557492931196984
Unknown_663624,BAL,663624,2021,150,606,553,141,24,1,35,42,165,4,7,0.255,0.45481927710843373,0.5878003696857672,0.8,0.6015831134564643,0.4776119402985074,0.29217148182665426,0.5551366635249764,0.6518,0.36,0.5227181342983513,0.32666666666666666,24.0,0.06604738785172432,0.44486333647502363
Unknown_657041,WSH,657041,2021,80,278,239,55,15,2,7,37,66,0,2,0.23,0.5210843373493976,0.41219963031423307,0.728,0.41688654353562005,0.453731343283582,0.5894687791239515,0.47290292177191334,0.6295,0.36,0.5227181342983513,0.22666666666666668,26.0,0.024516803128356086,0.5270970782280866
Unknown_593934,MIN,593934,2021,143,555,490,109,25,0,31,62,192,2,1,0.222,0.463855421686747,0.534195933456562,0.775,0.6121372031662269,0.4686567164179104,0.4897483690587139,0.7285579641847313,0.5387,0.359,0.519903498190591,0.30666666666666664,28.0,0.04993187971511327,0.2714420358152687
Unknown_592885,MIL,592885,2021,128,511,429,108,19,3,11,76,125,3,3,0.252,0.6265060240963854,0.3937153419593347,0.753,0.3324538258575198,0.5791044776119404,0.6621621621621622,0.4898680490103677,0.6008,0.358,0.5170888620828307,0.29333333333333333,30.0,0.021832218467781293,0.5101319509896323
Unknown_656669,CLE,656669,2021,71,218,186,35,9,0,12,29,68,3,0,0.188,0.4487951807228916,0.47319778188539746,0.737,0.6147757255936676,0.24776119402985075,0.5890027958993477,0.648444863336475,0.5413,0.358,0.5170888620828307,0.20666666666666667,28.0,0.03538476078761281,0.351555136663525
Unknown_457705,PHI,457705,2021,150,595,500,113,24,1,27,83,135,5,7,0.226,0.5421686746987954,0.4916820702402959,0.778,0.5408970976253298,0.34328358208955223,0.6192917054986021,0.4481621112158341,0.6252,0.358,0.5170888620828307,0.31333333333333335,35.0,0.021476089219337302,0.551837888784166
Unknown_640461,ATH,640461,2021,79,252,233,60,17,2,7,16,65,2,1,0.258,0.45783132530120485,0.4879852125693162,0.747,0.45118733509234826,0.5761194029850747,0.2651444547996272,0.5212064090480679,0.6706,0.358,0.5170888620828307,0.21333333333333335,29.0,0.06860472390472881,0.4787935909519321
Unknown_594694,PIT,594694,2021,122,260,235,63,8,3,4,24,58,0,1,0.268,0.533132530120482,0.378927911275416,0.713,0.26912928759894456,0.6119402985074628,0.39934762348555447,0.43920829406220546,0.6846,0.358,0.5170888620828307,0.22000000000000003,29.0,0.0367784608717037,0.5607917059377947
Unknown_660821,MIA,660821,2021,64,251,227,57,8,2,14,20,78,3,1,0.251,0.4849397590361446,0.5822550831792976,0.808,0.604221635883905,0.5432835820895523,0.3406337371854613,0.6458529688972667,0.5976,0.358,0.5170888620828307,0.21333333333333335,24.0,0.06547312239660699,0.3541470311027335
Unknown_527038,SF,527038,2021,150,469,417,106,17,1,18,45,64,4,3,0.254,0.5180722891566266,0.4713493530499077,0.76,0.4379947229551451,0.3761194029850746,0.41612301957129544,0.2351555136663525,0.7591,0.357,0.5146763168476075,0.2733333333333333,30.0,0.017543713185408684,0.7648444863336474
Unknown_645277,ATL,645277,2021,167,723,664,172,43,7,31,48,135,4,7,0.259,0.45783132530120485,0.5748613678373384,0.795,0.5725593667546174,0.4328358208955225,0.2786579683131407,0.35344015080113106,0.7414,0.357,0.5146763168476075,0.3466666666666667,24.0,0.04441670747491602,0.6465598491988691
Unknown_650333,MIN,650333,2021,129,503,449,133,20,6,2,45,49,3,6,0.296,0.6084337349397589,0.3826247689463957,0.741,0.20052770448548812,0.5671641791044777,0.3863000931966449,0.14302544769085768,0.8072,0.357,0.5146763168476075,0.2866666666666667,24.0,0.011057882247362325,0.8569745523091423
Unknown_622110,CHC,622110,2021,104,338,305,88,13,1,5,25,65,7,1,0.289,0.5933734939759036,0.3937153419593347,0.742,0.23482849604221634,0.6507462686567164,0.31407269338303817,0.36663524976437323,0.713,0.357,0.5146763168476075,0.24000000000000002,30.0,0.040292078772167894,0.6333647502356268
Unknown_650559,MIA,650559,2021,57,220,200,60,8,2,5,18,53,1,1,0.3,0.6054216867469878,0.48243992606284664,0.794,0.3324538258575198,0.7492537313432835,0.3504193849021435,0.4811498586239397,0.6727,0.356,0.5118616807398472,0.2,25.0,0.04699565190350687,0.5188501413760602
Unknown_545350,CHC,545350,2021,94,215,192,45,8,3,8,12,70,7,2,0.234,0.42771084337349397,0.4768946395563772,0.733,0.4986807387862797,0.5522388059701493,0.22926374650512582,0.6807257304429783,0.5767,0.356,0.5118616807398472,0.2,30.0,0.10293576312068961,0.3192742695570219
Unknown_628450,WSH,628450,2021,119,297,271,75,10,1,9,23,60,1,2,0.277,0.5271084337349398,0.45656192236598897,0.754,0.35620052770448546,0.5671641791044777,0.3299161230195713,0.3894910461828464,0.7172,0.356,0.5118616807398472,0.22666666666666668,34.0,0.0405082890574199,0.6105089538171538
Unknown_664056,STL,664056,2021,105,411,373,98,21,1,16,29,87,7,2,0.263,0.5060240963855422,0.5157116451016637,0.779,0.4775725593667546,0.4985074626865672,0.2982292637465051,0.41234684260131954,0.7007,0.355,0.5090470446320868,0.25333333333333335,27.0,0.04803302625574551,0.5876531573986805
Unknown_641820,BAL,641820,2021,154,640,579,150,33,1,22,52,152,8,1,0.259,0.5120481927710844,0.4805914972273569,0.762,0.43535620052770446,0.5402985074626866,0.34762348555452,0.473138548539114,0.6687,0.354,0.5066344993968637,0.31333333333333335,29.0,0.0466063944827673,0.5268614514608858
Unknown_545358,LAA,545358,2021,89,335,297,71,13,1,14,29,107,8,1,0.239,0.49397590361445787,0.4750462107208873,0.753,0.4828496042216359,0.5611940298507463,0.3727865796831314,0.6661168708765316,0.5701,0.354,0.5066344993968637,0.23333333333333334,30.0,0.06138132955277342,0.3338831291234685
Unknown_672386,TOR,672386,2021,61,197,173,41,9,0,8,19,26,3,2,0.237,0.48795180722891573,0.46950092421441786,0.748,0.48021108179419525,0.29850746268656725,0.418452935694315,0.2245523091423186,0.7563,0.354,0.5066344993968637,0.19333333333333336,23.0,0.01649729469493609,0.7754476908576813
Unknown_600303,SF,600303,2021,87,269,244,62,11,1,8,21,29,3,1,0.254,0.48795180722891573,0.42883548983364156,0.725,0.37730870712401055,0.3761194029850746,0.3331780055917987,0.16753063147973613,0.7955,0.353,0.5038198632891033,0.21333333333333335,32.0,0.016709955401454507,0.832469368520264
Unknown_668731,DET,668731,2021,125,479,429,111,20,7,15,47,128,0,3,0.259,0.5180722891566266,0.4972273567467654,0.773,0.4617414248021108,0.5910447761194031,0.42637465051258155,0.543119698397738,0.6347,0.353,0.5038198632891033,0.26666666666666666,23.0,0.042713504869934804,0.456880301602262
Unknown_642133,MIL,642133,2021,117,356,327,78,14,2,14,23,76,5,1,0.239,0.42168674698795183,0.4584103512014788,0.72,0.45910290237467016,0.4029850746268657,0.2702702702702703,0.4165881244109331,0.7079,0.352,0.501005227181343,0.23333333333333334,26.0,0.0539629760739046,0.5834118755890669
Unknown_553882,MIL,553882,2021,131,468,410,110,21,0,13,44,86,8,6,0.268,0.5662650602409639,0.44547134935304994,0.761,0.3614775725593667,0.5134328358208955,0.40726933830382106,0.34660697455230915,0.7051,0.352,0.501005227181343,0.26,29.0,0.027840103179510835,0.653393025447691
Unknown_666915,BOS,666915,2021,139,482,444,105,22,5,27,30,166,7,1,0.236,0.41265060240963847,0.5859519408502774,0.786,0.6490765171503957,0.5253731343283582,0.2590866728797763,0.72502356267672,0.5788,0.352,0.501005227181343,0.26666666666666666,26.0,0.09716495504549746,0.2749764373232799
Unknown_502054,SD,502054,2021,162,582,493,114,24,2,17,81,132,4,4,0.231,0.5542168674698796,0.40110905730129404,0.733,0.39841688654353563,0.4328358208955225,0.6178937558247902,0.4479264844486334,0.6271,0.352,0.501005227181343,0.29333333333333333,33.0,0.021530033963711337,0.5520735155513667
Unknown_606157,CIN,606157,2021,90,222,190,38,8,1,11,28,81,2,2,0.2,0.4457831325301205,0.46580406654343814,0.733,0.5725593667546174,0.4059701492537314,0.5568499534016775,0.7733270499528746,0.5,0.352,0.501005227181343,0.2,27.0,0.046003630435379646,0.2266729500471254
Unknown_592626,CHC,592626,2021,146,504,452,109,20,3,23,39,122,8,5,0.241,0.45783132530120485,0.512014787430684,0.761,0.5303430079155672,0.4238805970149254,0.3299161230195713,0.4839773798303488,0.6647,0.351,0.4985926819461198,0.26666666666666666,29.0,0.050536147770405195,0.5160226201696514
Unknown_621563,TB,621563,2021,142,523,482,128,35,4,12,28,116,10,3,0.266,0.4789156626506025,0.4713493530499077,0.747,0.40897097625329815,0.5701492537313434,0.21854613233923578,0.4361451460885957,0.7055,0.351,0.4985926819461198,0.2733333333333333,31.0,0.0702378857802738,0.5638548539114043
Unknown_663898,COL,663898,2021,102,415,387,110,21,3,15,19,84,7,2,0.284,0.5120481927710844,0.5471349353049908,0.798,0.46701846965699206,0.5791044776119404,0.18266542404473438,0.3904335532516494,0.7349,0.351,0.4985926819461198,0.2466666666666667,25.0,0.07553006335665094,0.6095664467483506
Unknown_571657,CIN,571657,2021,151,547,496,133,24,2,17,26,97,19,5,0.268,0.5060240963855422,0.467652495378928,0.753,0.39577836411609496,0.4955223880597015,0.19058713886300094,0.3312912346842602,0.7386,0.351,0.4985926819461198,0.28,31.0,0.06224090558157139,0.6687087653157398
Unknown_621020,ATL,621020,2021,171,688,621,154,35,2,28,54,174,5,7,0.248,0.45783132530120485,0.5027726432532349,0.756,0.4986807387862797,0.4835820895522388,0.33504193849021435,0.5094250706880301,0.6599,0.35,0.49577804583835944,0.31333333333333335,27.0,0.052350709646448695,0.4905749293119699
Unknown_640457,TB,640457,2021,153,624,548,126,31,3,28,62,128,6,8,0.23,0.46084337349397586,0.512014787430684,0.762,0.5593667546174143,0.33134328358208953,0.43243243243243246,0.3967954759660698,0.6859,0.35,0.49577804583835944,0.29333333333333333,26.0,0.029931682359648992,0.6032045240339301
Unknown_683734,CWS,683734,2021,137,499,444,106,25,1,15,42,109,7,6,0.239,0.46084337349397586,0.4195933456561924,0.712,0.40369393139841686,0.4328358208955225,0.36160298229263743,0.42813383600377003,0.6834,0.35,0.49577804583835944,0.26666666666666666,23.0,0.040198699612907195,0.5718661639962299
Unknown_543281,WSH,543281,2021,145,580,524,148,33,2,8,34,76,19,3,0.282,0.5692771084337348,0.41589648798521267,0.745,0.28232189973614774,0.5432835820895523,0.2423112767940354,0.22219604147031108,0.7759,0.35,0.49577804583835944,0.2866666666666667,34.0,0.0332630495440419,0.7778039585296888
Unknown_571875,CWS,571875,2021,60,186,159,32,5,0,8,23,59,2,2,0.201,0.4457831325301205,0.38817005545286515,0.69,0.4564643799472295,0.36119402985074633,0.5456663560111836,0.660933081998115,0.5484,0.35,0.49577804583835944,0.18666666666666668,31.0,0.039626631087972625,0.33906691800188526
Unknown_670032,KC,670032,2021,151,573,504,150,21,6,2,50,76,4,3,0.298,0.6204819277108434,0.37153419593345666,0.739,0.17941952506596304,0.6298507462686568,0.3760484622553588,0.22596606974552308,0.7522,0.349,0.4929634097305991,0.28,26.0,0.01939299121881158,0.7740339302544765
Unknown_608348,AZ,608348,2021,103,373,317,75,12,1,13,45,76,6,5,0.237,0.5421686746987954,0.42513863216266184,0.742,0.41688654353562005,0.39402985074626873,0.5312208760484622,0.39373232799246,0.6595,0.349,0.4929634097305991,0.23333333333333334,27.0,0.022702466756393494,0.6062676720075402
Unknown_622761,BAL,622761,2021,90,236,216,55,14,1,4,13,61,4,2,0.255,0.4457831325301205,0.38817005545286515,0.691,0.31926121372031663,0.5940298507462688,0.22600186393289845,0.5226201696512723,0.6653,0.349,0.4929634097305991,0.2,26.0,0.08079972077588667,0.4773798303487278
Unknown_457708,LAA,457708,2021,97,385,342,75,15,0,18,39,112,1,3,0.219,0.42469879518072284,0.45656192236598897,0.72,0.5092348284960422,0.391044776119403,0.4412861136999068,0.5989632422243166,0.6026,0.349,0.4929634097305991,0.23333333333333334,34.0,0.045576515728964526,0.4010367577756835
Unknown_573262,SF,573262,2021,149,563,498,111,29,4,28,52,140,9,3,0.223,0.4457831325301205,0.5397412199630316,0.772,0.6174142480211081,0.34328358208955223,0.3998136067101584,0.4995287464655986,0.6412,0.348,0.4905508644953759,0.2733333333333333,31.0,0.042090395924029606,0.5004712535344014
Unknown_595281,TB,595281,2021,118,419,374,99,23,7,5,36,105,5,4,0.265,0.5301204819277109,0.42513863216266184,0.738,0.34300791556728233,0.6477611940298508,0.369524697110904,0.5040056550424128,0.6516,0.348,0.4905508644953759,0.24000000000000002,31.0,0.0464606262118906,0.49599434495758743
Unknown_453568,COL,453568,2021,156,600,532,142,26,4,13,54,98,11,3,0.267,0.5632530120481928,0.42513863216266184,0.749,0.33773087071240104,0.5074626865671642,0.38863000931966446,0.2983034872761546,0.7283,0.348,0.4905508644953759,0.2866666666666667,35.0,0.025113400327025866,0.7016965127238455
Unknown_444482,AZ,444482,2021,156,561,507,129,33,8,8,48,97,3,3,0.254,0.49096385542168675,0.4140480591497229,0.719,0.35620052770448546,0.4925373134328358,0.3681267474370922,0.32092365692742697,0.7362,0.348,0.4905508644953759,0.2733333333333333,34.0,0.02908932115422399,0.6790763430725728
Unknown_656976,AZ,656976,2021,155,572,524,141,30,4,12,43,110,4,1,0.269,0.5150602409638555,0.43622920517560076,0.739,0.34828496042216356,0.555223880597015,0.3196644920782852,0.36663524976437323,0.7255,0.348,0.4905508644953759,0.28,25.0,0.03948944807726243,0.6333647502356268
Unknown_543333,SD,543333,2021,157,583,527,144,28,0,12,48,102,5,2,0.273,0.5421686746987954,0.40850277264325335,0.733,0.2955145118733509,0.5492537313432836,0.35274930102516305,0.32587181903864276,0.7324,0.348,0.4905508644953759,0.28,32.0,0.031150821943761293,0.6741281809613571
Unknown_656308,BOS,656308,2021,49,151,146,34,8,1,4,1,52,2,2,0.233,0.2620481927710844,0.38817005545286515,0.629,0.3746701846965699,0.573134328358209,0.0,0.72502356267672,0.6358,0.348,0.4905508644953759,0.17333333333333334,26.0,1.0000000000000002,0.2749764373232799
Unknown_676801,HOU,676801,2021,99,342,303,78,12,0,14,27,111,4,8,0.257,0.4849397590361446,0.4842883548983365,0.754,0.445910290237467,0.626865671641791,0.33690587138863,0.6783694627709708,0.5848,0.347,0.4877362283876156,0.22000000000000003,26.0,0.06962381356161379,0.32163053722902935
Unknown_666158,LAD,666158,2021,112,415,367,89,14,4,8,43,95,3,2,0.243,0.5030120481927711,0.35859519408502777,0.693,0.30606860158311344,0.5104477611940299,0.4520037278657968,0.45287464655984916,0.6602,0.347,0.4877362283876156,0.24000000000000002,24.0,0.032759120487376565,0.5471253534401508
Unknown_621453,SF,621453,2021,112,312,281,70,15,5,8,29,95,2,0,0.249,0.5,0.4602587800369687,0.747,0.43535620052770446,0.6388059701492538,0.402143522833178,0.6310084825636192,0.5962,0.347,0.4877362283876156,0.21333333333333335,28.0,0.05343581724156446,0.3689915174363809
Unknown_647304,CLE,647304,2021,74,267,250,62,13,0,9,14,47,3,0,0.248,0.4156626506024096,0.43253234750462116,0.704,0.39841688654353563,0.4149253731343284,0.21342031686859272,0.32822808671065035,0.7566,0.347,0.4877362283876156,0.2,24.0,0.05500478808968852,0.6717719132893498
Unknown_594807,MIA,594807,2021,154,588,541,126,18,3,39,37,177,5,5,0.233,0.3855421686746987,0.5914972273567469,0.779,0.6649076517150396,0.3880597014925373,0.2623485554520037,0.6227615457115928,0.6276,0.346,0.4849215922798552,0.2733333333333333,33.0,0.08261727269707078,0.3772384542884073
Unknown_642336,TB,642336,2021,87,291,263,69,16,3,6,18,54,7,2,0.262,0.5,0.4436229205175602,0.739,0.37730870712401055,0.5164179104477612,0.2576887232059646,0.3508482563619227,0.7251,0.346,0.4849215922798552,0.20666666666666667,26.0,0.04802917299234911,0.6491517436380774
Unknown_624424,NYM,624424,2021,131,504,430,99,21,0,15,59,109,13,2,0.23,0.5451807228915663,0.38817005545286515,0.723,0.37994722955145116,0.4149253731343284,0.5149114631873253,0.4231856738925542,0.6409,0.346,0.4849215922798552,0.25333333333333335,28.0,0.025746224197748427,0.5768143261074459
Unknown_546318,PHI,546318,2021,131,516,474,122,28,2,14,30,82,6,5,0.257,0.4487951807228916,0.4436229205175602,0.72,0.38786279683377306,0.4417910447761193,0.23998136067101583,0.28793590951932146,0.7674,0.346,0.4849215922798552,0.26,30.0,0.04293006378731131,0.7120640904806785
Unknown_666969,TEX,666969,2021,157,641,598,148,28,2,33,33,197,5,5,0.247,0.3975903614457831,0.5415896487985215,0.757,0.5540897097625329,0.5194029850746269,0.20922646784715748,0.6376060320452404,0.6334,0.346,0.4849215922798552,0.2866666666666667,28.0,0.1054880754430788,0.36239396795475964
Unknown_570731,DET,570731,2021,164,696,642,177,31,1,22,40,139,6,8,0.276,0.48795180722891573,0.47319778188539746,0.75,0.3825857519788918,0.546268656716418,0.23718546132339235,0.38407163053722904,0.7342,0.346,0.4849215922798552,0.30000000000000004,30.0,0.05721644347414878,0.6159283694627711
Unknown_553902,MIN,553902,2021,78,238,230,57,11,0,10,3,13,4,1,0.248,0.3343373493975904,0.46580406654343814,0.695,0.445910290237467,0.27462686567164185,0.02795899347623486,0.04217719132893495,0.916,0.346,0.4849215922798552,0.19333333333333336,30.0,0.07386779909014406,0.9578228086710652
Unknown_501659,ATL,501659,2021,69,188,159,33,13,0,5,28,39,0,1,0.208,0.5,0.38817005545286515,0.708,0.4406332453825857,0.31940298507462683,0.66309412861137,0.4022148916116871,0.6436,0.346,0.4849215922798552,0.18000000000000002,32.0,0.01695382405070108,0.5977851083883128
Unknown_662139,AZ,662139,2021,95,321,290,72,17,2,11,30,69,0,0,0.248,0.4849397590361446,0.4805914972273569,0.753,0.46701846965699206,0.4656716417910447,0.4049394221808015,0.42012252591894444,0.6885,0.345,0.48210695617209487,0.21333333333333335,25.0,0.03450122898851062,0.5798774740810557
Unknown_543543,PHI,543543,2021,142,385,338,76,10,3,20,46,117,1,0,0.225,0.4849397590361446,0.5101663585951943,0.769,0.5699208443271768,0.4328358208955225,0.5260950605778192,0.6295947219604147,0.574,0.345,0.48210695617209487,0.22666666666666668,32.0,0.03921683302675769,0.37040527803958523
Unknown_592325,PIT,592325,2021,127,421,357,84,18,3,8,55,110,3,4,0.235,0.5451807228915663,0.3622920517560075,0.709,0.32981530343007914,0.5343283582089553,0.5778191985088537,0.5292177191328934,0.5962,0.345,0.48210695617209487,0.23333333333333334,29.0,0.028719744646015212,0.4707822808671065
Unknown_553869,COL,553869,2021,112,390,355,85,18,1,18,32,65,2,1,0.239,0.44277108433734935,0.5064695009242146,0.753,0.525065963060686,0.33134328358208953,0.35181733457595527,0.3063147973609802,0.7462,0.345,0.48210695617209487,0.22666666666666668,31.0,0.029294312672286223,0.6936852026390199
Unknown_641786,SEA,641786,2021,38,155,138,34,5,0,5,16,38,1,0,0.246,0.5150602409638555,0.40110905730129404,0.72,0.3588390501319261,0.5104477611940299,0.45013979496738116,0.4912818096135721,0.6452,0.345,0.48210695617209487,0.17333333333333334,26.0,0.03598199871564848,0.508718190386428
Unknown_676694,HOU,676694,2021,52,176,159,41,8,0,6,10,55,4,1,0.258,0.47590361445783136,0.45656192236598897,0.737,0.40897097625329815,0.6567164179104478,0.23392357875116498,0.6498586239396795,0.5966,0.344,0.4796944109368717,0.18000000000000002,25.0,0.09648331315695262,0.3501413760603205
Unknown_606992,DET,606992,2021,104,388,358,83,12,1,24,26,121,2,2,0.232,0.3855421686746987,0.5508317929759705,0.758,0.6094986807387862,0.4179104477611941,0.28145386766076425,0.648444863336475,0.616,0.344,0.4796944109368717,0.22666666666666668,29.0,0.08009815731221492,0.351555136663525
Unknown_592567,PIT,592567,2021,104,374,333,87,12,0,11,36,89,2,3,0.261,0.5301204819277109,0.4103512014787432,0.731,0.3324538258575198,0.5611940298507463,0.41798695246971107,0.47431668237511776,0.6604,0.344,0.4796944109368717,0.22000000000000003,29.0,0.03782995543235146,0.5256833176248823
Unknown_669221,ATH,669221,2021,124,467,410,91,26,0,19,42,118,12,3,0.222,0.45783132530120485,0.46210720887245854,0.735,0.5092348284960422,0.3791044776119403,0.38816402609506057,0.5089538171536285,0.6317,0.344,0.4796944109368717,0.24000000000000002,27.0,0.044400332961573516,0.49104618284637147
Unknown_605119,MIA,605119,2021,72,280,248,59,9,0,7,27,71,5,0,0.238,0.5030120481927711,0.3419593345656193,0.684,0.2955145118733509,0.5134328358208955,0.418452935694315,0.5110744580584354,0.6321,0.344,0.4796944109368717,0.2,28.0,0.04091255368160415,0.48892554194156457
Unknown_607054,MIL,607054,2021,101,314,268,67,13,1,6,40,71,4,2,0.25,0.5903614457831324,0.36783733826247694,0.727,0.30079155672823216,0.5432835820895523,0.5629077353215285,0.4462770970782281,0.6338,0.343,0.47687977482911137,0.20666666666666667,31.0,0.024344615229925932,0.5537229029217721
Unknown_665862,MIA,665862,2021,132,527,482,121,20,4,19,36,150,4,3,0.251,0.4487951807228916,0.467652495378928,0.734,0.4406332453825857,0.564179104477612,0.2875116495806151,0.5841187558906692,0.6357,0.343,0.47687977482911137,0.25333333333333335,23.0,0.07064660261628104,0.4158812441093309
Unknown_593643,KC,593643,2021,103,270,256,71,21,3,2,4,28,4,2,0.277,0.4186746987951807,0.42883548983364156,0.703,0.31662269129287596,0.5044776119402985,0.03821062441752097,0.15786993402450517,0.8519,0.343,0.47687977482911137,0.2,29.0,0.12561329378949185,0.8421300659754947
Unknown_405395,LAD,405395,2021,118,324,301,72,4,0,18,15,46,6,2,0.239,0.3885542168674698,0.4768946395563772,0.719,0.4854881266490765,0.27462686567164185,0.18499534016775396,0.24811498586239394,0.7932,0.342,0.474065138721351,0.20666666666666667,41.0,0.049356383800913485,0.7518850141376061
Unknown_596847,TB,596847,2021,85,312,265,61,14,0,12,45,89,2,0,0.23,0.5662650602409639,0.45286506469500937,0.765,0.47493403693931396,0.4925373134328358,0.6411929170549859,0.5857681432610744,0.5641,0.342,0.474065138721351,0.20666666666666667,30.0,0.028288820823313292,0.4142318567389256
Unknown_664913,ATH,664913,2021,110,317,291,63,14,1,22,23,93,1,2,0.216,0.3493975903614459,0.5988909426987061,0.773,0.7203166226912928,0.28656716417910455,0.3075489282385834,0.6048539114043355,0.6309,0.342,0.474065138721351,0.20666666666666667,29.0,0.06821577460419523,0.3951460885956646
Unknown_544725,CWS,544725,2021,133,506,446,116,23,4,6,42,107,4,5,0.26,0.5060240963855422,0.3622920517560075,0.696,0.26649076517150394,0.5701492537313434,0.3560111835973905,0.411875589066918,0.6798,0.341,0.4716525934861278,0.24000000000000002,30.0,0.039315479135095914,0.5881244109330819
Unknown_606132,COL,606132,2021,140,555,509,141,27,2,6,40,74,1,4,0.277,0.5150602409638555,0.36783733826247694,0.702,0.2295514511873351,0.5313432835820896,0.3052190121155638,0.2276154571159284,0.791,0.341,0.4716525934861278,0.25333333333333335,27.0,0.025778777944380132,0.7723845428840714
Unknown_572816,MIA,572816,2021,114,384,351,94,18,5,6,29,70,3,1,0.268,0.5120481927710844,0.41589648798521267,0.727,0.32189973614775724,0.5522388059701493,0.3210624417520969,0.34307257304429783,0.7344,0.341,0.4716525934861278,0.22000000000000003,32.0,0.03672913223611489,0.6569274269557022
Unknown_571718,CWS,571718,2021,75,287,249,57,12,1,8,35,60,1,1,0.229,0.5030120481927711,0.38447319778188555,0.707,0.37994722955145116,0.4029850746268657,0.537744641192917,0.40622054665409996,0.662,0.341,0.4716525934861278,0.2,31.0,0.02316797687887176,0.5937794533459
Unknown_592696,CLE,592696,2021,122,449,414,106,21,3,14,28,65,1,4,0.256,0.4337349397590361,0.4602587800369687,0.725,0.41688654353562005,0.40895522388059713,0.2600186393289841,0.2547125353440151,0.7862,0.34,0.4688379573783675,0.22666666666666668,30.0,0.03490861579567039,0.7452874646559848
Unknown_542340,NYM,542340,2021,143,510,458,114,18,2,18,47,134,3,0,0.249,0.496987951807229,0.44547134935304994,0.738,0.41424802110817943,0.5373134328358209,0.39888164026095063,0.532516493873704,0.6353,0.34,0.4688379573783675,0.24000000000000002,30.0,0.04514241925249413,0.4674835061262961
Unknown_602074,COL,602074,2021,114,346,314,88,12,2,2,23,61,2,1,0.28,0.5240963855421686,0.3253234750462108,0.683,0.16094986807387865,0.6179104477611942,0.27912395153774466,0.32893496701225267,0.7341,0.34,0.4688379573783675,0.20666666666666667,27.0,0.041307840299448256,0.6710650329877474
Unknown_669256,TEX,669256,2021,134,532,476,118,19,2,12,37,109,15,2,0.248,0.49096385542168675,0.3659889094269872,0.693,0.3034300791556728,0.4865671641791045,0.2931034482758621,0.39632422243166826,0.6936,0.34,0.4688379573783675,0.2466666666666667,26.0,0.04705785403020325,0.6036757775683319
Unknown_444876,WSH,444876,2021,75,349,319,92,21,2,4,17,56,9,2,0.288,0.5481927710843374,0.42513863216266184,0.744,0.28232189973614774,0.6059701492537314,0.1961789375582479,0.29170593779453347,0.7593,0.34,0.4688379573783675,0.20666666666666667,35.0,0.0537836341293811,0.7082940622054665
Unknown_500743,MIA,500743,2021,138,555,510,137,30,3,11,38,76,5,1,0.269,0.5030120481927711,0.42513863216266184,0.729,0.3324538258575198,0.4865671641791045,0.28844361602982294,0.2360980207351555,0.7838,0.34,0.4688379573783675,0.2466666666666667,32.0,0.02867666795788313,0.7639019792648443
Unknown_650402,NYY,650402,2021,135,542,480,123,23,0,12,55,108,1,4,0.256,0.5210843373493976,0.378927911275416,0.711,0.30079155672823216,0.5104477611940299,0.4422180801491147,0.38312912346842604,0.6937,0.339,0.46602332127060714,0.24000000000000002,25.0,0.027999353588114173,0.6168708765315738
Unknown_572233,AZ,572233,2021,123,469,424,107,26,1,11,39,110,4,2,0.252,0.48795180722891573,0.4103512014787432,0.716,0.35620052770448546,0.5402985074626866,0.3569431500465983,0.4660697455230914,0.6738,0.339,0.46602332127060714,0.22666666666666668,30.0,0.044547601630668544,0.5339302544769087
Unknown_641470,CWS,641470,2021,82,252,216,45,14,0,6,34,73,1,0,0.208,0.4849397590361446,0.3364140480591498,0.675,0.366754617414248,0.4507462686567164,0.597856477166822,0.5961357210179077,0.5675,0.339,0.46602332127060714,0.18666666666666668,26.0,0.03156018589709346,0.4038642789820923
Unknown_620443,SEA,620443,2021,112,398,362,88,18,2,15,30,102,2,4,0.243,0.4337349397590361,0.46950092421441786,0.73,0.46437994722955145,0.4746268656716418,0.32059645852749297,0.5174363807728557,0.6633,0.339,0.46602332127060714,0.21333333333333335,25.0,0.055787246860576095,0.4825636192271443
Unknown_623912,CLE,623912,2021,99,369,347,92,21,1,7,14,58,5,3,0.265,0.4307228915662651,0.4029574861367839,0.693,0.3113456464379947,0.4895522388059701,0.14585274930102518,0.2839302544769086,0.7913,0.339,0.46602332127060714,0.20666666666666667,27.0,0.07027587801803871,0.7160697455230913
Unknown_663647,PIT,663647,2021,102,417,383,102,20,3,7,31,89,1,2,0.266,0.49096385542168675,0.3974121996303143,0.71,0.30079155672823216,0.5820895522388061,0.31547064305684996,0.41635249764373233,0.7098,0.339,0.46602332127060714,0.22000000000000003,24.0,0.045585644974511785,0.5836475023562675
Unknown_514917,CLE,514917,2021,160,675,603,144,22,2,23,63,142,5,4,0.239,0.4698795180722892,0.4103512014787432,0.71,0.39313984168865435,0.4179104477611941,0.40400745573159363,0.40928369462770975,0.6889,0.338,0.463610776035384,0.26666666666666666,31.0,0.03364234459554894,0.5907163053722901
Unknown_664702,HOU,664702,2021,157,652,577,157,30,1,4,68,122,2,4,0.272,0.575301204819277,0.32162661737523107,0.697,0.17678100263852242,0.6029850746268658,0.4552656104380242,0.354382657869934,0.704,0.338,0.463610776035384,0.26,27.0,0.024715052347192366,0.6456173421300659
Unknown_622534,TB,622534,2021,130,494,446,115,22,3,10,41,77,1,5,0.258,0.4819277108433735,0.39556377079482447,0.706,0.31926121372031663,0.4597014925373134,0.3560111835973905,0.2808671065032988,0.7571,0.337,0.4607961399276236,0.22666666666666668,27.0,0.026349614189084616,0.7191328934967012
Unknown_642708,CLE,642708,2021,145,598,560,158,26,7,11,31,120,3,4,0.282,0.49096385542168675,0.4399260628465805,0.734,0.31926121372031663,0.6119402985074628,0.21062441752096922,0.38642789820923656,0.7425,0.337,0.4607961399276236,0.2466666666666667,26.0,0.06498717862543468,0.6135721017907634
Unknown_656305,ATH,656305,2021,158,645,541,113,16,3,28,91,205,4,9,0.209,0.49397590361445787,0.4269870609981517,0.727,0.4934036939313984,0.4,0.6267474370922647,0.6623468426013196,0.5349,0.337,0.4607961399276236,0.25333333333333335,28.0,0.033588385805684455,0.3376531573986803
Unknown_607732,PIT,607732,2021,118,443,387,93,20,1,8,51,88,3,2,0.24,0.5240963855421686,0.3419593345656193,0.691,0.29023746701846964,0.4656716417910447,0.505591798695247,0.38147973609802077,0.6795,0.336,0.45798150381986324,0.21333333333333335,32.0,0.023390985326786136,0.6185202639019793
Unknown_572039,ATH,572039,2021,73,207,189,42,9,0,7,14,53,3,1,0.222,0.3825301204819277,0.3826247689463957,0.666,0.39577836411609496,0.4029850746268657,0.28424976700838767,0.5167295004712535,0.6618,0.336,0.45798150381986324,0.17333333333333334,30.0,0.0632928909347602,0.48327049952874646
Unknown_670712,TB,670712,2021,63,192,171,32,10,0,6,17,60,2,2,0.187,0.32530120481927716,0.32717190388170064,0.617,0.40897097625329815,0.32537313432835824,0.38164026095060577,0.6498586239396795,0.5885,0.336,0.45798150381986324,0.17333333333333334,27.0,0.058339643554875045,0.3501413760603205
Unknown_666135,MIN,666135,2021,60,235,218,54,11,1,8,14,52,2,1,0.248,0.42168674698795183,0.44916820702402965,0.715,0.42480211081794195,0.4626865671641791,0.24697110904007458,0.4349670122525919,0.7106,0.336,0.45798150381986324,0.18000000000000002,24.0,0.06186261494197094,0.5650329877474081
Unknown_476704,ATH,476704,2021,145,531,475,117,30,0,15,49,113,2,5,0.246,0.47590361445783136,0.42513863216266184,0.721,0.39313984168865435,0.4656716417910447,0.39934762348555447,0.4149387370405278,0.6911,0.335,0.4555689585846401,0.22666666666666668,37.0,0.03461852768107082,0.5850612629594723
Unknown_570482,NYY,570482,2021,123,465,443,115,18,3,15,20,116,1,1,0.26,0.4036144578313252,0.44547134935304994,0.708,0.38786279683377306,0.5522388059701493,0.16961789375582476,0.5014137606032045,0.7054,0.334,0.45275432247687974,0.21333333333333335,30.0,0.10230090471773577,0.49858623939679547
Unknown_600474,BAL,600474,2021,115,434,393,100,20,0,12,35,110,1,5,0.254,0.4668674698795181,0.41219963031423307,0.71,0.3509234828496042,0.5522388059701493,0.3448275862068966,0.5108388312912346,0.6636,0.334,0.45275432247687974,0.20666666666666667,28.0,0.05087011394425893,0.48916116870876514
Unknown_543105,SF,543105,2021,120,333,303,69,13,2,13,23,84,7,0,0.228,0.4186746987951807,0.44177449168207034,0.71,0.46437994722955145,0.4119402985074627,0.29123951537744636,0.5080113100848257,0.6577,0.333,0.44993968636911935,0.19333333333333336,31.0,0.06066533783084081,0.4919886899151744
Unknown_649557,HOU,649557,2021,87,324,299,76,19,0,8,16,63,9,0,0.254,0.463855421686747,0.4140480591497229,0.71,0.35620052770448546,0.4895522388059701,0.1994408201304753,0.3715834118755891,0.7284,0.333,0.44993968636911935,0.19333333333333336,31.0,0.06616216109358371,0.6284165881244108
Unknown_543228,WSH,543228,2021,105,387,359,91,17,1,14,20,80,7,1,0.253,0.44277108433734935,0.4602587800369687,0.728,0.42480211081794195,0.4626865671641791,0.21015843429636533,0.40056550424128184,0.7235,0.333,0.44993968636911935,0.2,34.0,0.06737852167954043,0.5994344957587181
Unknown_660294,PIT,660294,2021,88,283,249,55,12,1,9,31,80,1,1,0.221,0.45481927710843373,0.39186691312384486,0.694,0.41160949868073876,0.453731343283582,0.47949673811742777,0.5796418473138548,0.6007,0.333,0.44993968636911935,0.18666666666666668,30.0,0.03996470943777841,0.4203581526861453
Unknown_644374,CLE,644374,2021,91,269,254,59,16,3,9,12,72,2,1,0.232,0.34036144578313254,0.4639556377079483,0.697,0.4854881266490765,0.4567164179104477,0.17707362534948742,0.5442978322337417,0.6803,0.333,0.44993968636911935,0.18000000000000002,26.0,0.10617039347063233,0.45570216776625827
Unknown_518934,NYY,518934,2021,157,701,618,163,24,1,10,74,99,4,5,0.264,0.5602409638554217,0.3327171903881701,0.698,0.2163588390501319,0.4895522388059701,0.4613233923578751,0.24622997172478794,0.7475,0.333,0.44993968636911935,0.2466666666666667,33.0,0.015874562000237756,0.753770028275212
Unknown_516770,WSH,516770,2021,89,352,322,90,20,0,3,26,62,0,4,0.28,0.5180722891566266,0.3622920517560075,0.699,0.21372031662269128,0.5940298507462688,0.3136067101584343,0.32846371347785114,0.7472,0.333,0.44993968636911935,0.19333333333333336,31.0,0.03611711842598344,0.6715362865221488
Unknown_647351,SEA,647351,2021,99,382,342,82,12,0,11,31,56,7,2,0.24,0.4698795180722892,0.36414048059149734,0.685,0.3245382585751979,0.3641791044776119,0.34762348555452,0.2589538171536287,0.7539,0.332,0.44752714113389624,0.2,25.0,0.024938702741491757,0.741046182846371
Unknown_595943,PIT,595943,2021,83,268,234,54,6,0,5,28,56,5,1,0.231,0.5030120481927711,0.2717190388170056,0.645,0.21372031662269128,0.4417910447761193,0.45619757688723206,0.40598491988689916,0.6679,0.332,0.44752714113389624,0.18000000000000002,29.0,0.02870492418827012,0.594015080113101
Unknown_592200,SF,592200,2021,81,245,212,44,13,1,5,27,70,5,0,0.208,0.46084337349397586,0.32347504621072093,0.661,0.3509234828496042,0.4507462686567164,0.48275862068965525,0.5867106503298775,0.5796,0.331,0.44471250502613585,0.17333333333333334,33.0,0.040174210153109506,0.41328934967012243
Unknown_444489,MIL,444489,2021,80,224,196,38,7,0,13,22,42,5,1,0.194,0.3975903614457831,0.4713493530499077,0.719,0.5963060686015831,0.12537313432835817,0.42684063373718545,0.35532516493873706,0.692,0.331,0.44471250502613585,0.17333333333333334,34.0,0.026950707196882237,0.644674835061263
Unknown_520471,BAL,520471,2021,111,416,377,90,17,1,14,29,79,5,3,0.239,0.42771084337349397,0.4195933456561924,0.7,0.40369393139841686,0.391044776119403,0.2940354147250699,0.36098020735155517,0.7212,0.331,0.44471250502613585,0.2,32.0,0.0427286494344966,0.6390197926484449
Unknown_663757,SD,663757,2021,131,527,462,112,28,3,15,54,119,6,4,0.242,0.5090361445783133,0.44177449168207034,0.74,0.4274406332453826,0.4716417910447761,0.44687791239515373,0.44557021677662584,0.6584,0.331,0.44471250502613585,0.21333333333333335,25.0,0.03263267804733205,0.5544297832233742
Unknown_408234,DET,408234,2021,136,543,487,126,16,0,17,41,121,5,10,0.259,0.4789156626506025,0.4103512014787432,0.713,0.3403693931398417,0.5074626865671642,0.3210624417520969,0.4385014137606032,0.6924,0.331,0.44471250502613585,0.22000000000000003,38.0,0.0471118934481824,0.5614985862393969
Unknown_607680,NYM,607680,2021,121,362,340,80,12,3,15,11,86,10,1,0.235,0.3644578313253013,0.45656192236598897,0.7,0.46437994722955145,0.40895522388059713,0.11090400745573159,0.4733741753063148,0.7044,0.331,0.44471250502613585,0.19333333333333336,32.0,0.1412725409549709,0.5266258246936852
Unknown_671277,WSH,671277,2021,76,263,252,62,20,2,7,11,45,0,0,0.246,0.3614457831325302,0.4639556377079483,0.702,0.4485488126649076,0.42089552238805983,0.1640260950605778,0.3166823751178134,0.7871,0.331,0.44471250502613585,0.18000000000000002,21.0,0.06922185741363548,0.6833176248821866
Unknown_452678,AZ,452678,2021,118,376,331,78,22,0,8,37,85,3,5,0.236,0.4698795180722892,0.37153419593345666,0.688,0.34300791556728233,0.4597014925373134,0.4277726001863933,0.4462770970782281,0.6676,0.331,0.44471250502613585,0.19333333333333336,36.0,0.03446830500109637,0.5537229029217721
Unknown_656716,LAD,656716,2021,66,190,174,37,9,0,7,12,56,1,2,0.213,0.32228915662650603,0.390018484288355,0.65,0.4300791556728232,0.391044776119403,0.2637465051258155,0.6079170593779454,0.6316,0.331,0.44471250502613585,0.16666666666666669,26.0,0.08024817811674241,0.39208294062205473
Unknown_596056,PIT,596056,2021,59,158,140,33,7,0,2,14,22,2,2,0.236,0.45783132530120485,0.28650646950092434,0.639,0.22163588390501318,0.38507462686567173,0.38210624417520966,0.24151743638077283,0.7595,0.331,0.44471250502613585,0.16,28.0,0.020403460565545796,0.758482563619227
Unknown_605612,DET,605612,2021,109,359,333,95,14,1,3,16,76,1,5,0.285,0.47289156626506024,0.34380776340110913,0.676,0.17414248021108178,0.6597014925373134,0.17707362534948742,0.41234684260131954,0.7298,0.33,0.4418978689183755,0.18666666666666668,28.0,0.08186750114675398,0.5876531573986805
Unknown_595777,SD,595777,2021,146,438,375,84,17,2,4,54,70,6,2,0.224,0.5180722891566266,0.2550831792975971,0.642,0.20844327176781,0.3880597014925373,0.5438024231127679,0.2900565504241282,0.6986,0.33,0.4418978689183755,0.2,28.0,0.015079141979432243,0.7099434495758719
Unknown_624415,TOR,624415,2021,81,315,270,61,11,1,7,38,87,2,4,0.226,0.49397590361445787,0.3290203327171904,0.674,0.30870712401055406,0.4955223880597015,0.5312208760484622,0.5643261074458058,0.5905,0.33,0.4418978689183755,0.18666666666666668,26.0,0.03432219718601564,0.4356738925541943
Unknown_542303,ATL,542303,2021,56,230,208,46,8,0,8,21,50,1,0,0.221,0.4156626506024096,0.37153419593345666,0.671,0.3825857519788918,0.35522388059701493,0.3946877912395154,0.42577756833176256,0.687,0.33,0.4418978689183755,0.17333333333333334,31.0,0.03608249286258656,0.5742224316682374
Unknown_543768,MIL,543768,2021,91,274,242,49,12,0,10,25,75,4,1,0.202,0.3885542168674698,0.3733826247689465,0.663,0.43535620052770446,0.33731343283582094,0.39422180801491147,0.558435438265787,0.6131,0.329,0.43948532368315235,0.17333333333333334,31.0,0.04808166515885794,0.441564561734213
Unknown_669242,STL,669242,2021,167,715,664,178,41,3,11,39,100,6,4,0.268,0.4668674698795181,0.3974121996303143,0.701,0.29287598944591026,0.4955223880597015,0.22320596458527492,0.24316682375117815,0.7944,0.329,0.43948532368315235,0.23333333333333334,26.0,0.03967897006875167,0.7568331762488218
Unknown_596142,NYY,596142,2021,124,459,401,81,13,1,23,52,132,6,0,0.202,0.4367469879518072,0.4380776340110906,0.714,0.5277044854881267,0.30447761194029854,0.4972041006523765,0.5911875589066918,0.5861,0.329,0.43948532368315235,0.2,29.0,0.03912581197927117,0.40881244109330805
Unknown_641487,SEA,641487,2021,165,703,633,170,37,0,9,60,116,5,4,0.269,0.533132530120482,0.3622920517560075,0.704,0.24274406332453824,0.5373134328358209,0.36672879776328055,0.3023091423185674,0.7411,0.329,0.43948532368315235,0.23333333333333334,26.0,0.027434221963598404,0.6976908576814325
Unknown_572122,SEA,572122,2021,166,692,623,134,31,1,35,61,166,4,4,0.215,0.39156626506024095,0.48613678373382635,0.724,0.5620052770448548,0.29253731343283584,0.38024231127679403,0.47879359095193214,0.6662,0.329,0.43948532368315235,0.23333333333333334,34.0,0.04264001921387262,0.5212064090480679
Unknown_458731,NYY,458731,2021,137,477,403,90,18,4,10,60,104,3,6,0.223,0.5,0.34750462107208885,0.686,0.34300791556728233,0.40895522388059713,0.5554520037278657,0.4271913289349671,0.6394,0.328,0.436670687575392,0.2,38.0,0.023535246934001566,0.5728086710650331
Unknown_593160,KC,593160,2021,169,740,683,190,43,3,10,40,107,4,13,0.278,0.47590361445783136,0.4066543438077635,0.71,0.28232189973614774,0.5283582089552239,0.2213420316868593,0.2542412818096136,0.7959,0.328,0.436670687575392,0.23333333333333334,32.0,0.04172786038918016,0.7457587181903864
Unknown_656252,CLE,656252,2021,78,289,255,53,10,0,16,25,101,6,3,0.208,0.4006024096385542,0.48243992606284664,0.726,0.575197889182058,0.38208955223880603,0.37232059645852744,0.7370405278039585,0.5433,0.328,0.436670687575392,0.17333333333333334,25.0,0.06819913105952072,0.26295947219604177
Unknown_519048,ATH,519048,2021,86,270,245,55,12,1,10,20,60,2,3,0.224,0.3825301204819277,0.42513863216266184,0.689,0.45118733509234826,0.35522388059701493,0.3145386766076421,0.43708765315739867,0.6963,0.328,0.436670687575392,0.17333333333333334,36.0,0.04803432119659094,0.5629123468426014
Unknown_519299,CHC,519299,2021,84,200,186,50,7,1,2,12,32,0,2,0.269,0.45783132530120485,0.32347504621072093,0.659,0.18997361477572558,0.5313432835820896,0.2488350419384902,0.29052780395852973,0.78,0.328,0.436670687575392,0.16666666666666669,35.0,0.041608602731662676,0.7094721960414703
Unknown_467793,KC,467793,2021,165,680,578,125,15,0,21,92,107,5,5,0.216,0.5060240963855422,0.32717190388170064,0.678,0.3324538258575198,0.28358208955223885,0.5997204100652377,0.28440150801131014,0.7,0.327,0.4338560514676316,0.22000000000000003,35.0,0.012510950672615614,0.71559849198869
Unknown_643446,NYM,643446,2021,126,448,405,100,21,1,7,30,60,12,1,0.247,0.4789156626506025,0.3364140480591498,0.673,0.2638522427440633,0.4179104477611941,0.28145386766076425,0.22902921771913287,0.7723,0.327,0.4338560514676316,0.19333333333333336,29.0,0.028676035355710283,0.7709707822808671
Unknown_542932,MIA,542932,2021,92,284,242,54,10,2,4,34,63,3,4,0.223,0.49397590361445787,0.29020332717190395,0.652,0.25857519788918204,0.4328358208955225,0.527027027027027,0.4361451460885957,0.6444,0.327,0.4338560514676316,0.17333333333333334,31.0,0.025859000098499334,0.5638548539114043
Unknown_666211,SEA,666211,2021,56,196,172,30,8,0,10,19,80,3,0,0.174,0.3313253012048193,0.40850277264325335,0.663,0.5593667546174143,0.32835820895522394,0.42078285181733455,0.8753534401508012,0.4694,0.327,0.4338560514676316,0.16666666666666669,24.0,0.07153075514343053,0.12464655984919903
Unknown_656811,KC,656811,2021,92,273,254,58,6,2,11,13,77,3,3,0.228,0.34036144578313254,0.4140480591497229,0.669,0.42216358839050133,0.4298507462686568,0.19105312208760486,0.5782280867106503,0.6593,0.326,0.4314435062324085,0.17333333333333334,28.0,0.10470379560928064,0.4217719132893496
Unknown_594838,LAA,594838,2021,109,382,354,94,15,0,9,24,82,3,1,0.266,0.4789156626506025,0.38817005545286515,0.701,0.29023746701846964,0.5611940298507463,0.2618825722273998,0.4194156456173422,0.7147,0.326,0.4314435062324085,0.18666666666666668,33.0,0.05616633561063342,0.5805843543826579
Unknown_643396,TEX,643396,2021,164,698,655,179,26,3,8,29,93,11,2,0.273,0.4698795180722892,0.3419593345656193,0.673,0.20052770448548812,0.5194029850746269,0.16262814538676607,0.22737983034872766,0.808,0.326,0.4314435062324085,0.22000000000000003,26.0,0.05211810477423299,0.7726201696512722
Unknown_605548,CLE,605548,2021,101,361,307,70,10,1,8,32,124,17,5,0.228,0.5180722891566266,0.3160813308687616,0.675,0.2849604221635884,0.626865671641791,0.38210624417520966,0.7229029217719133,0.5208,0.326,0.4314435062324085,0.18000000000000002,29.0,0.06503475051614001,0.2770970782280868
Unknown_578428,LAA,578428,2021,141,536,506,135,27,2,10,22,77,7,1,0.267,0.4457831325301205,0.3937153419593347,0.693,0.2955145118733509,0.4895522388059701,0.1602982292637465,0.2521206409048068,0.8022,0.326,0.4314435062324085,0.2,31.0,0.05783261807097695,0.7478793590951931
Unknown_543592,SD,543592,2021,53,194,173,47,12,0,2,14,19,5,2,0.272,0.5481927710843374,0.3733826247689465,0.716,0.25065963060686014,0.4716417910447761,0.30568499534016774,0.14420358152686147,0.8041,0.326,0.4314435062324085,0.16,32.0,0.016239112853067485,0.8557964184731384
Unknown_571740,CWS,571740,2021,69,159,145,31,8,3,2,10,51,0,1,0.214,0.3162650602409639,0.3290203327171904,0.615,0.3403693931398417,0.5313432835820896,0.2623485554520037,0.669415645617342,0.5975,0.325,0.4286288701246481,0.16,31.0,0.0887101066038873,0.3305843543826581
Unknown_596146,MIN,596146,2021,128,511,446,91,21,4,19,54,103,6,5,0.204,0.41265060240963847,0.41219963031423307,0.692,0.4854881266490765,0.25373134328358216,0.461789375582479,0.38854853911404336,0.681,0.325,0.4286288701246481,0.19333333333333336,28.0,0.026910372867665858,0.6114514608859567
Unknown_670351,LAA,670351,2021,67,203,187,38,15,1,6,15,55,1,0,0.203,0.32530120481927716,0.3992606284658042,0.656,0.4696569920844327,0.35820895522388063,0.3136067101584343,0.5518378887841658,0.6502,0.325,0.4286288701246481,0.16,28.0,0.06094665954736936,0.44816211121583427
Unknown_658069,COL,658069,2021,99,309,296,72,15,2,8,12,73,0,1,0.243,0.34337349397590367,0.3974121996303143,0.66,0.3588390501319261,0.4835820895522388,0.1500465983224604,0.4700754005655043,0.7249,0.325,0.4286288701246481,0.17333333333333334,28.0,0.10782309752520536,0.5299245994344959
Unknown_553993,CIN,553993,2021,152,596,524,103,25,0,32,59,183,8,5,0.197,0.3825301204819277,0.467652495378928,0.713,0.5857519788918206,0.27462686567164185,0.43056849953401677,0.6368991517436381,0.5805,0.324,0.4258142340168878,0.2,30.0,0.05001554481296387,0.36310084825636224
Unknown_545341,TOR,545341,2021,150,566,530,128,26,1,22,27,121,4,5,0.242,0.37048192771084343,0.45286506469500937,0.7,0.44327176781002636,0.4059701492537314,0.19151910531220875,0.4172950047125354,0.7314,0.324,0.4258142340168878,0.2,30.0,0.07674880907939205,0.5827049952874648
Unknown_623993,BAL,623993,2021,113,448,413,100,24,0,18,26,103,4,4,0.242,0.4006024096385542,0.4750462107208873,0.722,0.47493403693931396,0.4268656716417911,0.23951537744641194,0.45523091423185674,0.7009,0.324,0.4258142340168878,0.18666666666666668,27.0,0.06671515658721179,0.5447690857681433
Unknown_624513,COL,624513,2021,86,280,243,46,15,3,10,36,97,0,1,0.189,0.40662650602409633,0.41589648798521267,0.692,0.5303430079155672,0.38507462686567173,0.5684995340167753,0.7297360980207351,0.525,0.323,0.4234016887816646,0.16666666666666669,26.0,0.04213036889360389,0.27026390197926475
Unknown_641531,KC,641531,2021,151,565,507,112,29,6,19,45,158,7,6,0.221,0.3975903614457831,0.4436229205175602,0.704,0.4854881266490765,0.4268656716417911,0.3401677539608574,0.5723374175306315,0.6283,0.323,0.4234016887816646,0.19333333333333336,30.0,0.057981360682449704,0.4276625824693685
Unknown_640458,CLE,640458,2021,70,238,214,48,11,1,6,21,42,2,0,0.224,0.42771084337349397,0.3604436229205176,0.669,0.3588390501319261,0.35522388059701493,0.38024231127679403,0.3294062205466541,0.7227,0.323,0.4234016887816646,0.16666666666666669,27.0,0.0287268692198065,0.6705937794533459
Unknown_664057,WSH,664057,2021,107,229,205,48,7,0,5,15,63,6,1,0.234,0.43975903614457834,0.3086876155268023,0.645,0.25857519788918204,0.5313432835820896,0.2744641192917055,0.5617342130065975,0.6245,0.323,0.4234016887816646,0.16,27.0,0.07128706338146554,0.4382657869934026
Unknown_621433,TB,621433,2021,92,292,253,52,9,4,13,33,113,2,2,0.206,0.42771084337349397,0.467652495378928,0.727,0.5593667546174143,0.5014925373134328,0.49580615097856473,0.8254005655042413,0.4863,0.323,0.4234016887816646,0.16666666666666669,27.0,0.05628225488056482,0.17459943449575888
Unknown_663616,MIN,663616,2021,86,309,268,61,12,0,9,31,105,8,2,0.228,0.5,0.36783733826247694,0.697,0.3614775725593667,0.5940298507462688,0.43662628145386767,0.7141847313854853,0.534,0.323,0.4234016887816646,0.17333333333333334,24.0,0.0555672181051232,0.2858152686145148
Unknown_571466,CIN,571466,2021,122,408,364,88,21,0,7,32,102,9,3,0.242,0.47590361445783136,0.33826247689463956,0.673,0.2796833773087071,0.5373134328358209,0.3345759552656104,0.5025918944392083,0.6495,0.322,0.4205870526739043,0.18000000000000002,30.0,0.05171428975416653,0.49740810556079174
Unknown_518586,TEX,518586,2021,92,285,258,61,15,2,5,20,69,2,1,0.236,0.41265060240963847,0.35859519408502777,0.664,0.3245382585751979,0.5044776119402985,0.29636533084808947,0.4839773798303488,0.6667,0.322,0.4205870526739043,0.16666666666666669,32.0,0.05674561025371931,0.5160226201696514
Unknown_621466,BAL,621466,2021,98,318,270,55,10,0,12,44,89,4,0,0.204,0.5,0.3696857670979668,0.698,0.42480211081794195,0.35820895522388063,0.614165890027959,0.5730442978322337,0.5692,0.322,0.4205870526739043,0.16666666666666669,28.0,0.02913846541100694,0.4269557021677661
Unknown_641658,COL,641658,2021,148,521,474,111,21,6,12,37,124,3,3,0.234,0.4036144578313252,0.38077634011090583,0.672,0.3614775725593667,0.4656716417910447,0.30009319664492073,0.47431668237511776,0.6775,0.321,0.4177724165661439,0.18666666666666668,27.0,0.054875765177686,0.5256833176248823
Unknown_669374,MIL,669374,2021,65,216,190,37,10,1,7,16,81,7,1,0.195,0.3674698795180724,0.35859519408502777,0.649,0.43535620052770446,0.4686567164179104,0.3145386766076421,0.7971253534401508,0.5093,0.321,0.4177724165661439,0.16,25.0,0.08794691393809664,0.20287464655984944
Unknown_643289,SF,643289,2021,72,203,190,46,10,0,5,10,47,1,2,0.242,0.37048192771084343,0.3696857670979668,0.654,0.3245382585751979,0.4746268656716418,0.19897483690587137,0.45900094250706885,0.7143,0.321,0.4177724165661439,0.16,27.0,0.080882374850041,0.5409990574929311
Unknown_680777,MIN,680777,2021,88,307,281,57,10,1,15,22,111,4,0,0.203,0.33734939759036153,0.42883548983364156,0.676,0.5118733509234829,0.40895522388059713,0.30335507921714816,0.7655513666352497,0.5537,0.32,0.4153598713309208,0.16666666666666669,24.0,0.08760832707881937,0.23444863336475064
Unknown_664761,PHI,664761,2021,121,436,396,99,16,0,7,34,116,2,4,0.25,0.45783132530120485,0.312384473197782,0.653,0.22163588390501318,0.5910447761194031,0.33271202236719477,0.5405278039585296,0.6514,0.318,0.40973059911540005,0.17333333333333334,25.0,0.056025982027260876,0.45947219604147027
Unknown_680911,CLE,680911,2021,67,220,208,47,10,0,5,10,56,1,1,0.226,0.319277108433735,0.31792975970425147,0.61,0.29287598944591026,0.4477611940298507,0.18126747437092264,0.5131950989632422,0.6955,0.318,0.40973059911540005,0.15333333333333335,25.0,0.09825716952380908,0.4868049010367579
Unknown_656537,DET,656537,2021,49,157,146,37,3,3,3,10,46,1,0,0.253,0.4457831325301205,0.37523105360443637,0.682,0.30079155672823216,0.6477611940298508,0.26607642124883507,0.6039114043355325,0.6369,0.318,0.40973059911540005,0.15333333333333335,26.0,0.07902319342184481,0.39608859566446775
Unknown_595909,MIN,595909,2021,71,200,180,36,6,2,3,16,66,3,0,0.2,0.35542168674698804,0.24399260628465808,0.582,0.2559366754617414,0.4865671641791045,0.34203168685927304,0.6910933081998115,0.57,0.317,0.4073180538801769,0.15333333333333335,29.0,0.06983539954533387,0.30890669180018837
Unknown_621446,MIA,621446,2021,89,303,285,67,16,1,9,15,75,1,1,0.235,0.3524096385542169,0.40480591497227375,0.668,0.39313984168865435,0.4567164179104477,0.1999068033550792,0.4967012252591894,0.6964,0.317,0.4073180538801769,0.16,27.0,0.08677147763353658,0.5032987747408104
Unknown_664901,CWS,664901,2021,71,201,174,40,5,0,3,20,42,4,2,0.23,0.48795180722891573,0.2513863216266174,0.63,0.18733509234828497,0.4417910447761193,0.43289841565703635,0.40598491988689916,0.6667,0.317,0.4073180538801769,0.15333333333333335,28.0,0.03065020236064086,0.594015080113101
Unknown_467092,DET,467092,2021,49,180,169,35,6,0,8,10,38,0,1,0.207,0.27710843373493976,0.390018484288355,0.635,0.445910290237467,0.25074626865671645,0.22833178005591798,0.410933081998115,0.7222,0.317,0.4073180538801769,0.15333333333333335,34.0,0.06348219450710778,0.5890669180018848
Unknown_594809,CWS,594809,2021,85,308,273,59,13,2,6,22,76,8,1,0.216,0.40662650602409633,0.31423290203327175,0.637,0.31398416886543534,0.4238805970149254,0.3019571295433365,0.4950518378887842,0.6429,0.317,0.4073180538801769,0.16,33.0,0.05689783529148072,0.5049481621112157
Unknown_628338,ATL,628338,2021,110,356,311,68,26,0,5,33,82,11,1,0.219,0.47289156626506024,0.3253234750462108,0.665,0.3245382585751979,0.4358208955223881,0.4012115563839702,0.4561734213006598,0.6461,0.316,0.40450341777241655,0.16,30.0,0.03807992688403591,0.5438265786993404
Unknown_594777,AZ,594777,2021,51,182,166,39,8,0,5,15,41,0,1,0.235,0.4186746987951807,0.36783733826247694,0.67,0.34300791556728233,0.4388059701492538,0.353215284249767,0.4443920829406221,0.6923,0.316,0.40450341777241655,0.15333333333333335,34.0,0.04291619637046519,0.5556079170593777
Unknown_572191,KC,572191,2021,147,551,502,123,16,2,12,36,151,5,6,0.245,0.42469879518072284,0.33826247689463956,0.655,0.2717678100263852,0.5611940298507463,0.27353215284249766,0.5591423185673893,0.6479,0.316,0.40450341777241655,0.17333333333333334,30.0,0.07120999700119106,0.44085768143261084
Unknown_518792,CHC,518792,2021,106,368,337,74,17,3,8,28,69,3,0,0.22,0.3825301204819277,0.3419593345656193,0.644,0.34300791556728233,0.35820895522388063,0.3238583410997204,0.35532516493873706,0.7283,0.316,0.40450341777241655,0.16,32.0,0.03768323928515101,0.644674835061263
Unknown_642086,NYM,642086,2021,152,514,466,114,21,1,13,33,117,9,6,0.245,0.43975903614457834,0.3770794824399261,0.681,0.32717678100263853,0.4805970149253731,0.2684063373718546,0.4498114985862394,0.6907,0.315,0.40168878166465616,0.16666666666666669,26.0,0.05861251557856313,0.5501885014137606
Unknown_592348,DET,592348,2021,98,347,311,66,12,2,10,30,115,4,2,0.212,0.39156626506024095,0.34380776340110913,0.648,0.366754617414248,0.4895522388059701,0.37232059645852744,0.6943920829406219,0.5706,0.315,0.40168878166465616,0.16,29.0,0.06414901692711486,0.3056079170593782
Unknown_667670,MIN,667670,2021,66,231,207,39,10,0,9,15,82,9,0,0.188,0.3463855421686748,0.356746765249538,0.64,0.4485488126649076,0.37313432835820903,0.271668219944082,0.7499999999999999,0.5411,0.315,0.40168878166465616,0.15333333333333335,27.0,0.09586767629856292,0.2500000000000002
Unknown_669016,LAA,669016,2021,68,263,237,61,12,3,2,21,91,3,1,0.257,0.5,0.3419593345656193,0.683,0.24274406332453824,0.8149253731343283,0.3410997204100652,0.7287935909519321,0.5589,0.315,0.40168878166465616,0.15333333333333335,24.0,0.07391630915985603,0.2712064090480679
Unknown_645302,WSH,645302,2021,112,394,337,70,24,1,2,34,92,17,2,0.208,0.45783132530120485,0.23844731977818862,0.613,0.22691292875989444,0.4298507462686568,0.37138863000931965,0.4637134778510839,0.6269,0.315,0.40168878166465616,0.16,24.0,0.042363684732174056,0.5362865221489161
Unknown_657557,STL,657557,2021,120,423,374,74,10,1,19,38,109,9,2,0.198,0.3855421686746987,0.38447319778188555,0.668,0.4617414248021108,0.26268656716417915,0.38769804287045667,0.5207351555136663,0.6312,0.314,0.39927623642943305,0.16,28.0,0.04553862063992309,0.47926484448633366
Unknown_642165,AZ,642165,2021,120,332,294,62,18,2,6,34,91,1,3,0.211,0.4036144578313252,0.3197781885397412,0.639,0.33509234828496043,0.4358208955223881,0.4464119291705499,0.55937794533459,0.6205,0.314,0.39927623642943305,0.15333333333333335,26.0,0.04180392208461441,0.44062205466541005
Unknown_608577,DET,608577,2021,58,205,188,39,6,2,4,16,51,0,1,0.207,0.3313253012048193,0.27726432532347517,0.593,0.2849604221635884,0.3791044776119403,0.33271202236719477,0.49976437323279926,0.6732,0.314,0.39927623642943305,0.14666666666666667,26.0,0.0517330274349399,0.5002356267672008
Unknown_425877,STL,425877,2021,129,499,466,116,20,0,11,24,83,5,4,0.249,0.4006024096385542,0.3493530499075786,0.653,0.2770448548812665,0.4328358208955225,0.1933830382106244,0.3053722902921772,0.7735,0.313,0.39646160032167266,0.16,39.0,0.05691327759445987,0.6946277097078228
Unknown_608686,LAA,608686,2021,86,295,271,60,16,0,10,17,70,3,1,0.221,0.3493975903614459,0.40110905730129404,0.665,0.42480211081794195,0.3761194029850746,0.23765144454799625,0.47266729500471255,0.6847,0.313,0.39646160032167266,0.15333333333333335,31.0,0.06973458955671362,0.5273327049952874
Unknown_608596,SEA,608596,2021,101,341,294,58,8,0,11,41,108,3,3,0.197,0.42469879518072284,0.301293900184843,0.636,0.34300791556728233,0.3880597014925373,0.5293569431500466,0.6597549481621111,0.5455,0.313,0.39646160032167266,0.15333333333333335,30.0,0.04099133025558524,0.340245051837889
Unknown_519390,AZ,519390,2021,84,255,223,44,6,1,8,27,60,2,2,0.197,0.3885542168674698,0.3086876155268023,0.628,0.3535620052770448,0.28358208955223885,0.4627213420316868,0.4679547596606975,0.6471,0.313,0.39646160032167266,0.15333333333333335,37.0,0.033000057981042434,0.5320452403393023
Unknown_640449,NYY,640449,2021,73,242,205,37,10,0,5,34,73,3,0,0.18,0.4457831325301205,0.23659889094269876,0.608,0.29815303430079154,0.3522388059701492,0.6239515377446413,0.6244109330819981,0.5455,0.313,0.39646160032167266,0.15333333333333335,27.0,0.03155659122579566,0.37558906691800176
Unknown_518595,ATL,518595,2021,70,260,235,52,14,0,7,22,60,2,1,0.221,0.4036144578313252,0.3622920517560075,0.663,0.36939313984168864,0.39402985074626873,0.36346691519105306,0.45735155513666353,0.6769,0.312,0.3936469642139123,0.14666666666666667,32.0,0.04279830359027333,0.5426484448633364
Unknown_665926,CLE,665926,2021,70,232,209,44,10,0,5,11,59,8,3,0.211,0.3463855421686748,0.2883548983364142,0.603,0.29287598944591026,0.3880597014925373,0.190121155638397,0.5127238454288408,0.6595,0.312,0.3936469642139123,0.14666666666666667,23.0,0.09383583329178632,0.48727615457115947
Unknown_641829,TEX,641829,2021,61,174,159,33,4,0,6,12,49,0,1,0.208,0.3132530120481928,0.31792975970425147,0.608,0.3403693931398417,0.36716417910447763,0.2907735321528425,0.5770499528746466,0.6379,0.312,0.3936469642139123,0.14666666666666667,26.0,0.06898684242373034,0.42295004712535333
Unknown_596059,NYY,596059,2021,105,378,338,67,12,0,16,28,105,11,0,0.198,0.37048192771084343,0.3733826247689465,0.657,0.445910290237467,0.30149253731343284,0.3145386766076421,0.5680961357210179,0.6164,0.31,0.3884197828709288,0.14666666666666667,27.0,0.06255748975959956,0.4319038642789821
Unknown_591720,PHI,591720,2021,118,364,338,83,10,1,7,19,45,1,1,0.246,0.3885542168674698,0.312384473197782,0.63,0.23482849604221634,0.391044776119403,0.2124883504193849,0.20475966069745527,0.8077,0.31,0.3884197828709288,0.14666666666666667,29.0,0.035824195108762565,0.7952403393025447
Unknown_623520,CHC,623520,2021,104,345,309,64,10,2,10,27,78,5,3,0.207,0.3644578313253013,0.3253234750462108,0.629,0.3509234828496042,0.31940298507462683,0.3341099720410065,0.4462770970782281,0.6783,0.31,0.3884197828709288,0.14666666666666667,28.0,0.04588510922209737,0.5537229029217721
Unknown_673490,SD,673490,2021,122,322,286,58,12,2,8,27,77,4,3,0.203,0.3614457831325302,0.312384473197782,0.621,0.345646437994723,0.33134328358208953,0.36020503261882575,0.47690857681432614,0.6584,0.309,0.3856051467631684,0.14666666666666667,26.0,0.04515365386903094,0.523091423185674
Unknown_501571,LAA,501571,2021,104,342,322,77,20,2,8,13,79,2,1,0.239,0.34337349397590367,0.39556377079482447,0.66,0.36939313984168864,0.4716417910447761,0.14631873252562907,0.4578228086710651,0.7135,0.309,0.3856051467631684,0.14666666666666667,32.0,0.10765506264455349,0.542177191328935
Unknown_641432,TEX,641432,2021,74,284,260,65,10,3,6,21,34,2,1,0.25,0.45783132530120485,0.3826247689463957,0.691,0.32189973614775724,0.39701492537313443,0.3136067101584343,0.19557021677662584,0.7993,0.309,0.3856051467631684,0.14666666666666667,27.0,0.0213451129487032,0.8044297832233742
Unknown_643565,SF,643565,2021,71,203,173,32,5,0,5,28,60,1,0,0.185,0.4337349397590361,0.2347504621072089,0.603,0.28232189973614774,0.34626865671641793,0.6118359739049394,0.6100377002827521,0.5567,0.309,0.3856051467631684,0.14666666666666667,31.0,0.03148403407034959,0.38996229971724805
Unknown_543877,BOS,543877,2021,141,528,485,124,23,1,7,35,89,2,4,0.256,0.4457831325301205,0.32717190388170064,0.657,0.22691292875989444,0.4895522388059701,0.2781919850885368,0.31079170593779454,0.7576,0.308,0.3831926015279453,0.14666666666666667,31.0,0.03921470761727763,0.6892082940622055
Unknown_605170,SD,605170,2021,113,369,325,73,10,0,7,36,84,4,4,0.225,0.4457831325301205,0.26987060998151585,0.626,0.22691292875989444,0.4268656716417911,0.424044734389562,0.4498114985862394,0.664,0.308,0.3831926015279453,0.14666666666666667,28.0,0.03513032149573813,0.5501885014137606
Unknown_664789,PIT,664789,2021,55,157,127,19,3,2,2,21,42,6,3,0.15,0.40662650602409633,0.14417744916820707,0.545,0.24538258575197885,0.19104477611940307,0.5927306616961789,0.5438265786993403,0.5605,0.308,0.3831926015279453,0.14,27.0,0.028690458180934485,0.45617342130065963
Unknown_543510,NYM,543510,2021,126,427,390,91,12,1,10,32,117,2,3,0.233,0.40662650602409633,0.31792975970425147,0.639,0.27440633245382584,0.5104477611940299,0.3182665424044734,0.5591423185673893,0.6464,0.307,0.3803779654201849,0.14666666666666667,31.0,0.06080045573211568,0.44085768143261084
Unknown_624512,TOR,624512,2021,74,225,204,50,15,0,1,17,46,2,1,0.245,0.4518072289156626,0.29390018484288366,0.641,0.20844327176781,0.5253731343283582,0.3215284249767008,0.39514608859566447,0.7067,0.306,0.3775633293124246,0.14,26.0,0.04232547376185115,0.6048539114043354
Unknown_519058,CIN,519058,2021,68,223,198,40,12,0,6,19,47,3,3,0.202,0.3614457831325302,0.3327171903881701,0.632,0.37730870712401055,0.28656716417910455,0.3662628145386766,0.4102262016965127,0.6906,0.306,0.3775633293124246,0.14,33.0,0.037882892729697214,0.5897737983034872
Unknown_608701,MIN,608701,2021,51,164,146,35,7,0,2,17,43,0,1,0.24,0.4789156626506025,0.28650646950092434,0.646,0.21108179419525064,0.5671641791044777,0.45246971109040074,0.5313383600377002,0.6341,0.306,0.3775633293124246,0.14,30.0,0.038933298115626604,0.4686616399622998
Unknown_595751,MIA,595751,2021,97,326,309,75,15,1,4,12,107,5,0,0.243,0.37349397590361444,0.301293900184843,0.619,0.22427440633245382,0.6716417910447762,0.1407269338303821,0.6868520263901979,0.6196,0.306,0.3775633293124246,0.14,28.0,0.16261565341983572,0.31314797360980196
Unknown_605131,LAD,605131,2021,83,238,210,43,8,0,6,23,60,4,0,0.205,0.41265060240963847,0.28650646950092434,0.624,0.3034300791556728,0.36716417910447763,0.41938490214352286,0.5075400565504241,0.6303,0.305,0.3751507840772014,0.14,32.0,0.040506580495813925,0.492459943449576
Unknown_664058,LAA,664058,2021,165,687,647,170,28,3,2,31,66,1,1,0.263,0.4186746987951807,0.279112754158965,0.622,0.13984168865435356,0.4656716417910447,0.17940354147250698,0.13996229971724788,0.8472,0.305,0.3751507840772014,0.14,27.0,0.031237020753880414,0.8600377002827522
Unknown_544369,PHI,544369,2021,110,430,388,82,16,2,15,25,69,10,7,0.211,0.34337349397590367,0.378927911275416,0.651,0.4195250659630607,0.24179104477611946,0.23998136067101583,0.29170593779453347,0.7581,0.304,0.3723361479694411,0.13333333333333336,31.0,0.043463090095472105,0.7082940622054665
Unknown_435559,LAA,435559,2021,74,258,228,51,8,0,6,13,45,12,3,0.224,0.4186746987951807,0.30314232902033283,0.635,0.2770448548812665,0.34626865671641793,0.20410065237651445,0.3244580584354383,0.7209,0.304,0.3723361479694411,0.14,38.0,0.056970124807129985,0.6755419415645616
Unknown_462101,ATH,462101,2021,149,561,515,126,26,3,3,33,86,6,4,0.245,0.4156626506024096,0.27726432532347517,0.62,0.18733509234828497,0.453731343283582,0.2432432432432432,0.2747408105560792,0.7718,0.304,0.3723361479694411,0.13333333333333336,33.0,0.04045648857600262,0.7252591894439209
Unknown_641343,SEA,641343,2021,119,337,300,64,8,0,5,33,86,4,0,0.213,0.42771084337349397,0.2144177449168207,0.59,0.17941952506596304,0.4417910447761193,0.4254426840633737,0.5148444863336474,0.632,0.303,0.3695215118616807,0.13333333333333336,26.0,0.040448721514279064,0.48515551366635257
Unknown_609280,NYY,609280,2021,44,162,154,39,2,0,6,7,28,0,1,0.253,0.37951807228915657,0.3863216266173753,0.667,0.31926121372031663,0.4149253731343284,0.17054986020503263,0.32068803016022623,0.784,0.303,0.3695215118616807,0.14,26.0,0.06741595981844777,0.6793119698397736
Unknown_641796,AZ,641796,2021,62,180,160,30,8,0,2,7,38,12,1,0.188,0.34337349397590367,0.18669131238447328,0.547,0.20844327176781,0.28955223880597025,0.1505125815470643,0.410933081998115,0.6833,0.302,0.3671089666264576,0.13333333333333336,29.0,0.09503115875771333,0.5890669180018848
Unknown_656847,TEX,656847,2021,75,254,236,47,10,1,13,13,89,2,3,0.199,0.25903614457831325,0.44547134935304994,0.659,0.546174142480211,0.34029850746268664,0.20782851817334577,0.7391611687087652,0.5906,0.3,0.36147969441093686,0.13333333333333336,26.0,0.12245821360510659,0.26083883129123464
Unknown_666198,WSH,666198,2021,67,265,231,46,7,0,6,27,69,5,2,0.199,0.40963855421686746,0.24584103512014793,0.602,0.26121372031662266,0.35522388059701493,0.4440820130475303,0.5270970782280867,0.6189,0.3,0.36147969441093686,0.13333333333333336,24.0,0.039455879127760086,0.4729029217719134
Unknown_660829,PIT,660829,2021,48,153,131,25,5,2,3,19,40,1,1,0.191,0.4156626506024096,0.2846580406654345,0.624,0.33773087071240104,0.33731343283582094,0.5479962721342032,0.5294533459000943,0.5948,0.3,0.36147969441093686,0.13333333333333336,25.0,0.030730864056194074,0.4705466540999057
Unknown_641856,NYM,641856,2021,122,316,280,56,12,3,9,32,83,1,2,0.2,0.37650602409638545,0.345656192236599,0.643,0.40105540897097625,0.33731343283582094,0.4412861136999068,0.532516493873704,0.6297,0.299,0.3590671491757137,0.12666666666666668,27.0,0.0401883064260474,0.4674835061262961
Unknown_663630,BAL,663630,2021,70,207,178,34,6,1,2,25,76,2,0,0.191,0.42168674698795183,0.1774491682070241,0.567,0.18469656992084432,0.555223880597015,0.5321528424976701,0.7785108388312911,0.4928,0.299,0.3590671491757137,0.13333333333333336,24.0,0.0488135126468268,0.22148916116870887
Unknown_614173,BOS,614173,2021,53,154,144,29,6,1,2,9,58,0,0,0.201,0.27108433734939763,0.2310536044362293,0.547,0.23218997361477572,0.5582089552238807,0.24137931034482757,0.8008953817153628,0.5584,0.299,0.3590671491757137,0.13333333333333336,27.0,0.1148104640574495,0.1991046182846372
Unknown_624503,MIN,624503,2021,66,216,200,48,9,1,4,12,55,3,1,0.24,0.4036144578313252,0.33456561922365996,0.647,0.2796833773087071,0.5253731343283582,0.22833178005591798,0.5134307257304429,0.6759,0.298,0.35625251306795336,0.13333333333333336,26.0,0.0786254503516467,0.4865692742695571
Unknown_605113,AZ,605113,2021,131,485,444,97,30,3,6,36,105,2,1,0.218,0.3674698795180724,0.30683918669131255,0.62,0.29815303430079154,0.4119402985074627,0.315004659832246,0.42365692742695577,0.701,0.298,0.35625251306795336,0.12000000000000001,31.0,0.04646922018837186,0.5763430725730443
Unknown_502210,AZ,502210,2021,54,158,151,39,11,0,2,6,31,0,1,0.258,0.3825301204819277,0.36414048059149734,0.656,0.27440633245382584,0.5283582089552239,0.14631873252562907,0.3758246936852027,0.7658,0.298,0.35625251306795336,0.13333333333333336,34.0,0.08992948317178794,0.6241753063147972
Unknown_621311,TEX,621311,2021,68,236,220,50,12,0,5,11,66,1,3,0.227,0.319277108433735,0.3253234750462108,0.614,0.30079155672823216,0.4835820895522388,0.1863932898415657,0.5725730442978322,0.6653,0.297,0.35343787696019296,0.12666666666666668,27.0,0.10616853089458053,0.4274269557021677
Unknown_650489,DET,650489,2021,128,468,430,96,15,7,9,23,110,9,3,0.223,0.3524096385542169,0.33086876155268025,0.629,0.31926121372031663,0.4268656716417911,0.19804287045666355,0.46724787935909523,0.6902,0.296,0.35102533172496986,0.11333333333333334,24.0,0.08263231394599213,0.5327521206409049
Unknown_543309,NYY,543309,2021,70,227,208,37,10,0,10,18,64,0,1,0.178,0.253012048192771,0.3622920517560075,0.612,0.4828496042216359,0.19701492537313436,0.3387698042870456,0.5777568331762487,0.6388,0.294,0.3453960595094491,0.12666666666666668,31.0,0.058799947474530545,0.4222431668237512
Unknown_503556,BOS,503556,2021,98,333,301,62,15,0,6,21,83,9,1,0.206,0.35843373493975916,0.2624768946395564,0.593,0.26649076517150394,0.38507462686567173,0.26328052190121154,0.5007068803016023,0.6577,0.294,0.3453960595094491,0.12000000000000001,32.0,0.06643438046807876,0.49929311969839785
Unknown_642727,CHC,642727,2021,84,255,220,45,6,3,5,30,74,2,2,0.205,0.4367469879518072,0.28280961182994463,0.63,0.30079155672823216,0.4358208955223881,0.5172413793103448,0.5973138548539114,0.5804,0.294,0.3453960595094491,0.12000000000000001,25.0,0.03775724969702765,0.4026861451460886
Unknown_624431,TEX,624431,2021,90,321,303,72,16,0,5,13,65,0,3,0.238,0.32530120481927716,0.30683918669131255,0.606,0.24538258575197885,0.4477611940298507,0.15796831314072693,0.3906691800188502,0.7508,0.294,0.3453960595094491,0.12000000000000001,29.0,0.08677147763353658,0.6093308199811498
Unknown_570256,PIT,570256,2021,114,404,356,72,13,2,11,38,110,2,8,0.202,0.35843373493975916,0.312384473197782,0.62,0.345646437994723,0.34925373134328364,0.407735321528425,0.5551366635249764,0.6287,0.294,0.3453960595094491,0.11333333333333334,30.0,0.04600353256498606,0.44486333647502363
Unknown_596748,BAL,596748,2021,109,424,396,82,23,0,12,22,73,3,3,0.207,0.2831325301204819,0.3364140480591498,0.608,0.36939313984168864,0.26567164179104485,0.21109040074557317,0.31927426955702165,0.7689,0.293,0.34258142340168873,0.10666666666666669,29.0,0.054213930326075035,0.6807257304429783
Unknown_621028,PIT,621028,2021,155,575,536,128,27,3,5,28,41,1,4,0.239,0.35542168674698804,0.2846580406654345,0.604,0.21372031662269128,0.34328358208955223,0.1961789375582479,0.08152686145146089,0.8678,0.292,0.34016887816646557,0.09333333333333335,28.0,0.018331638459854964,0.9184731385485387
Unknown_571788,TEX,571788,2021,80,274,246,52,14,1,2,26,53,1,1,0.211,0.39156626506024095,0.2347504621072089,0.589,0.21108179419525064,0.3761194029850746,0.4114631873252563,0.3692271442035815,0.708,0.292,0.34016887816646557,0.12000000000000001,33.0,0.02943916933194051,0.6307728557964185
Unknown_656577,MIA,656577,2021,57,167,146,23,6,0,5,14,77,7,0,0.158,0.3162650602409639,0.2347504621072089,0.565,0.35620052770448546,0.4388059701492538,0.3597390493942218,1.0,0.4132,0.291,0.33735424205870523,0.12666666666666668,26.0,0.09649543109433896,0.0
Unknown_670764,TB,670764,2021,49,176,152,32,10,0,1,23,49,0,0,0.211,0.4698795180722892,0.22550831792975973,0.61,0.20316622691292874,0.5074626865671642,0.5782851817334577,0.5695098963242223,0.5852,0.291,0.33735424205870523,0.12666666666666668,25.0,0.031222474324892224,0.43049010367577756
Unknown_570481,PIT,570481,2021,78,248,237,56,8,1,3,10,41,0,1,0.236,0.32530120481927716,0.2624768946395564,0.583,0.18733509234828497,0.4149253731343284,0.1570363466915191,0.3030160226201697,0.7944,0.291,0.33735424205870523,0.12000000000000001,30.0,0.06938513160608707,0.6969839773798303
Unknown_606299,NYM,606299,2021,67,162,150,29,7,0,6,9,27,3,0,0.193,0.286144578313253,0.34380776340110913,0.613,0.41688654353562005,0.18805970149253737,0.22833178005591798,0.3063147973609802,0.7593,0.289,0.33212706071572173,0.12666666666666668,27.0,0.0480256299209577,0.6936852026390199
Unknown_672284,SEA,672284,2021,96,388,345,63,14,1,15,38,106,4,1,0.183,0.34036144578313254,0.3419593345656193,0.63,0.44327176781002636,0.23582089552238805,0.4254426840633737,0.5572573044297832,0.6186,0.288,0.3293124246079614,0.1,22.0,0.04400744797670602,0.4427426955702167
Unknown_664238,SEA,664238,2021,125,400,352,63,13,2,12,43,119,4,1,0.179,0.3524096385542169,0.2883548983364142,0.605,0.3746701846965699,0.28656716417910455,0.47017707362534944,0.6145146088595664,0.585,0.288,0.3293124246079614,0.1,29.0,0.04355915879054759,0.3854853911404337
Unknown_642721,BAL,642721,2021,81,295,272,63,8,3,3,19,76,4,0,0.232,0.4036144578313252,0.2624768946395564,0.608,0.20052770448548812,0.5283582089552239,0.26933830382106244,0.5204995287464655,0.6644,0.288,0.3293124246079614,0.11333333333333334,27.0,0.06741595981844777,0.47950047125353423
Unknown_572761,STL,572761,2021,133,263,220,36,11,1,3,36,80,6,1,0.164,0.4186746987951807,0.16635859519408513,0.56,0.24010554089709762,0.31343283582089554,0.6071761416589002,0.630301602262017,0.5361,0.287,0.326497788500201,0.11333333333333334,36.0,0.033003008494907816,0.3696983977379831
Unknown_621512,NYM,621512,2021,56,171,162,35,5,1,3,6,49,3,0,0.216,0.2981927710843374,0.2606284658040667,0.572,0.237467018469657,0.4686567164179104,0.13280521901211556,0.5885956644674835,0.6608,0.287,0.326497788500201,0.12000000000000001,27.0,0.1479812348265525,0.41140433553251654
Unknown_641680,TEX,641680,2021,82,299,277,55,15,0,10,16,59,2,3,0.199,0.2620481927710844,0.345656192236599,0.606,0.40369393139841686,0.23582089552238805,0.21854613233923578,0.378416588124411,0.7391,0.284,0.3184559710494571,0.10666666666666669,26.0,0.061374143977102294,0.621583411875589
Unknown_502481,KC,502481,2021,71,158,144,30,8,3,0,10,35,0,1,0.208,0.3012048192771085,0.24399260628465808,0.564,0.23218997361477572,0.4149253731343284,0.26421248835041933,0.43543826578699346,0.6962,0.283,0.316043425814234,0.12000000000000001,37.0,0.05772291219225005,0.5645617342130065
Unknown_547379,CLE,547379,2021,50,174,151,22,4,0,7,20,60,1,0,0.146,0.27710843373493976,0.25323475046210725,0.561,0.41424802110817943,0.13432835820895517,0.5046598322460392,0.725966069745523,0.523,0.282,0.3132287897064736,0.12000000000000001,33.0,0.048077287536705406,0.274033930254477
Unknown_642201,TEX,642201,2021,66,239,214,38,6,2,6,19,73,5,1,0.178,0.3042168674698795,0.2476894639556378,0.568,0.32189973614775724,0.30149253731343284,0.3397017707362535,0.633129123468426,0.5941,0.282,0.3132287897064736,0.10666666666666669,27.0,0.06434829284398086,0.366870876531574
Unknown_660634,TEX,660634,2021,47,176,152,31,5,0,0,18,38,4,1,0.204,0.4367469879518072,0.11645101663585955,0.54,0.0633245382585752,0.4059701492537314,0.44594594594594594,0.42224316682375124,0.6534,0.28,0.3080016083634901,0.11333333333333334,23.0,0.030842923712321967,0.5777568331762488
Unknown_547004,BAL,547004,2021,65,162,146,25,5,0,4,12,46,1,2,0.171,0.2349397590361445,0.2107208872458411,0.524,0.28232189973614774,0.23880597014925375,0.3145386766076421,0.5827049952874646,0.6296,0.278,0.30237233614796943,0.11333333333333334,27.0,0.06417697977921562,0.4172950047125352
Unknown_656371,MIA,656371,2021,96,293,253,46,9,0,4,35,79,1,3,0.182,0.37048192771084343,0.16820702402957494,0.546,0.19525065963060687,0.32537313432835824,0.5260950605778192,0.5487747408105561,0.6041,0.278,0.30237233614796943,0.09333333333333335,25.0,0.03366123251581588,0.4512252591894439
Unknown_650859,LAA,650859,2021,59,201,182,35,1,0,6,11,40,3,2,0.192,0.2680722891566265,0.22735674676524958,0.544,0.25065963060686014,0.22686567164179106,0.22413793103448276,0.38242224316682377,0.7164,0.276,0.29714515480498593,0.10666666666666669,24.0,0.06040975775741013,0.6175777568331762
Unknown_605412,MIA,605412,2021,100,269,247,52,10,0,3,18,34,2,1,0.211,0.3343373493975904,0.20887245841035124,0.556,0.17941952506596304,0.29253731343283584,0.2809878844361603,0.21135721017907638,0.7955,0.275,0.29433051869722554,0.09333333333333335,31.0,0.026563955102595127,0.7886427898209234
Unknown_455117,HOU,455117,2021,129,457,397,67,10,1,12,51,135,7,1,0.169,0.3493975903614459,0.2144177449168207,0.564,0.2955145118733509,0.25373134328358216,0.48928238583411,0.6095664467483506,0.5755,0.274,0.29191797346200243,0.06000000000000001,35.0,0.04122704234462686,0.3904335532516494
Unknown_592743,MIN,592743,2021,137,470,430,95,12,0,4,33,64,3,1,0.221,0.37048192771084343,0.190388170055453,0.557,0.12401055408970976,0.34925373134328364,0.29636533084808947,0.2344486333647502,0.7809,0.272,0.28628870124648165,0.053333333333333344,32.0,0.027546901754888733,0.7655513666352498
Unknown_641355,LAD,641355,2021,106,393,353,60,11,2,12,36,112,1,3,0.17,0.2680722891566265,0.2587800369685768,0.561,0.35620052770448546,0.21791044776119406,0.3960857409133271,0.5850612629594721,0.6209,0.27,0.28106151990349815,0.06000000000000001,26.0,0.050215750755694157,0.41493873704052797
Unknown_642162,BAL,642162,2021,94,300,275,56,10,0,6,19,81,2,3,0.204,0.3012048192771085,0.24214417744916822,0.563,0.24538258575197885,0.38208955223880603,0.26421248835041933,0.5497172478793592,0.6567,0.269,0.2782468837957378,0.08000000000000002,29.0,0.07255296928595951,0.45028275212064095
Unknown_673451,CIN,673451,2021,79,183,163,33,8,0,0,14,40,4,1,0.202,0.3674698795180724,0.14417744916820707,0.532,0.10554089709762532,0.39402985074626873,0.3257222739981361,0.4286050895381715,0.6721,0.269,0.2782468837957378,0.1,33.0,0.04530259698133975,0.5713949104618283
Unknown_642423,MIA,642423,2021,108,240,222,48,6,1,0,17,55,0,0,0.216,0.34337349397590367,0.14417744916820707,0.524,0.07124010554089709,0.4567164179104477,0.29916123019571295,0.4535815268614514,0.6958,0.268,0.27583433856051465,0.08666666666666667,25.0,0.05265327673914273,0.5464184731385486
Unknown_670097,DET,670097,2021,65,200,168,24,6,0,6,25,63,1,6,0.143,0.27710843373493976,0.20702402957486138,0.536,0.3535620052770448,0.11044776119402988,0.5517241379310345,0.6557492931196984,0.555,0.267,0.2730197024527543,0.09333333333333335,26.0,0.038769793452116307,0.3442507068803018
Unknown_663728,SEA,663728,2021,48,155,146,27,14,0,2,7,55,1,1,0.185,0.20481927710843373,0.27356746765249546,0.548,0.33773087071240104,0.4298507462686568,0.17986952469711087,0.7495287464655985,0.5935,0.262,0.2597507036590269,0.1,25.0,0.14192613901812598,0.2504712535344016
Unknown_605421,PIT,605421,2021,73,241,219,33,9,1,7,20,70,2,0,0.151,0.21084337349397597,0.22735674676524958,0.525,0.3614775725593667,0.14626865671641787,0.3560111835973905,0.5980207351555136,0.6183,0.257,0.24607961399276232,0.07333333333333335,29.0,0.05773820091090334,0.40197926484448643
Unknown_668800,STL,668800,2021,64,192,168,29,7,0,1,20,39,4,0,0.173,0.35542168674698804,0.10720887245841043,0.508,0.13456464379947228,0.25373134328358216,0.4547996272134203,0.3920829406220547,0.6719,0.255,0.24085243264977882,0.08666666666666667,26.0,0.027720430479825107,0.6079170593779453
Unknown_598265,MIL,598265,2021,134,445,401,67,15,3,6,31,135,10,3,0.167,0.25602409638554213,0.16635859519408513,0.507,0.23218997361477572,0.29253731343283584,0.2940354147250699,0.6284165881244109,0.6045,0.251,0.2299959790912746,0.0,31.0,0.07424731904730265,0.3715834118755892
Unknown_665750,TEX,665750,2021,55,204,190,32,7,2,3,12,66,1,0,0.168,0.19277108433734935,0.18484288354898343,0.495,0.25329815303430075,0.31641791044776124,0.2432432432432432,0.6757775683317625,0.6078,0.251,0.2299959790912746,0.08000000000000002,23.0,0.09648215408838558,0.3242224316682376
Unknown_506702,MIA,506702,2021,85,226,207,39,6,0,4,13,67,3,2,0.188,0.25903614457831325,0.18669131238447328,0.52,0.20580474934036938,0.35820895522388063,0.23718546132339235,0.6121583411875589,0.6283,0.246,0.21672698029754722,0.06666666666666668,32.0,0.08980103694372439,0.38784165881244115
Unknown_595978,CLE,595978,2021,93,325,298,51,7,0,10,15,94,2,3,0.171,0.1686746987951807,0.22365988909426987,0.509,0.3034300791556728,0.22089552238805965,0.18452935694315004,0.5949575871819038,0.6369,0.246,0.21672698029754722,0.03333333333333334,29.0,0.11115440267332381,0.4050424128180963
Unknown_595284,PHI,595284,2021,62,176,162,24,3,0,2,10,67,2,1,0.148,0.14457831325301196,0.055452865064695045,0.409,0.12401055408970976,0.29850746268656725,0.23392357875116498,0.8105560791705937,0.5455,0.217,0.1387213510253317,0.053333333333333344,30.0,0.11972356518140786,0.1894439208294063
Unknown_572761,NYY,572761,2022,57,176,147,43,10,0,15,20,40,5,3,0.293,0.6957831325301206,0.9112754158964882,1.055,0.9630606860158311,0.4805970149253731,0.4986020503261883,0.44910461828463716,0.625,0.507,0.9195818254925612,0.34,37.0,0.028721962496205934,0.5508953817153628
Unknown_592450,NYY,592450,2022,171,745,618,191,31,0,67,115,190,7,5,0.309,0.789156626506024,0.9426987060998153,1.105,0.9656992084432717,0.6119402985074628,0.6887232059645854,0.514373232799246,0.5758,0.495,0.8874145556895858,0.9400000000000001,30.0,0.021960579250110933,0.48562676720075393
Unknown_658668,KC,658668,2022,62,212,195,63,13,1,7,12,39,3,2,0.323,0.6325301204819277,0.6173752310536045,0.876,0.46437994722955145,0.7074626865671642,0.23299161230195709,0.3470782280867107,0.7453,0.474,0.8311218335343786,0.34,26.0,0.05291641997110208,0.6529217719132894
Unknown_663886,CIN,663886,2022,57,218,194,64,12,0,6,17,50,5,2,0.33,0.710843373493976,0.5748613678373384,0.879,0.38522427440633245,0.8358208955223881,0.33271202236719477,0.454052780395853,0.6697,0.468,0.815038198632891,0.34,26.0,0.04691896274759729,0.5459472196041468
Unknown_502671,STL,502671,2022,162,683,590,189,42,0,39,82,147,6,5,0.32,0.746987951807229,0.7689463955637708,0.995,0.6860158311345647,0.6955223880597016,0.5288909599254427,0.4205937794533459,0.653,0.455,0.780056292722155,0.72,35.0,0.02467588217846812,0.5794062205466539
Unknown_547180,PHI,547180,2022,117,486,426,130,33,1,29,49,105,3,7,0.305,0.6536144578313253,0.7726432532347505,0.967,0.7308707124010553,0.6089552238805972,0.43895619757688725,0.4224787935909519,0.6749,0.453,0.7748291113791717,0.5466666666666666,30.0,0.03146999816185424,0.5775212064090482
Unknown_670541,HOU,670541,2022,145,601,505,152,30,2,41,82,114,7,7,0.301,0.7319277108433736,0.8096118299445472,1.013,0.7968337730870712,0.5283582089552239,0.6048462255358806,0.36050895381715364,0.6622,0.448,0.761158021712907,0.6266666666666667,25.0,0.016912816193886827,0.6394910461828465
Unknown_545361,LAA,545361,2022,126,521,454,126,28,2,40,59,144,6,2,0.278,0.6295180722891566,0.8096118299445472,0.979,0.8601583113456465,0.5432835820895523,0.4967381174277725,0.5647973609802073,0.5988,0.442,0.7450743868114194,0.5466666666666666,31.0,0.03725418117373338,0.4352026390197927
Unknown_592178,COL,592178,2022,51,207,184,56,16,0,5,19,33,2,2,0.304,0.644578313253012,0.5526802218114604,0.845,0.4195250659630607,0.6298507462686568,0.397017707362535,0.28911404335532515,0.7391,0.435,0.7265782066747084,0.29333333333333333,30.0,0.023602489208693324,0.7108859566446748
Unknown_608701,BOS,608701,2022,67,203,176,52,13,0,7,18,55,6,3,0.295,0.6506024096385542,0.5822550831792976,0.863,0.4854881266490765,0.7492537313432835,0.3825722273998136,0.5518378887841658,0.6108,0.434,0.7237635705669481,0.2866666666666667,31.0,0.049107865740815826,0.44816211121583427
Unknown_518692,LAD,518692,2022,172,750,646,211,50,3,23,91,107,6,7,0.327,0.7620481927710844,0.6395563770794825,0.931,0.4854881266490765,0.6716417910447762,0.5344827586206897,0.24976437323279926,0.728,0.431,0.7157217531162041,0.6733333333333333,33.0,0.012764147356222522,0.7502356267672006
Unknown_686469,KC,686469,2022,84,322,281,85,12,0,12,36,41,3,2,0.302,0.6837349397590361,0.5526802218114604,0.858,0.4274406332453826,0.546268656716418,0.4902143522833178,0.21347785108388312,0.7516,0.421,0.6887816646562122,0.3533333333333334,25.0,0.01203286367312653,0.7865221489161167
Unknown_650391,CWS,650391,2022,97,363,326,97,16,0,19,30,81,3,4,0.298,0.6024096385542169,0.6414048059149724,0.88,0.5672823218997362,0.6119402985074628,0.35414725069897485,0.43920829406220546,0.686,0.421,0.6887816646562122,0.38,26.0,0.04227253292305998,0.5607917059377947
Unknown_646240,BOS,646240,2022,152,644,580,173,43,1,33,53,120,7,4,0.298,0.6144578313253012,0.689463955637708,0.908,0.6306068601583114,0.5701492537313434,0.35274930102516305,0.352497643732328,0.7205,0.42,0.6863691194209891,0.56,26.0,0.03380838392809305,0.6475023562676718
Unknown_669374,MIL,669374,2022,88,296,260,64,11,1,18,26,121,9,1,0.246,0.5301204819277109,0.6099815157116453,0.838,0.6569920844327176,0.7253731343283581,0.3783783783783784,0.8767672007540056,0.473,0.419,0.6835544833132288,0.33333333333333337,26.0,0.08011388494543087,0.12323279924599428
Unknown_621439,MIN,621439,2022,101,413,368,89,18,3,33,35,121,9,1,0.242,0.49397590361445787,0.7430683918669132,0.898,0.8575197889182058,0.3761194029850746,0.363932898415657,0.6039114043355325,0.6005,0.419,0.6835544833132288,0.4066666666666667,29.0,0.05694981205066656,0.39608859566446775
Unknown_677594,SEA,677594,2022,149,622,564,163,32,4,30,47,161,10,1,0.289,0.5903614457831324,0.6395563770794825,0.873,0.58311345646438,0.6626865671641792,0.3215284249767008,0.5233270499528746,0.6495,0.413,0.6674708484117409,0.52,22.0,0.0562532537769415,0.4766729500471256
Unknown_592518,SD,592518,2022,165,698,626,186,40,1,36,69,147,1,2,0.297,0.6295180722891566,0.6709796672828099,0.904,0.6094986807387862,0.6059701492537314,0.4301025163094129,0.4097549481621113,0.6891,0.413,0.6674708484117409,0.5666666666666667,30.0,0.031209986150182528,0.5902450518378888
Unknown_514888,HOU,514888,2022,152,646,566,166,40,0,29,68,97,10,2,0.293,0.6626506024096387,0.635859519408503,0.895,0.5672823218997362,0.5253731343283582,0.4599254426840634,0.2674363807728558,0.7291,0.412,0.6646562123039808,0.5333333333333334,32.0,0.017602613874581945,0.7325636192271443
Unknown_608841,WSH,608841,2022,59,244,226,74,14,0,14,15,52,1,2,0.327,0.6355421686746988,0.7412199630314233,0.944,0.6306068601583114,0.7044776119402986,0.2558247903075489,0.41564561734213007,0.7213,0.411,0.6622436670687575,0.2866666666666667,30.0,0.05706154459704253,0.5843543826578699
Unknown_660271,LAA,660271,2022,168,698,609,166,30,7,37,81,168,5,3,0.273,0.6114457831325301,0.6524953789279115,0.888,0.6490765171503957,0.546268656716418,0.5097856477166822,0.48067860508953814,0.6361,0.409,0.6566143948532368,0.5533333333333333,28.0,0.030156588024401777,0.5193213949104618
Unknown_665862,MIA,665862,2022,71,272,243,62,11,4,15,23,76,3,3,0.255,0.5,0.6377079482439927,0.842,0.6701846965699209,0.5044776119402985,0.36346691519105306,0.5718661639962299,0.6213,0.408,0.6542018496180138,0.30000000000000004,24.0,0.05391743084574989,0.4281338360037701
Unknown_665742,WSH,665742,2022,170,727,578,142,28,2,29,144,104,4,0,0.246,0.7259036144578314,0.5138632162661738,0.851,0.5197889182058048,0.35820895522388063,0.8923578751164958,0.25070688030160226,0.6506,0.406,0.6485725774024929,0.5533333333333333,24.0,0.003975587696604391,0.7492931196983978
Unknown_641584,CIN,641584,2022,78,278,241,62,9,0,13,30,58,4,3,0.257,0.5632530120481928,0.5212569316081332,0.802,0.5013192612137203,0.444776119402985,0.4720410065237651,0.40504241281809616,0.6691,0.404,0.6433453960595095,0.29333333333333333,27.0,0.027413360441572818,0.594957587181904
Unknown_624413,NYM,624413,2022,174,733,637,172,31,0,42,75,139,12,9,0.27,0.5873493975903613,0.6321626617375233,0.87,0.62532981530343,0.4358208955223881,0.44594594594594594,0.36027332704995285,0.6917,0.401,0.6353035786087655,0.54,28.0,0.025866871722714575,0.639726672950047
Unknown_664983,AZ,664983,2022,106,390,353,101,17,4,9,25,90,8,1,0.286,0.5662650602409639,0.47874306839186703,0.78,0.36411609498680736,0.6776119402985076,0.2679403541472507,0.45735155513666353,0.6769,0.398,0.6272617611580216,0.3466666666666667,25.0,0.0596858310186619,0.5426484448633364
Unknown_661388,ATL,661388,2022,111,412,365,98,15,1,21,44,115,1,2,0.268,0.5692771084337348,0.5804066543438078,0.835,0.5540897097625329,0.5940298507462688,0.4669151910531221,0.5711592836946278,0.6117,0.397,0.6244471250502612,0.3533333333333334,25.0,0.040575583522430396,0.42884071630537224
Unknown_621493,LAA,621493,2022,148,602,530,148,24,2,25,63,127,4,5,0.279,0.5993975903614458,0.5545286506469502,0.831,0.48812664907651715,0.5582089552238807,0.4571295433364399,0.4106974552309142,0.6777,0.397,0.6244471250502612,0.45333333333333337,29.0,0.02900071051591236,0.5893025447690858
Unknown_592626,SF,592626,2022,142,455,400,108,19,3,24,43,107,8,4,0.27,0.575301204819277,0.6247689463955639,0.862,0.6147757255936676,0.5194029850746269,0.40959925442684064,0.4677191328934967,0.6527,0.397,0.6244471250502612,0.38,30.0,0.03816762178675799,0.5322808671065034
Unknown_663993,TEX,663993,2022,167,673,621,189,27,3,28,48,156,4,0,0.304,0.6024096385542169,0.5896487985212571,0.851,0.47229551451187335,0.6985074626865672,0.30149114631873253,0.4597078228086711,0.6909,0.396,0.6220345798150382,0.4866666666666667,27.0,0.05291968139873188,0.5402921771913289
Unknown_547989,CWS,547989,2022,168,713,628,192,44,0,16,69,114,12,4,0.306,0.6777108433734941,0.5138632162661738,0.835,0.3614775725593667,0.6477611940298508,0.42031686859273065,0.29029217719132894,0.7265,0.396,0.6220345798150382,0.5066666666666666,35.0,0.021966484618347666,0.7097078228086713
Unknown_643376,TOR,643376,2022,76,274,239,63,12,0,16,26,51,3,6,0.264,0.5361445783132531,0.6303142329020335,0.85,0.6385224274406333,0.3880597014925373,0.4114631873252563,0.3520263901979265,0.708,0.395,0.6192199437072778,0.28,27.0,0.027950283346164444,0.6479736098020736
Unknown_571448,STL,571448,2022,159,650,587,171,44,1,31,52,79,7,4,0.291,0.5903614457831324,0.6543438077634014,0.882,0.6015831134564643,0.4686567164179104,0.34203168685927304,0.19981149858623942,0.7877,0.394,0.6164053075995175,0.4666666666666667,31.0,0.01939008123975862,0.8001885014137609
Unknown_575929,CHC,575929,2022,122,512,433,104,23,2,24,52,110,25,2,0.24,0.5903614457831324,0.5452865064695009,0.822,0.5804749340369393,0.39402985074626873,0.4426840633737185,0.41965127238454286,0.6348,0.394,0.6164053075995175,0.4,30.0,0.030914806143536165,0.5803487276154571
Unknown_663586,ATL,663586,2022,174,741,656,175,40,2,40,63,181,18,4,0.267,0.5632530120481928,0.6340110905730132,0.862,0.6358839050131926,0.5194029850746269,0.3653308480894688,0.4891611687087653,0.6464,0.393,0.613590671491757,0.5133333333333333,25.0,0.045623923878400696,0.5108388312912349
Unknown_670712,MIL,670712,2022,74,188,167,41,5,0,7,16,57,5,0,0.246,0.5180722891566266,0.4195933456561924,0.731,0.38786279683377306,0.5850746268656717,0.36579683131407265,0.6279453345900095,0.5851,0.393,0.613590671491757,0.23333333333333334,28.0,0.05895502841161694,0.37205466540999055
Unknown_608070,CLE,608070,2022,173,743,657,183,48,5,32,71,95,6,9,0.279,0.5783132530120482,0.6266173752310538,0.863,0.5936675461741425,0.4358208955223881,0.4147250698974837,0.2148916116870877,0.7685,0.392,0.6111781262565339,0.5066666666666666,30.0,0.015888979860915288,0.7851083883129124
Unknown_592663,PHI,592663,2022,157,626,563,158,29,5,24,45,134,13,5,0.281,0.5632530120481928,0.5619223659889094,0.823,0.49604221635883905,0.5761194029850747,0.304287045666356,0.41800188501413765,0.6933,0.392,0.6111781262565339,0.44666666666666666,31.0,0.047629721161854884,0.5819981149858624
Unknown_405395,STL,405395,2022,114,366,322,88,14,0,24,28,56,10,6,0.273,0.5602409638554217,0.6765249537892792,0.885,0.6807387862796834,0.37014925373134333,0.3257222739981361,0.2740339302544769,0.7432,0.392,0.6111781262565339,0.32000000000000006,42.0,0.02870492418827012,0.725966069745523
Unknown_665926,CLE,665926,2022,159,607,532,157,28,4,18,40,125,27,3,0.295,0.644578313253012,0.5360443622920519,0.836,0.42216358839050133,0.6597014925373134,0.27632805219012113,0.3986804901036758,0.6755,0.391,0.6083634901487736,0.43333333333333335,24.0,0.05046886758884799,0.6013195098963242
Unknown_650490,TB,650490,2022,148,598,510,146,35,0,9,81,66,6,1,0.286,0.6987951807228917,0.43253234750462116,0.797,0.29815303430079154,0.5373134328358209,0.6006523765144455,0.1736569274269557,0.7441,0.391,0.6083634901487736,0.43333333333333335,31.0,0.005763993110017242,0.8263430725730443
Unknown_543807,TOR,543807,2022,143,614,545,149,23,4,27,56,106,8,5,0.273,0.5692771084337348,0.5637707948243993,0.826,0.5197889182058048,0.4746268656716418,0.39422180801491147,0.3202167766258247,0.7166,0.391,0.6083634901487736,0.44,33.0,0.02662505494936803,0.6797832233741754
Unknown_668804,PIT,668804,2022,156,650,576,153,22,5,30,57,152,14,3,0.266,0.5632530120481928,0.5600739371534196,0.822,0.5356200527704486,0.5253731343283582,0.37791239515377445,0.4644203581526862,0.6569,0.391,0.6083634901487736,0.46,27.0,0.04159388930116849,0.5355796418473138
Unknown_643446,NYM,643446,2022,159,636,576,185,42,2,9,43,63,11,6,0.321,0.6566265060240964,0.5064695009242146,0.824,0.3113456464379947,0.6298507462686568,0.28424976700838767,0.14703110273327047,0.816,0.388,0.6003216726980296,0.44,30.0,0.018368619556247835,0.8529688972667293
Unknown_621043,MIN,621043,2022,143,610,542,159,26,1,25,61,127,3,4,0.293,0.6265060240963854,0.5711645101663587,0.849,0.4775725593667546,0.6149253731343284,0.43522833178005593,0.4040999057492931,0.6869,0.388,0.6003216726980296,0.42666666666666664,28.0,0.0302920766491074,0.5959000942507071
Unknown_488726,HOU,488726,2022,72,304,268,75,14,1,7,32,36,2,1,0.28,0.6084337349397589,0.4510166358595195,0.778,0.3403693931398417,0.4985074626865672,0.4599254426840634,0.19250706880301605,0.7664,0.388,0.6003216726980296,0.28,35.0,0.011757357782275915,0.8074929311969836
Unknown_605141,LAD,605141,2022,153,680,609,160,41,3,35,58,113,8,5,0.263,0.5240963855421686,0.6247689463955639,0.845,0.6358839050131926,0.4,0.36672879776328055,0.3051366635249764,0.7368,0.387,0.5975070365902693,0.45333333333333337,30.0,0.02770651529745663,0.6948633364750234
Unknown_650333,MIN,650333,2022,154,634,573,184,34,2,8,55,45,3,3,0.321,0.674698795180723,0.4713493530499077,0.811,0.26121372031662266,0.6059701492537314,0.37371854613233924,0.0808199811498586,0.8375,0.387,0.5975070365902693,0.43333333333333335,25.0,0.005826166955227341,0.9191800188501416
Unknown_672386,TOR,672386,2022,149,577,501,144,21,0,15,68,61,4,4,0.287,0.6506024096385542,0.45286506469500937,0.794,0.3245382585751979,0.4985074626865672,0.5186393289841565,0.16258246936852028,0.7695,0.386,0.5950944913550462,0.4066666666666667,24.0,0.0073465453270058646,0.8374175306314797
Unknown_673357,CWS,673357,2022,105,438,414,121,22,0,15,18,85,4,2,0.292,0.5060240963855422,0.5175600739371535,0.781,0.40369393139841686,0.6000000000000002,0.1607642124883504,0.3708765315739868,0.7557,0.386,0.5950944913550462,0.34,25.0,0.0814027938600083,0.6291234684260134
Unknown_664238,SEA,664238,2022,105,293,238,53,12,2,9,40,91,13,1,0.223,0.6174698795180723,0.4232902033271721,0.766,0.4538258575197889,0.546268656716418,0.6053122087604846,0.6453817153628651,0.5017,0.385,0.5922798552472859,0.2733333333333333,30.0,0.034036554004001546,0.35461828463713485
Unknown_680977,STL,680977,2022,134,508,429,118,22,1,6,62,77,14,2,0.275,0.6777108433734941,0.36783733826247694,0.756,0.23482849604221634,0.5611940298507463,0.537744641192917,0.2707351555136664,0.6969,0.384,0.5894652191395255,0.3666666666666667,25.0,0.014045499220120881,0.7292648444863337
Unknown_519203,NYY,519203,2022,143,596,504,115,22,1,34,65,109,25,2,0.228,0.5602409638554217,0.5619223659889094,0.822,0.6358839050131926,0.26567164179104485,0.4776328052190121,0.3444863336475024,0.6661,0.382,0.5842380377965419,0.4,33.0,0.022442323098695094,0.6555136663524974
Unknown_656811,KC,656811,2022,75,174,162,43,8,1,3,9,39,2,1,0.265,0.45783132530120485,0.3863216266173753,0.693,0.2849604221635884,0.5880597014925374,0.21015843429636533,0.44156456173421305,0.7126,0.382,0.5842380377965419,0.21333333333333335,29.0,0.07389275784941558,0.558435438265787
Unknown_607043,NYM,607043,2022,159,717,618,168,30,8,17,77,127,16,3,0.272,0.6265060240963854,0.4713493530499077,0.794,0.39050131926121373,0.546268656716418,0.46971109040074555,0.33081998114985867,0.689,0.381,0.5814234016887816,0.44666666666666666,29.0,0.021910668865841365,0.6691800188501413
Unknown_665489,TOR,665489,2022,173,748,677,185,37,0,33,61,123,6,4,0.273,0.5391566265060243,0.5545286506469502,0.811,0.5065963060686016,0.4656716417910447,0.34948741845293574,0.30089538171536284,0.746,0.381,0.5814234016887816,0.46,23.0,0.028989564156139076,0.6991046182846372
Unknown_669742,PHI,669742,2022,49,158,151,38,10,1,9,6,47,1,0,0.252,0.3825301204819277,0.6210720887245842,0.795,0.6569920844327176,0.5104477611940299,0.14631873252562907,0.6145146088595664,0.6582,0.381,0.5814234016887816,0.20666666666666667,27.0,0.1415272188209589,0.3854853911404337
Unknown_676701,COL,676701,2022,47,151,144,37,8,0,4,5,38,2,0,0.257,0.4006024096385542,0.4103512014787432,0.687,0.34300791556728233,0.5671641791044777,0.12348555452003726,0.5065975494816211,0.702,0.381,0.5814234016887816,0.20666666666666667,26.0,0.13717769019126036,0.49340245051837894
Unknown_641313,CWS,641313,2022,91,386,366,115,17,0,6,14,60,6,0,0.314,0.5783132530120482,0.43622920517560076,0.76,0.2295514511873351,0.6835820895522388,0.1383970177073625,0.27968897266729503,0.7927,0.381,0.5814234016887816,0.30666666666666664,29.0,0.07285470036153058,0.7203110273327049
Unknown_596019,NYM,596019,2022,174,756,674,182,27,5,31,63,143,11,8,0.27,0.5451807228915663,0.534195933456562,0.802,0.4854881266490765,0.4865671641791045,0.3574091332712022,0.3593308199811499,0.713,0.38,0.5790108564535584,0.46,29.0,0.03395624114650551,0.64066918001885
Unknown_593428,BOS,593428,2022,158,653,577,174,40,0,15,58,120,11,7,0.302,0.644578313253012,0.5083179297597045,0.821,0.36411609498680736,0.6567164179104478,0.3830382106244175,0.34660697455230915,0.7106,0.38,0.5790108564535584,0.42000000000000004,30.0,0.030056322954638927,0.653393025447691
Unknown_675656,ATH,675656,2022,59,190,175,37,12,2,5,10,49,0,2,0.211,0.2801204819277109,0.3974121996303143,0.64,0.44327176781002636,0.3761194029850746,0.21435228331780057,0.5212064090480679,0.6737,0.38,0.5790108564535584,0.22000000000000003,26.0,0.08489480195184547,0.4787935909519321
Unknown_516782,NYM,516782,2022,126,535,492,144,27,5,16,30,100,13,0,0.293,0.5783132530120482,0.5378927911275417,0.815,0.4327176781002638,0.6149253731343284,0.23066169617893756,0.3539114043355326,0.7327,0.379,0.5761962203457981,0.3666666666666667,34.0,0.05447777946076808,0.6460885956644673
Unknown_673548,CHC,673548,2022,117,466,414,108,22,2,16,44,117,5,3,0.261,0.5391566265060243,0.4916820702402959,0.777,0.4485488126649076,0.5671641791044777,0.4091332712022367,0.5051837888784165,0.6438,0.379,0.5761962203457981,0.33333333333333337,28.0,0.04147874579716878,0.49481621112158347
Unknown_572233,AZ,572233,2022,171,700,614,152,28,2,39,71,135,8,7,0.248,0.5180722891566266,0.5841035120147875,0.82,0.6174142480211081,0.35522388059701493,0.44175209692451073,0.36804901036757776,0.6943,0.379,0.5761962203457981,0.43333333333333335,31.0,0.026815184283246654,0.6319509896324222
Unknown_543685,LAA,543685,2022,56,219,191,46,13,0,6,24,41,2,2,0.241,0.5150602409638555,0.4232902033271721,0.732,0.40369393139841686,0.4179104477611941,0.47996272134203166,0.3546182846371348,0.6941,0.379,0.5761962203457981,0.23333333333333334,32.0,0.023053678110871924,0.6453817153628651
Unknown_602074,COL,602074,2022,114,439,400,125,21,2,2,29,59,4,5,0.312,0.6114457831325301,0.3992606284658042,0.751,0.18205804749340368,0.6686567164179104,0.27726001863932903,0.23020735155513666,0.7882,0.379,0.5761962203457981,0.32666666666666666,28.0,0.029349132042932685,0.7697926484448632
Unknown_607208,LAD,607208,2022,175,757,700,209,44,4,23,48,138,3,6,0.299,0.5572289156626508,0.5489833641404807,0.815,0.4327176781002638,0.6179104477611942,0.2646784715750233,0.34307257304429783,0.7477,0.378,0.5733815842380378,0.45333333333333337,29.0,0.0456486345784504,0.6569274269557022
Unknown_518595,ATL,518595,2022,118,460,429,118,28,1,23,19,99,12,0,0.275,0.5,0.613678373382625,0.83,0.5857519788918206,0.5223880597014926,0.16169617893755825,0.4205937794533459,0.7174,0.377,0.5709690390028146,0.32666666666666666,33.0,0.09084879010305892,0.5794062205466539
Unknown_671739,ATL,671739,2022,125,469,439,126,27,3,19,24,111,5,0,0.287,0.5210843373493976,0.5878003696857672,0.823,0.5171503957783641,0.6328358208955224,0.20782851817334577,0.471253534401508,0.6994,0.377,0.5709690390028146,0.33333333333333337,21.0,0.07947535470714569,0.5287464655984919
Unknown_628451,TEX,628451,2022,51,160,145,36,6,1,3,12,25,2,1,0.248,0.463855421686747,0.35489833641404817,0.678,0.2849604221635884,0.4358208955223881,0.31873252562907733,0.2815739868049011,0.7562,0.377,0.5709690390028146,0.20666666666666667,29.0,0.030304980327650805,0.7184260131950988
Unknown_680757,CLE,680757,2022,167,692,615,188,28,7,7,64,62,7,4,0.306,0.6536144578313253,0.43253234750462116,0.783,0.24538258575197885,0.5820895522388061,0.4002795899347623,0.12464655984919885,0.8049,0.376,0.5681544028950543,0.42000000000000004,25.0,0.008742584733573108,0.875353440150801
Unknown_621566,ATL,621566,2022,177,751,658,162,46,0,38,84,179,5,4,0.246,0.5301204819277109,0.5822550831792976,0.824,0.6174142480211081,0.4328358208955225,0.49068033550792167,0.47502356267672013,0.6431,0.376,0.5681544028950543,0.44,28.0,0.031213011840806208,0.5249764373232801
Unknown_640458,CLE,640458,2022,58,162,155,33,8,2,6,5,39,1,1,0.213,0.25,0.42883548983364156,0.647,0.48812664907651715,0.32537313432835824,0.11323392357875117,0.48067860508953814,0.7222,0.376,0.5681544028950543,0.20666666666666667,28.0,0.1407664820238491,0.5193213949104618
Unknown_606192,TOR,606192,2022,141,570,530,140,37,1,27,36,161,3,1,0.264,0.4698795180722892,0.5859519408502774,0.805,0.5725593667546174,0.5820895522388061,0.2637465051258155,0.5791705937794532,0.6491,0.375,0.5653397667872939,0.3666666666666667,30.0,0.07651182815876638,0.4208294062205469
Unknown_643217,KC,643217,2022,135,548,483,145,23,3,7,57,81,2,5,0.3,0.6475903614457831,0.42513863216266184,0.777,0.25065963060686014,0.6298507462686568,0.4538676607642125,0.2617813383600377,0.7427,0.375,0.5653397667872939,0.36,28.0,0.01750105714530524,0.7382186616399624
Unknown_608324,HOU,608324,2022,166,697,587,153,42,0,24,89,85,11,10,0.261,0.6174698795180723,0.5194085027726434,0.818,0.48812664907651715,0.3880597014925373,0.5643056849953402,0.20098963242224316,0.7346,0.374,0.5629272215520706,0.41333333333333333,28.0,0.00848545608699487,0.7990103675777569
Unknown_656941,PHI,656941,2022,172,733,626,133,21,3,49,96,219,7,4,0.212,0.49397590361445787,0.5841035120147875,0.812,0.7097625329815304,0.29253731343283584,0.5796831314072693,0.6175777568331763,0.5607,0.374,0.5629272215520706,0.42666666666666664,29.0,0.03414219942182179,0.3824222431668238
Unknown_572204,LAD,572204,2022,93,289,247,59,14,1,13,37,108,3,2,0.239,0.5572289156626508,0.5323475046210722,0.804,0.5646437994722955,0.6716417910447762,0.565703634669152,0.7940622054665409,0.4879,0.373,0.5601125854443103,0.25333333333333335,31.0,0.046502927679176013,0.20593779453345928
Unknown_641598,TEX,641598,2022,62,240,213,47,8,0,12,23,56,2,2,0.221,0.42771084337349397,0.467652495378928,0.727,0.5224274406332453,0.31044776119402984,0.4156570363466915,0.46324222431668244,0.6625,0.373,0.5601125854443103,0.23333333333333334,31.0,0.03713002954201964,0.5367577756833175
Unknown_545121,WSH,545121,2022,75,252,237,65,15,1,6,10,26,3,1,0.274,0.46084337349397586,0.4584103512014788,0.733,0.366754617414248,0.453731343283582,0.1542404473438956,0.15669180018850143,0.8413,0.372,0.55729794933655,0.23333333333333334,31.0,0.04030848398673647,0.8433081998114986
Unknown_596103,SF,596103,2022,119,349,300,79,17,2,7,41,97,6,2,0.263,0.6114457831325301,0.4232902033271721,0.764,0.345646437994723,0.6865671641791046,0.5167753960857409,0.5683317624882186,0.5874,0.372,0.55729794933655,0.2733333333333333,30.0,0.03577174728841744,0.4316682375117813
Unknown_666971,TOR,666971,2022,132,526,482,144,34,1,6,35,87,7,2,0.299,0.5903614457831324,0.4380776340110906,0.764,0.2717678100263852,0.6537313432835822,0.27912395153774466,0.3032516493873704,0.7529,0.372,0.55729794933655,0.34,29.0,0.03813528174028332,0.6967483506126295
Unknown_666179,AZ,666179,2022,52,159,140,32,7,0,2,12,41,6,1,0.229,0.4698795180722892,0.2717190388170056,0.636,0.22163588390501318,0.5134328358208955,0.3210624417520969,0.5212064090480679,0.6289,0.372,0.55729794933655,0.2,26.0,0.05611028649864093,0.4787935909519321
Unknown_660757,CLE,660757,2022,105,426,404,118,28,0,13,16,86,4,2,0.292,0.5,0.524953789279113,0.782,0.41424802110817943,0.6208955223880598,0.14445479962721341,0.3892554194156456,0.7512,0.371,0.5548854041013268,0.30000000000000004,24.0,0.09392684193219974,0.6107445805843545
Unknown_592273,CIN,592273,2022,149,605,551,145,34,2,30,41,138,9,4,0.263,0.49397590361445787,0.5933456561922368,0.818,0.5883905013192612,0.4865671641791045,0.2851817334575955,0.45098963242224316,0.6893,0.371,0.5548854041013268,0.3666666666666667,30.0,0.05511178846401815,0.5490103675777569
Unknown_606115,ATL,606115,2022,81,279,250,62,10,0,10,25,56,2,2,0.248,0.4849397590361446,0.43253234750462116,0.727,0.39841688654353563,0.4358208955223881,0.38676607642124883,0.38642789820923656,0.7025,0.371,0.5548854041013268,0.2466666666666667,28.0,0.03334938437827469,0.6135721017907634
Unknown_518934,NYY,518934,2022,135,572,495,131,20,0,13,70,73,4,2,0.265,0.6054216867469878,0.38817005545286515,0.743,0.29023746701846964,0.4567164179104477,0.5396085740913327,0.21418473138548538,0.7413,0.371,0.5548854041013268,0.3533333333333334,34.0,0.010171699613691609,0.7858152686145148
Unknown_663697,CIN,663697,2022,114,469,414,103,16,2,14,38,101,17,0,0.249,0.5391566265060243,0.41589648798521267,0.735,0.37203166226912926,0.4895522388059701,0.3466915191053122,0.4210650329877475,0.6674,0.371,0.5548854041013268,0.31333333333333335,26.0,0.04146522852562498,0.5789349670122526
Unknown_521692,KC,521692,2022,124,502,473,124,26,1,25,19,112,7,3,0.262,0.42469879518072284,0.5656192236598891,0.779,0.5514511873350924,0.4716417910447761,0.14538676607642123,0.43920829406220546,0.7251,0.371,0.5548854041013268,0.32666666666666666,32.0,0.10423240772598444,0.5607917059377947
Unknown_543309,NYY,543309,2022,88,278,256,63,7,0,17,15,59,1,4,0.246,0.3855421686746987,0.5526802218114604,0.759,0.575197889182058,0.34626865671641793,0.22087604846225534,0.4135249764373233,0.723,0.37,0.5520707679935666,0.24000000000000002,32.0,0.06605390486108967,0.5864750235626768
Unknown_669257,LAD,669257,2022,151,624,550,140,29,4,26,58,103,10,6,0.255,0.5271084337349398,0.5360443622920519,0.797,0.5277044854881267,0.39701492537313443,0.402143522833178,0.30254476908576816,0.726,0.37,0.5520707679935666,0.37333333333333335,27.0,0.02439212312505873,0.6974552309142317
Unknown_666182,TOR,666182,2022,172,739,690,198,46,1,24,44,165,3,2,0.287,0.5240963855421686,0.5304990757855823,0.792,0.43535620052770446,0.6328358208955224,0.24650512581547063,0.43967954759660705,0.7131,0.37,0.5520707679935666,0.41333333333333333,24.0,0.06263400835824935,0.5603204524033929
Unknown_660766,STL,660766,2022,85,303,277,71,15,0,13,20,64,2,4,0.256,0.4487951807228916,0.512014787430684,0.758,0.4907651715039578,0.4477611940298507,0.2767940354147251,0.41116870876531575,0.7162,0.37,0.5520707679935666,0.25333333333333335,24.0,0.051931545566376705,0.588831291234684
Unknown_663457,STL,663457,2022,111,379,315,71,17,4,14,57,80,2,5,0.225,0.5572289156626508,0.4879852125693162,0.781,0.5382585751978891,0.3522388059701492,0.6700838769804287,0.410933081998115,0.6332,0.37,0.5520707679935666,0.28,25.0,0.017161108044563556,0.5890669180018848
Unknown_571745,SEA,571745,2022,73,304,275,66,14,0,11,23,77,4,2,0.24,0.4457831325301205,0.4380776340110906,0.717,0.4274406332453826,0.4686567164179104,0.32199440820130476,0.5103675777568332,0.6579,0.369,0.5492561318858061,0.25333333333333335,32.0,0.05475944552720739,0.4896324222431667
Unknown_606992,DET,606992,2022,119,376,346,89,20,1,16,26,101,1,3,0.257,0.45481927710843373,0.5286506469500927,0.768,0.5092348284960422,0.5402985074626866,0.29123951537744636,0.5464184731385485,0.6596,0.369,0.5492561318858061,0.28,30.0,0.06523111120835091,0.4535815268614516
Unknown_605137,WSH,605137,2022,170,700,605,154,30,3,19,84,116,5,6,0.255,0.5692771084337348,0.43253234750462116,0.755,0.3825857519788918,0.4477611940298507,0.5284249767008388,0.30395852968897263,0.7029,0.368,0.546843586650583,0.3933333333333333,30.0,0.01672063274109429,0.6960414703110274
Unknown_543068,COL,543068,2022,162,665,606,159,32,3,30,45,174,9,5,0.262,0.48795180722891573,0.5545286506469502,0.794,0.5329815303430079,0.546268656716418,0.28471575023299156,0.5301602262016964,0.6556,0.368,0.546843586650583,0.38,32.0,0.06481425801464706,0.46983977379830333
Unknown_543939,MIL,543939,2022,143,528,457,116,24,4,16,50,98,14,5,0.254,0.5542168674698796,0.4713493530499077,0.771,0.4379947229551451,0.4567164179104477,0.4105312208760485,0.3508482563619227,0.6894,0.368,0.546843586650583,0.32666666666666666,32.0,0.027928250822933924,0.6491517436380774
Unknown_605204,NYM,605204,2022,124,390,338,85,17,1,12,41,127,9,2,0.251,0.5662650602409639,0.4436229205175602,0.76,0.40633245382585753,0.6835820895522388,0.45899347623485554,0.6807257304429783,0.5462,0.367,0.5440289505428226,0.28,29.0,0.04995731958181199,0.3192742695570219
Unknown_516416,PHI,516416,2022,116,445,404,109,11,1,11,31,63,8,1,0.27,0.5271084337349398,0.38817005545286515,0.717,0.2770448548812665,0.4835820895522388,0.2940354147250699,0.247172478793591,0.7685,0.366,0.5412143144350623,0.29333333333333333,32.0,0.029315858753452266,0.7528275212064093
Unknown_592192,NYM,592192,2022,149,586,504,130,25,0,14,50,104,28,4,0.258,0.5933734939759036,0.40110905730129404,0.746,0.32717678100263853,0.4865671641791045,0.36672879776328055,0.3317624882186616,0.6894,0.366,0.5412143144350623,0.34,33.0,0.030270610857954912,0.6682375117813384
Unknown_502110,BOS,502110,2022,151,634,569,154,43,1,16,54,158,5,6,0.271,0.5361445783132531,0.4805914972273569,0.77,0.40633245382585753,0.626865671641791,0.3662628145386766,0.5007068803016023,0.6562,0.366,0.5412143144350623,0.36,35.0,0.046606506392835846,0.49929311969839785
Unknown_664247,MIN,664247,2022,73,189,173,36,3,0,9,11,54,4,1,0.208,0.33734939759036153,0.38447319778188555,0.651,0.4327176781002638,0.32537313432835824,0.24044734389561978,0.5867106503298775,0.6349,0.366,0.5412143144350623,0.20666666666666667,30.0,0.08500886175003194,0.41328934967012243
Unknown_666135,MIN,666135,2022,54,184,169,44,9,0,3,7,44,4,4,0.26,0.42469879518072284,0.356746765249538,0.666,0.25857519788918204,0.5701492537313434,0.14631873252562907,0.47690857681432614,0.6957,0.366,0.5412143144350623,0.20666666666666667,25.0,0.11178084407355925,0.523091423185674
Unknown_669394,CWS,669394,2022,57,199,184,46,10,1,10,10,61,3,1,0.25,0.42168674698795183,0.5619223659889094,0.776,0.5778364116094987,0.5432835820895523,0.2036346691519105,0.6357210179076342,0.6231,0.366,0.5412143144350623,0.20666666666666667,26.0,0.10793556271961781,0.36427898209236576
Unknown_663656,HOU,663656,2022,161,648,584,149,28,1,31,60,107,2,2,0.255,0.5060240963855422,0.5397412199630316,0.791,0.5329815303430079,0.38507462686567173,0.40074557315936626,0.30254476908576816,0.7346,0.365,0.538801769199839,0.36,25.0,0.02450356448974652,0.6974552309142317
Unknown_596129,PIT,596129,2022,143,503,425,98,20,1,19,75,125,1,2,0.231,0.5662650602409639,0.4473197781885398,0.762,0.46701846965699206,0.4328358208955225,0.6640260950605779,0.499057492931197,0.6004,0.365,0.538801769199839,0.31333333333333335,30.0,0.022253084916573844,0.5009425070688032
Unknown_664023,CHC,664023,2022,166,665,594,159,43,2,18,61,154,6,4,0.268,0.5481927710843374,0.4879852125693162,0.778,0.42480211081794195,0.5880597014925374,0.39655172413793105,0.45923656927426953,0.6677,0.365,0.538801769199839,0.3666666666666667,28.0,0.03887870781626664,0.5407634307257303
Unknown_669221,ATH,669221,2022,158,645,566,146,42,2,20,60,129,13,6,0.258,0.5481927710843374,0.500924214417745,0.785,0.4696569920844327,0.4895522388059701,0.4026095060577819,0.38477851083883136,0.6853,0.365,0.538801769199839,0.36,28.0,0.03161865805290715,0.6152214891611687
Unknown_453568,COL,453568,2022,147,614,561,151,23,6,18,37,117,8,4,0.269,0.49096385542168675,0.46950092421441786,0.749,0.39577836411609496,0.5223880597014926,0.25023299161230195,0.36262959472196044,0.7296,0.365,0.538801769199839,0.3466666666666667,36.0,0.05117401617925217,0.6373704052780396
Unknown_664874,CWS,664874,2022,65,217,188,51,14,0,3,21,66,3,2,0.271,0.5783132530120482,0.4066543438077635,0.744,0.29815303430079154,0.7850746268656718,0.42031686859273065,0.6300659754948161,0.5714,0.365,0.538801769199839,0.21333333333333335,29.0,0.05079980764454403,0.36993402450518387
Unknown_592567,CIN,592567,2022,52,162,141,29,6,0,5,17,39,1,3,0.206,0.3975903614457831,0.33456561922365996,0.645,0.36939313984168864,0.31641791044776124,0.4580615097856477,0.48067860508953814,0.6481,0.365,0.538801769199839,0.19333333333333336,30.0,0.03440640655706178,0.5193213949104618
Unknown_553993,SEA,553993,2022,166,681,589,139,27,2,34,79,211,8,5,0.236,0.5240963855421686,0.5323475046210722,0.794,0.5725593667546174,0.4985074626865672,0.5097856477166822,0.6434967012252593,0.5624,0.364,0.5359871330920788,0.3666666666666667,31.0,0.04168646975735556,0.35650329877474074
Unknown_656555,PHI,656555,2022,174,736,649,156,35,2,34,77,183,6,4,0.24,0.5030120481927711,0.524953789279113,0.782,0.5488126649076517,0.4358208955223881,0.45666356011183595,0.4992931196983977,0.6372,0.364,0.5359871330920788,0.3866666666666667,29.0,0.035995625927414475,0.5007068803016024
Unknown_656582,COL,656582,2022,122,503,434,108,22,4,9,60,101,8,1,0.249,0.5783132530120482,0.38077634011090583,0.73,0.32189973614775724,0.5104477611940299,0.5251630941286114,0.38666352497643736,0.664,0.364,0.5359871330920788,0.30666666666666664,30.0,0.022572161628250362,0.6133364750235628
Unknown_640457,DET,640457,2022,44,170,149,37,8,2,0,18,20,3,0,0.248,0.5512048192771085,0.28650646950092434,0.67,0.18997361477572558,0.4567164179104477,0.4627213420316868,0.19062205466541,0.7588,0.364,0.5359871330920788,0.2,27.0,0.011487834687029639,0.80937794533459
Unknown_664034,SEA,664034,2022,156,672,609,164,28,1,21,36,103,22,5,0.269,0.5180722891566266,0.4584103512014788,0.752,0.37994722955145116,0.4716417910447761,0.2190121155638397,0.2747408105560792,0.7589,0.363,0.5331724969843183,0.36,28.0,0.0453521139508745,0.7252591894439209
Unknown_668227,TB,668227,2022,164,681,619,165,43,3,20,49,163,11,2,0.267,0.5180722891566266,0.4972273567467654,0.773,0.4406332453825857,0.5880597014925374,0.3047530288909599,0.4776154571159284,0.6725,0.363,0.5331724969843183,0.3666666666666667,27.0,0.05435098529326281,0.5223845428840714
Unknown_668939,BAL,668939,2022,113,470,398,101,35,1,13,65,86,4,3,0.254,0.6144578313253012,0.500924214417745,0.806,0.48021108179419525,0.4686567164179104,0.6136999068033551,0.3447219604147031,0.6702,0.363,0.5331724969843183,0.29333333333333333,24.0,0.015605311263524537,0.6552780395852968
Unknown_592669,MIL,592669,2022,133,548,498,127,23,1,29,41,128,4,3,0.255,0.47289156626506024,0.5656192236598891,0.795,0.5699208443271768,0.4507462686567164,0.31780055917986955,0.4639491046182847,0.6807,0.363,0.5331724969843183,0.32000000000000006,30.0,0.050441067189172,0.5360508953817154
Unknown_519317,NYY,519317,2022,123,493,433,92,8,0,34,57,148,0,3,0.212,0.4337349397590361,0.5415896487985215,0.769,0.6464379947229552,0.28059701492537314,0.5079217148182665,0.6208765315739868,0.5822,0.362,0.5307599517490953,0.30000000000000004,33.0,0.04025795817824528,0.3791234684260132
Unknown_457759,LAD,457759,2022,143,580,511,137,37,0,14,54,95,6,9,0.268,0.5481927710843374,0.4602587800369687,0.762,0.38522427440633245,0.4925373134328358,0.40307548928238585,0.29948162111215837,0.7328,0.362,0.5307599517490953,0.32666666666666666,38.0,0.024047957495917927,0.7005183788878417
Unknown_663616,MIN,663616,2022,58,195,173,42,14,0,7,20,61,0,2,0.243,0.4819277108433735,0.500924214417745,0.763,0.5092348284960422,0.5761194029850747,0.4473438956197577,0.6505655042412818,0.5846,0.362,0.5307599517490953,0.2,25.0,0.0490036933588701,0.3494344957587183
Unknown_624414,BOS,624414,2022,94,330,305,86,17,1,6,16,50,5,2,0.282,0.5060240963855422,0.4232902033271721,0.729,0.2955145118733509,0.5522388059701493,0.19524697110904007,0.2704995287464656,0.7788,0.361,0.527945315641335,0.2466666666666667,27.0,0.050454939052648286,0.7295004712535345
Unknown_543333,SD,543333,2022,112,447,405,107,21,0,8,40,69,1,1,0.264,0.5210843373493976,0.37153419593345666,0.706,0.26912928759894456,0.4985074626865672,0.3863000931966449,0.2773327049952875,0.7539,0.36,0.5251306795335746,0.28,33.0,0.023384860073731743,0.7226672950047126
Unknown_650402,NYY,650402,2022,154,618,570,146,28,1,27,41,141,3,3,0.256,0.4518072289156626,0.512014787430684,0.759,0.4907651715039578,0.4776119402985074,0.2781919850885368,0.45122525918944395,0.699,0.359,0.5227181342983513,0.32666666666666666,26.0,0.05661423796085671,0.5487747408105561
Unknown_664040,TB,664040,2022,76,297,260,60,12,2,9,33,66,3,1,0.231,0.496987951807229,0.4103512014787432,0.719,0.41160949868073876,0.4179104477611941,0.4869524697110904,0.43708765315739867,0.6566,0.359,0.5227181342983513,0.23333333333333334,28.0,0.02870492418827012,0.5629123468426014
Unknown_663898,COL,663898,2022,146,612,554,149,34,3,14,49,106,4,5,0.269,0.5180722891566266,0.44916820702402965,0.747,0.366754617414248,0.5194029850746269,0.342497670083877,0.32163053722902923,0.7402,0.358,0.519903498190591,0.32666666666666666,26.0,0.03184626915201737,0.6783694627709707
Unknown_683734,CWS,683734,2022,141,578,530,146,28,1,17,34,101,9,5,0.275,0.5090361445783133,0.46950092421441786,0.755,0.37994722955145116,0.5223880597014926,0.2432432432432432,0.32516493873704055,0.7509,0.358,0.519903498190591,0.31333333333333335,24.0,0.04750084369918121,0.6748350612629594
Unknown_642133,MIL,642133,2022,161,631,556,122,24,0,37,65,127,5,5,0.219,0.43975903614457834,0.5323475046210722,0.767,0.6174142480211081,0.23880597014925375,0.4492078285181733,0.38784165881244115,0.6878,0.358,0.519903498190591,0.33333333333333337,27.0,0.027821711239426263,0.6121583411875589
Unknown_592885,MIL,592885,2022,163,702,602,152,27,4,14,92,169,5,2,0.252,0.5933734939759036,0.38077634011090583,0.736,0.31398416886543534,0.5791044776119404,0.5801491146318732,0.48067860508953814,0.6197,0.358,0.519903498190591,0.3533333333333334,31.0,0.025530678322332592,0.5193213949104618
Unknown_602104,BAL,602104,2022,126,473,429,110,19,1,19,32,103,5,4,0.256,0.4668674698795181,0.4879852125693162,0.751,0.4564643799472295,0.4746268656716418,0.28471575023299156,0.4267200754005655,0.6977,0.358,0.519903498190591,0.28,28.0,0.05226319107103702,0.5732799245994344
Unknown_663728,SEA,663728,2022,131,464,413,88,22,2,29,44,141,2,5,0.213,0.39457831325301196,0.5785582255083181,0.775,0.6992084432717678,0.31044776119402984,0.4109972041006523,0.6295947219604147,0.597,0.357,0.5170888620828307,0.28,26.0,0.05204179851595633,0.37040527803958523
Unknown_623993,BAL,623993,2022,161,677,603,143,27,0,34,56,131,13,5,0.237,0.4668674698795181,0.512014787430684,0.764,0.5408970976253298,0.33432835820895523,0.35461323392357874,0.36946277097078234,0.7046,0.357,0.5170888620828307,0.34,28.0,0.03528158743620236,0.6305372290292177
Unknown_663538,CHC,663538,2022,143,547,510,142,25,6,10,29,58,6,2,0.278,0.5,0.43622920517560076,0.733,0.32189973614775724,0.4865671641791045,0.2162162162162162,0.16328934967012254,0.83,0.357,0.5170888620828307,0.30000000000000004,25.0,0.02870492418827012,0.8367106503298773
Unknown_570482,MIN,570482,2022,151,584,533,150,29,3,14,42,102,2,7,0.281,0.5240963855421686,0.46580406654343814,0.758,0.35620052770448546,0.5582089552238807,0.304287045666356,0.32516493873704055,0.75,0.357,0.5170888620828307,0.31333333333333335,31.0,0.03702322043981733,0.6748350612629594
Unknown_642731,SF,642731,2022,146,566,512,137,22,2,16,33,96,15,5,0.268,0.5090361445783133,0.4399260628465805,0.74,0.3588390501319261,0.4925373134328358,0.24091332712022367,0.31314797360980207,0.7438,0.357,0.5170888620828307,0.30666666666666664,26.0,0.04630084947471451,0.686852026390198
Unknown_660707,COL,660707,2022,58,204,193,46,16,1,7,10,64,1,0,0.238,0.3644578313253013,0.4916820702402959,0.72,0.5092348284960422,0.555223880597015,0.19757688723205966,0.6526861451460885,0.6324,0.356,0.5146763168476075,0.2,24.0,0.11390870363142643,0.34731385485391164
Unknown_656976,AZ,656976,2022,86,308,271,62,10,0,10,33,72,1,3,0.229,0.463855421686747,0.3733826247689465,0.688,0.366754617414248,0.40895522388059713,0.4683131407269338,0.4644203581526862,0.6558,0.356,0.5146763168476075,0.22666666666666668,26.0,0.032247110455083765,0.5355796418473138
Unknown_662139,AZ,662139,2022,161,629,565,131,24,3,30,50,153,7,5,0.232,0.42771084337349397,0.49907578558225524,0.744,0.5356200527704486,0.3791044776119403,0.3397017707362535,0.48656927426955704,0.6614,0.356,0.5146763168476075,0.32000000000000006,26.0,0.04920473047796167,0.5134307257304431
Unknown_458015,CIN,458015,2022,102,414,359,76,22,2,13,45,101,10,0,0.212,0.47590361445783136,0.40480591497227375,0.709,0.4538258575197889,0.36716417910447763,0.4757688723205965,0.48845428840716304,0.6232,0.356,0.5146763168476075,0.26,39.0,0.033441417048264255,0.511545711592837
Unknown_622666,PHI,622666,2022,64,201,185,43,4,0,4,14,42,1,0,0.232,0.3975903614457831,0.268022181146026,0.609,0.20316622691292874,0.4388059701492538,0.2940354147250699,0.40598491988689916,0.7114,0.356,0.5146763168476075,0.2,29.0,0.04803267225039612,0.594015080113101
Unknown_642086,NYM,642086,2022,61,181,157,35,13,1,1,17,43,5,2,0.223,0.47289156626506024,0.30314232902033283,0.652,0.2796833773087071,0.4835820895522388,0.4068033550792171,0.4733741753063148,0.6409,0.356,0.5146763168476075,0.19333333333333336,27.0,0.038970150888924256,0.5266258246936852
Unknown_660670,ATL,660670,2022,123,550,482,129,25,0,15,54,131,11,3,0.268,0.5873493975903613,0.44177449168207034,0.766,0.3588390501319261,0.6029850746268658,0.42684063373718545,0.47478793590951934,0.6436,0.355,0.5118616807398472,0.29333333333333333,25.0,0.03694383095681098,0.5252120640904807
Unknown_687093,ATL,687093,2022,46,163,148,43,7,0,5,11,38,3,1,0.291,0.5783132530120482,0.48983364140480606,0.789,0.36939313984168864,0.6686567164179104,0.28378378378378377,0.46277097078228085,0.681,0.355,0.5118616807398472,0.18666666666666668,21.0,0.05683494341286588,0.5372290292177193
Unknown_623912,TB,623912,2022,127,460,427,126,24,0,7,19,78,10,4,0.295,0.5391566265060243,0.4177449168207025,0.737,0.25329815303430075,0.626865671641791,0.16169617893755825,0.31314797360980207,0.7674,0.355,0.5118616807398472,0.2733333333333333,28.0,0.06947804888349353,0.686852026390198
Unknown_596847,TB,596847,2022,124,453,377,85,22,0,11,70,128,2,4,0.225,0.5692771084337348,0.36414048059149734,0.718,0.3614775725593667,0.5134328358208955,0.6891891891891891,0.5794062205466541,0.5585,0.355,0.5118616807398472,0.26666666666666666,31.0,0.025397573571322905,0.4205937794533461
Unknown_624503,MIN,624503,2022,137,465,426,117,28,5,10,20,110,10,6,0.275,0.4819277108433735,0.4805914972273569,0.752,0.39841688654353563,0.6238805970149256,0.16961789375582476,0.47101790763430734,0.6925,0.355,0.5118616807398472,0.2733333333333333,27.0,0.09649424937320912,0.5289820923656927
Unknown_643265,MIA,643265,2022,128,500,441,113,34,2,9,43,126,11,5,0.256,0.5301204819277109,0.42513863216266184,0.738,0.36411609498680736,0.5970149253731344,0.36999068033550786,0.5073044297832233,0.64,0.355,0.5118616807398472,0.28,32.0,0.04671005703951554,0.49269557021677657
Unknown_642180,LAA,642180,2022,67,194,173,41,5,1,1,15,40,1,0,0.237,0.4337349397590361,0.22365988909426987,0.596,0.12928759894459102,0.5044776119402985,0.32945013979496734,0.39938737040527805,0.6856,0.355,0.5118616807398472,0.19333333333333336,28.0,0.04162529571813536,0.6006126295947221
Unknown_621028,PIT,621028,2022,87,335,312,87,20,2,3,17,51,3,1,0.279,0.49096385542168675,0.390018484288355,0.706,0.2559366754617414,0.5671641791044777,0.2054986020503262,0.2721489161168709,0.7821,0.354,0.5090470446320868,0.23333333333333334,29.0,0.04809861856709679,0.7278510838831291
Unknown_593871,MIN,593871,2022,115,479,404,90,17,0,17,68,104,3,4,0.223,0.5361445783132531,0.40110905730129404,0.727,0.4195250659630607,0.35820895522388063,0.6309412861136998,0.4250706880301602,0.6347,0.354,0.5090470446320868,0.2733333333333333,29.0,0.019586021781020528,0.5749293119698398
Unknown_605131,LAD,605131,2022,69,233,198,43,8,0,9,29,42,3,1,0.217,0.5030120481927711,0.4066543438077635,0.719,0.44327176781002636,0.28656716417910455,0.5493942218080149,0.3383600377002827,0.6738,0.353,0.5066344993968637,0.20666666666666667,33.0,0.01802440953849821,0.6616399622997171
Unknown_444482,AZ,444482,2022,146,524,468,118,32,3,16,44,123,6,6,0.252,0.49096385542168675,0.4842883548983365,0.757,0.4617414248021108,0.5074626865671642,0.36067101584342964,0.46654099905749297,0.6698,0.353,0.5066344993968637,0.28,35.0,0.04407412702477517,0.5334590009425071
Unknown_621438,MIL,621438,2022,125,434,400,98,24,3,20,23,111,7,4,0.245,0.41265060240963847,0.5471349353049908,0.765,0.5699208443271768,0.453731343283582,0.2162162162162162,0.5162582469368521,0.6751,0.353,0.5066344993968637,0.26,28.0,0.08341165189959665,0.48374175306314804
Unknown_656305,TOR,656305,2022,165,653,566,133,29,1,29,70,179,10,7,0.235,0.5060240963855422,0.4972273567467654,0.77,0.525065963060686,0.4507462686567164,0.46877912395153776,0.55937794533459,0.6034,0.352,0.5038198632891033,0.31333333333333335,29.0,0.03948406983715821,0.44062205466541005
Unknown_660636,PIT,660636,2022,107,318,295,65,13,0,17,15,85,3,5,0.22,0.31024096385542177,0.48613678373382635,0.698,0.5488126649076517,0.32238805970149254,0.18918918918918917,0.5433553251649387,0.6761,0.352,0.5038198632891033,0.22666666666666668,25.0,0.09960681042193235,0.45664467483506144
Unknown_681584,SF,681584,2022,57,190,165,37,6,1,9,18,61,6,1,0.224,0.49096385542168675,0.4842883548983365,0.757,0.5356200527704486,0.4716417910447761,0.4105312208760485,0.6701225259189444,0.5526,0.352,0.5038198632891033,0.19333333333333336,25.0,0.05562278792900083,0.3298774740810557
Unknown_668942,AZ,668942,2022,130,530,462,124,28,1,11,56,104,2,5,0.268,0.5692771084337348,0.4269870609981517,0.751,0.33509234828496043,0.5582089552238807,0.461789375582479,0.3758246936852027,0.6849,0.352,0.5038198632891033,0.28,28.0,0.025921538466516576,0.6241753063147972
Unknown_642715,MIL,642715,2022,151,652,597,141,33,0,33,50,179,1,4,0.236,0.40963855421686746,0.5231053604436231,0.752,0.5593667546174143,0.4298507462686568,0.3266542404473439,0.560320452403393,0.6472,0.352,0.5038198632891033,0.31333333333333335,27.0,0.0592649399302161,0.4396795475966071
Unknown_645277,ATL,645277,2022,75,299,274,70,17,0,9,17,50,3,5,0.255,0.4307228915662651,0.4473197781885398,0.717,0.40105540897097625,0.4268656716417911,0.23438956197576888,0.30749293119698395,0.7659,0.352,0.5038198632891033,0.22000000000000003,25.0,0.04686985654900374,0.6925070688030159
Unknown_628450,WSH,628450,2022,107,347,321,87,18,0,9,23,79,1,2,0.271,0.48795180722891573,0.4380776340110906,0.731,0.345646437994723,0.5910447761194031,0.2781919850885368,0.4500471253534402,0.7032,0.352,0.5038198632891033,0.23333333333333334,35.0,0.05646826874656495,0.5499528746465598
Unknown_677551,TB,677551,2022,96,386,354,96,24,3,6,27,41,0,5,0.271,0.4849397590361446,0.4306839186691313,0.725,0.33509234828496043,0.4597014925373134,0.29496738117427773,0.16376060320452407,0.8238,0.351,0.501005227181343,0.24000000000000002,21.0,0.019400984294321848,0.8362393967954758
Unknown_456781,CIN,456781,2022,84,315,288,83,18,0,4,19,62,6,2,0.288,0.5572289156626508,0.4029574861367839,0.735,0.25065963060686014,0.6537313432835822,0.25023299161230195,0.3772384542884072,0.7238,0.351,0.501005227181343,0.22000000000000003,35.0,0.053164135755596295,0.6227615457115929
Unknown_641857,COL,641857,2022,155,634,561,139,25,3,20,64,161,5,4,0.248,0.5120481927710844,0.43622920517560076,0.738,0.40369393139841686,0.5253731343283582,0.43942218080149115,0.5117813383600377,0.6372,0.351,0.501005227181343,0.30666666666666664,28.0,0.038699200483276346,0.4882186616399622
Unknown_657757,CWS,657757,2022,134,445,406,99,22,0,16,33,92,3,3,0.244,0.4367469879518072,0.4473197781885398,0.72,0.4300791556728232,0.4238805970149254,0.315004659832246,0.40056550424128184,0.7124,0.351,0.501005227181343,0.26,26.0,0.04391283104298276,0.5994344957587181
Unknown_614173,BOS,614173,2022,93,294,260,61,21,1,8,29,97,1,2,0.235,0.463855421686747,0.44547134935304994,0.727,0.4538258575197889,0.6089552238805972,0.4287045666356011,0.6908576814326108,0.5612,0.351,0.501005227181343,0.22000000000000003,28.0,0.05475438883393227,0.30914231856738916
Unknown_647304,CLE,647304,2022,130,530,481,124,31,0,20,38,86,6,5,0.258,0.4789156626506025,0.5046210720887248,0.764,0.47493403693931396,0.4179104477611941,0.30335507921714816,0.29594721960414705,0.7547,0.35,0.4985926819461198,0.2733333333333333,25.0,0.033807006290155456,0.704052780395853
Unknown_621020,ATL,621020,2022,177,742,683,185,33,1,26,52,196,3,4,0.271,0.496987951807229,0.4842883548983365,0.76,0.41160949868073876,0.6208955223880598,0.2958993476234855,0.5360508953817154,0.6617,0.35,0.4985926819461198,0.33333333333333337,28.0,0.06294293002380527,0.46394910461828465
Unknown_592200,SF,592200,2022,62,193,163,35,6,1,5,26,53,2,2,0.215,0.5060240963855422,0.3364140480591498,0.682,0.34828496042216356,0.4358208955223881,0.5969245107176141,0.5605560791705938,0.5803,0.35,0.4985926819461198,0.18666666666666668,34.0,0.029452130518177043,0.4394439208294063
Unknown_595909,MIN,595909,2022,62,198,183,40,9,3,5,13,58,0,2,0.219,0.3313253012048193,0.3863216266173753,0.65,0.40897097625329815,0.4567164179104477,0.2753960857409133,0.6036757775683317,0.6414,0.35,0.4985926819461198,0.19333333333333336,30.0,0.07628355626036823,0.39632422243166854
Unknown_670770,CIN,670770,2022,76,269,236,58,11,5,10,20,42,7,6,0.246,0.47590361445783136,0.5323475046210722,0.778,0.546174142480211,0.35522388059701493,0.31547064305684996,0.2813383600377003,0.7435,0.35,0.4985926819461198,0.20666666666666667,27.0,0.03065871131630734,0.7186616399622996
Unknown_665828,NYY,665828,2022,52,191,173,42,10,1,8,16,53,0,1,0.243,0.44277108433734935,0.512014787430684,0.756,0.525065963060686,0.4985074626865672,0.3597390493942218,0.5673892554194157,0.6335,0.349,0.49577804583835944,0.18666666666666668,23.0,0.05408883120352384,0.43261074458058424
Unknown_666158,LAD,666158,2022,141,509,455,123,21,7,7,50,108,0,4,0.27,0.5481927710843374,0.40480591497227375,0.733,0.30079155672823216,0.6059701492537314,0.42684063373718545,0.4135249764373233,0.6896,0.349,0.49577804583835944,0.26666666666666666,25.0,0.03181915210556547,0.5864750235626768
Unknown_663630,BAL,663630,2022,74,202,183,41,12,0,4,14,60,2,1,0.224,0.3825301204819277,0.33456561922365996,0.64,0.32189973614775724,0.5194029850746269,0.29217148182665426,0.6133364750235626,0.6139,0.349,0.49577804583835944,0.19333333333333336,25.0,0.072946107765616,0.38666352497643763
Unknown_657041,WSH,657041,2022,148,581,528,130,27,3,19,44,142,4,5,0.246,0.4457831325301205,0.44916820702402965,0.723,0.42480211081794195,0.4895522388059701,0.32199440820130476,0.4893967954759661,0.673,0.349,0.49577804583835944,0.2866666666666667,27.0,0.05248382982635811,0.5106032045240341
Unknown_608577,SD,608577,2022,65,202,185,46,9,0,2,13,47,3,1,0.249,0.4487951807228916,0.2883548983364142,0.637,0.18997361477572558,0.5582089552238807,0.26933830382106244,0.4618284637134778,0.6881,0.349,0.49577804583835944,0.19333333333333336,27.0,0.05993222699863858,0.538171536286522
Unknown_624585,MIA,624585,2022,77,324,287,64,14,0,14,33,95,3,1,0.223,0.45481927710843373,0.4510166358595195,0.727,0.4907651715039578,0.4328358208955225,0.4440820130475303,0.6043826578699341,0.5926,0.349,0.49577804583835944,0.22000000000000003,30.0,0.04568611449905462,0.39561734213006594
Unknown_677951,KC,677951,2022,161,664,621,161,33,6,23,32,138,6,5,0.259,0.42771084337349397,0.4972273567467654,0.743,0.4617414248021108,0.4865671641791045,0.19384902143522834,0.40315739868049016,0.7349,0.348,0.4929634097305991,0.30000000000000004,22.0,0.07343946121318497,0.5968426013195098
Unknown_543760,TEX,543760,2022,173,759,689,170,35,5,27,56,125,4,10,0.247,0.4367469879518072,0.47319778188539746,0.733,0.45910290237467016,0.3791044776119403,0.3131407269338304,0.30160226201696516,0.7563,0.348,0.4929634097305991,0.32666666666666666,32.0,0.033189739291766315,0.6983977379830346
Unknown_578428,COL,578428,2022,129,501,471,136,33,0,3,18,58,9,3,0.289,0.5030120481927711,0.3770794824399261,0.703,0.21108179419525064,0.5611940298507463,0.13653308480894688,0.1863807728557964,0.8303,0.348,0.4929634097305991,0.26,32.0,0.052427564407320486,0.8136192271442033
Unknown_673490,SD,673490,2022,167,645,571,145,34,4,12,59,117,8,4,0.254,0.5180722891566266,0.40110905730129404,0.721,0.33773087071240104,0.4895522388059701,0.3956197576887232,0.3409519321394911,0.7101,0.347,0.4905508644953759,0.29333333333333333,27.0,0.02836646704614835,0.6590480678605088
Unknown_595777,SD,595777,2022,169,722,629,153,38,2,16,83,110,4,3,0.243,0.5301204819277109,0.39186691312384486,0.72,0.3535620052770448,0.40895522388059713,0.5051258154706431,0.2726201696512724,0.723,0.347,0.4905508644953759,0.31333333333333335,29.0,0.015644157384349315,0.7273798303487276
Unknown_686681,KC,686681,2022,58,207,186,47,11,1,4,9,48,8,2,0.253,0.463855421686747,0.3937153419593347,0.699,0.32981530343007914,0.5432835820895523,0.17194780987884434,0.4599434495758718,0.6763,0.347,0.4905508644953759,0.18666666666666668,24.0,0.0931788214619798,0.5400565504241281
Unknown_545341,COL,545341,2022,143,566,531,140,22,3,21,27,131,6,2,0.264,0.4457831325301205,0.48243992606284664,0.741,0.4274406332453826,0.5313432835820896,0.19151910531220875,0.45876531573986806,0.7102,0.347,0.4905508644953759,0.2733333333333333,31.0,0.08389046764428856,0.5412346842601319
Unknown_665833,PIT,665833,2022,91,374,344,81,13,4,18,28,129,1,1,0.235,0.40963855421686746,0.5157116451016637,0.748,0.5514511873350924,0.5492537313432836,0.3182665424044734,0.7262016965127238,0.5775,0.347,0.4905508644953759,0.22666666666666668,24.0,0.07912230103371509,0.2737983034872762
Unknown_666969,TEX,666969,2022,168,692,633,157,36,5,28,46,190,6,7,0.248,0.4337349397590361,0.5157116451016637,0.755,0.5171503957783641,0.5134328358208955,0.27912395153774466,0.5605560791705938,0.6503,0.347,0.4905508644953759,0.30666666666666664,29.0,0.06991907941558707,0.4394439208294063
Unknown_608369,TEX,608369,2022,162,694,622,149,24,1,35,59,110,7,6,0.24,0.45783132530120485,0.5101663585951943,0.76,0.5329815303430079,0.30447761194029854,0.3653308480894688,0.2869934024505184,0.7464,0.347,0.4905508644953759,0.30666666666666664,28.0,0.02608623648387575,0.7130065975494817
Unknown_622534,TB,622534,2022,100,395,364,101,22,2,5,28,72,2,1,0.277,0.5240963855421686,0.3992606284658042,0.722,0.27440633245382584,0.5940298507462688,0.2996272134203169,0.34307257304429783,0.7418,0.346,0.4877362283876156,0.23333333333333334,28.0,0.03976132011931521,0.6569274269557022
Unknown_670623,TB,670623,2022,115,397,344,72,16,0,21,46,69,5,2,0.209,0.45783132530120485,0.48983364140480606,0.749,0.58311345646438,0.19402985074626866,0.5093196644920783,0.32304429783223376,0.6977,0.346,0.4877362283876156,0.23333333333333334,23.0,0.019018815186758888,0.6769557021677663
Unknown_644374,TB,644374,2022,77,226,202,45,9,0,6,18,69,4,2,0.223,0.4156626506024096,0.3364140480591498,0.653,0.32981530343007914,0.5014925373134328,0.3401677539608574,0.6328934967012253,0.5973,0.346,0.4877362283876156,0.19333333333333336,27.0,0.06423056681119069,0.3671065032987748
Unknown_609280,NYY,609280,2022,43,162,152,38,7,1,2,7,32,0,3,0.25,0.3614457831325302,0.32347504621072093,0.626,0.237467018469657,0.4895522388059701,0.17054986020503263,0.3788878416588125,0.7593,0.346,0.4877362283876156,0.18000000000000002,27.0,0.07848265634698236,0.6211121583411876
Unknown_595751,SD,595751,2022,90,298,278,72,16,0,10,11,107,6,3,0.259,0.42469879518072284,0.46210720887245854,0.723,0.41160949868073876,0.728358208955224,0.14119291705498602,0.7596606974552308,0.5839,0.346,0.4877362283876156,0.20666666666666667,29.0,0.17835612290493247,0.24033930254476932
Unknown_607054,MIL,607054,2022,118,356,311,74,17,2,9,37,91,2,3,0.238,0.48795180722891573,0.4029574861367839,0.712,0.3825857519788918,0.5074626865671642,0.4534016775396086,0.5157869934024505,0.6264,0.346,0.4877362283876156,0.22000000000000003,32.0,0.037609580122449575,0.4842130065975494
Unknown_664761,PHI,664761,2022,171,691,639,175,27,3,14,36,116,5,11,0.274,0.4668674698795181,0.40110905730129404,0.704,0.2849604221635884,0.5253731343283582,0.212022367194781,0.3091423185673893,0.7728,0.345,0.4849215922798552,0.30000000000000004,26.0,0.052369923896929585,0.6908576814326108
Unknown_571980,CIN,571980,2022,111,369,342,79,21,4,12,21,100,4,1,0.231,0.37650602409638545,0.45656192236598897,0.704,0.4775725593667546,0.4656716417910447,0.23438956197576888,0.5520735155513666,0.6585,0.345,0.4849215922798552,0.22666666666666668,31.0,0.08217921945245224,0.4479264844486335
Unknown_663698,SF,663698,2022,95,315,282,64,7,0,14,29,120,4,0,0.227,0.4518072289156626,0.4195933456561924,0.709,0.43535620052770446,0.6089552238805972,0.3984156570363467,0.8112629594721961,0.5143,0.345,0.4849215922798552,0.21333333333333335,26.0,0.07006394596904623,0.18873704052780416
Unknown_656185,PIT,656185,2022,47,157,133,26,4,1,3,14,43,6,1,0.195,0.42469879518072284,0.2476894639556378,0.607,0.27440633245382584,0.3791044776119403,0.3849021435228332,0.5589066918001884,0.5796,0.345,0.4849215922798552,0.17333333333333334,29.0,0.04942747969657709,0.4410933081998114
Unknown_670768,SF,670768,2022,106,373,330,88,19,2,5,33,77,4,6,0.267,0.533132530120482,0.38447319778188555,0.717,0.2796833773087071,0.5761194029850747,0.38164026095060577,0.3998586239396796,0.6944,0.345,0.4849215922798552,0.22666666666666668,27.0,0.03513489281836742,0.6001413760603205
Unknown_641645,NYM,641645,2022,105,358,315,83,13,1,2,38,53,3,0,0.263,0.5722891566265059,0.2883548983364142,0.678,0.15303430079155672,0.5313432835820896,0.4636533084808947,0.2622525918944392,0.7318,0.344,0.482509047044632,0.22000000000000003,28.0,0.01699310285246708,0.7377474081055608
Unknown_462101,ATH,462101,2022,158,607,565,142,34,1,18,39,99,3,0,0.251,0.4367469879518072,0.4380776340110906,0.714,0.39577836411609496,0.4268656716417911,0.2688723205964585,0.29783223374175305,0.7677,0.344,0.482509047044632,0.2733333333333333,34.0,0.039090077603831,0.7021677662582468
Unknown_669304,MIN,669304,2022,129,495,453,121,25,0,15,30,91,10,2,0.267,0.5030120481927711,0.4584103512014788,0.747,0.38522427440633245,0.5074626865671642,0.2516309412861137,0.34660697455230915,0.7354,0.344,0.482509047044632,0.25333333333333335,24.0,0.04869923797085362,0.653393025447691
Unknown_630105,SD,630105,2022,174,739,640,151,31,4,19,75,149,16,8,0.236,0.5090361445783133,0.39186691312384486,0.713,0.37203166226912926,0.42089552238805983,0.4422180801491147,0.38854853911404336,0.6712,0.343,0.4796944109368717,0.30000000000000004,28.0,0.028437951528751657,0.6114514608859567
Unknown_669016,LAA,669016,2022,154,518,477,119,22,4,15,31,182,3,3,0.249,0.42168674698795183,0.4306839186691313,0.704,0.39050131926121373,0.6955223880597016,0.24790307548928237,0.7415174363807728,0.5753,0.343,0.4796944109368717,0.25333333333333335,25.0,0.10373183103672479,0.2584825636192274
Unknown_669289,TOR,669289,2022,146,526,481,132,29,0,9,39,71,2,3,0.274,0.5180722891566266,0.40110905730129404,0.72,0.28232189973614774,0.5074626865671642,0.3145386766076421,0.23162111215834125,0.7852,0.343,0.4796944109368717,0.25333333333333335,28.0,0.025256977694893976,0.7683788878416589
Unknown_663527,BAL,663527,2022,65,216,184,37,4,0,3,25,51,4,3,0.201,0.4457831325301205,0.18114602587800382,0.577,0.16358839050131924,0.3641791044776119,0.5083876980428704,0.4698397737983035,0.6296,0.343,0.4796944109368717,0.18666666666666668,25.0,0.02949118982120804,0.5301602262016967
Unknown_664913,ATH,664913,2022,159,588,532,119,28,3,26,52,160,3,1,0.224,0.4156626506024096,0.4805914972273569,0.73,0.5329815303430079,0.4,0.3811742777260019,0.5546654099905749,0.6344,0.343,0.4796944109368717,0.26666666666666666,30.0,0.04957122337127877,0.445334590009425
Unknown_640492,SD,640492,2022,93,238,221,57,11,3,1,14,53,1,1,0.258,0.43975903614457834,0.32162661737523107,0.652,0.21372031662269128,0.5940298507462688,0.2432432432432432,0.4382657869934025,0.7101,0.343,0.4796944109368717,0.19333333333333336,26.0,0.06330126640537617,0.5617342130065974
Unknown_665161,HOU,665161,2022,146,596,560,143,22,2,25,24,144,6,5,0.255,0.4006024096385542,0.4842883548983365,0.726,0.45118733509234826,0.4895522388059701,0.1570363466915191,0.48279924599434504,0.7013,0.342,0.47687977482911137,0.26666666666666666,25.0,0.10603093828825276,0.5172007540056549
Unknown_676801,HOU,676801,2022,120,435,384,94,12,2,14,46,116,3,1,0.245,0.5150602409638555,0.4103512014787432,0.725,0.3746701846965699,0.5373134328358209,0.461789375582479,0.5419415645617341,0.6184,0.342,0.47687977482911137,0.23333333333333334,27.0,0.03883132092596559,0.45805843543826597
Unknown_571970,LAD,571970,2022,151,614,505,100,25,1,22,98,161,5,6,0.198,0.5210843373493976,0.38447319778188555,0.713,0.4617414248021108,0.31044776119402984,0.7129543336439887,0.5313383600377002,0.57,0.342,0.47687977482911137,0.26666666666666666,32.0,0.021792239254309828,0.4686616399622998
Unknown_500871,NYM,500871,2022,146,582,529,129,27,4,24,45,136,1,7,0.244,0.4307228915662651,0.5027726432532349,0.747,0.5092348284960422,0.4328358208955225,0.32945013979496734,0.4641847313854854,0.6873,0.342,0.47687977482911137,0.26,33.0,0.04851115263812169,0.5358152686145146
Unknown_624415,TOR,624415,2022,104,332,278,58,18,1,7,44,92,6,3,0.209,0.5060240963855422,0.3364140480591498,0.682,0.36411609498680736,0.4358208955223881,0.5866728797763281,0.5664467483506126,0.5693,0.342,0.47687977482911137,0.21333333333333335,27.0,0.030472484683082002,0.4335532516493874
Unknown_606466,AZ,606466,2022,147,592,524,125,44,2,12,57,106,6,5,0.239,0.4819277108433735,0.41589648798521267,0.716,0.39841688654353563,0.42089552238805983,0.41798695246971107,0.3355325164938737,0.7145,0.342,0.47687977482911137,0.26666666666666666,29.0,0.025991533840360473,0.6644674835061262
Unknown_543592,SD,543592,2022,122,452,390,101,19,0,5,43,72,6,10,0.259,0.5301204819277109,0.31792975970425147,0.68,0.20580474934036938,0.4865671641791045,0.4123951537744641,0.2888784165881244,0.7257,0.341,0.474065138721351,0.23333333333333334,33.0,0.022415907358761762,0.7111215834118756
Unknown_663845,CHC,663845,2022,105,321,279,67,8,2,3,35,98,4,2,0.24,0.5210843373493976,0.2606284658040667,0.647,0.17414248021108178,0.6626865671641792,0.4771668219944082,0.6328934967012253,0.5701,0.341,0.474065138721351,0.20666666666666667,26.0,0.04420709579613484,0.3671065032987748
Unknown_572191,KC,572191,2022,134,485,437,112,10,3,11,39,110,3,4,0.256,0.4849397590361446,0.35859519408502777,0.687,0.2717678100263852,0.5432835820895523,0.34389561975768873,0.4479264844486334,0.6825,0.341,0.474065138721351,0.24000000000000002,31.0,0.044593782096178855,0.5520735155513667
Unknown_641531,KC,641531,2022,138,534,496,123,28,5,13,34,133,3,1,0.248,0.42771084337349397,0.4232902033271721,0.703,0.38522427440633245,0.5343283582089553,0.26607642124883507,0.5004712535344015,0.6816,0.341,0.474065138721351,0.2466666666666667,31.0,0.06568399040642253,0.49952874646559864
Unknown_656775,BAL,656775,2022,163,703,638,162,33,4,17,49,136,10,5,0.254,0.47289156626506024,0.4140480591497229,0.713,0.35620052770448546,0.4835820895522388,0.2940354147250699,0.36946277097078234,0.7183,0.34,0.4716525934861278,0.28,28.0,0.04372836054115829,0.6305372290292177
Unknown_657077,BOS,657077,2022,161,672,619,170,41,1,11,43,91,3,7,0.275,0.49096385542168675,0.41219963031423307,0.719,0.30079155672823216,0.5044776119402985,0.2674743709226468,0.2325636192271442,0.7961,0.34,0.4716525934861278,0.2733333333333333,26.0,0.03094290593563976,0.7674363807728557
Unknown_621550,CHC,621550,2022,144,561,493,103,29,0,27,56,193,9,2,0.209,0.42771084337349397,0.4768946395563772,0.732,0.5646437994722955,0.4238805970149254,0.4342963653308481,0.724081055607917,0.5383,0.34,0.4716525934861278,0.25333333333333335,31.0,0.056710302670222285,0.2759189443920831
Unknown_571657,CIN,571657,2022,156,618,559,145,25,1,16,33,103,17,7,0.259,0.4789156626506025,0.4066543438077635,0.71,0.32981530343007914,0.4626865671641791,0.2180801491146319,0.3063147973609802,0.7492,0.34,0.4716525934861278,0.26666666666666666,32.0,0.050416450726169376,0.6936852026390199
Unknown_649966,MIL,649966,2022,119,471,405,97,17,1,16,50,99,11,5,0.24,0.533132530120482,0.4269870609981517,0.74,0.41160949868073876,0.42089552238805983,0.4641192917054986,0.4088124410933082,0.6603,0.34,0.4716525934861278,0.23333333333333334,25.0,0.02830396242562233,0.591187558906692
Unknown_457705,MIL,457705,2022,143,606,535,130,25,0,19,63,129,4,4,0.243,0.5030120481927711,0.4103512014787432,0.721,0.37994722955145116,0.4477611940298507,0.4538676607642125,0.4151743638077286,0.6766,0.34,0.4716525934861278,0.26,36.0,0.029616866854557958,0.5848256361922715
Unknown_669222,CIN,669222,2022,119,456,414,98,13,1,7,33,80,6,1,0.237,0.4337349397590361,0.27726432532347517,0.625,0.20580474934036938,0.4268656716417911,0.3066169617893756,0.3268143261074458,0.7149,0.34,0.4716525934861278,0.23333333333333334,27.0,0.03688557122061429,0.6731856738925541
Unknown_518626,NYY,518626,2022,143,587,512,116,29,0,17,61,156,8,6,0.227,0.47289156626506024,0.3863216266173753,0.698,0.38786279683377306,0.4567164179104477,0.4534016775396086,0.5398209236569274,0.6167,0.339,0.4688379573783675,0.25333333333333335,37.0,0.03950973682806946,0.4601790763430724
Unknown_593643,LAD,593643,2022,79,184,178,44,11,2,2,4,27,2,0,0.247,0.34337349397590367,0.3530499075785583,0.637,0.28759894459102897,0.4417910447761193,0.07036346691519105,0.25918944392082943,0.8207,0.339,0.4688379573783675,0.17333333333333334,30.0,0.12084432466286346,0.7408105560791702
Unknown_620443,SEA,620443,2022,64,194,178,45,3,0,4,12,56,1,3,0.253,0.42469879518072284,0.301293900184843,0.636,0.1978891820580475,0.6119402985074628,0.2576887232059646,0.5937794533459001,0.6443,0.339,0.4688379573783675,0.18000000000000002,26.0,0.08026752334349059,0.4062205466541
Unknown_682985,DET,682985,2022,102,439,394,102,21,6,6,38,126,3,4,0.259,0.5060240963855422,0.39556377079482447,0.714,0.31662269129287596,0.6776119402985076,0.3727865796831314,0.5897737983034872,0.6196,0.339,0.4688379573783675,0.22666666666666668,22.0,0.05413977323396421,0.410226201696513
Unknown_596115,BOS,596115,2022,99,409,368,86,22,0,16,33,127,3,5,0.234,0.42168674698795183,0.46210720887245854,0.722,0.4775725593667546,0.5074626865671642,0.3452935694315004,0.6451460885956645,0.6015,0.339,0.4688379573783675,0.22000000000000003,30.0,0.0644658623075978,0.35485391140433564
Unknown_624641,STL,624641,2022,74,211,193,47,13,4,2,7,54,8,2,0.244,0.41265060240963847,0.3863216266173753,0.679,0.345646437994723,0.5671641791044777,0.12395153774464118,0.5164938737040528,0.6682,0.338,0.46602332127060714,0.18000000000000002,26.0,0.13918295509065964,0.48350612629594725
Unknown_663624,BAL,663624,2022,154,637,579,144,29,1,24,47,161,4,7,0.249,0.4457831325301205,0.467652495378928,0.733,0.445910290237467,0.4925373134328358,0.3131407269338304,0.5089538171536285,0.6672,0.338,0.46602332127060714,0.26,25.0,0.05626948953198062,0.49104618284637147
Unknown_666801,PIT,666801,2022,75,290,264,62,9,4,11,23,79,2,1,0.235,0.42771084337349397,0.46210720887245854,0.724,0.47493403693931396,0.4686567164179104,0.3387698042870456,0.555372290292177,0.6414,0.338,0.46602332127060714,0.19333333333333336,23.0,0.05648119061143668,0.44462770970782284
Unknown_527038,SF,527038,2022,159,624,543,127,28,1,21,63,106,11,7,0.234,0.49397590361445787,0.4269870609981517,0.727,0.4274406332453826,0.34925373134328364,0.4398881640260951,0.31385485391140433,0.7115,0.338,0.46602332127060714,0.26,31.0,0.02255331902129635,0.6861451460885957
Unknown_503556,NYY,503556,2022,76,232,208,43,8,0,9,15,61,4,2,0.207,0.34036144578313254,0.37153419593345666,0.646,0.4195250659630607,0.32537313432835824,0.2707362534948741,0.5329877474081056,0.6422,0.338,0.46602332127060714,0.18666666666666668,33.0,0.06864250731523083,0.4670122525918945
Unknown_446334,SF,446334,2022,88,298,266,65,13,0,14,27,83,2,3,0.244,0.47289156626506024,0.512014787430684,0.767,0.5224274406332453,0.4865671641791045,0.391425908667288,0.5697455230914232,0.6242,0.338,0.46602332127060714,0.19333333333333336,37.0,0.04949181031860282,0.430254476908577
Unknown_668472,KC,668472,2022,57,201,171,32,9,2,7,24,75,2,3,0.187,0.3975903614457831,0.39186691312384486,0.676,0.5013192612137203,0.4119402985074627,0.5256290773532153,0.7926484448633364,0.4925,0.338,0.46602332127060714,0.18000000000000002,24.0,0.05047582906738594,0.2073515551366636
Unknown_572816,STL,572816,2022,97,319,300,83,19,1,6,15,51,2,2,0.277,0.4668674698795181,0.4306839186691313,0.72,0.31926121372031663,0.5373134328358209,0.18825722273998136,0.29029217719132894,0.7868,0.337,0.463610776035384,0.2,33.0,0.05584383108219253,0.7097078228086713
Unknown_669720,BAL,669720,2022,151,605,557,138,36,2,16,35,117,10,3,0.248,0.4337349397590361,0.42883548983364156,0.708,0.39313984168865435,0.453731343283582,0.239049394221808,0.3692271442035815,0.7322,0.337,0.463610776035384,0.25333333333333335,27.0,0.054645998151152536,0.6307728557964185
Unknown_664059,SEA,664059,2022,66,204,179,46,9,1,5,18,53,4,2,0.257,0.533132530120482,0.42144177449168224,0.737,0.3588390501319261,0.5940298507462688,0.38024231127679403,0.5256833176248821,0.6275,0.337,0.463610776035384,0.18000000000000002,28.0,0.0470070804896126,0.4743166823751177
Unknown_594807,ATL,594807,2022,93,343,313,71,19,1,13,23,106,5,2,0.227,0.39457831325301196,0.45286506469500937,0.707,0.4828496042216359,0.4835820895522388,0.28191985088536814,0.6416116870876531,0.6093,0.337,0.463610776035384,0.2,34.0,0.0791273461566386,0.3583883129123471
Unknown_641820,BAL,641820,2022,155,624,552,129,25,1,18,56,147,11,5,0.234,0.4698795180722892,0.38077634011090583,0.695,0.36411609498680736,0.444776119402985,0.3872320596458528,0.46866163996229976,0.6571,0.336,0.4607961399276236,0.25333333333333335,30.0,0.04083179265212733,0.5313383600377002
Unknown_642708,CLE,642708,2022,168,726,691,191,26,9,15,25,125,6,4,0.276,0.4457831325301205,0.4269870609981517,0.711,0.31662269129287596,0.546268656716418,0.12954333643988816,0.31927426955702165,0.7851,0.336,0.4607961399276236,0.26666666666666666,27.0,0.08688400971385686,0.6807257304429783
Unknown_542194,ATH,542194,2022,114,363,344,87,19,0,12,15,85,2,1,0.253,0.3885542168674698,0.44177449168207034,0.7,0.39841688654353563,0.5014925373134328,0.16169617893755825,0.4653628652214891,0.7163,0.336,0.4607961399276236,0.20666666666666667,31.0,0.09975326561121116,0.534637134778511
Unknown_666185,STL,666185,2022,134,517,456,109,31,4,9,49,99,7,5,0.239,0.4849397590361446,0.38817005545286515,0.703,0.3588390501319261,0.444776119402985,0.4109972041006523,0.3647502356267672,0.7002,0.336,0.4607961399276236,0.23333333333333334,24.0,0.02909285123308731,0.6352497643732329
Unknown_666915,BOS,666915,2022,119,387,349,78,12,2,13,30,123,4,4,0.223,0.39457831325301196,0.3826247689463957,0.67,0.39313984168865435,0.4955223880597015,0.3303821062441752,0.6623468426013196,0.5943,0.336,0.4607961399276236,0.20666666666666667,27.0,0.06936399903080509,0.3376531573986803
Unknown_656896,KC,656896,2022,114,391,360,82,17,3,13,25,89,5,1,0.228,0.3855421686746987,0.4177449168207025,0.686,0.4300791556728232,0.39402985074626873,0.26700838769804286,0.4498114985862394,0.6957,0.336,0.4607961399276236,0.20666666666666667,26.0,0.05893466875706299,0.5501885014137606
Unknown_596146,MIN,596146,2022,126,479,420,97,20,1,10,50,72,5,4,0.231,0.4789156626506025,0.33456561922365996,0.672,0.3034300791556728,0.35820895522388063,0.45573159366262816,0.26767200754005654,0.7349,0.336,0.4607961399276236,0.22666666666666668,29.0,0.017859159895332412,0.7323279924599435
Unknown_467793,SEA,467793,2022,145,563,484,103,24,0,20,74,101,2,3,0.213,0.4819277108433735,0.39186691312384486,0.704,0.43535620052770446,0.27761194029850755,0.5815470643056849,0.336239396795476,0.6856,0.335,0.45798150381986324,0.24000000000000002,36.0,0.016419915164081325,0.663760603204524
Unknown_666624,CHC,666624,2022,112,429,383,89,19,4,16,38,138,3,2,0.232,0.44277108433734935,0.46950092421441786,0.733,0.4934036939313984,0.5432835820895523,0.38210624417520966,0.6715362865221488,0.5758,0.335,0.45798150381986324,0.21333333333333335,23.0,0.060272331911524465,0.3284637134778512
Unknown_542932,MIA,542932,2022,106,423,375,91,18,3,5,44,94,3,1,0.243,0.5060240963855422,0.3197781885397412,0.673,0.25065963060686014,0.5253731343283582,0.4538676607642125,0.43708765315739867,0.6667,0.335,0.45798150381986324,0.21333333333333335,32.0,0.03134769681302263,0.5629123468426014
Unknown_592325,PIT,592325,2022,120,445,392,91,22,2,10,49,105,3,1,0.232,0.49096385542168675,0.37153419593345666,0.696,0.3535620052770448,0.4686567164179104,0.48229263746505124,0.4696041470311027,0.6472,0.335,0.45798150381986324,0.21333333333333335,30.0,0.03148255526436824,0.5303958529688972
Unknown_641487,SEA,641487,2022,159,656,564,135,27,3,7,75,86,10,5,0.239,0.5361445783132531,0.2975970425138634,0.671,0.2295514511873351,0.4029850746268657,0.5018639328984157,0.22243166823751176,0.7363,0.334,0.4555689585846401,0.2466666666666667,27.0,0.01219431187881115,0.777568331762488
Unknown_664056,STL,664056,2022,96,351,330,84,12,3,7,15,69,4,2,0.255,0.40662650602409633,0.36783733826247694,0.666,0.28759894459102897,0.4985074626865672,0.16821994408201305,0.37676720075400566,0.7493,0.334,0.4555689585846401,0.2,28.0,0.07911086285426254,0.6232327992459943
Unknown_572228,SD,572228,2022,145,599,529,120,23,0,23,57,193,7,6,0.227,0.4487951807228916,0.4195933456561924,0.708,0.43535620052770446,0.5074626865671642,0.41286113699906807,0.6727144203581527,0.571,0.334,0.4555689585846401,0.24000000000000002,31.0,0.05550174402050442,0.32728557964184724
Unknown_608385,SEA,608385,2022,147,581,483,102,16,0,14,90,113,5,3,0.211,0.5451807228915663,0.29020332717190395,0.67,0.29287598944591026,0.33134328358208953,0.6910531220876048,0.37181903864278987,0.642,0.334,0.4555689585846401,0.23333333333333334,29.0,0.014297621385947713,0.6281809613572102
Unknown_681082,PHI,681082,2022,143,520,471,114,22,2,11,46,97,1,1,0.242,0.45783132530120485,0.356746765249538,0.678,0.30606860158311344,0.444776119402985,0.38164026095060577,0.35296889726672953,0.7212,0.333,0.45275432247687974,0.22666666666666668,25.0,0.030782635140172314,0.6470311027332705
Unknown_641933,STL,641933,2022,103,410,358,82,12,1,14,41,108,4,7,0.229,0.45783132530120485,0.390018484288355,0.695,0.38786279683377306,0.4358208955223881,0.43522833178005593,0.5341658812441094,0.6268,0.333,0.45275432247687974,0.20666666666666667,27.0,0.04097632248303643,0.46583411875589054
Unknown_660688,WSH,660688,2022,119,456,416,107,24,0,9,31,53,6,2,0.257,0.47590361445783136,0.38077634011090583,0.696,0.30079155672823216,0.42089552238805983,0.28611369990680335,0.18732327992459946,0.8004,0.333,0.45275432247687974,0.21333333333333335,24.0,0.023069052824464843,0.8126767200754006
Unknown_669004,KC,669004,2022,137,551,476,107,22,3,19,67,134,1,7,0.225,0.4819277108433735,0.4232902033271721,0.721,0.4485488126649076,0.39701492537313443,0.5358807082945014,0.48656927426955704,0.6334,0.332,0.44993968636911935,0.22666666666666668,24.0,0.02870492418827012,0.5134307257304431
Unknown_641914,ATH,641914,2022,101,330,306,70,6,2,8,21,90,2,1,0.229,0.37349397590361444,0.30683918669131255,0.622,0.26912928759894456,0.4865671641791045,0.2656104380242311,0.5560791705937794,0.6576,0.332,0.44993968636911935,0.19333333333333336,28.0,0.07298523617090256,0.4439208294062207
Unknown_669242,STL,669242,2022,160,660,605,156,32,4,13,47,115,6,1,0.258,0.4789156626506025,0.39556377079482447,0.706,0.32189973614775724,0.4925373134328358,0.3010251630941286,0.32398680490103676,0.7439,0.331,0.44752714113389624,0.24000000000000002,27.0,0.037349663886582264,0.6760131950989632
Unknown_641680,TEX,641680,2022,130,468,423,99,20,1,17,42,90,1,2,0.234,0.4367469879518072,0.4306839186691313,0.71,0.4327176781002638,0.37014925373134333,0.3872320596458528,0.36663524976437323,0.7158,0.331,0.44752714113389624,0.20666666666666667,27.0,0.031488493639938414,0.6333647502356268
Unknown_621563,MIA,621563,2022,109,401,375,100,26,1,3,17,57,5,3,0.267,0.44277108433734935,0.3530499075785583,0.67,0.237467018469657,0.5104477611940299,0.1668219944082013,0.24835061262959474,0.8005,0.331,0.44752714113389624,0.2,32.0,0.05486226312234063,0.7516493873704053
Unknown_645801,LAA,645801,2022,59,170,150,31,6,0,4,19,47,1,0,0.207,0.42771084337349397,0.28280961182994463,0.627,0.29287598944591026,0.4149253731343284,0.4902143522833178,0.5650329877474082,0.6059,0.331,0.44752714113389624,0.16666666666666669,30.0,0.03786330426356707,0.43496701225259193
Unknown_592206,PHI,592206,2022,151,610,573,152,31,0,14,32,142,3,2,0.265,0.4487951807228916,0.40480591497227375,0.699,0.3113456464379947,0.5820895522388061,0.21388630009319662,0.4620640904806786,0.7098,0.33,0.44471250502613585,0.22666666666666668,30.0,0.07582178469814348,0.5379359095193215
Unknown_595879,DET,595879,2022,156,624,587,139,31,4,17,26,153,8,3,0.237,0.35843373493975916,0.3992606284658042,0.667,0.37994722955145116,0.4656716417910447,0.1635601118359739,0.4912818096135721,0.7003,0.33,0.44471250502613585,0.22666666666666668,30.0,0.10380618995520947,0.508718190386428
Unknown_641779,MIA,641779,2022,49,171,158,41,10,0,4,12,54,1,0,0.259,0.47590361445783136,0.41589648798521267,0.715,0.34300791556728233,0.7044776119402986,0.29636533084808947,0.6576343072573044,0.6082,0.33,0.44471250502613585,0.16666666666666669,26.0,0.07706614676329263,0.34236569274269546
Unknown_605612,DET,605612,2022,130,471,448,122,21,2,7,17,89,1,2,0.272,0.42469879518072284,0.37153419593345666,0.674,0.24802110817941952,0.5701492537313434,0.1374650512581547,0.3588595664467484,0.7665,0.33,0.44471250502613585,0.20666666666666667,29.0,0.09132887102490099,0.6411404335532516
Unknown_571976,SD,571976,2022,94,343,313,74,16,0,9,25,111,1,4,0.236,0.4036144578313252,0.3696857670979668,0.665,0.33773087071240104,0.5850746268656717,0.30894687791239517,0.6760131950989632,0.6006,0.329,0.4418978689183755,0.18666666666666668,32.0,0.07591220906512598,0.3239868049010368
Unknown_666176,LAA,666176,2022,100,325,306,69,14,2,10,13,117,4,2,0.225,0.32228915662650603,0.38447319778188555,0.647,0.39050131926121373,0.573134328358209,0.15563839701770735,0.7617813383600377,0.5846,0.329,0.4418978689183755,0.18666666666666668,23.0,0.16419354889389187,0.23821866163996241
Unknown_573262,SF,573262,2022,155,576,499,108,31,3,19,65,145,5,6,0.216,0.45783132530120485,0.4269870609981517,0.714,0.47229551451187335,0.3791044776119403,0.49487418452935694,0.5065975494816211,0.625,0.329,0.4418978689183755,0.22000000000000003,32.0,0.03318346155505929,0.49340245051837894
Unknown_605170,MIL,605170,2022,99,334,289,60,14,0,10,34,68,9,1,0.208,0.45481927710843373,0.34380776340110913,0.669,0.37730870712401055,0.30447761194029854,0.44361602982292636,0.39326107445805847,0.6647,0.329,0.4418978689183755,0.18666666666666668,29.0,0.02870492418827012,0.6067389255419415
Unknown_543305,NYY,543305,2022,133,486,414,90,11,2,8,63,118,4,4,0.217,0.5,0.2550831792975971,0.635,0.22427440633245382,0.4388059701492538,0.5731593662628145,0.485626767200754,0.6173,0.328,0.43948532368315235,0.20666666666666667,33.0,0.026255614835126166,0.5143732327992461
Unknown_650489,DET,650489,2022,118,421,390,96,20,3,9,18,91,9,3,0.246,0.40662650602409633,0.38447319778188555,0.675,0.33509234828496043,0.4865671641791045,0.16868592730661694,0.4229500471253535,0.7173,0.328,0.43948532368315235,0.19333333333333336,25.0,0.08776638742777013,0.5770499528746467
Unknown_542364,CHC,542364,2022,125,405,349,81,15,1,7,46,85,2,7,0.232,0.4849397590361446,0.3086876155268023,0.66,0.2638522427440633,0.4358208955223881,0.4986020503261883,0.40810556079170596,0.6667,0.328,0.43948532368315235,0.19333333333333336,31.0,0.02575729691537367,0.5918944392082941
Unknown_663837,PHI,663837,2022,120,402,364,89,15,3,6,26,80,4,7,0.245,0.4186746987951807,0.3290203327171904,0.648,0.25857519788918204,0.4686567164179104,0.2707362534948741,0.38242224316682377,0.7239,0.327,0.436670687575392,0.19333333333333336,26.0,0.04952631584097773,0.6175777568331762
Unknown_664731,CHC,664731,2022,79,240,210,47,11,1,6,22,61,3,2,0.224,0.43975903614457834,0.36414048059149734,0.675,0.366754617414248,0.444776119402985,0.39655172413793105,0.5124882186616398,0.6292,0.327,0.436670687575392,0.17333333333333334,29.0,0.04364898810657206,0.48751178133836004
Unknown_664728,KC,664728,2022,100,311,285,63,12,6,8,20,82,3,2,0.221,0.35843373493975916,0.3974121996303143,0.667,0.4195250659630607,0.4328358208955225,0.2688723205964585,0.5348727615457115,0.6592,0.327,0.436670687575392,0.18000000000000002,25.0,0.06937258292572736,0.4651272384542884
Unknown_668731,DET,668731,2022,78,258,233,49,4,3,5,25,75,0,0,0.21,0.3885542168674698,0.26617375231053614,0.604,0.25857519788918204,0.4597014925373134,0.42078285181733455,0.5984919886899152,0.6124,0.327,0.436670687575392,0.17333333333333334,24.0,0.04806044200335895,0.40150801131008507
Unknown_622682,DET,622682,2022,102,365,342,88,21,3,5,15,83,4,4,0.257,0.40662650602409633,0.38077634011090583,0.673,0.30079155672823216,0.5611940298507463,0.1607642124883504,0.44934024505183784,0.7205,0.327,0.436670687575392,0.18666666666666668,28.0,0.09708500172478829,0.550659754948162
Unknown_543543,TEX,543543,2022,90,272,253,58,5,0,10,18,82,0,1,0.229,0.3644578313253013,0.35859519408502777,0.647,0.3403693931398417,0.4835820895522388,0.27772600186393287,0.6239396795475965,0.6324,0.327,0.436670687575392,0.17333333333333334,33.0,0.07814628464947132,0.37606032045240356
Unknown_669261,PIT,669261,2022,106,377,331,68,11,1,19,41,115,4,1,0.205,0.42771084337349397,0.44916820702402965,0.717,0.5329815303430079,0.33731343283582094,0.4762348555452003,0.6321866163996229,0.5756,0.326,0.4338560514676316,0.18666666666666668,24.0,0.04425338243311169,0.3678133836003772
Unknown_543063,SF,543063,2022,126,481,429,100,16,2,11,39,104,9,4,0.233,0.4518072289156626,0.33826247689463956,0.664,0.3034300791556728,0.4358208955223881,0.34715750232991616,0.4229500471253535,0.684,0.326,0.4338560514676316,0.2,35.0,0.04159269190731816,0.5770499528746467
Unknown_680777,MIN,680777,2022,75,262,234,47,10,1,9,27,66,0,0,0.201,0.37951807228915657,0.35859519408502777,0.651,0.41688654353562005,0.31343283582089554,0.44967381174277726,0.5070688030160226,0.6412,0.326,0.4338560514676316,0.17333333333333334,25.0,0.03728443111503598,0.49293119698397736
Unknown_606157,CIN,606157,2022,91,308,286,58,14,0,13,21,110,1,0,0.203,0.30722891566265065,0.39556377079482447,0.648,0.46437994722955145,0.4238805970149254,0.28704566635601114,0.7549481621112157,0.5714,0.326,0.4338560514676316,0.18000000000000002,28.0,0.09134074210308102,0.24505183788878426
Unknown_443558,WSH,443558,2022,135,543,484,109,17,0,12,52,130,4,3,0.225,0.43975903614457834,0.2975970425138634,0.639,0.26649076517150394,0.4388059701492538,0.4156570363466915,0.4776154571159284,0.6519,0.326,0.4338560514676316,0.20666666666666667,42.0,0.038362479006237196,0.5223845428840714
Unknown_669357,STL,669357,2022,94,328,298,67,13,0,14,28,109,2,0,0.225,0.4156626506024096,0.434380776340111,0.705,0.46437994722955145,0.5044776119402985,0.36719478098788444,0.6965127238454288,0.5762,0.325,0.4314435062324085,0.18000000000000002,22.0,0.06530815752710904,0.30348727615457105
Unknown_571771,BOS,571771,2022,104,435,391,89,25,0,8,37,78,3,4,0.228,0.4186746987951807,0.33086876155268025,0.649,0.30606860158311344,0.38208955223880603,0.36579683131407265,0.3360037700282752,0.7287,0.325,0.4314435062324085,0.19333333333333336,31.0,0.030774668161446486,0.6639962299717248
Unknown_669352,TEX,669352,2022,56,190,178,49,7,0,3,8,57,2,0,0.275,0.4698795180722892,0.3530499075785583,0.679,0.21372031662269128,0.764179104477612,0.16542404473438954,0.6204052780395852,0.6368,0.325,0.4314435062324085,0.16,24.0,0.12791919365373727,0.37959472196041477
Unknown_543281,CWS,543281,2022,126,453,411,105,20,2,7,23,75,15,2,0.255,0.4789156626506025,0.3530499075785583,0.682,0.2638522427440633,0.4835820895522388,0.20596458527493008,0.3037229029217719,0.7461,0.325,0.4314435062324085,0.19333333333333336,35.0,0.053089828522240284,0.6962770970782282
Unknown_643396,NYY,643396,2022,153,575,524,140,20,0,5,38,75,5,5,0.267,0.48795180722891573,0.2957486136783735,0.654,0.15303430079155672,0.4985074626865672,0.27726001863932903,0.2207822808671065,0.7896,0.324,0.4286288701246481,0.2,27.0,0.028177845034455293,0.7792177191328935
Unknown_663757,SD,663757,2022,162,589,505,99,17,2,21,65,166,9,2,0.196,0.42168674698795183,0.34750462107208885,0.66,0.41424802110817943,0.32835820895522394,0.48369058713886304,0.577521206409048,0.5789,0.324,0.4286288701246481,0.20666666666666667,26.0,0.039399549067984055,0.422478793590952
Unknown_519058,CIN,519058,2022,86,310,274,61,16,0,8,25,79,8,3,0.223,0.4367469879518072,0.3604436229205176,0.672,0.3614775725593667,0.4328358208955225,0.3448275862068966,0.5139019792648445,0.6387,0.324,0.4286288701246481,0.17333333333333334,34.0,0.05118229971547005,0.4860980207351555
Unknown_543877,BOS,543877,2022,126,454,426,113,24,0,10,22,79,3,3,0.265,0.43975903614457834,0.4029574861367839,0.696,0.3113456464379947,0.5044776119402985,0.19524697110904007,0.32351555136663523,0.7709,0.323,0.4258142340168878,0.18666666666666668,32.0,0.0594343029874833,0.676484448633365
Unknown_622110,LAA,622110,2022,84,268,246,64,9,0,3,20,53,2,0,0.26,0.49096385542168675,0.29390018484288366,0.654,0.1688654353562005,0.5582089552238807,0.3168685927306617,0.3795947219604147,0.7201,0.323,0.4258142340168878,0.16666666666666669,31.0,0.0413145510758481,0.6204052780395855
Unknown_572041,CWS,572041,2022,139,549,508,123,26,1,16,35,104,2,4,0.242,0.4006024096385542,0.4029574861367839,0.683,0.37203166226912926,0.4149253731343284,0.2665424044734389,0.35980207351555143,0.7432,0.323,0.4258142340168878,0.2,35.0,0.0474536859589988,0.6401979264844486
Unknown_649557,HOU,649557,2022,98,352,325,77,14,0,12,22,56,3,2,0.237,0.3975903614457831,0.40110905730129404,0.681,0.3825857519788918,0.34925373134328364,0.26048462255358806,0.2884071630537229,0.7699,0.322,0.4234016887816646,0.17333333333333334,32.0,0.03926529470818258,0.711592836946277
Unknown_621035,LAD,621035,2022,129,486,429,94,27,3,11,46,172,6,5,0.219,0.42771084337349397,0.36783733826247694,0.673,0.3825857519788918,0.5880597014925374,0.4105312208760485,0.7474081055607916,0.5391,0.322,0.4234016887816646,0.18666666666666668,32.0,0.062326705398218496,0.2525918944392085
Unknown_593160,KC,593160,2022,146,584,533,136,30,2,12,42,88,1,8,0.255,0.4487951807228916,0.39186691312384486,0.693,0.32189973614775724,0.4388059701492538,0.304287045666356,0.2686145146088596,0.7757,0.322,0.4234016887816646,0.2,33.0,0.030562407817256394,0.7313854853911403
Unknown_542583,MIA,542583,2022,138,536,497,117,21,0,18,30,124,4,5,0.235,0.37349397590361444,0.39186691312384486,0.668,0.3746701846965699,0.42089552238805983,0.23019571295433366,0.4585296889726674,0.694,0.322,0.4234016887816646,0.19333333333333336,32.0,0.06993908981934327,0.5414703110273327
Unknown_640461,ATH,640461,2022,121,411,390,93,21,0,13,17,123,0,3,0.238,0.3313253012048193,0.4029574861367839,0.661,0.3825857519788918,0.5283582089552239,0.16216216216216214,0.61875589066918,0.6545,0.322,0.4234016887816646,0.18000000000000002,30.0,0.12992399682031675,0.3812441093308201
Unknown_605119,MIA,605119,2022,107,407,361,78,16,1,8,38,109,7,1,0.216,0.4337349397590361,0.2920517560073938,0.635,0.28232189973614774,0.453731343283582,0.40447343895619753,0.5445334590009424,0.6216,0.322,0.4234016887816646,0.18000000000000002,29.0,0.045490758696002394,0.4554665409990575
Unknown_669450,AZ,669450,2022,78,231,198,34,8,3,4,31,70,1,1,0.172,0.3855421686746987,0.23844731977818862,0.589,0.32189973614775724,0.31641791044776124,0.5945945945945946,0.6274740810556079,0.5584,0.322,0.4234016887816646,0.16,28.0,0.03369524398262238,0.37252591894439235
Unknown_665120,LAA,665120,2022,128,489,453,101,19,2,16,31,144,5,0,0.223,0.3674698795180724,0.38077634011090583,0.66,0.39050131926121373,0.4656716417910447,0.2646784715750233,0.6074458058435438,0.6319,0.322,0.4234016887816646,0.18666666666666668,29.0,0.07990240585373377,0.3925541941564563
Unknown_624512,CWS,624512,2022,89,294,270,69,14,1,3,12,60,3,3,0.256,0.4036144578313252,0.32162661737523107,0.64,0.22163588390501318,0.5373134328358209,0.1593662628145387,0.39443920829406226,0.7211,0.321,0.4205870526739043,0.16666666666666669,27.0,0.0868189176281814,0.605560791705938
Unknown_663743,MIA,663743,2022,70,244,221,51,6,1,9,18,45,5,0,0.231,0.4367469879518072,0.3974121996303143,0.692,0.39313984168865435,0.34925373134328364,0.3131407269338304,0.3480207351555137,0.7213,0.321,0.4205870526739043,0.16,26.0,0.0383564561069052,0.6519792648444862
Unknown_493329,HOU,493329,2022,156,620,579,146,41,0,12,32,77,6,3,0.252,0.4186746987951807,0.390018484288355,0.682,0.32717678100263853,0.4119402985074627,0.2096924510717614,0.2061734213006598,0.8145,0.32,0.4177724165661439,0.19333333333333336,38.0,0.03658216981069,0.7938265786993404
Unknown_680911,CLE,680911,2022,140,514,461,111,26,1,9,36,100,8,9,0.241,0.4337349397590361,0.34380776340110913,0.662,0.29023746701846964,0.444776119402985,0.2954333643988817,0.3720546654099906,0.7198,0.32,0.4177724165661439,0.18666666666666668,26.0,0.0438022280840394,0.6279453345900095
Unknown_573131,SF,573131,2022,127,416,357,72,14,0,11,49,113,7,3,0.202,0.4518072289156626,0.29390018484288366,0.641,0.3245382585751979,0.37014925373134333,0.5181733457595527,0.5534872761545712,0.5938,0.32,0.4177724165661439,0.17333333333333334,36.0,0.03462002301121747,0.4465127238454287
Unknown_650859,LAA,650859,2022,133,525,503,131,23,4,17,17,81,4,0,0.26,0.3975903614457831,0.4602587800369687,0.714,0.40633245382585753,0.4388059701492538,0.12022367194780986,0.2770970782280867,0.8038,0.32,0.4177724165661439,0.18666666666666668,25.0,0.0821715551898272,0.7229029217719132
Unknown_643393,ATH,643393,2022,157,592,530,128,29,3,8,46,77,8,3,0.242,0.45783132530120485,0.33086876155268025,0.663,0.26912928759894456,0.4,0.33131407269338303,0.22007540056550423,0.7703,0.32,0.4177724165661439,0.19333333333333336,31.0,0.022402548374605417,0.7799245994344959
Unknown_656669,AZ,656669,2022,87,249,219,40,7,0,12,26,62,3,1,0.183,0.35843373493975916,0.378927911275416,0.656,0.4934036939313984,0.17313432835820897,0.45573159366262816,0.5002356267672007,0.6345,0.32,0.4177724165661439,0.16,29.0,0.03615791093316064,0.4997643732327992
Unknown_680776,BOS,680776,2022,64,238,217,49,15,3,3,16,68,4,1,0.226,0.3975903614457831,0.35120147874306845,0.654,0.3403693931398417,0.5343283582089553,0.28238583410997203,0.5867106503298775,0.6303,0.32,0.4177724165661439,0.16,26.0,0.07228364212611148,0.41328934967012243
Unknown_663897,MIA,663897,2022,59,151,141,34,6,1,2,10,48,0,0,0.241,0.4006024096385542,0.30683918669131255,0.632,0.237467018469657,0.6507462686567164,0.27772600186393287,0.6625824693685203,0.6159,0.32,0.4177724165661439,0.15333333333333335,26.0,0.08294130718976525,0.3374175306314797
Unknown_572039,ATH,572039,2022,48,158,142,29,6,0,5,12,51,2,2,0.204,0.34337349397590367,0.3290203327171904,0.624,0.366754617414248,0.4149253731343284,0.32292637465051255,0.6741281809613572,0.5886,0.32,0.4177724165661439,0.15333333333333335,31.0,0.07231221728945839,0.32587181903864293
Unknown_643524,CHC,643524,2022,82,311,287,68,13,0,8,21,63,1,2,0.237,0.39457831325301196,0.35489833641404817,0.655,0.31662269129287596,0.42089552238805983,0.28378378378378377,0.39090480678605094,0.7267,0.32,0.4177724165661439,0.16666666666666669,30.0,0.04808911684456648,0.609095193213949
Unknown_624431,NYY,624431,2022,113,376,356,87,14,1,11,16,65,2,2,0.244,0.3644578313253013,0.38447319778188555,0.661,0.3403693931398417,0.4059701492537314,0.16775396085740912,0.32092365692742697,0.7793,0.319,0.4153598713309208,0.17333333333333334,30.0,0.06855184701416894,0.6790763430725728
Unknown_502054,CIN,502054,2022,150,642,574,136,25,1,18,56,172,7,5,0.237,0.45783132530120485,0.3770794824399261,0.688,0.34828496042216356,0.5044776119402985,0.37558247903075487,0.5447690857681433,0.634,0.319,0.4153598713309208,0.19333333333333336,34.0,0.049458833772109634,0.4552309142318567
Unknown_553869,COL,553869,2022,113,408,376,84,18,2,9,27,86,2,3,0.223,0.35843373493975916,0.3327171903881701,0.631,0.31926121372031663,0.3880597014925373,0.27772600186393287,0.4102262016965127,0.7181,0.319,0.4153598713309208,0.17333333333333334,32.0,0.051627470966260504,0.5897737983034872
Unknown_682928,SD,682928,2022,100,336,316,79,13,2,3,7,59,9,2,0.25,0.37951807228915657,0.2920517560073938,0.617,0.19261213720316622,0.4865671641791045,0.06616961789375583,0.32728557964184735,0.7708,0.319,0.4153598713309208,0.16666666666666669,22.0,0.15339912549701543,0.6727144203581528
Unknown_677649,TEX,677649,2022,65,234,220,54,10,1,7,13,58,0,1,0.245,0.3855421686746987,0.40850277264325335,0.682,0.37203166226912926,0.4985074626865672,0.22833178005591798,0.49764373232799247,0.6966,0.319,0.4153598713309208,0.16,23.0,0.07629304083076369,0.5023562676720075
Unknown_656541,COL,656541,2022,70,236,206,38,6,1,3,26,71,1,3,0.184,0.3524096385542169,0.1719038817005546,0.542,0.19525065963060687,0.37313432835820903,0.48275862068965525,0.6222902921771913,0.5847,0.319,0.4153598713309208,0.16,28.0,0.042826372757536375,0.3777097078228089
Unknown_595281,TB,595281,2022,65,236,219,50,9,0,7,16,63,1,0,0.228,0.37951807228915657,0.3530499075785583,0.649,0.33773087071240104,0.4626865671641791,0.2851817334575955,0.5424128180961357,0.661,0.319,0.4153598713309208,0.16,32.0,0.06618839747914274,0.45758718190386416
Unknown_641658,COL,641658,2022,78,258,228,49,12,3,2,23,70,1,3,0.215,0.3855421686746987,0.26987060998151585,0.606,0.25329815303430075,0.4835820895522388,0.38443616029822925,0.5527803958529688,0.624,0.318,0.4125452352231604,0.16,28.0,0.048929376585405575,0.4472196041470311
Unknown_663611,CHC,663611,2022,66,246,226,57,9,0,1,15,28,3,0,0.252,0.4487951807228916,0.24214417744916822,0.613,0.11609498680738786,0.4477611940298507,0.2534948741845293,0.18166823751178135,0.8049,0.318,0.4125452352231604,0.16,25.0,0.026103034908209005,0.8183317624882187
Unknown_622761,BAL,622761,2022,153,555,515,116,29,7,15,29,149,6,2,0.225,0.3493975903614459,0.4103512014787432,0.67,0.4274406332453826,0.453731343283582,0.2129543336439888,0.5461828463713478,0.6595,0.317,0.40973059911540005,0.18000000000000002,27.0,0.08936208231242038,0.4538171536286524
Unknown_656716,CHC,656716,2022,60,199,179,37,7,3,5,16,55,2,0,0.207,0.3644578313253013,0.3493530499075786,0.642,0.38786279683377306,0.4029850746268657,0.34389561975768873,0.5647973609802073,0.6231,0.317,0.40973059911540005,0.15333333333333335,27.0,0.0565344995542436,0.4352026390197927
Unknown_660821,MIA,660821,2022,103,366,333,72,15,3,13,29,96,3,1,0.216,0.37951807228915657,0.4103512014787432,0.681,0.45118733509234826,0.38208955223880603,0.3383038210624418,0.531573986804901,0.6503,0.317,0.40973059911540005,0.16666666666666669,25.0,0.054096821928014155,0.468426013195099
Unknown_544369,PHI,544369,2022,74,269,248,53,10,4,3,14,40,5,2,0.214,0.3313253012048193,0.2754158964879853,0.59,0.2638522427440633,0.32238805970149254,0.21155638397017706,0.2639019792648445,0.7807,0.317,0.40973059911540005,0.16,32.0,0.04534322507931763,0.7360980207351553
Unknown_614177,CLE,614177,2022,130,508,469,108,18,2,15,34,165,2,3,0.23,0.37650602409638545,0.36783733826247694,0.657,0.3535620052770448,0.5492537313432836,0.2809878844361603,0.6788407163053722,0.6043,0.316,0.4073180538801769,0.17333333333333334,27.0,0.08396507221042206,0.32115928369462776
Unknown_608336,NYY,608336,2022,130,443,380,64,10,2,20,59,175,3,1,0.168,0.37951807228915657,0.3493530499075786,0.648,0.4907651715039578,0.30746268656716413,0.5899347623485555,0.8442507068803017,0.465,0.316,0.4073180538801769,0.16666666666666669,29.0,0.04739200820493996,0.15574929311969843
Unknown_664058,LAA,664058,2022,68,248,236,62,12,1,2,7,17,3,0,0.263,0.40662650602409633,0.3197781885397412,0.64,0.20052770448548812,0.4238805970149254,0.10065237651444547,0.07492931196983978,0.8831,0.316,0.4073180538801769,0.15333333333333335,28.0,0.03700995133587916,0.92507068803016
Unknown_663647,PIT,663647,2022,137,570,515,127,24,3,7,48,124,5,2,0.247,0.47590361445783136,0.31792975970425147,0.661,0.237467018469657,0.5283582089552239,0.36160298229263743,0.42601319509896324,0.6895,0.316,0.4073180538801769,0.18000000000000002,25.0,0.03999181165526372,0.5739868049010366
Unknown_650559,MIA,650559,2022,104,360,335,84,20,0,13,19,90,2,4,0.251,0.4036144578313252,0.467652495378928,0.719,0.4406332453825857,0.4985074626865672,0.21528424976700838,0.5025918944392083,0.6889,0.316,0.4073180538801769,0.16,26.0,0.08163933275832365,0.49740810556079174
Unknown_657656,ATH,657656,2022,99,402,362,76,19,0,13,27,109,12,1,0.21,0.3855421686746987,0.3622920517560075,0.656,0.39841688654353563,0.3791044776119403,0.28238583410997203,0.5523091423185674,0.6318,0.316,0.4073180538801769,0.16666666666666669,28.0,0.0680784254579523,0.4476908576814327
Unknown_546991,CIN,546991,2022,67,241,220,51,10,1,5,18,47,1,1,0.232,0.4036144578313252,0.33456561922365996,0.646,0.30079155672823216,0.4119402985074627,0.3173345759552656,0.3729971724787936,0.722,0.316,0.4073180538801769,0.15333333333333335,28.0,0.040520340685834384,0.6270028275212063
Unknown_542303,ATL,542303,2022,138,548,508,112,20,0,24,33,132,2,5,0.22,0.3313253012048193,0.42144177449168224,0.67,0.4538258575197889,0.33432835820895523,0.249767008387698,0.4811498586239397,0.6953,0.315,0.40450341777241655,0.17333333333333334,32.0,0.06744811184139643,0.5188501413760602
Unknown_621512,NYM,621512,2022,103,344,313,78,16,0,4,16,84,1,2,0.249,0.3855421686746987,0.3049907578558227,0.625,0.21108179419525064,0.573134328358209,0.18592730661696177,0.4889255419415646,0.6715,0.315,0.40450341777241655,0.16,28.0,0.09164157566442992,0.5110744580584354
Unknown_671277,WSH,671277,2022,98,386,368,100,24,2,7,12,86,1,4,0.272,0.40963855421686746,0.4269870609981517,0.698,0.32717678100263853,0.5940298507462688,0.11416589002795899,0.4385014137606032,0.7409,0.315,0.40450341777241655,0.16,22.0,0.12865656923982205,0.5614985862393969
Unknown_676391,CLE,676391,2022,69,206,189,41,8,0,2,12,30,2,1,0.217,0.33734939759036153,0.21626617375231055,0.561,0.17150395778364114,0.33731343283582094,0.24091332712022367,0.25659754948162117,0.7767,0.315,0.40450341777241655,0.15333333333333335,26.0,0.038332883307267994,0.7434024505183789
Unknown_600869,DET,600869,2022,136,500,460,102,22,2,14,30,118,6,4,0.222,0.35542168674698804,0.3622920517560075,0.646,0.366754617414248,0.391044776119403,0.2488350419384902,0.4696041470311027,0.692,0.315,0.40450341777241655,0.16666666666666669,29.0,0.06612559196410851,0.5303958529688972
Unknown_665482,MIN,665482,2022,119,354,315,76,12,1,2,35,78,2,0,0.241,0.49096385542168675,0.24214417744916822,0.626,0.14248021108179418,0.5402985074626866,0.4301025163094129,0.4326107445805844,0.6695,0.315,0.40450341777241655,0.16,23.0,0.033108353418194264,0.5673892554194158
Unknown_642336,TB,642336,2022,96,325,314,79,23,0,7,8,69,2,1,0.252,0.3493975903614459,0.4029574861367839,0.666,0.345646437994723,0.4985074626865672,0.08387698042870456,0.41376060320452407,0.7569,0.314,0.40168878166465616,0.16,27.0,0.15703358092164355,0.5862393967954762
Unknown_546318,PHI,546318,2022,62,197,185,44,9,1,5,11,42,0,1,0.238,0.3644578313253013,0.3770794824399261,0.658,0.34828496042216356,0.4388059701492538,0.22926374650512582,0.41588124410933086,0.731,0.314,0.40168878166465616,0.15333333333333335,31.0,0.06394722902721321,0.5841187558906691
Unknown_664670,CIN,664670,2022,60,163,152,39,5,1,1,9,23,2,0,0.257,0.4487951807228916,0.27356746765249546,0.629,0.1503957783641161,0.4865671641791045,0.22646784715750234,0.2459943449575872,0.7914,0.313,0.39927623642943305,0.14666666666666667,26.0,0.039469677755719884,0.7540056550424128
Unknown_514917,WSH,514917,2022,156,648,590,148,30,4,2,46,119,7,2,0.251,0.463855421686747,0.279112754158965,0.637,0.17414248021108178,0.5253731343283582,0.30009319664492073,0.3461357210179077,0.7299,0.312,0.39646160032167266,0.16666666666666669,32.0,0.040045621950350344,0.6538642789820923
Unknown_669701,TEX,669701,2022,78,265,221,48,6,0,4,31,50,8,3,0.217,0.5210843373493976,0.2310536044362293,0.629,0.18997361477572558,0.37313432835820903,0.5144454799627214,0.3581526861451461,0.6566,0.312,0.39646160032167266,0.15333333333333335,25.0,0.021210864726530602,0.6418473138548539
Unknown_408234,DET,408234,2022,122,461,423,109,11,0,7,30,106,3,5,0.258,0.4518072289156626,0.29390018484288366,0.641,0.17678100263852242,0.5671641791044777,0.27260018639328987,0.45523091423185674,0.6985,0.312,0.39646160032167266,0.16,39.0,0.05834770646422027,0.5447690857681433
Unknown_596142,MIN,596142,2022,133,499,445,91,27,0,16,42,143,7,5,0.204,0.37048192771084343,0.36783733826247694,0.654,0.42216358839050133,0.37014925373134333,0.36160298229263743,0.5888312912346843,0.6152,0.311,0.3936469642139123,0.16,30.0,0.055876209292112164,0.41116870876531597
Unknown_642851,SF,642851,2022,62,180,165,42,7,0,3,10,38,3,1,0.255,0.4487951807228916,0.3290203327171904,0.659,0.23218997361477572,0.5313432835820896,0.22833178005591798,0.410933081998115,0.7111,0.311,0.3936469642139123,0.14666666666666667,32.0,0.06348219450710778,0.5890669180018848
Unknown_664774,SF,664774,2022,80,260,224,46,8,1,8,27,55,6,1,0.205,0.4457831325301205,0.33826247689463956,0.663,0.37730870712401055,0.30149253731343284,0.4529356943150047,0.411875589066918,0.6538,0.31,0.39123441897868916,0.14666666666666667,28.0,0.029432154626409295,0.5881244109330819
Unknown_543228,CHC,543228,2022,92,313,297,70,15,0,9,8,51,3,4,0.236,0.30722891566265065,0.37523105360443637,0.637,0.34828496042216356,0.35522388059701493,0.08853681267474373,0.2973609802073515,0.7987,0.31,0.39123441897868916,0.14666666666666667,35.0,0.11315849215488813,0.7026390197926482
Unknown_474832,SF,474832,2022,80,307,263,54,9,1,8,37,85,6,1,0.205,0.47590361445783136,0.30314232902033283,0.654,0.32717678100263853,0.4029850746268657,0.5307548928238583,0.565975494816211,0.5831,0.31,0.39123441897868916,0.14666666666666667,34.0,0.03447142285683185,0.4340245051837892
Unknown_543257,DET,543257,2022,142,516,446,92,20,1,8,59,140,6,5,0.206,0.43975903614457834,0.24953789279112765,0.614,0.24802110817941952,0.4268656716417911,0.5018639328984157,0.5527803958529688,0.6027,0.309,0.3884197828709288,0.15333333333333335,33.0,0.035935725681745995,0.4472196041470311
Unknown_676369,CHC,676369,2022,74,210,189,38,7,3,6,19,68,2,0,0.201,0.37048192771084343,0.3530499075785583,0.646,0.40897097625329815,0.4298507462686568,0.39095992544268404,0.6764844486333647,0.5762,0.309,0.3884197828709288,0.14666666666666667,24.0,0.05924600644235502,0.32351555136663546
Unknown_679529,DET,679529,2022,123,438,387,80,19,1,9,40,104,8,3,0.207,0.4036144578313252,0.29020332717190395,0.623,0.3034300791556728,0.3641791044776119,0.3946877912395154,0.47290292177191334,0.653,0.309,0.3884197828709288,0.15333333333333335,23.0,0.04032247485932015,0.5270970782280866
Unknown_677950,AZ,677950,2022,116,434,402,94,19,1,8,23,81,4,5,0.234,0.3644578313253013,0.31792975970425147,0.625,0.2717678100263852,0.4059701492537314,0.2162162162162162,0.35320452403393027,0.7512,0.309,0.3884197828709288,0.15333333333333335,22.0,0.058139919205178775,0.6467954759660697
Unknown_606132,TOR,606132,2022,135,457,435,113,20,3,7,16,87,1,2,0.26,0.3855421686746987,0.35859519408502777,0.654,0.26121372031662266,0.5223880597014926,0.13233923578751167,0.36215834118755896,0.7615,0.308,0.3856051467631684,0.14666666666666667,28.0,0.09528790547217567,0.6378416588124411
Unknown_643289,HOU,643289,2022,94,292,267,59,13,0,7,15,35,1,6,0.221,0.30722891566265065,0.32162661737523107,0.608,0.3113456464379947,0.27164179104477615,0.2087604846225536,0.19604147031102737,0.8151,0.308,0.3856051467631684,0.14666666666666667,28.0,0.0351442112434845,0.8039585296889726
Unknown_455139,BAL,455139,2022,74,238,210,38,10,0,6,22,74,4,1,0.181,0.33734939759036153,0.2587800369685768,0.584,0.32717678100263853,0.32835820895522394,0.3998136067101584,0.6460885956644675,0.5756,0.307,0.3831926015279453,0.14,38.0,0.05511975964803961,0.3539114043355327
Unknown_608348,AZ,608348,2022,105,378,339,76,20,0,7,30,74,5,4,0.224,0.40963855421686746,0.3160813308687616,0.639,0.2955145118733509,0.38507462686567173,0.33923578751164957,0.37488218661639966,0.7116,0.307,0.3831926015279453,0.14666666666666667,28.0,0.03772449798119565,0.6251178133836004
Unknown_608700,BOS,608700,2022,70,207,187,43,8,0,2,16,34,2,1,0.23,0.4156626506024096,0.24214417744916822,0.601,0.17414248021108178,0.4059701492537314,0.32945013979496734,0.3006597549481621,0.744,0.307,0.3831926015279453,0.14,31.0,0.03113375372004712,0.6993402450518378
Unknown_656180,WSH,656180,2022,54,172,156,28,4,0,7,15,50,1,0,0.179,0.29518072289156627,0.30683918669131255,0.596,0.39841688654353563,0.23283582089552235,0.37558247903075487,0.5984919886899152,0.6163,0.307,0.3831926015279453,0.14,26.0,0.05451968017330258,0.40150801131008507
Unknown_666139,TB,666139,2022,59,220,201,43,12,2,2,15,73,2,1,0.214,0.3493975903614459,0.2754158964879853,0.597,0.2638522427440633,0.564179104477612,0.28704566635601114,0.695334590009425,0.5864,0.307,0.3831926015279453,0.14,24.0,0.08416046936522549,0.304665409990575
Unknown_661531,COL,661531,2022,66,219,197,40,4,1,7,14,48,5,1,0.203,0.34337349397590367,0.30683918669131255,0.612,0.33773087071240104,0.28955223880597025,0.26700838769804286,0.43001885014137614,0.6849,0.306,0.3803779654201849,0.14,27.0,0.05639028143864756,0.5699811498586238
Unknown_600303,SF,600303,2022,62,200,184,46,15,0,3,12,30,1,3,0.25,0.41265060240963847,0.38077634011090583,0.675,0.31926121372031663,0.4328358208955225,0.2488350419384902,0.2669651272384543,0.785,0.306,0.3803779654201849,0.14,33.0,0.03838268309581453,0.7330348727615454
Unknown_665750,TEX,665750,2022,94,347,319,82,14,2,5,22,88,2,3,0.257,0.4457831325301205,0.345656192236599,0.667,0.24802110817941952,0.6029850746268658,0.2646784715750233,0.5110744580584354,0.6744,0.305,0.3775633293124246,0.14,24.0,0.06741595981844777,0.48892554194156457
Unknown_444876,WSH,444876,2022,45,161,152,31,4,2,1,7,36,2,0,0.204,0.27108433734939763,0.18853974121996314,0.525,0.16622691292875988,0.3791044776119403,0.17194780987884434,0.4403864278982092,0.7205,0.305,0.3775633293124246,0.14,36.0,0.08948569967197434,0.5596135721017907
Unknown_608703,CIN,608703,2022,86,276,247,60,10,1,3,26,79,1,2,0.243,0.47289156626506024,0.2846580406654345,0.643,0.20052770448548812,0.6179104477611942,0.4082013047530289,0.5878887841658812,0.6159,0.304,0.3751507840772014,0.14,32.0,0.04880014332113304,0.4121112158341187
Unknown_672284,SEA,672284,2022,69,234,212,34,6,1,10,19,76,1,2,0.16,0.21987951807228923,0.30683918669131255,0.57,0.4485488126649076,0.16119402985074627,0.34762348555452,0.6788407163053722,0.5897,0.303,0.3723361479694411,0.14,23.0,0.06741595981844777,0.32115928369462776
Unknown_668800,STL,668800,2022,96,308,269,58,12,0,4,31,64,6,1,0.216,0.45481927710843373,0.24214417744916822,0.614,0.21108179419525064,0.39701492537313443,0.43802423112767935,0.40315739868049016,0.6688,0.303,0.3723361479694411,0.14,27.0,0.029974769293434997,0.5968426013195098
Unknown_624428,SEA,624428,2022,172,657,593,145,26,4,3,49,82,5,6,0.245,0.44277108433734935,0.2643253234750463,0.622,0.1688654353562005,0.4238805970149254,0.3168685927306617,0.20758718190386427,0.7869,0.302,0.3695215118616807,0.13333333333333336,31.0,0.022374165010144553,0.7924128180961356
Unknown_657557,STL,657557,2022,80,264,232,42,12,0,8,24,82,6,2,0.181,0.3463855421686748,0.2994454713493531,0.609,0.38522427440633245,0.30447761194029854,0.3928238583410997,0.6453817153628651,0.5758,0.302,0.3695215118616807,0.13333333333333336,29.0,0.056130564392708415,0.35461828463713485
Unknown_656308,PIT,656308,2022,130,452,426,97,17,3,15,20,131,2,4,0.228,0.3162650602409639,0.3937153419593347,0.651,0.39841688654353563,0.4626865671641791,0.17520969245107176,0.5963713477851084,0.6615,0.302,0.3695215118616807,0.13333333333333336,27.0,0.11689952346335811,0.4036286522148915
Unknown_596748,WSH,596748,2022,114,420,401,94,16,0,11,13,81,2,4,0.234,0.30722891566265065,0.33826247689463956,0.616,0.29815303430079154,0.391044776119403,0.11369990680335507,0.36804901036757776,0.7714,0.302,0.3695215118616807,0.13333333333333336,30.0,0.11043515909133873,0.6319509896324222
Unknown_641355,LAD,641355,2022,156,589,542,110,27,3,19,39,169,2,6,0.203,0.29518072289156627,0.3604436229205176,0.625,0.41424802110817943,0.35522388059701493,0.27772600186393287,0.5895381715362865,0.6435,0.301,0.3671089666264576,0.12666666666666668,27.0,0.07387754507091698,0.4104618284637136
Unknown_571912,CLE,571912,2022,68,212,184,40,10,0,3,22,55,3,3,0.217,0.4487951807228916,0.2717190388170056,0.627,0.24802110817941952,0.4567164179104477,0.4529356943150047,0.5247408105560792,0.6226,0.3,0.3642943305186972,0.13333333333333336,31.0,0.03836403616150328,0.47525918944392065
Unknown_669127,ATH,669127,2022,43,158,147,32,10,1,6,9,54,0,2,0.218,0.3042168674698795,0.4584103512014788,0.681,0.5145118733509234,0.4716417910447761,0.23485554520037277,0.7188972667295004,0.6013,0.3,0.3642943305186972,0.13333333333333336,25.0,0.1060590813510286,0.2811027332704996
Unknown_645302,WSH,645302,2022,127,429,384,86,11,2,6,19,107,11,4,0.224,0.3614457831325302,0.2513863216266174,0.587,0.20316622691292874,0.4686567164179104,0.17567567567567566,0.5011781338360037,0.655,0.3,0.3642943305186972,0.12666666666666668,25.0,0.0989615215848002,0.49882186616399604
Unknown_642727,AZ,642727,2022,80,240,220,47,9,1,6,13,61,1,4,0.214,0.29518072289156627,0.3160813308687616,0.602,0.3245382585751979,0.3791044776119403,0.22180801491146318,0.5124882186616398,0.6792,0.299,0.36147969441093686,0.13333333333333336,26.0,0.08077198133660868,0.48751178133836004
Unknown_672695,AZ,672695,2022,155,532,461,93,12,2,6,52,109,5,2,0.202,0.39156626506024095,0.18669131238447328,0.564,0.17150395778364114,0.34626865671641793,0.42451071761416587,0.39632422243166826,0.6654,0.298,0.3590671491757137,0.12000000000000001,23.0,0.030586985797720928,0.6036757775683319
Unknown_670032,KC,670032,2022,144,508,463,107,14,4,0,30,70,4,1,0.231,0.37650602409638545,0.1940850277264326,0.562,0.1029023746701847,0.4119402985074627,0.244641192917055,0.2382186616399623,0.7756,0.298,0.3590671491757137,0.12000000000000001,27.0,0.035124013006810575,0.7617813383600376
Unknown_500743,MIA,500743,2022,146,529,490,115,19,2,6,28,61,6,4,0.235,0.37349397590361444,0.26617375231053614,0.601,0.1978891820580475,0.36119402985074633,0.2157502329916123,0.18520263901979267,0.8185,0.298,0.3590671491757137,0.12000000000000001,33.0,0.03218086784126338,0.8147973609802073
Unknown_660294,PIT,660294,2022,59,221,192,37,7,0,3,25,59,0,4,0.193,0.37048192771084343,0.18853974121996314,0.557,0.19525065963060687,0.35820895522388063,0.49627213420316874,0.5426484448633365,0.6199,0.298,0.3590671491757137,0.13333333333333336,31.0,0.03568728605259924,0.4573515551366636
Unknown_518792,CHC,518792,2022,54,175,158,30,5,2,1,14,43,3,0,0.19,0.3343373493975904,0.1700554528650648,0.534,0.17678100263852242,0.35820895522388063,0.34203168685927304,0.49245994344957594,0.6571,0.298,0.3590671491757137,0.13333333333333336,33.0,0.049439522647684024,0.507540056550424
Unknown_660162,CWS,660162,2022,114,466,428,88,18,1,12,33,127,2,2,0.206,0.32228915662650603,0.2994454713493531,0.601,0.32189973614775724,0.3791044776119403,0.29916123019571295,0.555607917059378,0.6502,0.297,0.35625251306795336,0.12000000000000001,27.0,0.06449076150458548,0.44439208294062227
Unknown_553882,MIL,553882,2022,92,323,286,58,12,1,5,31,65,3,2,0.203,0.3855421686746987,0.24029574861367847,0.59,0.24274406332453824,0.32537313432835824,0.41658900279589933,0.38760603204524036,0.6904,0.297,0.35625251306795336,0.12666666666666668,30.0,0.0305598279788828,0.6123939679547596
Unknown_542340,CHC,542340,2022,64,240,221,44,7,2,3,16,62,0,2,0.199,0.2801204819277109,0.2144177449168207,0.541,0.21372031662269128,0.37313432835820903,0.28005591798695245,0.5221489161168708,0.6708,0.296,0.35343787696019296,0.12666666666666668,31.0,0.06494936459463585,0.47785108388312914
Unknown_668751,PIT,668751,2022,74,239,219,49,11,0,5,18,57,0,1,0.224,0.37349397590361444,0.31053604436229215,0.624,0.29023746701846964,0.4298507462686568,0.32013047530288913,0.4754948162111216,0.682,0.295,0.35102533172496986,0.12666666666666668,23.0,0.0512992139086726,0.5245051837888786
Unknown_596059,BAL,596059,2022,141,496,449,91,20,3,13,33,114,10,4,0.203,0.33734939759036153,0.3197781885397412,0.618,0.3588390501319261,0.31343283582089554,0.27912395153774466,0.45499528746465606,0.6835,0.294,0.34821069561720946,0.11333333333333334,28.0,0.05687957267700092,0.5450047125353441
Unknown_670764,TB,670764,2022,142,500,435,79,20,2,8,59,123,2,2,0.182,0.37048192771084343,0.2181146025878004,0.573,0.26649076517150394,0.29253731343283584,0.5191053122087604,0.4931668237511781,0.626,0.292,0.34298351427422596,0.10666666666666669,26.0,0.030345222308192907,0.5068331762488218
Unknown_541645,MIA,541645,2022,106,408,381,84,9,0,8,21,120,4,2,0.22,0.3283132530120483,0.24584103512014793,0.574,0.20580474934036938,0.4895522388059701,0.20922646784715748,0.6065032987747407,0.6446,0.29,0.33735424205870523,0.10666666666666669,31.0,0.10052704951765797,0.39349670122525926
Unknown_598265,BOS,598265,2022,128,401,373,76,24,1,7,25,86,1,0,0.204,0.29518072289156627,0.2883548983364142,0.585,0.30870712401055406,0.33432835820895523,0.2595526561043802,0.4189443920829406,0.7157,0.289,0.33494169682348207,0.10666666666666669,32.0,0.056635278146159124,0.5810556079170592
Unknown_641553,CWS,641553,2022,97,280,263,59,13,1,2,12,79,4,0,0.224,0.3343373493975904,0.24029574861367847,0.573,0.18733509234828497,0.5343283582089553,0.16915191053122086,0.5782280867106503,0.6571,0.288,0.33212706071572173,0.11333333333333334,31.0,0.11727108146337353,0.4217719132893496
Unknown_518735,CWS,518735,2022,108,401,351,71,8,0,6,46,84,2,2,0.202,0.4186746987951807,0.18853974121996314,0.573,0.17150395778364114,0.33731343283582094,0.5037278657968313,0.4071630537229029,0.6708,0.287,0.3293124246079614,0.1,34.0,0.025346817784431694,0.592836946277097
Unknown_664702,CLE,664702,2022,167,651,588,132,25,3,0,56,92,1,4,0.224,0.4006024096385542,0.190388170055453,0.568,0.11609498680738786,0.3880597014925373,0.36999068033550786,0.24646559849198874,0.768,0.284,0.3212706071572175,0.06666666666666668,28.0,0.021795454456604697,0.7535344015080112
Unknown_647351,SEA,647351,2022,116,383,354,71,13,2,10,22,69,3,4,0.201,0.2801204819277109,0.29390018484288366,0.584,0.32717678100263853,0.25373134328358216,0.23671947809878846,0.338124410933082,0.7546,0.284,0.3212706071572175,0.09333333333333335,26.0,0.05075807514831906,0.6618755890669179
Unknown_571466,DET,571466,2022,105,334,304,64,11,0,1,28,77,1,0,0.211,0.3644578313253013,0.15341959334565625,0.536,0.09762532981530342,0.4328358208955225,0.3597390493942218,0.45664467483506127,0.6796,0.283,0.3184559710494571,0.1,31.0,0.043233111187901234,0.5433553251649386
Unknown_594777,TEX,594777,2022,134,453,413,81,15,1,12,30,146,7,3,0.196,0.30722891566265065,0.27726432532347517,0.585,0.31398416886543534,0.39701492537313443,0.27772600186393287,0.6729500471253533,0.596,0.282,0.316043425814234,0.08000000000000002,35.0,0.0842277766517953,0.32704995287464667
Unknown_605548,TOR,605548,2022,65,150,135,17,5,1,2,6,60,8,0,0.126,0.1506024096385542,0.08872458410351208,0.43,0.2295514511873351,0.21194029850746265,0.15563839701770735,0.8560320452403394,0.5,0.281,0.3132287897064736,0.12000000000000001,30.0,0.1835490667089807,0.14396795475966084
Unknown_623168,PIT,623168,2022,63,185,168,39,8,0,0,8,18,5,0,0.232,0.3885542168674698,0.19593345656192246,0.567,0.1029023746701847,0.3761194029850746,0.17054986020503263,0.14278982092365694,0.8108,0.281,0.3132287897064736,0.11333333333333334,31.0,0.0335886080814291,0.8572101790763431
Unknown_605353,ATH,605353,2022,72,253,223,49,12,0,1,25,47,2,3,0.22,0.42771084337349397,0.20887245841035124,0.587,0.15303430079155672,0.4059701492537314,0.4296365330848089,0.3513195098963242,0.7075,0.281,0.3132287897064736,0.10666666666666669,29.0,0.026393232789302022,0.6486804901036758
Unknown_592696,ATL,592696,2022,93,308,288,58,13,1,5,17,78,0,3,0.201,0.25903614457831325,0.24399260628465808,0.549,0.25065963060686014,0.36119402985074633,0.22646784715750234,0.5101319509896324,0.6916,0.28,0.31041415359871327,0.1,31.0,0.07877680723165206,0.48986804901036773
Unknown_623205,LAA,623205,2022,121,365,337,66,8,1,10,16,126,3,3,0.196,0.23795180722891562,0.2606284658040667,0.551,0.29023746701846964,0.42089552238805983,0.1733457595526561,0.7269085768143261,0.5863,0.279,0.3080016083634901,0.08666666666666667,28.0,0.14254011572176054,0.27309142318567403
Unknown_455117,HOU,455117,2022,121,405,367,67,12,0,15,24,129,8,2,0.183,0.2680722891566265,0.30314232902033283,0.585,0.38522427440633245,0.28955223880597025,0.24557315936626278,0.6639962299717248,0.5926,0.278,0.30518697225572977,0.08000000000000002,36.0,0.0939522768229456,0.3360037700282752
Unknown_642350,TB,642350,2022,99,347,323,68,13,2,8,20,116,3,1,0.211,0.3132530120481928,0.301293900184843,0.6,0.3113456464379947,0.4955223880597015,0.23765144454799625,0.7012252591894439,0.5994,0.278,0.30518697225572977,0.08666666666666667,27.0,0.10232981921059583,0.2987747408105561
Unknown_543510,NYM,543510,2022,62,205,188,37,7,0,3,11,49,4,2,0.197,0.28915662650602414,0.19963031423290206,0.536,0.20052770448548812,0.33432835820895523,0.2194780987884436,0.47667295004712534,0.6878,0.278,0.30518697225572977,0.10666666666666669,32.0,0.07613855816342262,0.5233270499528746
Unknown_607732,MIA,607732,2022,116,399,361,80,13,0,4,29,87,6,2,0.222,0.39457831325301196,0.21626617375231055,0.58,0.158311345646438,0.4328358208955225,0.3080149114631873,0.4271913289349671,0.6917,0.278,0.30518697225572977,0.08000000000000002,33.0,0.04803381818243035,0.5728086710650331
Unknown_435559,LAA,435559,2022,54,169,148,26,4,0,5,16,30,2,2,0.176,0.3132530120481928,0.24029574861367847,0.566,0.31398416886543534,0.14626865671641787,0.4105312208760485,0.3317624882186616,0.7101,0.278,0.30518697225572977,0.11333333333333334,39.0,0.02627271022840151,0.6682375117813384
Unknown_669397,ATH,669397,2022,100,337,308,66,13,0,5,21,67,1,1,0.214,0.32530120481927716,0.24214417744916822,0.571,0.2163588390501319,0.36716417910447763,0.2595526561043802,0.3819509896324223,0.7181,0.277,0.30237233614796943,0.08666666666666667,24.0,0.05175756338376916,0.6180490103675778
Unknown_519390,ATH,519390,2022,75,205,181,29,4,1,7,18,50,2,4,0.16,0.24397590361445776,0.24953789279112765,0.548,0.36939313984168864,0.11343283582089547,0.3783783783783784,0.48821866163996236,0.6585,0.275,0.29714515480498593,0.10666666666666669,38.0,0.04376166526766154,0.5117813383600378
Unknown_545358,LAA,545358,2022,108,390,348,62,12,1,9,38,119,2,1,0.178,0.3132530120481928,0.22550831792975973,0.558,0.28759894459102897,0.31641791044776124,0.42311276794035413,0.6324222431668237,0.5897,0.275,0.29714515480498593,0.07333333333333335,31.0,0.0506239551431397,0.3675777568331764
Unknown_605421,PIT,605421,2022,49,150,135,20,0,0,7,13,36,0,1,0.148,0.18975903614457834,0.24029574861367847,0.525,0.38786279683377306,0.017910447761194048,0.3732525629077353,0.4790292177191329,0.6667,0.274,0.29433051869722554,0.11333333333333334,30.0,0.0435731766275425,0.5209707822808671
Unknown_570731,DET,570731,2022,142,541,508,102,23,1,12,22,113,7,4,0.201,0.253012048192771,0.2717190388170056,0.563,0.29287598944591026,0.29552238805970155,0.15890027958993475,0.40574929311969843,0.7375,0.272,0.28910333735424204,0.04000000000000001,31.0,0.0893395315942609,0.5942507068803016
Unknown_672779,PIT,672779,2022,52,183,164,33,6,2,2,11,45,1,2,0.201,0.286144578313253,0.2310536044362293,0.552,0.23482849604221634,0.3791044776119403,0.2493010251630941,0.4929311969839774,0.6612,0.271,0.28628870124648165,0.10666666666666669,23.0,0.06918726344545256,0.5070688030160226
Unknown_544725,CWS,544725,2022,99,344,325,70,9,0,4,11,72,3,3,0.215,0.2650602409638554,0.19593345656192246,0.526,0.14775725593667546,0.38208955223880603,0.11835973904939423,0.4066918001885015,0.7442,0.271,0.28628870124648165,0.07333333333333335,31.0,0.11659107226740781,0.5933081998114984
Unknown_668709,MIA,668709,2022,67,244,210,35,10,2,5,30,70,2,2,0.167,0.3524096385542169,0.24214417744916822,0.579,0.3403693931398417,0.25373134328358216,0.5424044734389561,0.5895381715362865,0.582,0.27,0.28387615601125854,0.09333333333333335,25.0,0.03514102726662079,0.4104618284637136
Unknown_676694,HOU,676694,2022,49,162,152,34,6,2,1,7,56,2,1,0.224,0.32228915662650603,0.24953789279112765,0.575,0.20316622691292874,0.626865671641791,0.17054986020503263,0.7280867106503299,0.5988,0.269,0.28106151990349815,0.10666666666666669,26.0,0.14488283551818984,0.2719132893496703
Unknown_456715,MIL,456715,2022,49,175,161,29,5,0,1,11,41,2,1,0.18,0.24698795180722888,0.10351201478743077,0.47,0.10817941952506596,0.29552238805970155,0.2623485554520037,0.4655984919886899,0.6914,0.267,0.27583433856051465,0.1,36.0,0.06209242312208789,0.5344015080113103
Unknown_681146,ATH,681146,2022,57,187,162,33,4,0,1,19,32,4,1,0.204,0.4307228915662651,0.1349353049907579,0.548,0.08970976253298152,0.33432835820895523,0.4426840633737185,0.3166823751178134,0.7005,0.266,0.2730197024527543,0.1,27.0,0.022589647398266667,0.6833176248821866
Unknown_642165,PIT,642165,2022,73,211,189,34,5,2,3,20,54,0,2,0.18,0.29518072289156627,0.18669131238447328,0.531,0.22691292875989444,0.28955223880597025,0.4109972041006523,0.5164938737040528,0.6493,0.266,0.2730197024527543,0.09333333333333335,27.0,0.04224153633110123,0.48350612629594725
Unknown_621433,TB,621433,2022,84,254,225,32,7,0,5,21,106,3,1,0.142,0.1987951807228916,0.12199630314232907,0.464,0.23482849604221634,0.30149253731343284,0.35461323392357874,0.8967954759660698,0.4724,0.264,0.2677925211097708,0.08000000000000002,28.0,0.08766084846421783,0.10320452403393032
Unknown_476704,ATH,476704,2022,54,196,178,35,6,0,3,16,41,0,2,0.197,0.30722891566265065,0.19778188539741232,0.541,0.1978891820580475,0.30149253731343284,0.34948741845293574,0.4064561734213007,0.7092,0.261,0.2597507036590269,0.09333333333333335,38.0,0.03961612295657999,0.5935438265786992
Unknown_425877,STL,425877,2022,79,288,280,61,9,0,6,5,44,2,1,0.218,0.2349397590361445,0.2587800369685768,0.55,0.2295514511873351,0.31044776119402984,0.05032618825722273,0.2735626767200754,0.8229,0.26,0.2569360675512665,0.06666666666666668,40.0,0.15996648178484948,0.7264373232799244
Unknown_665506,ATH,665506,2022,94,295,271,46,7,2,3,18,78,3,0,0.17,0.21385542168674698,0.12939001848428838,0.473,0.17150395778364114,0.27462686567164185,0.2534948741845293,0.5365221489161169,0.6542,0.26,0.2569360675512665,0.06666666666666668,24.0,0.07388895266152666,0.4634778510838833
Unknown_595978,CLE,595978,2022,111,370,322,53,5,0,8,29,89,6,3,0.165,0.25903614457831325,0.1497227356746766,0.499,0.21372031662269128,0.18805970149253737,0.3345759552656104,0.48020735155513666,0.6378,0.255,0.24366706875753918,0.03333333333333334,30.0,0.049368914508715715,0.5197926484448636
Unknown_641511,PIT,641511,2022,54,167,155,33,6,0,1,9,50,2,0,0.213,0.32228915662650603,0.17929759704251397,0.536,0.12928759894459102,0.5194029850746269,0.22041006523765144,0.6189915174363807,0.6287,0.251,0.23281061519903495,0.08666666666666667,27.0,0.09750858306342815,0.3810084825636193
Unknown_519222,CIN,519222,2022,55,151,140,22,3,0,3,8,48,1,0,0.157,0.1506024096385542,0.12754158964879858,0.451,0.20316622691292874,0.23582089552238805,0.2162162162162162,0.6625824693685203,0.6093,0.245,0.21672698029754722,0.08666666666666667,34.0,0.1060904756036913,0.3374175306314797
Unknown_650331,MIA,650331,2022,53,181,165,27,4,0,5,13,55,1,2,0.164,0.20783132530120485,0.1940850277264326,0.505,0.2796833773087071,0.21492537313432836,0.3038210624417521,0.6295947219604147,0.6188,0.241,0.20587052673904302,0.07333333333333335,26.0,0.07191786995092664,0.37040527803958523
Unknown_660644,TB,660644,2022,55,173,156,25,5,0,3,14,38,1,2,0.16,0.21987951807228923,0.14048059149722741,0.481,0.21372031662269128,0.16119402985074627,0.3462255358807083,0.4311969839773799,0.6936,0.237,0.195416164053076,0.07333333333333335,24.0,0.04255763718571935,0.5688030160226201
Unknown_676480,CIN,676480,2022,47,174,165,25,3,0,2,9,76,0,0,0.152,0.11144578313253017,0.059149722735674704,0.401,0.12137203166226912,0.3880597014925373,0.21015843429636533,0.9427426955702167,0.5115,0.185,0.05589063128266988,0.020000000000000018,24.0,0.15352367930530325,0.05725730442978327
Unknown_660271,LAA,660271,2023,138,607,508,154,26,8,44,93,144,3,3,0.303,0.7650602409638553,0.8724584103512016,1.058,0.8812664907651715,0.6179104477611942,0.6831314072693383,0.47243166823751176,0.5964,0.464,0.8126256533976677,0.7000000000000001,29.0,0.019962092381454542,0.5275683317624884
Unknown_608369,TEX,608369,2023,131,586,515,170,45,0,34,61,97,4,6,0.33,0.7319277108433736,0.8170055452865066,1.017,0.7282321899736147,0.6417910447761194,0.45433364398881637,0.3034872761545712,0.7235,0.453,0.7832730197024527,0.64,29.0,0.02076562917670151,0.696512723845429
Unknown_592450,NYY,592450,2023,111,474,380,102,16,0,38,90,133,1,3,0.268,0.7499999999999999,0.8077634011090573,1.018,0.8786279683377309,0.5014925373134328,0.8541472506989749,0.5746936852026391,0.5274,0.453,0.7832730197024527,0.5466666666666666,31.0,0.018593984918881964,0.42530631479736103
Unknown_660670,ATL,660670,2023,169,774,675,223,36,5,42,86,92,10,3,0.33,0.7650602409638553,0.7597042513863217,0.997,0.6490765171503957,0.5940298507462688,0.4869524697110904,0.19368520263901984,0.7571,0.45,0.7752312022517089,0.7866666666666666,26.0,0.010708299613124526,0.8063147973609801
Unknown_670541,HOU,670541,2023,121,524,437,129,27,1,35,70,102,13,4,0.295,0.7439759036144579,0.7911275415896488,1.006,0.7862796833773087,0.5223880597014926,0.591798695246971,0.3722902921771914,0.6469,0.442,0.7539203860072374,0.5533333333333333,26.0,0.018201368487716682,0.6277097078228087
Unknown_621566,ATL,621566,2023,173,761,643,184,28,3,57,110,171,4,4,0.286,0.7048192771084337,0.7966728280961184,0.997,0.8179419525065963,0.5044776119402985,0.6425908667287977,0.4429783223374176,0.6255,0.441,0.7511057498994773,0.74,29.0,0.020092053631106034,0.5570216776625825
Unknown_518692,LAD,518692,2023,170,760,664,216,59,2,29,75,127,16,5,0.325,0.7409638554216867,0.6968576709796674,0.955,0.5725593667546174,0.6895522388059702,0.42917054986020503,0.3072573044297832,0.7132,0.434,0.7322074788902291,0.7066666666666667,34.0,0.02276295671312127,0.6927426955702167
Unknown_605141,LAD,605141,2023,159,713,602,182,40,1,40,97,109,8,6,0.302,0.7379518072289158,0.7338262476894639,0.974,0.6860158311345647,0.5223880597014926,0.6029822926374651,0.2737983034872762,0.6999,0.427,0.7137112987535181,0.6466666666666666,31.0,0.011754614101673952,0.7262016965127238
Unknown_669134,SD,669134,2023,53,189,174,56,8,0,8,10,23,4,1,0.322,0.6385542168674699,0.613678373382625,0.876,0.4617414248021108,0.5940298507462688,0.2157502329916123,0.2002827521206409,0.8042,0.423,0.7028548451950141,0.26666666666666666,25.0,0.034522556196964115,0.7997172478793588
Unknown_666134,COL,666134,2023,108,434,376,111,22,4,20,54,130,3,1,0.295,0.6897590361445783,0.6672828096118302,0.922,0.6068601583113455,0.7970149253731343,0.548928238583411,0.6192271442035815,0.5691,0.416,0.6839565741857658,0.42000000000000004,25.0,0.03659338683477336,0.3807728557964185
Unknown_650490,TB,650490,2023,144,623,547,177,35,0,23,65,98,9,2,0.324,0.7379518072289158,0.6284658040665436,0.917,0.4775725593667546,0.6746268656716418,0.4552656104380242,0.28416588124410935,0.7239,0.415,0.6811419380780055,0.54,32.0,0.019184904400024128,0.7158341187558905
Unknown_665742,SD,665742,2023,162,708,568,156,32,1,35,132,129,2,5,0.275,0.7590361445783133,0.6377079482439927,0.93,0.6226912928759895,0.4835820895522388,0.8378378378378378,0.3428369462770971,0.6271,0.41,0.6678729392842782,0.5733333333333334,25.0,0.008913284190652472,0.6571630537229027
Unknown_682998,AZ,682998,2023,165,688,596,174,33,11,27,68,130,13,4,0.292,0.6506024096385542,0.6395563770794825,0.895,0.5778364116094987,0.5910447761194031,0.4296365330848089,0.3588595664467484,0.6831,0.408,0.6626457579412948,0.5533333333333333,23.0,0.02702013215173405,0.6411404335532516
Unknown_542303,ATL,542303,2023,154,626,560,154,31,1,40,61,139,3,2,0.275,0.5722891566265059,0.6913123844731979,0.896,0.6965699208443272,0.4895522388059701,0.42311276794035413,0.4366163996229972,0.6757,0.407,0.6598311218335342,0.5133333333333333,33.0,0.03411016119617994,0.563383600377003
Unknown_641598,TEX,641598,2023,96,375,323,86,12,0,21,49,89,3,0,0.266,0.6325301204819277,0.5988909426987061,0.866,0.5883905013192612,0.5104477611940299,0.5782851817334577,0.47266729500471255,0.6213,0.404,0.6517893043827905,0.36,32.0,0.02513592664164701,0.5273327049952874
Unknown_547180,PHI,547180,2023,132,572,476,141,29,1,24,87,124,5,4,0.296,0.7499999999999999,0.6266173752310538,0.92,0.546174142480211,0.6507462686567164,0.6780055917986954,0.4243638077285579,0.6224,0.403,0.6489746682750301,0.4666666666666667,31.0,0.017582818619310464,0.5756361922714421
Unknown_668904,MIN,668904,2023,64,265,239,72,7,0,19,24,63,2,0,0.301,0.6385542168674699,0.7301293900184842,0.939,0.683377308707124,0.6089552238805972,0.391425908667288,0.4736098020735156,0.6642,0.401,0.6437474869320465,0.2866666666666667,24.0,0.04077541818995354,0.5263901979264844
Unknown_641355,CHC,641355,2023,135,573,514,156,29,1,28,42,90,5,12,0.304,0.5903614457831324,0.6524953789279115,0.882,0.5672823218997362,0.5373134328358209,0.3108108108108108,0.2836946277097078,0.7609,0.401,0.6437474869320465,0.46,28.0,0.031477542702027725,0.7163053722902921
Unknown_676369,KC,676369,2023,51,188,170,39,7,0,17,15,55,2,1,0.229,0.42168674698795183,0.7338262476894639,0.868,0.8759894459102903,0.26268656716417915,0.3410997204100652,0.6029688972667295,0.617,0.396,0.6304784881383192,0.24000000000000002,25.0,0.0609641205467515,0.3970311027332707
Unknown_608596,SEA,608596,2023,50,168,154,44,12,0,9,11,45,1,2,0.286,0.5271084337349398,0.6746765249537894,0.872,0.6437994722955145,0.6238805970149256,0.2744641192917055,0.5447690857681433,0.6548,0.395,0.6276638520305589,0.22666666666666668,32.0,0.06915943394224967,0.4552309142318567
Unknown_514888,HOU,514888,2023,95,431,380,116,21,2,18,45,73,5,1,0.305,0.6837349397590361,0.6266173752310538,0.898,0.525065963060686,0.6089552238805972,0.45573159366262816,0.3126767200754006,0.7146,0.394,0.6248492159227985,0.3666666666666667,33.0,0.021400255587556524,0.6873232799245994
Unknown_502110,LAD,502110,2023,121,510,461,124,28,2,35,38,158,2,9,0.269,0.49397590361445787,0.7245841035120149,0.888,0.7598944591029023,0.5582089552238807,0.31640260950605775,0.6434967012252593,0.6078,0.394,0.6248492159227985,0.4066666666666667,36.0,0.07048166599587123,0.35650329877474074
Unknown_671213,BOS,671213,2023,137,521,446,118,23,2,26,71,132,1,3,0.265,0.6234939759036146,0.6025878003696858,0.865,0.5963060686015831,0.5432835820895523,0.6043802423112768,0.510603204524034,0.6084,0.392,0.6196220345798149,0.4066666666666667,23.0,0.025978394899570892,0.48939679547596593
Unknown_680574,CIN,680574,2023,89,406,367,106,23,4,16,31,115,8,0,0.289,0.5993975903614458,0.6099815157116453,0.861,0.5435356200527705,0.737313432835821,0.32525629077353213,0.5810556079170593,0.6207,0.392,0.6196220345798149,0.3466666666666667,24.0,0.061766378047813195,0.41894439208294076
Unknown_647304,CLE,647304,2023,127,514,470,146,32,0,18,34,70,3,7,0.311,0.5963855421686747,0.5914972273567469,0.85,0.45910290237467016,0.5820895522388061,0.27726001863932903,0.2344486333647502,0.7918,0.391,0.6168073984720546,0.4,26.0,0.0298762111967475,0.7655513666352498
Unknown_666181,CIN,666181,2023,109,341,299,83,16,8,11,40,105,1,1,0.278,0.6204819277108434,0.5933456561922368,0.859,0.5488126649076517,0.7671641791044778,0.5158434296365331,0.6390197926484449,0.5718,0.391,0.6168073984720546,0.31333333333333335,25.0,0.04080006021423782,0.3609802073515551
Unknown_646240,BOS,646240,2023,159,674,596,162,36,0,34,64,129,11,3,0.272,0.5843373493975904,0.6081330868761554,0.855,0.5883905013192612,0.4776119402985074,0.4119291705498602,0.36451460885956644,0.6973,0.389,0.611580217129071,0.47333333333333333,27.0,0.028990163398176692,0.6354853911404335
Unknown_663656,HOU,663656,2023,163,698,601,165,38,5,29,84,98,3,10,0.275,0.6114457831325301,0.600739371534196,0.86,0.5699208443271768,0.4388059701492538,0.5298229263746506,0.2443449575871819,0.7249,0.387,0.6063530357860876,0.48,26.0,0.012583370696400626,0.7556550424128183
Unknown_669221,ATL,669221,2023,112,456,387,100,22,0,22,50,101,18,1,0.258,0.6325301204819277,0.5767097966728283,0.854,0.575197889182058,0.4776119402985074,0.47996272134203166,0.43543826578699346,0.6294,0.387,0.6063530357860876,0.36,29.0,0.02911110750008311,0.5645617342130065
Unknown_663586,ATL,663586,2023,170,755,674,190,32,3,40,61,182,9,11,0.282,0.5602409638554217,0.6321626617375233,0.861,0.5936675461741425,0.5671641791044777,0.34575955265610436,0.4816211121583412,0.6662,0.387,0.6063530357860876,0.5066666666666666,26.0,0.04774902896920529,0.5183788878416589
Unknown_650333,MIA,650333,2023,154,641,596,207,30,3,10,36,36,4,3,0.347,0.6897590361445783,0.524953789279113,0.845,0.26912928759894456,0.6626865671641792,0.23112767940354145,0.04594721960414701,0.8783,0.387,0.6063530357860876,0.44666666666666666,26.0,0.009349406373181298,0.954052780395853
Unknown_669016,PHI,669016,2023,142,507,435,120,26,6,13,63,156,4,4,0.276,0.6385542168674699,0.5157116451016637,0.822,0.44327176781002636,0.7820895522388062,0.548462255358807,0.6385485391140433,0.5582,0.386,0.6035383996783272,0.38,26.0,0.03790774882923351,0.3614514608859567
Unknown_545361,LAA,545361,2023,85,371,317,82,14,1,19,45,108,7,2,0.259,0.6114457831325301,0.5822550831792976,0.85,0.58311345646438,0.5791044776119404,0.5344827586206897,0.5994344957587182,0.5687,0.385,0.6007237635705669,0.31333333333333335,32.0,0.03644393996759253,0.4005655042412819
Unknown_676801,HOU,676801,2023,121,485,429,119,18,2,22,41,125,12,2,0.277,0.5933734939759036,0.5711645101663587,0.838,0.5171503957783641,0.6208955223880598,0.3630009319664492,0.5207351555136663,0.6309,0.384,0.5983112183353438,0.3666666666666667,28.0,0.0490224914095527,0.47926484448633366
Unknown_666397,MIN,666397,2023,115,437,362,98,18,1,18,69,137,2,3,0.271,0.6927710843373495,0.5563770794824401,0.863,0.5145118733509234,0.737313432835821,0.7050326188257223,0.6522148916116871,0.5217,0.384,0.5983112183353438,0.3466666666666667,24.0,0.028422988209962932,0.347785108388313
Unknown_677594,SEA,677594,2023,160,730,668,188,41,2,33,49,179,11,2,0.281,0.5481927710843374,0.5970425138632165,0.837,0.546174142480211,0.6089552238805972,0.28191985088536814,0.4912818096135721,0.6726,0.384,0.5983112183353438,0.48,23.0,0.06072373905376727,0.508718190386428
Unknown_670770,CIN,670770,2023,142,574,504,142,23,8,18,48,95,11,3,0.282,0.5933734939759036,0.5397412199630316,0.821,0.46437994722955145,0.5402985074626866,0.35880708294501396,0.3034872761545712,0.7178,0.384,0.5983112183353438,0.4066666666666667,28.0,0.028311331122652293,0.696512723845429
Unknown_645277,ATL,645277,2023,159,700,633,179,31,6,34,51,114,8,8,0.283,0.5481927710843374,0.6247689463955639,0.852,0.5804749340369393,0.4776119402985074,0.30894687791239517,0.2973609802073515,0.75,0.383,0.5954965822275833,0.46,26.0,0.03324510737946379,0.7026390197926482
Unknown_670242,MIN,670242,2023,76,266,221,53,11,1,14,31,85,14,0,0.24,0.6325301204819277,0.5822550831792976,0.857,0.6332453825857519,0.555223880597015,0.5121155638397018,0.6663524976437323,0.5113,0.383,0.5954965822275833,0.26,26.0,0.0430761884887438,0.3336475023562677
Unknown_608070,CLE,608070,2023,162,711,630,179,37,6,25,74,77,1,6,0.284,0.5993975903614458,0.567467652495379,0.838,0.49604221635883905,0.4597014925373134,0.45433364398881637,0.16870876531573986,0.7862,0.383,0.5954965822275833,0.4666666666666667,31.0,0.010130320636614279,0.83129123468426
Unknown_656180,WSH,656180,2023,49,173,156,43,14,2,4,12,49,3,1,0.276,0.5391566265060243,0.5434380776340113,0.805,0.4828496042216359,0.719402985074627,0.29263746505125815,0.5808199811498587,0.6243,0.383,0.5954965822275833,0.22000000000000003,27.0,0.06897778834531372,0.41918001885014133
Unknown_606466,AZ,606466,2023,159,688,606,167,27,10,27,72,119,5,5,0.276,0.5933734939759036,0.5785582255083181,0.841,0.5329815303430079,0.4985074626865672,0.4571295433364399,0.3211592836946277,0.7151,0.382,0.5926819461198229,0.45333333333333337,30.0,0.021975785234409247,0.6788407163053722
Unknown_474832,TOR,474832,2023,109,422,357,88,24,0,19,61,151,2,2,0.246,0.6024096385542169,0.5526802218114604,0.831,0.575197889182058,0.6895522388059702,0.6425908667287977,0.7565975494816211,0.4929,0.382,0.5926819461198229,0.33333333333333337,35.0,0.03792056173621553,0.24340245051837894
Unknown_661388,MIL,661388,2023,148,635,562,163,39,1,19,65,132,5,2,0.29,0.6325301204819277,0.5360443622920519,0.832,0.43535620052770446,0.6417910447761194,0.4464119291705499,0.4033930254476909,0.6803,0.382,0.5926819461198229,0.42666666666666664,26.0,0.029290882247125352,0.5966069745523093
Unknown_650859,LAA,650859,2023,130,468,415,114,17,4,19,42,85,6,5,0.275,0.5662650602409639,0.5508317929759705,0.818,0.4986807387862797,0.4985074626865672,0.3872320596458528,0.3414231856738926,0.7158,0.382,0.5926819461198229,0.3533333333333334,26.0,0.02917964145909728,0.6585768143261075
Unknown_666624,CHC,666624,2023,113,444,402,102,19,3,28,37,138,2,2,0.254,0.4819277108433735,0.6487985212569318,0.843,0.6912928759894459,0.5283582089552239,0.3574091332712022,0.6458529688972667,0.5991,0.381,0.5902694008845999,0.34,24.0,0.06221111469170121,0.3541470311027335
Unknown_664774,SF,664774,2023,137,536,441,115,16,2,17,80,99,7,4,0.261,0.6686746987951807,0.4584103512014788,0.801,0.40105540897097625,0.4895522388059701,0.6649580615097855,0.34872761545711595,0.6455,0.381,0.5902694008845999,0.38,29.0,0.013938725399665857,0.651272384542884
Unknown_527038,SF,527038,2023,130,465,416,116,22,0,23,41,64,5,3,0.279,0.5722891566265059,0.5988909426987061,0.846,0.5540897097625329,0.4358208955223881,0.38024231127679403,0.23774740810556083,0.7634,0.381,0.5902694008845999,0.3466666666666667,32.0,0.020190251952153945,0.7622525918944392
Unknown_673357,CWS,673357,2023,147,604,559,146,38,1,38,31,175,12,2,0.261,0.4668674698795181,0.6709796672828099,0.85,0.7018469656992085,0.5253731343283582,0.20829450139794967,0.5961357210179077,0.6308,0.381,0.5902694008845999,0.41333333333333333,26.0,0.0992978556347247,0.4038642789820923
Unknown_575929,STL,575929,2023,128,508,440,117,27,0,20,52,114,13,2,0.266,0.6054216867469878,0.5360443622920519,0.823,0.4986807387862797,0.5402985074626866,0.4464119291705499,0.4422714420358153,0.6457,0.381,0.5902694008845999,0.3666666666666667,31.0,0.03240969127006447,0.5577285579641849
Unknown_592885,MIL,592885,2023,151,657,572,159,35,1,20,81,144,3,1,0.278,0.6385542168674699,0.5064695009242146,0.817,0.42480211081794195,0.6149253731343284,0.5438024231127679,0.43001885014137614,0.653,0.379,0.5846401286690792,0.42666666666666664,32.0,0.02440369800713927,0.5699811498586238
Unknown_594807,BOS,594807,2023,97,375,341,85,29,2,22,23,118,6,5,0.249,0.43975903614457834,0.6765249537892792,0.844,0.7414248021108178,0.5134328358208955,0.2548928238583411,0.655042412818096,0.608,0.379,0.5846401286690792,0.30666666666666664,35.0,0.08936063336084048,0.34495758718190395
Unknown_680777,MIN,680777,2023,100,370,317,84,16,2,15,35,105,12,2,0.265,0.6024096385542169,0.5471349353049908,0.828,0.5171503957783641,0.635820895522388,0.41006523765144454,0.5822337417530631,0.5784,0.378,0.5822275834338559,0.30000000000000004,26.0,0.04806044200335895,0.4177662582469368
Unknown_673237,HOU,673237,2023,112,393,371,103,23,0,24,11,80,5,6,0.278,0.4367469879518072,0.6654343807763403,0.836,0.6517150395778364,0.4626865671641791,0.09972041006523766,0.39326107445805847,0.7557,0.377,0.5794129473260956,0.30666666666666664,25.0,0.13073615381352405,0.6067389255419415
Unknown_656811,BAL,656811,2023,121,391,367,107,23,1,16,17,88,3,3,0.292,0.5060240963855422,0.5841035120147875,0.816,0.5013192612137203,0.6208955223880598,0.17194780987884434,0.4439208294062205,0.7212,0.377,0.5794129473260956,0.30666666666666664,30.0,0.09015313132077049,0.5560791705937795
Unknown_682985,DET,682985,2023,105,435,395,114,19,5,12,37,119,1,2,0.289,0.575301204819277,0.5157116451016637,0.803,0.41160949868073876,0.7432835820895524,0.36579683131407265,0.5581998114985862,0.6391,0.377,0.5794129473260956,0.32666666666666666,23.0,0.05222267438897735,0.44180018850141356
Unknown_670623,TB,670623,2023,146,588,508,126,25,0,31,59,108,20,1,0.248,0.575301204819277,0.5656192236598891,0.829,0.5883905013192612,0.36716417910447763,0.43662628145386767,0.3463713477851084,0.682,0.376,0.5765983112183353,0.3866666666666667,24.0,0.025443625573364825,0.6536286522148917
Unknown_600869,WSH,600869,2023,147,599,528,134,39,3,22,54,130,13,4,0.254,0.5361445783132531,0.5360443622920519,0.8,0.5303430079155672,0.4805970149253731,0.3895619757688723,0.4248350612629595,0.6694,0.376,0.5765983112183353,0.3933333333333333,30.0,0.036558715230756274,0.5751649387370406
Unknown_668715,CIN,668715,2023,161,683,597,160,38,3,24,71,145,11,4,0.268,0.5903614457831324,0.5323475046210722,0.817,0.48812664907651715,0.5402985074626866,0.4538676607642125,0.41376060320452407,0.6676,0.376,0.5765983112183353,0.42666666666666664,26.0,0.029505200405624758,0.5862393967954762
Unknown_666182,TOR,666182,2023,142,624,593,182,30,3,22,28,119,2,1,0.307,0.5481927710843374,0.5637707948243993,0.819,0.4300791556728232,0.6537313432835822,0.17847157502329916,0.3628652214891612,0.7612,0.375,0.5741857659831122,0.4,25.0,0.07220095420035169,0.6371347785108388
Unknown_621550,CHC,621550,2023,101,322,283,60,8,1,25,35,115,2,1,0.212,0.4337349397590361,0.6247689463955639,0.815,0.7678100263852242,0.32537313432835824,0.4757688723205965,0.7549481621112157,0.5248,0.375,0.5741857659831122,0.2733333333333333,32.0,0.05358041488530699,0.24505183788878426
Unknown_681481,DET,681481,2023,123,473,431,122,17,2,21,33,117,8,1,0.283,0.5632530120481928,0.5619223659889094,0.823,0.4907651715039578,0.626865671641791,0.2945013979496738,0.49646559849198874,0.666,0.375,0.5741857659831122,0.33333333333333337,26.0,0.058597829925613604,0.5035344015080112
Unknown_670042,TB,670042,2023,119,418,368,93,24,3,20,29,132,18,2,0.253,0.5361445783132531,0.5970425138632165,0.833,0.6226912928759895,0.6000000000000002,0.29263746505125815,0.6576343072573044,0.5694,0.375,0.5741857659831122,0.31333333333333335,29.0,0.0780698615552834,0.34236569274269546
Unknown_543685,LAA,543685,2023,48,197,161,44,10,0,2,26,28,6,4,0.273,0.6867469879518072,0.36783733826247694,0.758,0.237467018469657,0.5283582089552239,0.5843429636533085,0.24835061262959474,0.6954,0.375,0.5741857659831122,0.22000000000000003,33.0,0.010830396751457033,0.7516493873704053
Unknown_666139,TB,666139,2023,135,519,481,140,34,2,20,34,128,1,3,0.291,0.5391566265060243,0.5933456561922368,0.832,0.5145118733509234,0.6656716417910448,0.2744641192917055,0.49458058435438274,0.6859,0.374,0.5713711298753518,0.3533333333333334,25.0,0.06286519685123604,0.5054194156456173
Unknown_624585,MIA,624585,2023,144,604,526,129,24,0,36,68,150,6,4,0.245,0.5361445783132531,0.5951940850277266,0.832,0.6385224274406333,0.4059701492537314,0.49394221808014915,0.4985862393967955,0.6291,0.374,0.5713711298753518,0.3866666666666667,31.0,0.032675727576623154,0.5014137606032045
Unknown_457759,BOS,457759,2023,152,643,571,160,32,0,24,55,113,11,6,0.28,0.5813253012048193,0.5323475046210722,0.814,0.4564643799472295,0.5223880597014926,0.3676607642124884,0.3275212064090481,0.7216,0.374,0.5713711298753518,0.4066666666666667,39.0,0.029768911717286697,0.672478793590952
Unknown_680776,BOS,680776,2023,105,374,345,101,35,2,8,24,92,3,2,0.293,0.5542168674698796,0.5563770794824401,0.818,0.45910290237467016,0.7253731343283581,0.2684063373718546,0.4931668237511781,0.6791,0.374,0.5713711298753518,0.29333333333333333,27.0,0.0641598914009562,0.5068331762488218
Unknown_623912,TB,623912,2023,128,454,417,129,19,2,12,23,81,8,6,0.309,0.5843373493975904,0.512014787430684,0.803,0.34828496042216356,0.6597014925373134,0.2054986020503262,0.33388312912346846,0.7533,0.373,0.5685564937675914,0.32666666666666666,29.0,0.0581008782664129,0.6661168708765315
Unknown_677551,TB,677551,2023,115,499,450,125,24,6,17,42,70,3,4,0.278,0.5512048192771085,0.5489833641404807,0.812,0.4854881266490765,0.4776119402985074,0.36160298229263743,0.2441093308199812,0.7695,0.372,0.5661439485323683,0.34,22.0,0.02224542239962409,0.7558906691800187
Unknown_680977,STL,680977,2023,98,386,341,96,10,1,11,34,57,9,1,0.282,0.6114457831325301,0.44177449168207034,0.775,0.3245382585751979,0.5253731343283582,0.3797763280521901,0.26154571159283696,0.7383,0.372,0.5661439485323683,0.29333333333333333,26.0,0.02244349106988157,0.7384542884071632
Unknown_666969,TEX,666969,2023,160,678,599,144,31,0,41,66,191,7,6,0.24,0.48795180722891573,0.5970425138632165,0.818,0.6543535620052771,0.4238805970149254,0.42264678471575023,0.5772855796418473,0.6106,0.371,0.5633293124246079,0.4066666666666667,30.0,0.04603139491482959,0.42271442035815254
Unknown_641487,SEA,641487,2023,147,643,538,142,35,0,19,95,126,5,2,0.264,0.6626506024096387,0.48243992606284664,0.813,0.4274406332453826,0.5283582089552239,0.657502329916123,0.3753534401508012,0.6439,0.371,0.5633293124246079,0.3933333333333333,28.0,0.015678935895651107,0.624646559849199
Unknown_673548,CHC,673548,2023,137,583,515,147,31,6,20,59,130,2,7,0.285,0.5993975903614458,0.5748613678373384,0.842,0.503957783641161,0.6179104477611942,0.4408201304753029,0.4389726672950048,0.6724,0.371,0.5633293124246079,0.3666666666666667,29.0,0.03264488137197397,0.5610273327049953
Unknown_543760,TEX,543760,2023,174,802,717,191,42,4,29,75,119,5,5,0.266,0.5421686746987954,0.5231053604436231,0.795,0.48021108179419525,0.4417910447761193,0.4049394221808015,0.2631950989632422,0.7506,0.37,0.5605146763168476,0.45333333333333337,33.0,0.02071430399936714,0.7368049010367577
Unknown_668939,BAL,668939,2023,161,712,609,167,32,1,21,96,104,2,5,0.274,0.644578313253012,0.47874306839186703,0.806,0.39577836411609496,0.4925373134328358,0.5973904939422181,0.2577756833176249,0.7163,0.37,0.5605146763168476,0.41333333333333333,25.0,0.01097193865293281,0.742224316682375
Unknown_683002,BAL,683002,2023,158,650,584,153,30,9,30,60,166,3,3,0.262,0.5240963855421686,0.5988909426987061,0.831,0.5989445910290236,0.5402985074626866,0.39934762348555447,0.515315739868049,0.6477,0.37,0.5605146763168476,0.3933333333333333,22.0,0.04355184359572722,0.48468426013195076
Unknown_453568,COL,453568,2023,100,427,369,103,24,5,8,40,58,14,4,0.279,0.6325301204819277,0.4842883548983365,0.804,0.39050131926121373,0.5223880597014926,0.4058713886300093,0.23350612629594725,0.7377,0.37,0.5605146763168476,0.30666666666666664,37.0,0.01804596240322654,0.7664938737040525
Unknown_592206,PHI,592206,2023,169,716,666,185,41,2,34,41,191,3,6,0.278,0.48795180722891573,0.5988909426987061,0.818,0.5593667546174143,0.6089552238805972,0.2362534948741845,0.5421771913289349,0.6718,0.369,0.5581021310816244,0.41333333333333333,31.0,0.08011696278262473,0.4578228086710652
Unknown_607208,PHI,607208,2023,165,728,674,188,40,5,30,47,154,6,1,0.279,0.5210843373493976,0.5785582255083181,0.818,0.525065963060686,0.5611940298507463,0.2702702702702703,0.411875589066918,0.7157,0.369,0.5581021310816244,0.42000000000000004,30.0,0.05336373403628575,0.5881244109330819
Unknown_571970,LAD,571970,2023,144,608,507,109,18,1,38,89,161,6,6,0.215,0.5361445783132531,0.5637707948243993,0.815,0.6728232189973615,0.27462686567164185,0.6514445479962722,0.5374646559849198,0.5789,0.369,0.5581021310816244,0.37333333333333335,33.0,0.025003049196313236,0.46253534401508034
Unknown_607043,NYM,607043,2023,154,689,599,163,30,6,24,74,146,11,4,0.272,0.6084337349397589,0.5323475046210722,0.823,0.4775725593667546,0.5582089552238807,0.46971109040074555,0.41281809613572107,0.6633,0.369,0.5581021310816244,0.4,30.0,0.028182289163467912,0.5871819038642789
Unknown_572233,AZ,572233,2023,169,704,619,159,40,2,34,67,134,9,9,0.257,0.5301204819277109,0.5896487985212571,0.827,0.5989445910290236,0.4119402985074627,0.41286113699906807,0.36192271442035817,0.7003,0.368,0.555287494973864,0.4066666666666667,32.0,0.02868459276199376,0.6380772855796417
Unknown_678009,DET,678009,2023,39,153,133,32,5,2,4,17,38,2,1,0.241,0.5271084337349398,0.4140480591497229,0.732,0.39313984168865435,0.5074626865671642,0.4869524697110904,0.4988218661639963,0.6275,0.368,0.555287494973864,0.2,24.0,0.03326941173782302,0.501178133836004
Unknown_663616,MIN,663616,2023,63,227,198,46,8,3,10,27,74,0,2,0.232,0.49397590361445787,0.5194085027726434,0.776,0.5620052770448548,0.5253731343283582,0.5232991612301957,0.6816682375117813,0.5551,0.368,0.555287494973864,0.22666666666666668,26.0,0.04306284404773887,0.3183317624882185
Unknown_677649,TEX,677649,2023,128,454,420,119,24,3,17,24,122,7,2,0.283,0.5210843373493976,0.5582255083179299,0.807,0.4854881266490765,0.6746268656716418,0.2157502329916123,0.5466540999057492,0.6608,0.368,0.555287494973864,0.31333333333333335,24.0,0.08830821061696517,0.4533459000942508
Unknown_518792,LAD,518792,2023,131,399,359,93,24,0,15,34,72,3,3,0.259,0.5060240963855422,0.512014787430684,0.777,0.4828496042216359,0.4477611940298507,0.3662628145386766,0.33883129123468425,0.7193,0.367,0.5524728588661036,0.2866666666666667,34.0,0.03099941632362689,0.6611687087653157
Unknown_668227,TB,668227,2023,155,667,564,145,20,3,23,80,160,18,5,0.257,0.6204819277108434,0.46580406654343814,0.79,0.4195250659630607,0.5432835820895523,0.5279589934762349,0.47879359095193214,0.6132,0.367,0.5524728588661036,0.3866666666666667,28.0,0.028721067238991628,0.5212064090480679
Unknown_669707,PIT,669707,2023,54,209,181,54,9,0,3,24,63,3,1,0.298,0.6927710843373495,0.4140480591497229,0.785,0.237467018469657,0.9134328358208955,0.5041938490214353,0.6237040527803959,0.5694,0.367,0.5524728588661036,0.22000000000000003,25.0,0.04081055292627863,0.37629594721960413
Unknown_624413,NYM,624413,2023,158,672,581,127,21,2,47,66,152,21,4,0.219,0.4819277108433735,0.6099815157116453,0.823,0.7308707124010553,0.21791044776119406,0.42684063373718545,0.4465127238454289,0.6443,0.367,0.5524728588661036,0.3866666666666667,29.0,0.03457859456392844,0.5534872761545713
Unknown_666160,LAA,666160,2023,85,330,318,90,22,2,16,9,116,3,0,0.283,0.45481927710843373,0.6321626617375233,0.825,0.5910290237467019,0.7880597014925373,0.09645852749301026,0.7417530631479735,0.6121,0.367,0.5524728588661036,0.26,25.0,0.23920504284394303,0.2582469368520266
Unknown_681546,LAD,681546,2023,160,596,507,126,19,3,24,72,190,13,4,0.249,0.5903614457831324,0.4916820702402959,0.794,0.48021108179419525,0.6238805970149256,0.5321528424976701,0.664703110273327,0.5386,0.366,0.5496582227583433,0.36,26.0,0.041074510076720916,0.33529688972667304
Unknown_680869,ATH,680869,2023,70,303,273,73,20,1,14,26,82,3,1,0.267,0.5391566265060243,0.6062846580406656,0.838,0.5936675461741425,0.5880597014925374,0.36905871388630007,0.5511310084825636,0.6337,0.366,0.5496582227583433,0.25333333333333335,24.0,0.05103821397491107,0.44886899151743664
Unknown_676116,ATH,676116,2023,134,516,421,97,22,1,16,80,175,12,3,0.23,0.6265060240963854,0.4195933456561924,0.768,0.4274406332453826,0.6388059701492538,0.6915191053122087,0.7125353440150801,0.4826,0.366,0.5496582227583433,0.32666666666666666,27.0,0.032338766565167446,0.2874646559849201
Unknown_621466,NYM,621466,2023,57,190,165,39,9,0,11,16,57,7,1,0.236,0.5120481927710844,0.5859519408502774,0.819,0.6490765171503957,0.453731343283582,0.36160298229263743,0.6204052780395852,0.5684,0.366,0.5496582227583433,0.20666666666666667,30.0,0.058956541105914875,0.37959472196041477
Unknown_673962,TEX,673962,2023,134,558,519,143,30,2,24,31,161,5,3,0.276,0.49096385542168675,0.5656192236598891,0.801,0.5145118733509234,0.6537313432835822,0.22833178005591798,0.5933081998114985,0.647,0.365,0.5472456775231203,0.34,25.0,0.09042674628566667,0.4066918001885016
Unknown_669394,CWS,669394,2023,147,559,510,128,29,1,34,32,153,13,4,0.251,0.45481927710843373,0.6247689463955639,0.821,0.6649076517150396,0.4567164179104477,0.23578751164958062,0.558435438265787,0.6458,0.365,0.5472456775231203,0.34,27.0,0.08260936453693532,0.441564561734213
Unknown_663457,STL,663457,2023,119,510,431,113,23,1,14,74,100,1,3,0.262,0.6355421686746988,0.4510166358595195,0.787,0.38522427440633245,0.5223880597014926,0.6453867660764213,0.3755890669180019,0.6549,0.365,0.5472456775231203,0.32000000000000006,26.0,0.0161525173902008,0.6244109330819982
Unknown_641584,CIN,641584,2023,113,395,350,91,21,0,15,38,76,6,1,0.26,0.5542168674698796,0.5083179297597045,0.79,0.47493403693931396,0.4716417910447761,0.4175209692451071,0.36687087653157396,0.6962,0.365,0.5472456775231203,0.28,28.0,0.02870492418827012,0.633129123468426
Unknown_656448,WSH,656448,2023,86,272,238,63,17,0,9,26,83,3,5,0.265,0.5421686746987954,0.5101663585951943,0.788,0.46437994722955145,0.6686567164179104,0.4147250698974837,0.6324222431668237,0.5772,0.365,0.5472456775231203,0.24000000000000002,28.0,0.05176552543448996,0.3675777568331764
Unknown_621493,LAA,621493,2023,103,429,374,95,18,0,16,41,81,8,6,0.254,0.5361445783132531,0.47319778188539746,0.766,0.4406332453825857,0.4328358208955225,0.4147250698974837,0.35838831291234685,0.697,0.365,0.5472456775231203,0.29333333333333333,30.0,0.028219011607138182,0.6416116870876531
Unknown_669357,STL,669357,2023,123,480,421,99,17,0,28,54,153,3,2,0.235,0.5030120481927711,0.5563770794824401,0.8,0.6094986807387862,0.4746268656716418,0.49347623485554526,0.664703110273327,0.5625,0.364,0.5444310414153598,0.30666666666666664,23.0,0.044843124819873056,0.33529688972667304
Unknown_608324,HOU,608324,2023,170,759,654,171,30,4,26,94,94,9,2,0.261,0.6114457831325301,0.48983364140480606,0.8,0.44327176781002636,0.40895522388059713,0.5461323392357875,0.20523091423185674,0.7404,0.363,0.5416164053075995,0.4066666666666667,29.0,0.009349406373181298,0.7947690857681431
Unknown_456781,MIN,456781,2023,143,479,419,117,28,1,6,44,105,15,1,0.279,0.6295180722891566,0.4066543438077635,0.761,0.2796833773087071,0.6716417910447762,0.39748369058713884,0.43001885014137614,0.6576,0.363,0.5416164053075995,0.30666666666666664,36.0,0.03616069492444144,0.5699811498586238
Unknown_669257,LAD,669257,2023,132,577,486,129,24,3,19,63,91,15,13,0.265,0.6054216867469878,0.49907578558225524,0.803,0.4485488126649076,0.444776119402985,0.4780987884436161,0.28510838831291235,0.7071,0.363,0.5416164053075995,0.34,28.0,0.01794595045772166,0.7148916116870878
Unknown_807799,BOS,807799,2023,144,591,545,157,33,3,16,37,82,7,2,0.288,0.5481927710843374,0.5064695009242146,0.788,0.39841688654353563,0.5373134328358209,0.260950605778192,0.2403393025447691,0.7868,0.363,0.5416164053075995,0.3466666666666667,30.0,0.032879037455102365,0.7596606974552309
Unknown_664023,CHC,664023,2023,163,707,591,146,35,4,21,104,156,6,6,0.247,0.6144578313253012,0.46580406654343814,0.788,0.4485488126649076,0.4895522388059701,0.6547064305684995,0.43355325164938746,0.6238,0.363,0.5416164053075995,0.3866666666666667,29.0,0.019033744314653343,0.5664467483506126
Unknown_457705,PIT,457705,2023,116,486,400,103,19,0,13,77,103,4,5,0.258,0.6656626506024096,0.42144177449168224,0.781,0.3588390501319261,0.5283582089552239,0.7073625349487419,0.41281809613572107,0.6214,0.363,0.5416164053075995,0.30666666666666664,37.0,0.015886781392797783,0.5871819038642789
Unknown_643376,TOR,643376,2023,87,316,282,64,16,0,17,24,65,10,0,0.227,0.45783132530120485,0.5378927911275417,0.775,0.604221635883905,0.30149253731343284,0.32292637465051255,0.39820923656927426,0.6867,0.363,0.5416164053075995,0.2466666666666667,28.0,0.04245014698449262,0.6017907634307258
Unknown_596146,MIN,596146,2023,136,523,469,123,24,2,24,46,118,4,4,0.262,0.5210843373493976,0.5563770794824401,0.806,0.5382585751978891,0.4925373134328358,0.3793103448275862,0.44509896324222437,0.6788,0.362,0.5392038600723763,0.32000000000000006,30.0,0.039614397865865646,0.5549010367577756
Unknown_665489,TOR,665489,2023,164,707,621,163,32,0,26,73,103,9,4,0.262,0.5692771084337348,0.4916820702402959,0.786,0.44327176781002636,0.4238805970149254,0.4506057781919851,0.25683317624882185,0.7383,0.362,0.5392038600723763,0.38,24.0,0.01729397515691572,0.7431668237511782
Unknown_622569,BOS,622569,2023,62,198,179,51,10,0,3,15,23,0,2,0.285,0.5391566265060243,0.40110905730129404,0.728,0.2559366754617414,0.5253731343283582,0.3224603914259087,0.18732327992459946,0.798,0.362,0.5392038600723763,0.20666666666666667,30.0,0.019665539878848684,0.8126767200754006
Unknown_502671,STL,502671,2023,157,693,599,159,31,0,25,87,165,3,4,0.265,0.6054216867469878,0.4953789279112755,0.802,0.44327176781002636,0.5671641791044777,0.5540540540540541,0.47455230914231855,0.6306,0.362,0.5392038600723763,0.38,36.0,0.02671539287500601,0.5254476908576815
Unknown_608701,BOS,608701,2023,89,259,217,55,11,1,1,34,49,6,1,0.253,0.6325301204819277,0.28280961182994463,0.695,0.17150395778364114,0.5582089552238807,0.581081081081081,0.3593308199811499,0.6486,0.361,0.536389223964616,0.22666666666666668,32.0,0.017884703261937147,0.64066918001885
Unknown_681351,LAA,681351,2023,54,211,193,46,7,0,14,15,53,2,1,0.238,0.42469879518072284,0.5878003696857672,0.791,0.6464379947229552,0.3522388059701492,0.3005591798695247,0.5054194156456172,0.6682,0.361,0.536389223964616,0.21333333333333335,23.0,0.058377940247970286,0.4945805843543827
Unknown_667670,ATH,667670,2023,143,539,474,115,20,1,30,51,178,10,4,0.243,0.5090361445783133,0.5637707948243993,0.805,0.5989445910290236,0.5402985074626866,0.41006523765144454,0.691564561734213,0.5566,0.361,0.536389223964616,0.32000000000000006,29.0,0.05755405750674289,0.308435438265787
Unknown_665839,BOS,665839,2023,47,153,143,38,8,0,7,9,38,1,0,0.266,0.4698795180722892,0.5452865064695009,0.782,0.5118733509234829,0.5432835820895523,0.2432432432432432,0.4988218661639963,0.6797,0.36,0.5335745878568556,0.19333333333333336,25.0,0.07176107606265139,0.501178133836004
Unknown_596019,NYM,596019,2023,166,707,622,158,34,2,32,66,139,12,7,0.254,0.5301204819277109,0.5452865064695009,0.803,0.5435356200527705,0.42089552238805983,0.40447343895619753,0.37676720075400566,0.6931,0.36,0.5335745878568556,0.37333333333333335,30.0,0.030735802931180937,0.6232327992459943
Unknown_668804,PIT,668804,2023,151,660,593,157,33,5,24,54,140,7,6,0.265,0.5180722891566266,0.5268022181146028,0.789,0.48812664907651715,0.5134328358208955,0.3504193849021435,0.4132893496701226,0.6955,0.36,0.5335745878568556,0.36,28.0,0.040180995264453595,0.5867106503298776
Unknown_650402,NYY,650402,2023,163,692,616,167,28,2,26,67,104,3,6,0.271,0.5542168674698796,0.5101663585951943,0.792,0.4485488126649076,0.4567164179104477,0.42031686859273065,0.26767200754005654,0.7486,0.36,0.5335745878568556,0.3666666666666667,27.0,0.020046929132553737,0.7323279924599435
Unknown_671739,ATL,671739,2023,148,570,535,153,34,4,18,26,108,5,3,0.286,0.496987951807229,0.5378927911275417,0.789,0.4485488126649076,0.5791044776119404,0.18173345759552656,0.36003770028275217,0.7544,0.359,0.5311620426216325,0.32666666666666666,22.0,0.07042964789930589,0.6399622997172478
Unknown_669261,PIT,669261,2023,146,551,464,102,21,3,26,75,180,6,6,0.22,0.5240963855421686,0.5027726432532349,0.778,0.5725593667546174,0.4597014925373134,0.603448275862069,0.6833176248821866,0.5263,0.359,0.5311620426216325,0.32000000000000006,25.0,0.03645566423913229,0.3166823751178134
Unknown_645801,SEA,645801,2023,86,257,225,53,6,0,16,24,82,7,1,0.236,0.5090361445783133,0.5582255083179299,0.802,0.6094986807387862,0.4626865671641791,0.40447343895619753,0.6654099905749293,0.5603,0.359,0.5311620426216325,0.22666666666666668,31.0,0.05612178721756618,0.3345900094250709
Unknown_593428,SD,593428,2023,159,677,606,173,34,2,19,57,110,8,6,0.285,0.5843373493975904,0.4953789279112755,0.794,0.39050131926121373,0.5522388059701493,0.36160298229263743,0.2964184731385486,0.7415,0.359,0.5311620426216325,0.36,31.0,0.027348658688162948,0.7035815268614514
Unknown_621035,LAD,621035,2023,123,416,364,85,16,1,17,47,136,4,1,0.234,0.5090361445783133,0.4602587800369687,0.75,0.4775725593667546,0.5582089552238807,0.49580615097856473,0.6837888784165882,0.5505,0.358,0.528347406513872,0.2733333333333333,33.0,0.045987860007229965,0.316211121583412
Unknown_543305,BAL,543305,2023,99,338,287,73,9,1,9,50,72,0,1,0.254,0.6204819277108434,0.3937153419593347,0.751,0.3245382585751979,0.5223880597014926,0.6584342963653309,0.4154099905749293,0.6391,0.358,0.528347406513872,0.2466666666666667,34.0,0.017868975066638246,0.5845900094250707
Unknown_571657,MIN,571657,2023,120,389,354,91,15,2,13,24,92,9,2,0.257,0.4849397590361446,0.45656192236598897,0.74,0.40897097625329815,0.5283582089552239,0.25675675675675674,0.47078228086710655,0.6787,0.357,0.5255327704061117,0.26,33.0,0.06418481178772792,0.5292177191328937
Unknown_643565,CHC,643565,2023,112,413,346,87,20,0,8,59,90,4,3,0.251,0.6204819277108434,0.378927911275416,0.743,0.3113456464379947,0.5402985074626866,0.6351351351351351,0.4269557021677663,0.6271,0.357,0.5255327704061117,0.26666666666666666,33.0,0.01950800564632099,0.5730442978322339
Unknown_665487,SD,665487,2023,146,651,591,154,33,1,26,53,143,3,3,0.261,0.496987951807229,0.5138632162661738,0.775,0.48021108179419525,0.4985074626865672,0.34855545200372784,0.4311969839773799,0.6928,0.357,0.5255327704061117,0.3466666666666667,24.0,0.04223476403690101,0.5688030160226201
Unknown_672515,AZ,672515,2023,115,408,366,103,19,1,11,31,82,4,7,0.281,0.5421686746987954,0.4713493530499077,0.767,0.366754617414248,0.5820895522388061,0.3233923578751165,0.3871347785108389,0.7132,0.356,0.5231202251708886,0.26666666666666666,23.0,0.04118413962168265,0.612865221489161
Unknown_623993,BAL,623993,2023,161,684,617,160,42,1,30,57,156,6,4,0.259,0.5060240963855422,0.5582255083179299,0.803,0.5488126649076517,0.4925373134328358,0.3574091332712022,0.45098963242224316,0.6798,0.356,0.5231202251708886,0.3533333333333334,29.0,0.04299501237107879,0.5490103675777569
Unknown_592273,LAA,592273,2023,131,543,505,131,31,3,26,25,144,8,5,0.259,0.4337349397590361,0.5785582255083181,0.789,0.5778364116094987,0.5223880597014926,0.18359739049394222,0.5384071630537228,0.674,0.356,0.5231202251708886,0.30666666666666664,31.0,0.10158265648334369,0.4615928369462772
Unknown_666310,CLE,666310,2023,67,230,198,47,13,0,11,30,53,1,1,0.237,0.5451807228915663,0.5471349353049908,0.809,0.5883905013192612,0.39701492537313443,0.5768872320596458,0.4564090480678605,0.6348,0.356,0.5231202251708886,0.21333333333333335,23.0,0.024192594881685,0.5435909519321396
Unknown_657041,WSH,657041,2023,162,702,645,172,36,3,28,39,179,11,7,0.267,0.47590361445783136,0.5323475046210722,0.778,0.4907651715039578,0.5671641791044777,0.22833178005591798,0.514373232799246,0.6738,0.356,0.5231202251708886,0.3533333333333334,28.0,0.07876469868125165,0.48562676720075393
Unknown_658668,KC,658668,2023,109,396,364,96,23,4,13,22,66,8,2,0.264,0.4819277108433735,0.5212569316081332,0.774,0.4828496042216359,0.4626865671641791,0.22833178005591798,0.3063147973609802,0.7576,0.356,0.5231202251708886,0.26,27.0,0.0480256299209577,0.6936852026390199
Unknown_677951,KC,677951,2023,162,706,652,180,28,11,31,40,123,4,9,0.276,0.4819277108433735,0.5933456561922368,0.813,0.5540897097625329,0.4776119402985074,0.23345759552656103,0.32398680490103676,0.762,0.356,0.5231202251708886,0.36,23.0,0.04946004734801263,0.6760131950989632
Unknown_664040,TB,664040,2023,112,446,385,91,15,1,22,52,119,6,3,0.236,0.5301204819277109,0.5138632162661738,0.786,0.546174142480211,0.4328358208955225,0.5125815470643057,0.5421771913289349,0.6031,0.356,0.5231202251708886,0.28,29.0,0.034282500505482684,0.4578228086710652
Unknown_663624,BAL,663624,2023,123,498,449,123,23,1,19,38,112,3,8,0.274,0.5150602409638555,0.5231053604436231,0.786,0.45910290237467016,0.5522388059701493,0.32479030754892824,0.44344957587181905,0.6928,0.355,0.5203055890631283,0.29333333333333333,26.0,0.047045735958006964,0.5565504241281809
Unknown_592626,SF,592626,2023,122,429,361,87,14,3,16,58,89,7,3,0.241,0.5903614457831324,0.4713493530499077,0.784,0.47229551451187335,0.4179104477611941,0.5992544268406337,0.40245051837888784,0.641,0.355,0.5203055890631283,0.26666666666666666,31.0,0.019700027216605277,0.5975494816211122
Unknown_656941,PHI,656941,2023,170,760,623,121,23,1,47,127,232,7,3,0.194,0.5361445783132531,0.5304990757855823,0.796,0.6781002638522428,0.23582089552238805,0.7479030754892824,0.6328934967012253,0.5184,0.354,0.5174909529553678,0.3666666666666667,30.0,0.0253573810113936,0.3671065032987748
Unknown_663697,CIN,663697,2023,124,547,472,119,24,0,17,52,109,16,7,0.252,0.5542168674698796,0.4380776340110906,0.753,0.39577836411609496,0.4626865671641791,0.4123951537744641,0.38312912346842604,0.6764,0.354,0.5174909529553678,0.30000000000000004,27.0,0.030557029468157693,0.6168708765315738
Unknown_608671,TEX,608671,2023,95,296,255,69,12,1,1,36,43,2,2,0.271,0.6174698795180723,0.301293900184843,0.7,0.15303430079155672,0.5522388059701493,0.5358807082945014,0.2558906691800189,0.723,0.354,0.5174909529553678,0.22666666666666668,32.0,0.013121822263128713,0.7441093308199813
Unknown_596059,SD,596059,2023,63,175,154,34,9,0,4,19,41,2,0,0.221,0.4698795180722892,0.33826247689463956,0.671,0.33509234828496043,0.42089552238805983,0.4753028890959925,0.4655984919886899,0.6457,0.354,0.5174909529553678,0.19333333333333336,29.0,0.03175261621992776,0.5344015080113103
Unknown_605137,CLE,605137,2023,158,643,573,144,31,0,24,64,139,2,4,0.251,0.5090361445783133,0.4750462107208873,0.758,0.45118733509234826,0.4656716417910447,0.43289841565703635,0.4229500471253535,0.6781,0.353,0.5150784077201447,0.32666666666666666,31.0,0.032050802644747786,0.5770499528746467
Unknown_542932,MIA,542932,2023,133,442,399,116,17,3,7,34,82,4,3,0.291,0.5783132530120482,0.4195933456561924,0.751,0.26649076517150394,0.6388059701492538,0.3275862068965517,0.35061262959472195,0.724,0.353,0.5150784077201447,0.26666666666666666,33.0,0.03668372672062794,0.6493873704052779
Unknown_663993,TEX,663993,2023,173,770,665,169,38,3,18,97,180,5,3,0.254,0.5843373493975904,0.42144177449168224,0.753,0.36411609498680736,0.5582089552238807,0.5563839701770736,0.4644203581526862,0.6338,0.352,0.5122637716123843,0.36,28.0,0.02590912717053507,0.5355796418473138
Unknown_687952,CIN,687952,2023,63,241,222,60,7,0,13,14,69,5,0,0.27,0.5120481927710844,0.5600739371534196,0.805,0.5224274406332453,0.6029850746268658,0.23998136067101583,0.588124410933082,0.6349,0.352,0.5122637716123843,0.20666666666666667,24.0,0.0853722835746145,0.4118755890669181
Unknown_663647,PIT,663647,2023,128,543,511,142,31,7,16,28,107,0,4,0.278,0.4668674698795181,0.5286506469500927,0.773,0.4564643799472295,0.5582089552238807,0.2096924510717614,0.37794533459000945,0.7514,0.352,0.5122637716123843,0.29333333333333333,26.0,0.06392746532851896,0.6220546654099905
Unknown_592663,PHI,592663,2023,145,576,524,131,30,5,22,37,147,10,5,0.25,0.45481927710843373,0.5138632162661738,0.761,0.5092348284960422,0.5044776119402985,0.2684063373718546,0.5148444863336474,0.658,0.351,0.509449135504624,0.30000000000000004,32.0,0.06693357931215271,0.48515551366635257
Unknown_676059,BAL,676059,2023,76,254,230,60,20,3,3,19,63,1,4,0.261,0.47289156626506024,0.44177449168207034,0.728,0.37730870712401055,0.6119402985074628,0.31780055917986955,0.49787935909519326,0.6732,0.351,0.509449135504624,0.21333333333333335,24.0,0.05416726313218376,0.5021206409048069
Unknown_660821,MIA,660821,2023,122,416,374,94,24,3,14,38,110,2,1,0.251,0.496987951807229,0.49907578558225524,0.767,0.4854881266490765,0.5522388059701493,0.3946877912395154,0.5365221489161169,0.637,0.351,0.509449135504624,0.25333333333333335,26.0,0.046046450554910495,0.4634778510838833
Unknown_641857,COL,641857,2023,155,649,576,140,35,3,23,69,208,1,3,0.243,0.5,0.4805914972273569,0.758,0.48021108179419525,0.6029850746268658,0.46458527493010254,0.6687087653157399,0.5716,0.351,0.509449135504624,0.32000000000000006,29.0,0.04835177623199621,0.33129123468426025
Unknown_673490,SD,673490,2023,153,641,553,141,23,0,17,75,128,3,5,0.255,0.5602409638554217,0.3974121996303143,0.733,0.32981530343007914,0.4955223880597015,0.5144454799627214,0.38407163053722904,0.6708,0.351,0.509449135504624,0.32000000000000006,28.0,0.023030614264701342,0.6159283694627711
Unknown_691023,STL,691023,2023,121,482,436,116,19,2,16,38,110,6,2,0.266,0.5240963855421686,0.4713493530499077,0.761,0.40633245382585753,0.5582089552238807,0.3364398881640261,0.45122525918944395,0.6805,0.351,0.509449135504624,0.2733333333333333,21.0,0.0460462891342761,0.5487747408105561
Unknown_595281,TOR,595281,2023,120,428,388,103,23,7,8,31,92,4,4,0.265,0.496987951807229,0.4602587800369687,0.746,0.39050131926121373,0.5701492537313434,0.3066169617893756,0.42012252591894444,0.7009,0.35,0.5070365902694008,0.26,33.0,0.04747229090953027,0.5798774740810557
Unknown_605170,MIL,605170,2023,63,235,208,55,4,0,8,20,45,4,3,0.264,0.5361445783132531,0.41589648798521267,0.735,0.3324538258575198,0.4865671641791045,0.36579683131407265,0.3647502356267672,0.7064,0.35,0.5070365902694008,0.20666666666666667,30.0,0.03354948975185875,0.6352497643732329
Unknown_571448,STL,571448,2023,147,619,567,152,26,2,26,41,103,3,8,0.268,0.4789156626506025,0.5268022181146028,0.775,0.4775725593667546,0.444776119402985,0.27772600186393287,0.30560791705937795,0.7625,0.35,0.5070365902694008,0.30666666666666664,32.0,0.03864582457668432,0.694392082940622
Unknown_656582,PIT,656582,2023,135,484,424,105,31,4,12,50,112,9,1,0.248,0.5451807228915663,0.4639556377079483,0.763,0.44327176781002636,0.5223880597014926,0.4506057781919851,0.45876531573986806,0.6467,0.349,0.5042219541616405,0.2733333333333333,31.0,0.03335174743913365,0.5412346842601319
Unknown_643289,HOU,643289,2023,133,517,489,137,27,3,10,21,72,4,3,0.28,0.4668674698795181,0.434380776340111,0.722,0.31662269129287596,0.5253731343283582,0.15843429636533082,0.24175306314797362,0.8124,0.348,0.5014073180538801,0.2733333333333333,29.0,0.056403337613311025,0.7582469368520266
Unknown_606115,ATL,606115,2023,148,564,517,139,26,0,19,41,109,3,3,0.269,0.5,0.4713493530499077,0.754,0.40105540897097625,0.5134328358208955,0.3080149114631873,0.3689915174363808,0.7287,0.348,0.5014073180538801,0.2866666666666667,29.0,0.04145773441306729,0.6310084825636191
Unknown_592192,NYM,592192,2023,142,533,458,120,26,1,11,50,85,18,7,0.262,0.5873493975903613,0.40850277264325335,0.748,0.32717678100263853,0.4805970149253731,0.4063373718546132,0.28934967012252594,0.7129,0.348,0.5014073180538801,0.28,34.0,0.022906522795903432,0.710650329877474
Unknown_641658,MIA,641658,2023,87,259,228,61,12,1,3,23,69,3,2,0.268,0.5481927710843374,0.35859519408502777,0.708,0.24274406332453824,0.6955223880597016,0.3830382106244175,0.541234684260132,0.6216,0.348,0.5014073180538801,0.20666666666666667,29.0,0.04806044200335895,0.4587653157398681
Unknown_573262,SF,573262,2023,106,390,339,79,23,1,15,45,103,3,1,0.233,0.5090361445783133,0.4916820702402959,0.767,0.5197889182058048,0.4597014925373134,0.5069897483690587,0.5358152686145146,0.6077,0.348,0.5014073180538801,0.24000000000000002,33.0,0.034290181928672704,0.46418473138548544
Unknown_666165,SF,666165,2023,114,362,324,78,11,0,13,27,119,6,3,0.241,0.4518072289156626,0.40850277264325335,0.703,0.3825857519788918,0.5940298507462688,0.3168685927306617,0.6880301602262017,0.5746,0.348,0.5014073180538801,0.23333333333333334,25.0,0.07527751732243157,0.31196983977379844
Unknown_650391,CWS,650391,2023,125,500,466,127,24,0,18,31,94,1,2,0.273,0.4819277108433735,0.4916820702402959,0.758,0.41688654353562005,0.5134328358208955,0.2581547064305685,0.35650329877474085,0.748,0.348,0.5014073180538801,0.2733333333333333,27.0,0.048684813545781164,0.6434967012252593
Unknown_592518,SD,592518,2023,142,613,554,142,21,0,30,51,113,2,6,0.256,0.4819277108433735,0.5231053604436231,0.775,0.503957783641161,0.4029850746268657,0.3569431500465983,0.3477851083883129,0.7292,0.348,0.5014073180538801,0.30000000000000004,31.0,0.03286915217973755,0.652214891611687
Unknown_669720,BAL,669720,2023,148,593,545,149,37,2,16,40,147,3,5,0.273,0.5,0.48613678373382635,0.76,0.40633245382585753,0.626865671641791,0.28378378378378377,0.49764373232799247,0.6796,0.347,0.49899477281865695,0.29333333333333333,28.0,0.06107881991158165,0.5023562676720075
Unknown_656305,TOR,656305,2023,147,603,529,126,40,2,17,64,172,8,2,0.238,0.5120481927710844,0.4510166358595195,0.746,0.45118733509234826,0.5522388059701493,0.4636533084808947,0.5855325164938737,0.5954,0.347,0.49899477281865695,0.29333333333333333,30.0,0.04202210421184679,0.4144674835061264
Unknown_596103,SF,596103,2023,83,207,185,50,9,0,5,20,58,2,0,0.27,0.5722891566265059,0.4177449168207025,0.748,0.31926121372031663,0.701492537313433,0.41938490214352286,0.573751178133836,0.6135,0.347,0.49899477281865695,0.19333333333333336,31.0,0.04613691228260477,0.426248821866164
Unknown_663630,BAL,663630,2023,60,157,138,34,7,0,2,11,43,3,2,0.246,0.463855421686747,0.3086876155268023,0.652,0.22427440633245382,0.6059701492537314,0.2958993476234855,0.5589066918001884,0.6178,0.347,0.49899477281865695,0.18000000000000002,26.0,0.06562122564158504,0.4410933081998114
Unknown_664761,PHI,664761,2023,157,656,594,160,34,0,21,50,102,5,7,0.269,0.5120481927710844,0.47874306839186703,0.76,0.40633245382585753,0.4686567164179104,0.32432432432432434,0.27992459943449577,0.7607,0.346,0.4961801367108966,0.30666666666666664,27.0,0.029492353390721246,0.7200754005655043
Unknown_502054,NYM,502054,2023,134,516,460,118,27,3,17,48,115,2,6,0.257,0.5060240963855422,0.48983364140480606,0.765,0.45910290237467016,0.5014925373134328,0.4026095060577819,0.438737040527804,0.6802,0.346,0.4961801367108966,0.26666666666666666,35.0,0.03638469416006342,0.5612629594721961
Unknown_672695,AZ,672695,2023,150,531,429,104,20,4,7,73,93,6,5,0.242,0.5993975903614458,0.33826247689463956,0.713,0.2770448548812665,0.4656716417910447,0.6099720410065238,0.32610744580584355,0.6422,0.346,0.4961801367108966,0.2733333333333333,24.0,0.014642260699343766,0.6738925541941563
Unknown_672284,SEA,672284,2023,110,430,385,96,25,2,11,42,137,1,2,0.249,0.496987951807229,0.43622920517560076,0.734,0.40105540897097625,0.6626865671641792,0.42451071761416587,0.6642318567389255,0.5814,0.346,0.4961801367108966,0.2466666666666667,24.0,0.05311229158662163,0.3357681432610746
Unknown_663728,SEA,663728,2023,148,579,522,122,23,1,31,54,160,1,2,0.234,0.4457831325301205,0.5286506469500927,0.765,0.5725593667546174,0.4149253731343284,0.40400745573159363,0.5645617342130066,0.6287,0.346,0.4961801367108966,0.2866666666666667,27.0,0.04731360530309828,0.4354382657869935
Unknown_663538,CHC,663538,2023,153,698,629,178,27,4,9,49,84,14,5,0.283,0.5662650602409639,0.38447319778188555,0.727,0.237467018469657,0.5313432835820896,0.29636533084808947,0.19698397737983037,0.788,0.346,0.4961801367108966,0.31333333333333335,26.0,0.02316295968565922,0.8030160226201695
Unknown_543257,TEX,543257,2023,121,452,381,91,25,1,10,61,111,2,8,0.239,0.5512048192771085,0.39556377079482447,0.729,0.37203166226912926,0.5014925373134328,0.5983224603914259,0.49222431668237515,0.615,0.345,0.4933655006031363,0.25333333333333335,34.0,0.025206593560950362,0.5077756833176248
Unknown_679529,DET,679529,2023,164,700,622,144,34,1,31,67,177,6,5,0.232,0.45783132530120485,0.48983364140480606,0.749,0.5224274406332453,0.4059701492537314,0.41519105312208754,0.5094250706880301,0.6429,0.345,0.4933655006031363,0.31333333333333335,24.0,0.041143423097653224,0.4905749293119699
Unknown_458015,CIN,458015,2023,68,257,221,44,7,0,14,29,66,7,0,0.199,0.46084337349397586,0.45656192236598897,0.732,0.5620052770448548,0.23582089552238805,0.49487418452935694,0.5186145146088594,0.6031,0.345,0.4933655006031363,0.2,40.0,0.03405857805201808,0.48138548539114057
Unknown_666023,KC,666023,2023,63,237,219,62,10,1,9,13,51,1,3,0.283,0.49397590361445787,0.5304990757855823,0.783,0.445910290237467,0.5761194029850747,0.22506989748369055,0.4205937794533459,0.7215,0.345,0.4933655006031363,0.2,28.0,0.06586469791705632,0.5794062205466539
Unknown_641680,TEX,641680,2023,140,541,495,131,29,0,18,42,100,1,3,0.265,0.49397590361445787,0.4768946395563772,0.754,0.4195250659630607,0.4865671641791045,0.33084808946877914,0.3489632422243167,0.7357,0.344,0.4909529553679131,0.2733333333333333,28.0,0.036087956756912246,0.6510367577756835
Unknown_650489,MIN,650489,2023,123,441,384,96,18,5,10,36,111,16,3,0.25,0.5391566265060243,0.4195933456561924,0.738,0.3746701846965699,0.564179104477612,0.34948741845293574,0.5065975494816211,0.6259,0.344,0.4909529553679131,0.2466666666666667,26.0,0.049697121818605416,0.49340245051837894
Unknown_596142,SD,596142,2023,73,267,240,52,9,0,19,21,67,4,2,0.217,0.39156626506024095,0.5878003696857672,0.78,0.7018469656992085,0.23283582089552235,0.3359739049394222,0.5047125353440151,0.6554,0.344,0.4909529553679131,0.20666666666666667,31.0,0.05170036149082164,0.49528746465598483
Unknown_592696,ATL,592696,2023,151,537,498,127,25,3,23,35,128,1,2,0.255,0.43975903614457834,0.5212569316081332,0.76,0.5065963060686016,0.4895522388059701,0.2730661696178937,0.4752591894439208,0.6927,0.343,0.4881383192601527,0.26666666666666666,32.0,0.06076621136663811,0.5247408105560794
Unknown_681082,PHI,681082,2023,163,684,626,174,32,3,16,41,114,7,9,0.278,0.5030120481927711,0.44547134935304994,0.74,0.33773087071240104,0.5343283582089553,0.24836905871388631,0.3063147973609802,0.7617,0.343,0.4881383192601527,0.30000000000000004,26.0,0.043859745315610106,0.6936852026390199
Unknown_666971,AZ,666971,2023,155,628,586,152,38,2,25,34,112,6,2,0.259,0.4457831325301205,0.5268022181146028,0.765,0.503957783641161,0.4417910447761193,0.2213420316868593,0.33364750235626767,0.758,0.343,0.4881383192601527,0.2866666666666667,30.0,0.05378480956419851,0.6663524976437323
Unknown_545341,COL,545341,2023,118,471,434,116,31,2,16,29,96,6,2,0.267,0.49096385542168675,0.5268022181146028,0.779,0.48021108179419525,0.5223880597014926,0.25629077353215285,0.39373232799246,0.7219,0.343,0.4881383192601527,0.25333333333333335,32.0,0.05403048808268829,0.6062676720075402
Unknown_660707,COL,660707,2023,89,327,304,74,16,2,12,15,117,5,3,0.243,0.3885542168674698,0.46950092421441786,0.715,0.4617414248021108,0.6388059701492538,0.18313140726933833,0.7565975494816211,0.581,0.343,0.4881383192601527,0.22000000000000003,25.0,0.14087415597070205,0.24340245051837894
Unknown_621020,CHC,621020,2023,152,655,578,141,25,3,24,70,158,5,2,0.244,0.5180722891566266,0.4584103512014788,0.752,0.445910290237467,0.4776119402985074,0.46738117427772596,0.481856738925542,0.6443,0.343,0.4881383192601527,0.29333333333333333,29.0,0.03366602042899448,0.5181432610744581
Unknown_570482,LAA,570482,2023,65,242,226,68,9,1,2,12,38,1,3,0.301,0.533132530120482,0.3733826247689465,0.711,0.17414248021108178,0.6417910447761194,0.2003727865796831,0.2834590009425071,0.7893,0.343,0.4881383192601527,0.2,32.0,0.051260346158272824,0.7165409990574929
Unknown_665161,HOU,665161,2023,158,667,611,162,35,3,11,45,134,9,1,0.265,0.5,0.39186691312384486,0.711,0.2955145118733509,0.564179104477612,0.28378378378378377,0.3868991517436381,0.7121,0.342,0.4853236831523924,0.29333333333333333,26.0,0.04760164454403831,0.613100848256362
Unknown_641432,NYY,641432,2023,51,169,153,36,7,0,5,14,23,1,1,0.235,0.4337349397590361,0.378927911275416,0.681,0.35620052770448546,0.33432835820895523,0.35507921714818264,0.2342130065975495,0.7751,0.342,0.4853236831523924,0.18000000000000002,29.0,0.021808936560913594,0.7657869934024506
Unknown_670156,CHC,670156,2023,58,165,145,36,5,0,1,17,36,0,0,0.248,0.5090361445783133,0.23844731977818862,0.631,0.12137203166226912,0.5671641791044777,0.4492078285181733,0.42766258246936856,0.6606,0.341,0.4829111379171692,0.18000000000000002,28.0,0.03099751950229035,0.5723374175306315
Unknown_593871,MIN,593871,2023,86,369,323,81,18,0,15,40,96,2,3,0.251,0.5301204819277109,0.5027726432532349,0.78,0.4907651715039578,0.5164179104477612,0.4743709226467847,0.5266258246936851,0.6233,0.34,0.4800965018094089,0.22000000000000003,30.0,0.03645427357180199,0.47337417530631476
Unknown_666135,MIN,666135,2023,92,330,290,76,14,1,11,30,84,7,3,0.262,0.5542168674698796,0.4750462107208873,0.773,0.42216358839050133,0.5791044776119404,0.3928238583410997,0.5131950989632422,0.6333,0.34,0.4800965018094089,0.21333333333333335,26.0,0.044185079800557886,0.4868049010367579
Unknown_621545,CWS,621545,2023,56,177,163,41,7,0,3,9,54,1,0,0.252,0.41265060240963847,0.3253234750462108,0.644,0.23482849604221634,0.6686567164179104,0.20596458527493008,0.6324222431668237,0.6158,0.34,0.4800965018094089,0.18000000000000002,29.0,0.10624129968769089,0.3675777568331764
Unknown_596129,NYM,596129,2023,108,331,284,65,8,0,13,44,83,2,1,0.229,0.533132530120482,0.4066543438077635,0.73,0.41160949868073876,0.42089552238805983,0.5885368126747437,0.5044769085768144,0.6103,0.34,0.4800965018094089,0.21333333333333335,31.0,0.026520328498079518,0.4955230914231856
Unknown_608336,MIN,608336,2023,111,348,296,53,10,1,21,50,150,2,0,0.179,0.4337349397590361,0.4768946395563772,0.734,0.6437994722955145,0.3641791044776119,0.6388630009319665,0.929076343072573,0.4195,0.34,0.4800965018094089,0.21333333333333335,30.0,0.04804697261030739,0.07092365692742697
Unknown_543807,TOR,543807,2023,159,705,636,163,25,1,21,61,127,5,3,0.256,0.5030120481927711,0.4140480591497229,0.723,0.3509234828496042,0.4626865671641791,0.37232059645852744,0.3378887841658813,0.7234,0.339,0.4772818657016485,0.2866666666666667,34.0,0.030293642991589556,0.6621112158341187
Unknown_518626,NYY,518626,2023,57,211,183,32,6,0,16,25,50,1,2,0.175,0.3524096385542169,0.5471349353049908,0.745,0.7546174142480211,0.0,0.52143522833178,0.4719604147031103,0.6398,0.339,0.4772818657016485,0.18666666666666668,38.0,0.02870492418827012,0.5280395852968898
Unknown_467793,PIT,467793,2023,154,647,573,135,33,1,23,70,111,0,4,0.236,0.4789156626506025,0.44916820702402965,0.734,0.4564643799472295,0.35522388059701493,0.4734389561975769,0.3178605089538172,0.7202,0.339,0.4772818657016485,0.28,37.0,0.02069080960309471,0.6821394910461829
Unknown_542364,NYM,542364,2023,46,152,126,27,3,0,2,23,36,1,1,0.214,0.5421686746987954,0.20702402957486138,0.623,0.16358839050131924,0.4388059701492538,0.6742777260018639,0.4714891611687088,0.5987,0.339,0.4772818657016485,0.17333333333333334,32.0,0.02028725682387591,0.5285108388312911
Unknown_686469,KC,686469,2023,66,274,246,58,17,0,9,25,35,2,1,0.236,0.45783132530120485,0.44547134935304994,0.725,0.4485488126649076,0.31940298507462683,0.39422180801491147,0.21442035815268617,0.7701,0.339,0.4772818657016485,0.2,26.0,0.01709585813031663,0.7855796418473135
Unknown_642731,SF,642731,2023,123,542,507,137,27,2,14,22,123,11,2,0.27,0.4698795180722892,0.4436229205175602,0.728,0.35620052770448546,0.5880597014925374,0.15843429636533082,0.4481621112158341,0.7122,0.338,0.4748693204664254,0.25333333333333335,27.0,0.09816548935227114,0.551837888784166
Unknown_553869,COL,553869,2023,145,541,501,134,26,1,15,34,124,2,4,0.267,0.4698795180722892,0.44177449168207034,0.727,0.3614775725593667,0.5701492537313434,0.2618825722273998,0.4535815268614514,0.7043,0.338,0.4748693204664254,0.25333333333333335,33.0,0.06063536440551856,0.5464184731385486
Unknown_683734,CWS,683734,2023,153,621,572,149,30,2,22,36,129,11,2,0.26,0.47590361445783136,0.48243992606284664,0.751,0.4379947229551451,0.4955223880597015,0.23951537744641194,0.4029217719132894,0.7166,0.338,0.4748693204664254,0.26666666666666666,25.0,0.059306665285574336,0.5970782280867106
Unknown_663886,CIN,663886,2023,140,535,482,119,20,2,13,48,141,4,1,0.247,0.48795180722891573,0.3770794824399261,0.697,0.32189973614775724,0.5611940298507463,0.3872320596458528,0.5346371347785108,0.6393,0.338,0.4748693204664254,0.25333333333333335,27.0,0.04687364882629107,0.4653628652214892
Unknown_605204,SF,605204,2023,148,560,494,122,24,1,18,54,155,6,6,0.247,0.5030120481927711,0.434380776340111,0.734,0.40369393139841686,0.5492537313432836,0.418452935694315,0.5657398680490103,0.6125,0.338,0.4748693204664254,0.25333333333333335,30.0,0.04557072809353424,0.4342601319509898
Unknown_621028,CIN,621028,2023,75,269,240,63,18,0,3,18,34,4,5,0.262,0.4819277108433735,0.37153419593345666,0.693,0.2717678100263852,0.4597014925373134,0.2809878844361603,0.21135721017907638,0.7844,0.338,0.4748693204664254,0.19333333333333336,30.0,0.026563955102595127,0.7886427898209234
Unknown_663837,DET,663837,2023,137,546,494,127,21,5,10,44,114,6,1,0.257,0.5030120481927711,0.3826247689463957,0.705,0.30079155672823216,0.5402985074626866,0.3448275862068966,0.4055136663524977,0.6978,0.337,0.472054684358665,0.2466666666666667,27.0,0.04013572627261538,0.5944863336475024
Unknown_676609,SEA,676609,2023,93,294,241,56,9,1,5,29,70,19,5,0.232,0.5903614457831324,0.30683918669131255,0.694,0.26121372031662266,0.4895522388059701,0.4287045666356011,0.47455230914231855,0.5986,0.337,0.472054684358665,0.2,27.0,0.03673373431643577,0.5254476908576815
Unknown_669222,CIN,669222,2023,100,335,306,71,10,0,13,26,76,1,2,0.232,0.40662650602409633,0.4029574861367839,0.685,0.39841688654353563,0.391044776119403,0.33084808946877914,0.4481621112158341,0.6925,0.337,0.472054684358665,0.20666666666666667,28.0,0.04658882402514987,0.551837888784166
Unknown_660162,CWS,660162,2023,93,362,339,88,20,1,12,20,109,2,1,0.26,0.43975903614457834,0.4750462107208873,0.735,0.4274406332453826,0.635820895522388,0.22646784715750234,0.6229971724787935,0.6381,0.337,0.472054684358665,0.21333333333333335,28.0,0.09557262794438313,0.37700282752120673
Unknown_543228,CHC,543228,2023,119,431,393,106,20,2,11,21,83,9,8,0.27,0.47590361445783136,0.44547134935304994,0.73,0.3588390501319261,0.5223880597014926,0.1961789375582479,0.3673421300659755,0.7378,0.337,0.472054684358665,0.22666666666666668,36.0,0.06654158324363882,0.6326578699340244
Unknown_649966,BOS,649966,2023,53,189,152,29,6,0,3,26,41,11,0,0.191,0.575301204819277,0.21256931608133095,0.639,0.237467018469657,0.31940298507462683,0.6104380242311277,0.4245994344957587,0.5767,0.337,0.472054684358665,0.18000000000000002,26.0,0.02050414883492943,0.5754005655042413
Unknown_621043,MIN,621043,2023,144,618,549,132,32,2,19,61,138,5,3,0.24,0.48795180722891573,0.43622920517560076,0.73,0.42216358839050133,0.453731343283582,0.42917054986020503,0.43967954759660705,0.6699,0.336,0.46924004825090465,0.26,29.0,0.033784031700031025,0.5603204524033929
Unknown_642350,TB,642350,2023,104,379,350,78,14,2,25,23,133,2,3,0.223,0.34337349397590367,0.5822550831792976,0.761,0.6781002638522428,0.4119402985074627,0.2520969245107176,0.7403393025447691,0.5805,0.336,0.46924004825090465,0.21333333333333335,28.0,0.10188600060611007,0.2596606974552311
Unknown_608841,WSH,608841,2023,159,676,629,171,37,1,13,39,133,5,3,0.272,0.4819277108433735,0.4103512014787432,0.714,0.3034300791556728,0.5701492537313434,0.2381174277726002,0.37700282752120645,0.7382,0.336,0.46924004825090465,0.2733333333333333,31.0,0.055977083605371014,0.6229971724787937
Unknown_606192,SEA,606192,2023,165,695,641,164,29,2,27,38,215,8,8,0.256,0.4337349397590361,0.4805914972273569,0.736,0.445910290237467,0.6059701492537314,0.22413793103448276,0.6425541941564562,0.6245,0.336,0.46924004825090465,0.2733333333333333,31.0,0.09947464197652907,0.3574458058435439
Unknown_641933,STL,641933,2023,73,277,248,57,14,0,9,29,70,0,0,0.23,0.45783132530120485,0.40850277264325335,0.706,0.41160949868073876,0.4477611940298507,0.4571295433364399,0.5089538171536285,0.6426,0.336,0.46924004825090465,0.19333333333333336,28.0,0.03670964168008813,0.49104618284637147
Unknown_592178,COL,592178,2023,85,350,314,73,11,0,11,30,73,6,0,0.232,0.46084337349397586,0.36783733826247694,0.684,0.345646437994723,0.4059701492537314,0.3685927306616962,0.40504241281809616,0.6886,0.335,0.4668275030156815,0.20666666666666667,31.0,0.03710661920252105,0.594957587181904
Unknown_676475,STL,676475,2023,112,362,332,84,22,1,9,23,46,4,2,0.253,0.4487951807228916,0.4306839186691313,0.714,0.3825857519788918,0.4029850746268657,0.2651444547996272,0.2130065975494816,0.7873,0.335,0.4668275030156815,0.20666666666666667,25.0,0.028735405318687582,0.7869934024505183
Unknown_519203,NYY,519203,2023,105,438,387,93,14,0,13,36,99,14,1,0.24,0.5060240963855422,0.37523105360443637,0.704,0.33773087071240104,0.4656716417910447,0.35228331780055916,0.4460414703110274,0.6598,0.335,0.4668275030156815,0.22000000000000003,34.0,0.043209789120258836,0.5539585296889726
Unknown_642715,MIL,642715,2023,157,665,580,129,31,2,24,73,173,6,6,0.222,0.4668674698795181,0.4306839186691313,0.72,0.4617414248021108,0.4059701492537314,0.48089468779123945,0.5266258246936851,0.618,0.334,0.46401286690792115,0.26,28.0,0.03586188250605342,0.47337417530631476
Unknown_624512,BOS,624512,2023,73,220,202,51,12,1,1,13,54,2,1,0.252,0.4367469879518072,0.301293900184843,0.639,0.1978891820580475,0.6089552238805972,0.244641192917055,0.49198868991517436,0.6545,0.334,0.46401286690792115,0.18000000000000002,28.0,0.07039625105562726,0.5080113100848256
Unknown_657077,BOS,657077,2023,143,613,557,145,37,5,13,45,95,6,5,0.26,0.48795180722891573,0.44547134935304994,0.734,0.3825857519788918,0.4686567164179104,0.31127679403541475,0.278746465598492,0.7618,0.334,0.46401286690792115,0.25333333333333335,27.0,0.03086725724118195,0.7212535344015079
Unknown_624424,SF,624424,2023,128,484,418,98,15,0,15,55,110,7,4,0.234,0.5210843373493976,0.3770794824399261,0.709,0.35620052770448546,0.4328358208955225,0.4986020503261883,0.44910461828463716,0.6446,0.334,0.46401286690792115,0.22666666666666668,30.0,0.028721962496205934,0.5508953817153628
Unknown_443558,SD,443558,2023,54,166,157,39,6,1,5,6,47,2,1,0.248,0.37650602409638545,0.40850277264325335,0.678,0.3614775725593667,0.5582089552238807,0.1374650512581547,0.5805843543826579,0.6687,0.334,0.46401286690792115,0.17333333333333334,43.0,0.14178189668694693,0.4194156456173421
Unknown_686217,MIL,686217,2023,64,245,212,55,9,1,3,28,41,1,4,0.259,0.5572289156626508,0.3327171903881701,0.697,0.22427440633245382,0.5014925373134328,0.5018639328984157,0.30772855796418475,0.7143,0.333,0.46119823080016076,0.18666666666666668,23.0,0.018324405884989764,0.6922714420358151
Unknown_665862,MIA,665862,2023,101,402,371,89,12,2,19,26,127,2,2,0.24,0.4036144578313252,0.48613678373382635,0.728,0.49604221635883905,0.5194029850746269,0.2707362534948741,0.6578699340245052,0.6119,0.333,0.46119823080016076,0.21333333333333335,25.0,0.08449787739559726,0.34213006597549467
Unknown_680757,CLE,680757,2023,164,741,657,176,37,7,5,73,79,4,6,0.268,0.5542168674698796,0.35859519408502777,0.71,0.24010554089709762,0.4805970149253731,0.42823858341099724,0.16470311027332707,0.7881,0.333,0.46119823080016076,0.2733333333333333,26.0,0.010941078396554083,0.8352968897266726
Unknown_664034,SEA,664034,2023,164,685,605,153,34,0,12,45,119,34,1,0.253,0.5451807228915663,0.3604436229205176,0.707,0.28232189973614774,0.4865671641791045,0.2753960857409133,0.32280867106503297,0.7109,0.333,0.46119823080016076,0.26,29.0,0.04116669593223141,0.6771913289349671
Unknown_553993,SEA,553993,2023,167,710,611,145,31,0,23,73,217,15,11,0.237,0.5120481927710844,0.4195933456561924,0.729,0.40897097625329815,0.5522388059701493,0.4482758620689655,0.6336003770028275,0.5704,0.333,0.46119823080016076,0.26666666666666666,32.0,0.047533248911119166,0.36639962299717266
Unknown_668800,STL,668800,2023,74,256,236,56,11,0,10,13,64,5,1,0.237,0.3975903614457831,0.4380776340110906,0.701,0.43535620052770446,0.4417910447761193,0.20596458527493008,0.5025918944392083,0.6758,0.333,0.46119823080016076,0.18666666666666668,28.0,0.08524742111266345,0.49740810556079174
Unknown_665926,CLE,665926,2023,158,631,571,144,27,5,15,33,114,20,3,0.252,0.4698795180722892,0.4103512014787432,0.71,0.35620052770448546,0.4656716417910447,0.2129543336439888,0.3393025447690858,0.729,0.333,0.46119823080016076,0.25333333333333335,25.0,0.0568684979115638,0.6606974552309142
Unknown_592669,LAA,592669,2023,145,565,513,121,31,0,21,46,126,3,3,0.236,0.4307228915662651,0.45286506469500937,0.72,0.45910290237467016,0.40895522388059713,0.34855545200372784,0.4389726672950048,0.6903,0.333,0.46119823080016076,0.24000000000000002,31.0,0.043019447191566765,0.5610273327049953
Unknown_676480,CIN,676480,2023,48,164,146,34,10,0,3,17,49,0,1,0.233,0.46084337349397586,0.3493530499075786,0.674,0.31926121372031663,0.573134328358209,0.45246971109040074,0.6175777568331763,0.5976,0.333,0.46119823080016076,0.16666666666666669,25.0,0.045764657344481485,0.3824222431668238
Unknown_628451,DET,628451,2023,115,390,363,95,23,2,11,24,71,1,1,0.262,0.4518072289156626,0.467652495378928,0.735,0.41160949868073876,0.4895522388059701,0.2558247903075489,0.34260131950989636,0.7513,0.332,0.45878568556493765,0.20666666666666667,30.0,0.04730510472277012,0.6573986804901035
Unknown_665750,TEX,665750,2023,149,579,532,143,32,3,15,39,121,1,4,0.269,0.4819277108433735,0.4639556377079483,0.743,0.38786279683377306,0.555223880597015,0.2833178005591799,0.40598491988689916,0.7168,0.331,0.45597104945717726,0.24000000000000002,25.0,0.05001322421615722,0.594015080113101
Unknown_602104,BAL,602104,2023,116,407,370,97,22,3,4,28,103,8,1,0.262,0.5090361445783133,0.3622920517560075,0.697,0.26121372031662266,0.6507462686567164,0.2898415657036347,0.5098963242224316,0.6585,0.331,0.45597104945717726,0.20666666666666667,29.0,0.06119856238075208,0.4901036757775683
Unknown_650559,MIA,650559,2023,159,646,597,155,32,0,19,43,142,1,5,0.26,0.4518072289156626,0.434380776340111,0.717,0.36939313984168864,0.5194029850746269,0.27958993476234856,0.43143261074458056,0.7105,0.331,0.45597104945717726,0.2466666666666667,27.0,0.05387290981569792,0.5685673892554195
Unknown_642086,WSH,642086,2023,153,611,552,141,22,1,14,47,96,10,2,0.255,0.5,0.37153419593345666,0.699,0.29287598944591026,0.453731343283582,0.3275862068965517,0.2836946277097078,0.7496,0.331,0.45597104945717726,0.24000000000000002,28.0,0.02953552508280579,0.7163053722902921
Unknown_660688,WSH,660688,2023,142,578,537,140,27,0,18,33,58,6,2,0.261,0.45783132530120485,0.4399260628465805,0.721,0.3746701846965699,0.38507462686567173,0.23532152842497667,0.14985862393967952,0.8322,0.331,0.45597104945717726,0.23333333333333334,25.0,0.023993160657101394,0.8501413760603203
Unknown_669004,KC,669004,2023,153,618,549,128,29,5,18,62,177,3,4,0.233,0.463855421686747,0.4232902033271721,0.715,0.42216358839050133,0.5164179104477612,0.43662628145386767,0.5883600377002827,0.6084,0.331,0.45597104945717726,0.24000000000000002,25.0,0.04526228638702008,0.41163996229971733
Unknown_641856,NYY,641856,2023,48,151,131,30,3,1,6,18,40,1,1,0.229,0.5030120481927711,0.4269870609981517,0.729,0.4406332453825857,0.4328358208955225,0.5246971109040075,0.5377002827521207,0.6093,0.331,0.45597104945717726,0.16666666666666669,29.0,0.03300795457501386,0.4622997172478793
Unknown_687263,LAA,687263,2023,84,336,294,68,19,0,9,21,77,17,3,0.231,0.47590361445783136,0.39556377079482447,0.704,0.38786279683377306,0.4358208955223881,0.26048462255358806,0.4535815268614514,0.6548,0.33,0.4531564133494169,0.19333333333333336,22.0,0.06097444348958621,0.5464184731385486
Unknown_518934,NYY,518934,2023,141,578,512,124,22,3,15,61,128,3,2,0.242,0.5030120481927711,0.390018484288355,0.71,0.3535620052770448,0.4776119402985074,0.46085740913327117,0.43543826578699346,0.6678,0.33,0.4531564133494169,0.23333333333333334,35.0,0.030631302738587024,0.5645617342130065
Unknown_542208,ATH,542208,2023,69,198,177,42,5,0,7,13,41,4,3,0.237,0.42469879518072284,0.38817005545286515,0.684,0.36411609498680736,0.391044776119403,0.2753960857409133,0.40150801131008484,0.702,0.33,0.4531564133494169,0.17333333333333334,33.0,0.05100648733290063,0.5984919886899149
Unknown_669701,TEX,669701,2023,84,249,211,42,9,2,6,26,58,9,1,0.199,0.463855421686747,0.31792975970425147,0.658,0.36411609498680736,0.32537313432835824,0.45573159366262816,0.4622997172478794,0.6185,0.33,0.4531564133494169,0.18000000000000002,26.0,0.03317300828160001,0.5377002827521207
Unknown_678662,COL,678662,2023,158,633,596,154,38,4,16,28,169,4,3,0.258,0.41265060240963847,0.4473197781885398,0.711,0.39313984168865435,0.5940298507462688,0.17520969245107176,0.5426484448633365,0.6793,0.329,0.45074386811419376,0.24000000000000002,22.0,0.10691522920580097,0.4573515551366636
Unknown_663757,SD,663757,2023,155,571,484,98,33,1,15,77,159,5,1,0.202,0.4789156626506025,0.35859519408502777,0.685,0.41160949868073876,0.39701492537313443,0.597856477166822,0.5697455230914232,0.5692,0.329,0.45074386811419376,0.22666666666666668,27.0,0.02995320443283108,0.430254476908577
Unknown_595909,PHI,595909,2023,67,221,201,48,9,2,6,16,59,1,2,0.239,0.41265060240963847,0.40480591497227375,0.688,0.3825857519788918,0.5074626865671642,0.3066169617893756,0.5426484448633365,0.6516,0.329,0.45074386811419376,0.17333333333333334,31.0,0.061374044036389644,0.4573515551366636
Unknown_669304,MIN,669304,2023,44,166,156,36,7,0,5,9,24,1,0,0.231,0.35843373493975916,0.3659889094269872,0.649,0.34828496042216356,0.32835820895522394,0.22180801491146318,0.2542412818096136,0.7952,0.329,0.45074386811419376,0.16666666666666669,25.0,0.04163241025665048,0.7457587181903864
Unknown_572191,MIN,572191,2023,129,417,381,84,16,1,21,28,137,4,1,0.22,0.3674698795180724,0.47874306839186703,0.713,0.5382585751978891,0.4388059701492538,0.28191985088536814,0.6875589066918002,0.5875,0.328,0.4479292320064334,0.2,32.0,0.0847522730924692,0.3124410933081998
Unknown_668670,DET,668670,2023,105,377,343,76,12,0,21,28,121,3,2,0.222,0.3825301204819277,0.4916820702402959,0.725,0.5540897097625329,0.40895522388059713,0.31547064305684996,0.6698868991517436,0.5942,0.328,0.4479292320064334,0.19333333333333336,28.0,0.07361597763808589,0.3301131008482565
Unknown_668731,DET,668731,2023,112,371,324,71,13,1,12,44,93,0,1,0.219,0.463855421686747,0.37523105360443637,0.688,0.39050131926121373,0.4,0.5219012115563839,0.5042412818096135,0.6253,0.328,0.4479292320064334,0.19333333333333336,25.0,0.030908123939566066,0.49575871819038664
Unknown_571912,CIN,571912,2023,69,207,187,43,10,0,6,14,52,5,0,0.23,0.4307228915662651,0.38077634011090583,0.681,0.37203166226912926,0.4567164179104477,0.28424976700838767,0.5054194156456172,0.6522,0.328,0.4479292320064334,0.17333333333333334,32.0,0.061918534640197684,0.4945805843543827
Unknown_669242,STL,669242,2023,139,543,492,121,25,4,13,37,88,7,4,0.246,0.4457831325301205,0.4029574861367839,0.698,0.3614775725593667,0.4149253731343284,0.28657968313140725,0.2954759660697455,0.7514,0.328,0.4479292320064334,0.22000000000000003,28.0,0.03606627384187953,0.7045240339302543
Unknown_665019,PHI,665019,2023,52,164,154,37,11,0,4,9,44,1,0,0.24,0.3885542168674698,0.3992606284658042,0.676,0.36939313984168864,0.5283582089552239,0.22506989748369055,0.5457115928369463,0.6707,0.328,0.4479292320064334,0.16666666666666669,27.0,0.08458560859066681,0.45428840716305374
Unknown_547989,HOU,547989,2023,150,629,572,139,27,1,21,43,135,7,7,0.243,0.42771084337349397,0.42513863216266184,0.704,0.40105540897097625,0.4328358208955225,0.28797763280521904,0.4191800188501414,0.7059,0.327,0.445114595898673,0.23333333333333334,36.0,0.05072041082590039,0.5808199811498587
Unknown_446334,AZ,446334,2023,82,267,237,53,12,0,11,25,83,1,4,0.224,0.4156626506024096,0.4436229205175602,0.709,0.4775725593667546,0.453731343283582,0.40540540540540543,0.6460885956644675,0.5918,0.327,0.445114595898673,0.18000000000000002,38.0,0.05428481258278388,0.3539114043355327
Unknown_642708,CLE,642708,2023,147,567,530,138,25,8,8,29,103,4,4,0.26,0.4337349397590361,0.3863216266173753,0.685,0.30079155672823216,0.5164179104477612,0.20736253494874182,0.3416588124410933,0.7601,0.327,0.445114595898673,0.22000000000000003,28.0,0.05881771609237113,0.6583411875589067
Unknown_657656,ATH,657656,2023,109,419,373,85,18,4,10,36,118,9,1,0.228,0.45783132530120485,0.3770794824399261,0.688,0.37203166226912926,0.5104477611940299,0.369524697110904,0.5770499528746466,0.611,0.327,0.445114595898673,0.2,29.0,0.05344573741407632,0.42295004712535333
Unknown_624641,PHI,624641,2023,94,319,296,72,16,2,10,9,79,9,3,0.243,0.37951807228915657,0.4399260628465805,0.696,0.42216358839050133,0.4805970149253731,0.10065237651444547,0.4969368520263902,0.6865,0.327,0.445114595898673,0.18666666666666668,27.0,0.15993808043809218,0.5030631479736096
Unknown_682928,WSH,682928,2023,157,637,584,141,28,6,18,34,122,13,3,0.241,0.4186746987951807,0.42144177449168224,0.699,0.40105540897097625,0.42089552238805983,0.2180801491146319,0.3647502356267672,0.73,0.327,0.445114595898673,0.23333333333333334,23.0,0.059405530160892284,0.6352497643732329
Unknown_643446,NYM,643446,2023,158,654,591,158,25,4,10,39,66,18,3,0.267,0.5180722891566266,0.3696857670979668,0.704,0.25857519788918204,0.453731343283582,0.24697110904007458,0.15127238454288405,0.8073,0.327,0.445114595898673,0.23333333333333334,31.0,0.022761870899408954,0.848727615457116
Unknown_572761,SD,572761,2023,80,251,202,39,12,0,5,42,69,2,5,0.193,0.5210843373493976,0.28280961182994463,0.657,0.32981530343007914,0.3641791044776119,0.7488350419384903,0.561262959472196,0.5458,0.327,0.445114595898673,0.17333333333333334,38.0,0.021798023927894726,0.43873704052780416
Unknown_519058,LAA,519058,2023,118,406,372,91,15,0,13,23,99,3,8,0.245,0.39156626506024095,0.3992606284658042,0.678,0.3588390501319261,0.4686567164179104,0.23345759552656103,0.48798303487276157,0.6921,0.326,0.4427020506634499,0.19333333333333336,35.0,0.07321920149140207,0.5120169651272384
Unknown_543068,COL,543068,2023,72,282,262,66,13,0,12,17,66,1,2,0.252,0.42168674698795183,0.48983364140480606,0.737,0.4696569920844327,0.4656716417910447,0.25023299161230195,0.46489161168708776,0.7021,0.326,0.4427020506634499,0.18000000000000002,33.0,0.06510485321366104,0.5351083883129124
Unknown_680911,MIL,680911,2023,92,330,305,83,18,0,5,19,66,2,4,0.272,0.47289156626506024,0.38077634011090583,0.695,0.26121372031662266,0.5791044776119404,0.23765144454799625,0.38477851083883136,0.7364,0.326,0.4427020506634499,0.18666666666666668,27.0,0.057200547638262,0.6152214891611687
Unknown_669911,COL,669911,2023,49,175,162,32,10,0,5,12,56,1,0,0.198,0.2981927710843374,0.3290203327171904,0.609,0.3825857519788918,0.39701492537313443,0.28890959925442683,0.6675306314797361,0.6057,0.326,0.4427020506634499,0.16666666666666669,25.0,0.08028201830777795,0.33246936852026376
Unknown_630105,SD,630105,2023,132,536,473,110,27,7,10,46,99,11,5,0.233,0.463855421686747,0.3863216266173753,0.695,0.37203166226912926,0.40895522388059713,0.36905871388630007,0.34872761545711595,0.7052,0.326,0.4427020506634499,0.21333333333333335,29.0,0.03166013728124988,0.651272384542884
Unknown_624415,TOR,624415,2023,109,359,306,69,12,0,9,44,95,7,2,0.225,0.5301204819277109,0.33086876155268025,0.687,0.3113456464379947,0.4776119402985074,0.5405405405405406,0.5369934024505184,0.5933,0.325,0.4398874145556895,0.18666666666666668,28.0,0.03176770596325155,0.4630065975494817
Unknown_593160,TOR,593160,2023,148,604,557,151,28,0,11,38,104,3,6,0.271,0.4819277108433735,0.3826247689463957,0.698,0.26649076517150394,0.5313432835820896,0.2623485554520037,0.31927426955702165,0.7599,0.325,0.4398874145556895,0.22000000000000003,34.0,0.042983080414345176,0.6807257304429783
Unknown_643265,MIA,643265,2023,126,471,436,109,18,1,17,31,135,2,2,0.25,0.4307228915662651,0.44177449168207034,0.714,0.40633245382585753,0.5611940298507463,0.27586206896551724,0.5888312912346843,0.6433,0.325,0.4398874145556895,0.2,33.0,0.07429922907183803,0.41116870876531597
Unknown_656413,CIN,656413,2023,87,258,222,51,16,2,5,25,70,6,2,0.23,0.49397590361445787,0.3937153419593347,0.709,0.39313984168865435,0.5223880597014926,0.42078285181733455,0.5527803958529688,0.5969,0.325,0.4398874145556895,0.17333333333333334,27.0,0.04418534349342372,0.4472196041470311
Unknown_642336,TB,642336,2023,49,170,159,37,12,0,6,6,38,2,2,0.233,0.32530120481927716,0.45656192236598897,0.688,0.47493403693931396,0.391044776119403,0.13373718546132338,0.4401508011310085,0.7235,0.325,0.4398874145556895,0.16,28.0,0.11254228039017043,0.5598491988689915
Unknown_624428,BAL,624428,2023,145,474,431,102,23,2,13,33,70,4,2,0.237,0.4156626506024096,0.3992606284658042,0.686,0.37994722955145116,0.35820895522388063,0.29356943150046594,0.26154571159283696,0.7637,0.324,0.4370727784479292,0.2,32.0,0.031068744611089875,0.7384542884071632
Unknown_664238,SEA,664238,2023,63,165,145,30,9,1,7,16,56,4,0,0.207,0.4367469879518072,0.46950092421441786,0.731,0.5593667546174143,0.4358208955223881,0.4212488350419385,0.7132422243166823,0.5394,0.324,0.4370727784479292,0.16,31.0,0.057718246768825934,0.28675777568331795
Unknown_671277,WSH,671277,2023,127,503,467,125,19,4,9,28,63,0,7,0.268,0.44277108433734935,0.3863216266173753,0.688,0.28232189973614774,0.4626865671641791,0.22879776328052187,0.20852968897266733,0.8171,0.324,0.4370727784479292,0.20666666666666667,23.0,0.03350036666310362,0.7914703110273329
Unknown_572816,WSH,572816,2023,57,175,164,40,8,1,2,9,30,0,2,0.244,0.3674698795180724,0.3086876155268023,0.621,0.23482849604221634,0.4477611940298507,0.2087604846225536,0.31738925541941565,0.7771,0.324,0.4370727784479292,0.16,34.0,0.05453738570801901,0.6826107445805842
Unknown_678246,LAD,678246,2023,88,324,276,54,15,4,7,39,67,4,4,0.196,0.42771084337349397,0.33456561922365996,0.655,0.39577836411609496,0.28059701492537314,0.5302889095992543,0.40080113100848264,0.6543,0.324,0.4370727784479292,0.18000000000000002,24.0,0.023239080286999197,0.5991988689915175
Unknown_621439,MIN,621439,2023,89,356,313,64,18,1,17,35,114,4,4,0.204,0.39457831325301196,0.4750462107208873,0.721,0.575197889182058,0.35522388059701493,0.42730661696178934,0.6680018850141376,0.5702,0.323,0.434660233212706,0.18666666666666668,30.0,0.05304207578486196,0.3319981149858624
Unknown_669289,TOR,669289,2023,92,271,247,63,15,0,2,18,38,3,1,0.255,0.463855421686747,0.30683918669131255,0.652,0.20052770448548812,0.4746268656716418,0.2786579683131407,0.24387370405278042,0.7749,0.323,0.434660233212706,0.17333333333333334,29.0,0.030862015029108333,0.7561262959472195
Unknown_672386,TOR,672386,2023,128,445,391,96,16,0,8,45,50,7,2,0.246,0.5271084337349398,0.32162661737523107,0.68,0.24538258575197885,0.38507462686567173,0.44035414725069894,0.17836946277097077,0.7708,0.323,0.434660233212706,0.19333333333333336,25.0,0.011512782746183314,0.8216305372290289
Unknown_545121,WSH,545121,2023,90,303,277,69,14,2,4,21,22,1,1,0.249,0.4367469879518072,0.33826247689463956,0.661,0.26121372031662266,0.37014925373134333,0.29217148182665426,0.08459000942507068,0.8449,0.323,0.434660233212706,0.18000000000000002,32.0,0.010271097697709336,0.9154099905749293
Unknown_543309,NYY,543309,2023,84,272,252,60,14,0,11,15,77,0,3,0.238,0.3614457831325302,0.4639556377079483,0.702,0.4696569920844327,0.4746268656716418,0.22600186393289845,0.5805843543826579,0.6544,0.323,0.434660233212706,0.17333333333333334,33.0,0.08944120422872126,0.4194156456173421
Unknown_665923,ATH,665923,2023,133,511,466,120,24,1,6,22,99,16,2,0.258,0.463855421686747,0.3290203327171904,0.664,0.22427440633245382,0.5373134328358209,0.1700838769804287,0.3699340245051838,0.7084,0.322,0.4318455971049457,0.2,24.0,0.07698144774098588,0.6300659754948161
Unknown_408234,DET,408234,2023,102,382,346,89,20,0,4,31,76,2,3,0.257,0.4849397590361446,0.3253234750462108,0.669,0.21899736147757254,0.5432835820895523,0.34762348555452,0.38242224316682377,0.7147,0.322,0.4318455971049457,0.18666666666666668,40.0,0.03742920931182001,0.6175777568331762
Unknown_664983,AZ,664983,2023,96,323,287,71,9,5,2,26,63,5,1,0.247,0.48795180722891573,0.2957486136783735,0.654,0.20580474934036938,0.5223880597014926,0.3443616029822926,0.3729971724787936,0.6966,0.322,0.4318455971049457,0.18000000000000002,26.0,0.036879925501475334,0.6270028275212063
Unknown_521692,KC,521692,2023,144,592,550,139,22,0,24,21,139,13,8,0.253,0.4036144578313252,0.46210720887245854,0.716,0.4274406332453826,0.4686567164179104,0.1346691519105312,0.46677662582469376,0.7044,0.322,0.4318455971049457,0.20666666666666667,33.0,0.1180129190646518,0.5332233741753063
Unknown_682641,SF,682641,2023,80,262,236,58,13,1,2,21,34,3,0,0.246,0.47289156626506024,0.2975970425138634,0.65,0.21108179419525064,0.4358208955223881,0.34296365330848083,0.21936852026390197,0.771,0.322,0.4318455971049457,0.17333333333333334,21.0,0.021319901181515534,0.7806314797360978
Unknown_605119,MIL,605119,2023,99,374,329,74,12,3,10,38,114,4,3,0.225,0.45783132530120485,0.36414048059149734,0.681,0.3614775725593667,0.5194029850746269,0.4426840633737185,0.6317153628652215,0.5829,0.322,0.4318455971049457,0.18666666666666668,30.0,0.048060442003358954,0.36828463713477877
Unknown_666185,STL,666185,2023,78,270,232,52,8,1,5,28,54,7,3,0.224,0.49397590361445787,0.2920517560073938,0.654,0.26121372031662266,0.39701492537313443,0.45246971109040074,0.38477851083883136,0.6704,0.322,0.4318455971049457,0.17333333333333334,25.0,0.02732372040975848,0.6152214891611687
Unknown_679032,PHI,679032,2023,51,186,170,46,9,2,2,6,51,4,0,0.271,0.46084337349397586,0.38447319778188555,0.693,0.2717678100263852,0.7223880597014926,0.11975768872320597,0.5596135721017907,0.6398,0.321,0.4290309609971853,0.16,23.0,0.15430605527318084,0.44038642789820925
Unknown_606132,BOS,606132,2023,63,182,160,36,5,1,3,19,42,1,1,0.225,0.45481927710843373,0.279112754158965,0.634,0.24010554089709762,0.4477611940298507,0.45573159366262816,0.45735155513666353,0.6484,0.321,0.4290309609971853,0.16,29.0,0.03278367315313558,0.5426484448633364
Unknown_682829,CIN,682829,2023,97,427,388,91,15,7,13,35,144,2,1,0.235,0.42771084337349397,0.43622920517560076,0.71,0.4379947229551451,0.6029850746268658,0.35135135135135137,0.7080584354382657,0.5738,0.32,0.4266184157619622,0.18666666666666668,21.0,0.06958755450014066,0.2919415645617345
Unknown_553882,NYM,553882,2023,49,158,139,33,5,0,3,15,28,0,3,0.237,0.4457831325301205,0.30314232902033283,0.644,0.24274406332453824,0.4059701492537314,0.4114631873252563,0.3310556079170594,0.7215,0.32,0.4266184157619622,0.15333333333333335,31.0,0.026135066185423765,0.6689443920829405
Unknown_643217,CWS,643217,2023,152,635,575,149,34,2,5,53,91,3,3,0.259,0.496987951807229,0.32717190388170064,0.675,0.21899736147757254,0.4925373134328358,0.35834109972041006,0.2511781338360038,0.7669,0.32,0.4266184157619622,0.20666666666666667,29.0,0.023211202365304794,0.7488218661639963
Unknown_663611,CHC,663611,2023,93,309,283,74,16,1,2,12,26,9,0,0.261,0.463855421686747,0.31792975970425147,0.659,0.20052770448548812,0.4417910447761193,0.1500465983224604,0.11168708765315737,0.8317,0.32,0.4266184157619622,0.17333333333333334,26.0,0.03194747227584943,0.8883129123468427
Unknown_656775,BAL,656775,2023,119,480,427,97,23,3,16,45,106,1,4,0.227,0.42771084337349397,0.4306839186691313,0.707,0.45118733509234826,0.38208955223880603,0.4063373718546132,0.43378887841658814,0.6771,0.319,0.4238037796542018,0.18666666666666668,29.0,0.03555570448103078,0.5662111215834118
Unknown_666801,PIT,666801,2023,90,276,244,52,7,0,7,26,78,5,1,0.213,0.4307228915662651,0.2846580406654345,0.629,0.2796833773087071,0.4388059701492538,0.4082013047530289,0.5794062205466541,0.6051,0.319,0.4238037796542018,0.16666666666666669,24.0,0.04806044200335895,0.4205937794533461
Unknown_444482,LAD,444482,2023,141,444,414,106,27,1,8,22,76,2,6,0.256,0.40662650602409633,0.38817005545286515,0.677,0.31398416886543534,0.4716417910447761,0.1999068033550792,0.3169180018850141,0.7748,0.318,0.42098914354644146,0.18000000000000002,36.0,0.05693660875896532,0.6830819981149858
Unknown_655316,MIL,655316,2023,92,322,287,73,14,1,3,29,68,3,3,0.254,0.5060240963855422,0.3086876155268023,0.668,0.20580474934036938,0.555223880597015,0.3890959925442684,0.41116870876531575,0.6894,0.318,0.42098914354644146,0.17333333333333334,26.0,0.03536442532331733,0.588831291234684
Unknown_670032,KC,670032,2023,84,275,236,53,8,3,1,28,42,6,1,0.225,0.49096385542168675,0.22735674676524958,0.618,0.16622691292875988,0.4,0.44361602982292636,0.27332704995287466,0.7091,0.318,0.42098914354644146,0.16666666666666669,28.0,0.019027165280725712,0.7266729500471252
Unknown_662139,TOR,662139,2023,159,601,543,119,23,4,21,49,140,4,3,0.219,0.3885542168674698,0.4029574861367839,0.679,0.4327176781002638,0.36119402985074633,0.3490214352283318,0.4622997172478794,0.6739,0.317,0.4185765983112183,0.19333333333333336,27.0,0.04530554621618066,0.5377002827521207
Unknown_493329,MIA,493329,2023,105,343,312,77,17,3,4,26,45,1,4,0.247,0.4367469879518072,0.3419593345656193,0.662,0.2717678100263852,0.4149253731343284,0.3224603914259087,0.22266729500471255,0.7901,0.317,0.4185765983112183,0.17333333333333334,39.0,0.023495787467586585,0.7773327049952876
Unknown_665804,CHC,665804,2023,52,159,132,28,4,0,5,12,41,12,2,0.212,0.5150602409638555,0.3364140480591498,0.685,0.35620052770448546,0.3791044776119403,0.3210624417520969,0.5212064090480679,0.5849,0.317,0.4185765983112183,0.15333333333333335,24.0,0.05611028649864093,0.4787935909519321
Unknown_669743,WSH,669743,2023,127,462,393,80,15,1,9,57,83,6,3,0.204,0.463855421686747,0.2624768946395564,0.627,0.2717678100263852,0.29850746268656725,0.5442684063373718,0.33694627709707825,0.6775,0.317,0.4185765983112183,0.18000000000000002,29.0,0.01818016531150788,0.6630537229029219
Unknown_676694,HOU,676694,2023,102,355,322,73,16,1,10,26,90,6,1,0.227,0.4156626506024096,0.3733826247689465,0.672,0.36939313984168864,0.444776119402985,0.3103448275862069,0.5108388312912346,0.6563,0.317,0.4185765983112183,0.17333333333333334,27.0,0.05702426787674024,0.48916116870876514
Unknown_624414,BOS,624414,2023,65,225,213,54,17,0,3,8,45,1,2,0.254,0.37048192771084343,0.3733826247689465,0.657,0.29815303430079154,0.5104477611940299,0.13513513513513511,0.38477851083883136,0.7556,0.317,0.4185765983112183,0.16,28.0,0.09873275268780497,0.6152214891611687
Unknown_518595,ATL,518595,2023,80,315,287,64,13,0,12,23,73,3,2,0.223,0.3855421686746987,0.4066543438077635,0.679,0.4274406332453826,0.36119402985074633,0.30941286113699906,0.4594721960414703,0.6857,0.316,0.41576196220345796,0.16666666666666669,34.0,0.051427771815025086,0.5405278039585297
Unknown_670764,TB,670764,2023,100,368,322,69,14,2,9,44,94,1,0,0.214,0.46084337349397586,0.3327171903881701,0.665,0.345646437994723,0.4179104477611941,0.5265610438024231,0.515315739868049,0.6196,0.316,0.41576196220345796,0.17333333333333334,27.0,0.031326658206701885,0.48468426013195076
Unknown_660757,CLE,660757,2023,59,201,194,46,10,2,3,5,49,1,1,0.237,0.3042168674698795,0.3364140480591498,0.614,0.29023746701846964,0.4985074626865672,0.0852749301025163,0.48798303487276157,0.7264,0.316,0.41576196220345796,0.15333333333333335,25.0,0.17950695053876137,0.5120169651272384
Unknown_668942,AZ,668942,2023,108,367,332,81,18,0,4,28,85,1,4,0.244,0.4307228915662651,0.2957486136783735,0.636,0.21372031662269128,0.5313432835820896,0.32479030754892824,0.45923656927426953,0.6785,0.316,0.41576196220345796,0.17333333333333334,29.0,0.04874536858397152,0.5407634307257303
Unknown_663898,COL,663898,2023,45,192,178,46,9,1,4,11,41,3,0,0.258,0.463855421686747,0.39556377079482447,0.7,0.31662269129287596,0.5432835820895523,0.2362534948741845,0.4165881244109331,0.7135,0.316,0.41576196220345796,0.15333333333333335,27.0,0.06211261549563983,0.5834118755890669
Unknown_519317,NYY,519317,2023,106,432,388,73,13,0,24,41,129,2,1,0.188,0.3343373493975904,0.4306839186691313,0.676,0.5540897097625329,0.22089552238805965,0.4114631873252563,0.6171065032987747,0.6019,0.316,0.41576196220345796,0.17333333333333334,34.0,0.05089544408586404,0.3828934967012254
Unknown_622761,BAL,622761,2023,112,369,338,79,18,3,7,22,86,1,3,0.234,0.3674698795180724,0.356746765249538,0.647,0.32717678100263853,0.4656716417910447,0.24697110904007458,0.46277097078228085,0.6883,0.315,0.41294732609569756,0.16666666666666669,28.0,0.06569474766375027,0.5372290292177193
Unknown_622534,TB,622534,2023,101,352,326,85,21,1,4,18,58,4,3,0.261,0.44277108433734935,0.35859519408502777,0.673,0.25857519788918204,0.5044776119402985,0.20736253494874182,0.3018378887841659,0.7699,0.315,0.41294732609569756,0.16666666666666669,29.0,0.05241638045489557,0.698162111215834
Unknown_656896,AZ,656896,2023,89,297,269,68,13,0,5,23,60,0,5,0.253,0.4457831325301205,0.33826247689463956,0.663,0.25065963060686014,0.4985074626865672,0.3299161230195713,0.3894910461828464,0.7205,0.315,0.41294732609569756,0.16,27.0,0.0405082890574199,0.6105089538171538
Unknown_664913,ATH,664913,2023,116,392,355,77,19,1,15,32,105,2,2,0.217,0.37951807228915657,0.4232902033271721,0.687,0.46701846965699206,0.38208955223880603,0.34948741845293574,0.5447690857681433,0.6429,0.315,0.41294732609569756,0.17333333333333334,31.0,0.05353976138483629,0.4552309142318567
Unknown_663368,MIL,663368,2023,54,173,148,32,7,0,4,23,46,0,0,0.216,0.49397590361445787,0.3160813308687616,0.666,0.31398416886543534,0.453731343283582,0.5885368126747437,0.5400565504241283,0.5896,0.314,0.4101326899879372,0.15333333333333335,27.0,0.028719488159538065,0.45994344957587185
Unknown_686823,CLE,686823,2023,140,470,447,119,25,0,5,16,59,5,2,0.266,0.42168674698795183,0.3364140480591498,0.654,0.21108179419525064,0.4835820895522388,0.1276794035414725,0.2092365692742696,0.8298,0.314,0.4101326899879372,0.17333333333333334,25.0,0.06143852049319974,0.7907634307257305
Unknown_683011,NYY,683011,2023,162,621,559,119,25,5,22,54,172,5,2,0.213,0.3885542168674698,0.4066543438077635,0.681,0.4538258575197889,0.3880597014925373,0.374650512581547,0.5662111215834119,0.6264,0.314,0.4101326899879372,0.18666666666666668,22.0,0.051620077463605175,0.4337888784165882
Unknown_594777,CLE,594777,2023,45,181,162,36,8,0,6,15,38,2,2,0.222,0.40662650602409633,0.3863216266173753,0.676,0.39841688654353563,0.34626865671641793,0.3555452003727866,0.40810556079170596,0.6961,0.314,0.4101326899879372,0.15333333333333335,36.0,0.03900140592102545,0.5918944392082941
Unknown_642136,LAA,642136,2023,98,323,274,56,6,0,9,40,86,6,3,0.204,0.47590361445783136,0.279112754158965,0.641,0.29287598944591026,0.37014925373134333,0.5461323392357875,0.5409990574929311,0.5913,0.314,0.4101326899879372,0.16,28.0,0.03162857671768984,0.4590009425070689
Unknown_543510,BAL,543510,2023,67,229,209,47,14,0,6,10,57,5,2,0.225,0.3493975903614459,0.3770794824399261,0.652,0.37994722955145116,0.4268656716417911,0.17287977632805218,0.5,0.6725,0.313,0.40772014475271406,0.15333333333333335,33.0,0.10023618567881576,0.5
Unknown_641511,PIT,641511,2023,61,196,176,43,11,1,1,14,45,3,1,0.244,0.45481927710843373,0.2975970425138634,0.645,0.2163588390501319,0.5582089552238807,0.3019571295433365,0.4545240339302545,0.6735,0.313,0.40772014475271406,0.15333333333333335,28.0,0.052235161532103586,0.5454759660697455
Unknown_595777,COL,595777,2023,123,521,460,111,27,2,9,50,90,6,5,0.241,0.49096385542168675,0.356746765249538,0.688,0.30870712401055406,0.4328358208955225,0.41658900279589933,0.32045240339302544,0.7179,0.313,0.40772014475271406,0.17333333333333334,30.0,0.024813658627528302,0.6795475966069746
Unknown_682626,NYM,682626,2023,121,425,384,80,12,0,25,34,112,6,1,0.208,0.37349397590361444,0.48243992606284664,0.717,0.575197889182058,0.26268656716417915,0.34203168685927304,0.53440150801131,0.6424,0.313,0.40772014475271406,0.16666666666666669,22.0,0.05374612536154129,0.46559849198868974
Unknown_641343,NYY,641343,2023,83,276,246,51,15,0,12,27,95,0,3,0.207,0.37650602409638545,0.44547134935304994,0.697,0.5224274406332453,0.42089552238805983,0.42497670083876976,0.7245523091423186,0.558,0.313,0.40772014475271406,0.16,28.0,0.05811422835311879,0.2754476908576813
Unknown_667452,HOU,667452,2023,95,335,309,76,15,0,7,23,77,1,2,0.246,0.42469879518072284,0.34750462107208885,0.661,0.2849604221635884,0.5074626865671642,0.2893755824790307,0.45523091423185674,0.6985,0.313,0.40772014475271406,0.16,27.0,0.054765847010624064,0.5447690857681433
Unknown_665155,DET,665155,2023,98,310,262,47,9,0,10,42,77,3,2,0.179,0.42168674698795183,0.2846580406654345,0.626,0.36939313984168864,0.22388059701492535,0.6006523765144455,0.4988218661639963,0.6032,0.313,0.40772014475271406,0.16,26.0,0.0254766237999232,0.501178133836004
Unknown_672580,KC,672580,2023,124,518,467,126,20,4,4,38,115,2,10,0.27,0.49096385542168675,0.33456561922365996,0.677,0.20316622691292874,0.6179104477611942,0.31127679403541475,0.4366163996229972,0.6988,0.312,0.4049055086449537,0.17333333333333334,23.0,0.04853510047838836,0.563383600377003
Unknown_686894,MIL,686894,2023,128,424,380,79,20,0,13,37,119,5,2,0.208,0.3825301204819277,0.3493530499075786,0.649,0.38522427440633245,0.3880597014925373,0.3760484622553588,0.5749293119698398,0.6203,0.312,0.4049055086449537,0.16666666666666669,24.0,0.05222864057064039,0.42507068803016046
Unknown_642133,MIL,642133,2023,108,363,321,69,9,1,13,37,88,0,5,0.215,0.4036144578313252,0.36414048059149734,0.663,0.38786279683377306,0.34328358208955223,0.4440820130475303,0.48468426013195104,0.6556,0.311,0.40209087253719333,0.16,28.0,0.03603684752156186,0.5153157398680492
Unknown_518735,CWS,518735,2023,122,423,379,88,14,0,8,38,89,4,2,0.232,0.4487951807228916,0.2920517560073938,0.64,0.24010554089709762,0.4417910447761193,0.38769804287045667,0.40928369462770975,0.6903,0.311,0.40209087253719333,0.16,35.0,0.035343565042443126,0.5907163053722901
Unknown_622110,KC,622110,2023,81,222,203,49,9,0,2,13,41,4,2,0.241,0.4186746987951807,0.2606284658040667,0.613,0.17150395778364114,0.4656716417910447,0.2423112767940354,0.34872761545711595,0.7387,0.311,0.40209087253719333,0.15333333333333335,32.0,0.05100010255889292,0.651272384542884
Unknown_676701,COL,676701,2023,80,243,221,50,11,0,4,18,54,1,2,0.226,0.3825301204819277,0.2883548983364142,0.615,0.25065963060686014,0.4328358208955225,0.3145386766076421,0.43708765315739867,0.6955,0.311,0.40209087253719333,0.15333333333333335,27.0,0.04803432119659094,0.5629123468426014
Unknown_516782,NYM,516782,2023,89,361,333,84,10,1,5,17,73,8,1,0.252,0.43975903614457834,0.29390018484288366,0.637,0.18997361477572558,0.5223880597014926,0.18872320596458528,0.3899622997172479,0.723,0.311,0.40209087253719333,0.16,35.0,0.07308700325471582,0.6100377002827522
Unknown_624431,NYY,624431,2023,58,183,170,37,4,0,4,10,24,2,0,0.218,0.3343373493975904,0.2550831792975971,0.581,0.22427440633245382,0.29253731343283584,0.22367194780987887,0.22243166823751176,0.7978,0.311,0.40209087253719333,0.14666666666666667,31.0,0.03646840111410245,0.777568331762488
Unknown_621438,MIL,621438,2023,72,251,239,55,17,1,11,8,57,3,1,0.23,0.3162650602409639,0.5064695009242146,0.711,0.5514511873350924,0.3641791044776119,0.11789375582479028,0.4486333647502357,0.7291,0.31,0.3996783273019702,0.15333333333333335,29.0,0.1277881862322828,0.5513666352497644
Unknown_686527,SEA,686527,2023,61,187,178,39,13,0,7,8,32,1,0,0.219,0.2981927710843374,0.43622920517560076,0.667,0.48021108179419525,0.28656716417910455,0.16868592730661694,0.3166823751178134,0.7807,0.31,0.3996783273019702,0.14666666666666667,26.0,0.0673707366459826,0.6833176248821866
Unknown_669127,ATH,669127,2023,136,504,461,95,20,5,22,35,149,5,2,0.206,0.3313253012048193,0.4436229205175602,0.683,0.525065963060686,0.34626865671641793,0.29263746505125815,0.6100377002827521,0.623,0.31,0.3996783273019702,0.16666666666666669,26.0,0.0724361229405169,0.38996229971724805
Unknown_595453,LAA,595453,2023,67,184,164,31,5,1,7,17,59,0,1,0.189,0.319277108433735,0.34380776340110913,0.623,0.4274406332453826,0.32238805970149254,0.3998136067101584,0.6691800188501413,0.5761,0.31,0.3996783273019702,0.14666666666666667,32.0,0.057172617598124795,0.33081998114985867
Unknown_462101,CWS,462101,2023,116,422,388,95,20,1,6,27,76,4,2,0.245,0.42469879518072284,0.32162661737523107,0.647,0.24802110817941952,0.4626865671641791,0.2674743709226468,0.3378887841658813,0.7441,0.309,0.39686369119420983,0.16,35.0,0.044461525409615864,0.6621112158341187
Unknown_656976,AZ,656976,2023,71,238,201,37,5,0,7,36,45,1,0,0.184,0.46084337349397586,0.25693160813308696,0.624,0.31662269129287596,0.20000000000000007,0.6742777260018639,0.3590951932139491,0.6513,0.308,0.3940490550864495,0.14666666666666667,27.0,0.014185087625067335,0.6409048067860508
Unknown_657136,BOS,657136,2023,118,408,376,88,25,2,10,22,137,6,1,0.234,0.3855421686746987,0.40110905730129404,0.677,0.39050131926121373,0.6119402985074628,0.22041006523765144,0.7047596606974552,0.5882,0.308,0.3940490550864495,0.15333333333333335,27.0,0.11057984184764397,0.2952403393025449
Unknown_643396,NYY,643396,2023,110,375,339,83,13,1,6,29,74,3,3,0.245,0.4487951807228916,0.31053604436229215,0.65,0.23218997361477572,0.4776119402985074,0.32945013979496734,0.378416588124411,0.7147,0.308,0.3940490550864495,0.15333333333333335,28.0,0.039396782024030706,0.621583411875589
Unknown_656716,DET,656716,2023,149,529,473,108,22,4,9,46,114,5,3,0.228,0.4337349397590361,0.32347504621072093,0.651,0.2955145118733509,0.4358208955223881,0.374650512581547,0.4213006597549482,0.6843,0.308,0.3940490550864495,0.16,28.0,0.03793772866328376,0.5786993402450518
Unknown_677950,AZ,677950,2023,125,435,404,92,17,5,11,21,98,5,3,0.228,0.3463855421686748,0.3733826247689465,0.649,0.36939313984168864,0.4119402985074627,0.19431500465983226,0.4443920829406221,0.7103,0.307,0.39163650985122633,0.15333333333333335,23.0,0.08027956482599127,0.5556079170593777
Unknown_500743,LAD,500743,2023,132,446,406,96,16,1,6,28,50,5,5,0.236,0.4006024096385542,0.279112754158965,0.616,0.21108179419525064,0.35820895522388063,0.2618825722273998,0.17766258246936856,0.8094,0.307,0.39163650985122633,0.15333333333333335,34.0,0.024544104275790846,0.8223374175306313
Unknown_678225,PIT,678225,2023,110,391,354,83,17,2,2,30,94,2,2,0.234,0.4156626506024096,0.25323475046210725,0.607,0.17678100263852242,0.5313432835820896,0.3266542404473439,0.479971724787936,0.6701,0.307,0.39163650985122633,0.15333333333333335,24.0,0.05065968363954427,0.5200282752120642
Unknown_641943,PIT,641943,2023,85,264,247,59,9,2,10,12,56,2,1,0.239,0.3644578313253013,0.44177449168207034,0.692,0.43535620052770446,0.4029850746268657,0.18126747437092264,0.4132893496701226,0.7273,0.307,0.39163650985122633,0.14666666666666667,28.0,0.08022037929612191,0.5867106503298776
Unknown_668709,ATH,668709,2023,81,303,256,50,11,0,10,42,72,2,3,0.195,0.45783132530120485,0.33456561922365996,0.666,0.39841688654353563,0.27462686567164185,0.6150978564771669,0.4733741753063148,0.6172,0.306,0.388821873743466,0.14666666666666667,26.0,0.02317477624110189,0.5266258246936852
Unknown_542194,TB,542194,2023,102,342,325,75,17,0,12,13,93,0,3,0.231,0.3012048192771085,0.4066543438077635,0.652,0.40633245382585753,0.444776119402985,0.14631873252562907,0.5541941564561733,0.6871,0.306,0.388821873743466,0.14666666666666667,32.0,0.12848771208237275,0.4458058435438266
Unknown_664728,KC,664728,2023,93,325,304,73,24,2,5,17,61,1,2,0.24,0.37048192771084343,0.38447319778188555,0.662,0.34828496042216356,0.444776119402985,0.2129543336439888,0.3557964184731386,0.7538,0.306,0.388821873743466,0.14666666666666667,26.0,0.05945910259044758,0.6442035815268614
Unknown_686681,KC,686681,2023,133,474,440,100,18,1,17,25,105,4,4,0.227,0.3463855421686748,0.3974121996303143,0.661,0.40105540897097625,0.37014925373134333,0.21481826654240446,0.43543826578699346,0.7152,0.304,0.3835946924004825,0.14666666666666667,25.0,0.0713458277619288,0.5645617342130065
Unknown_670097,DET,670097,2023,94,266,231,45,9,0,7,30,73,1,1,0.195,0.39457831325301196,0.279112754158965,0.614,0.31926121372031663,0.34626865671641793,0.49487418452935694,0.5600848256361922,0.5977,0.302,0.37796542018496176,0.14,28.0,0.03707858792387592,0.4399151743638079
Unknown_643393,ATH,643393,2023,126,436,376,81,14,3,5,44,43,6,3,0.215,0.44277108433734935,0.24953789279112765,0.614,0.22163588390501318,0.28656716417910455,0.43942218080149115,0.14585296889726673,0.7706,0.302,0.37796542018496176,0.14,32.0,0.0089082003179315,0.8541470311027333
Unknown_607680,ATL,607680,2023,87,223,211,47,11,0,9,9,55,0,3,0.223,0.2801204819277109,0.4232902033271721,0.654,0.45118733509234826,0.35522388059701493,0.157502329916123,0.49458058435438274,0.713,0.301,0.3755528749497386,0.14,34.0,0.10813920274623366,0.5054194156456173
Unknown_664874,CWS,664874,2023,72,218,198,36,5,0,9,14,75,2,2,0.182,0.25,0.312384473197782,0.584,0.40369393139841686,0.29552238805970155,0.2684063373718546,0.724081055607917,0.5734,0.301,0.3755528749497386,0.14,30.0,0.0937056974115279,0.2759189443920831
Unknown_657757,CWS,657757,2023,125,369,336,70,11,0,11,28,73,1,4,0.208,0.3313253012048193,0.3049907578558227,0.608,0.32189973614775724,0.28656716417910455,0.32292637465051255,0.3795947219604147,0.7236,0.301,0.3755528749497386,0.14,27.0,0.04043554104589972,0.6204052780395855
Unknown_671221,KC,671221,2023,91,337,302,69,11,5,8,27,107,5,3,0.228,0.42771084337349397,0.37523105360443637,0.677,0.36939313984168864,0.5582089552238807,0.342497670083877,0.6616399622997172,0.5875,0.301,0.3755528749497386,0.14,25.0,0.06671519824961183,0.3383600377002829
Unknown_571976,CIN,571976,2023,40,160,145,28,5,0,4,13,56,0,1,0.193,0.3012048192771085,0.2513863216266174,0.568,0.2849604221635884,0.4328358208955225,0.34762348555452,0.7382186616399622,0.5625,0.301,0.3755528749497386,0.14,33.0,0.07342284465761327,0.2617813383600378
Unknown_680779,PIT,680779,2023,62,255,225,48,10,0,7,25,69,4,1,0.213,0.4337349397590361,0.32717190388170064,0.653,0.3403693931398417,0.4149253731343284,0.42590866728797766,0.5511310084825636,0.6157,0.3,0.37273823884197826,0.14,24.0,0.043438818361796916,0.44886899151743664
Unknown_664702,CLE,664702,2023,149,533,475,115,21,3,2,43,101,2,6,0.242,0.43975903614457834,0.2550831792975971,0.616,0.158311345646438,0.4925373134328358,0.3452935694315004,0.36003770028275217,0.7129,0.3,0.37273823884197826,0.13333333333333336,29.0,0.03544457785126884,0.6399622997172478
Unknown_689172,SF,689172,2023,49,152,137,26,6,0,3,13,47,0,1,0.19,0.3012048192771085,0.2310536044362293,0.558,0.2638522427440633,0.3791044776119403,0.3676607642124884,0.6420829406220546,0.5987,0.3,0.37273823884197826,0.14,24.0,0.05999068514786397,0.3579170593779455
Unknown_671289,CLE,671289,2023,55,171,156,37,7,0,4,10,30,2,1,0.237,0.3975903614457831,0.3419593345656193,0.649,0.29815303430079154,0.4,0.24184529356943152,0.3268143261074458,0.7427,0.299,0.36992360273421787,0.14,24.0,0.048027355648119475,0.6731856738925541
Unknown_641820,CHC,641820,2023,84,280,252,57,13,0,4,21,81,3,4,0.226,0.39457831325301196,0.279112754158965,0.615,0.237467018469657,0.5253731343283582,0.31873252562907733,0.5951932139491046,0.6179,0.299,0.36992360273421787,0.13333333333333336,31.0,0.06465457261016176,0.4048067860508955
Unknown_570731,DET,570731,2023,61,171,155,35,8,0,1,14,45,0,2,0.226,0.3885542168674698,0.22735674676524958,0.583,0.16358839050131924,0.5134328358208955,0.3508853681267474,0.5336946277097078,0.655,0.299,0.36992360273421787,0.14,32.0,0.05219623640829245,0.46630537229029234
Unknown_607054,ATH,607054,2023,136,445,385,83,11,4,6,50,103,5,3,0.216,0.463855421686747,0.2550831792975971,0.623,0.2295514511873351,0.4238805970149254,0.49301025163094125,0.45900094250706885,0.6404,0.298,0.3675110574989947,0.13333333333333336,33.0,0.029858678364080578,0.5409990574929311
Unknown_608385,MIL,608385,2023,67,214,179,34,5,0,2,30,53,4,1,0.19,0.4819277108433735,0.14232902033271727,0.569,0.13720316622691292,0.3641791044776119,0.6225535880708294,0.497172478793591,0.5935,0.298,0.3675110574989947,0.13333333333333336,30.0,0.024190477451084644,0.5028275212064091
Unknown_500871,LAA,500871,2023,101,330,306,67,7,5,6,20,82,0,3,0.219,0.319277108433735,0.29390018484288366,0.598,0.2770448548812665,0.4238805970149254,0.2516309412861137,0.499057492931197,0.6879,0.298,0.3675110574989947,0.13333333333333336,34.0,0.06936428751930654,0.5009425070688032
Unknown_668472,KC,668472,2023,90,347,308,72,17,0,7,29,138,6,4,0.234,0.4518072289156626,0.33826247689463956,0.666,0.30079155672823216,0.7611940298507464,0.35880708294501396,0.850612629594722,0.5014,0.298,0.3675110574989947,0.13333333333333336,25.0,0.08207151337939421,0.14938737040527839
Unknown_672478,ATH,672478,2023,89,297,276,62,9,0,10,17,69,3,1,0.225,0.35542168674698804,0.35489833641404817,0.642,0.34828496042216356,0.38507462686567173,0.23578751164958062,0.46088595664467485,0.7003,0.297,0.36469642139123437,0.13333333333333336,23.0,0.0686003009434969,0.5391140433553252
Unknown_571771,BOS,571771,2023,146,531,486,115,23,0,11,34,99,4,7,0.237,0.39156626506024095,0.3290203327171904,0.64,0.2796833773087071,0.4119402985074627,0.2674743709226468,0.3527332704995288,0.742,0.296,0.36188178528347403,0.12666666666666668,32.0,0.04636683419453867,0.6472667295004713
Unknown_572204,CWS,572204,2023,73,196,167,26,3,0,6,27,82,2,0,0.156,0.37048192771084343,0.19778188539741232,0.562,0.30870712401055406,0.35522388059701493,0.6113699906803355,0.899387370405278,0.4337,0.296,0.36188178528347403,0.13333333333333336,32.0,0.048762746713630664,0.10061262959472206
Unknown_665828,NYY,665828,2023,101,348,315,71,12,0,7,26,76,2,2,0.225,0.3885542168674698,0.2883548983364142,0.617,0.25329815303430075,0.4179104477611941,0.3173345759552656,0.42813383600377003,0.6925,0.296,0.36188178528347403,0.12666666666666668,24.0,0.04658351494116341,0.5718661639962299
Unknown_675656,ATH,675656,2023,51,158,145,30,5,0,5,7,53,1,0,0.207,0.27108433734939763,0.3160813308687616,0.593,0.3403693931398417,0.4567164179104477,0.17567567567567566,0.7038171536286522,0.5823,0.295,0.35946924004825087,0.13333333333333336,27.0,0.13653656745607873,0.29618284637134806
Unknown_686668,COL,686668,2023,125,443,411,88,18,6,10,22,153,4,3,0.214,0.3042168674698795,0.34380776340110913,0.619,0.3614775725593667,0.5283582089552239,0.20083876980428705,0.7273798303487276,0.5892,0.293,0.35383996783273014,0.12000000000000001,25.0,0.12450889566738177,0.27262016965127267
Unknown_672275,SF,672275,2023,95,354,327,76,18,1,7,21,101,3,1,0.232,0.37951807228915657,0.3401109057301294,0.642,0.30606860158311344,0.5373134328358209,0.24557315936626278,0.5857681432610744,0.6412,0.293,0.35383996783273014,0.12000000000000001,24.0,0.08311579804620109,0.4142318567389256
Unknown_691026,STL,691026,2023,41,156,139,26,2,1,2,11,29,1,3,0.187,0.2680722891566265,0.15711645101663596,0.506,0.16622691292875988,0.24477611940298505,0.29776328052190115,0.351555136663525,0.7244,0.292,0.351427422597507,0.13333333333333336,21.0,0.041032055392489816,0.6484448633364752
Unknown_668901,NYM,668901,2023,68,238,223,47,6,1,9,10,72,3,2,0.211,0.2831325301204819,0.35859519408502777,0.62,0.39050131926121373,0.3880597014925373,0.16495806150978565,0.6262959472196041,0.6429,0.291,0.34861278648974664,0.12666666666666668,24.0,0.1293997013929584,0.37370405278039587
Unknown_605612,COL,605612,2023,97,289,274,70,13,0,1,10,70,0,4,0.255,0.3614457831325302,0.2587800369685768,0.592,0.12928759894459102,0.5940298507462688,0.13047530288909598,0.48421300659754946,0.7197,0.291,0.34861278648974664,0.12000000000000001,30.0,0.12548251326371423,0.5157869934024506
Unknown_678894,PIT,678894,2023,56,213,198,47,4,1,7,11,67,1,1,0.237,0.3674698795180724,0.3696857670979668,0.653,0.33509234828496043,0.555223880597015,0.2096924510717614,0.6548067860508954,0.6197,0.29,0.34579815038198625,0.12666666666666668,23.0,0.10800253012063014,0.34519321394910474
Unknown_595879,DET,595879,2023,141,564,528,116,18,4,9,24,127,9,3,0.22,0.319277108433735,0.26987060998151585,0.584,0.24010554089709762,0.40895522388059713,0.16775396085740912,0.4441564561734213,0.7145,0.289,0.34338560514676314,0.1,31.0,0.09231460714865593,0.5558435438265785
Unknown_649557,ATH,649557,2023,113,361,331,74,20,1,4,17,71,7,5,0.224,0.34337349397590367,0.2809611829944548,0.599,0.24802110817941952,0.4,0.18872320596458528,0.37700282752120645,0.7341,0.289,0.34338560514676314,0.11333333333333334,33.0,0.07082680478373943,0.6229971724787937
Unknown_672356,CLE,672356,2023,106,352,322,68,15,0,10,28,114,1,1,0.211,0.35542168674698804,0.32717190388170064,0.626,0.345646437994723,0.4686567164179104,0.3397017707362535,0.6767200754005656,0.5938,0.289,0.34338560514676314,0.11333333333333334,23.0,0.06885240705252355,0.32327992459943444
Unknown_672779,PIT,672779,2023,69,223,205,47,12,2,3,10,36,3,2,0.229,0.3463855421686748,0.32717190388170064,0.624,0.29815303430079154,0.38208955223880603,0.17800559179869524,0.29382657869934026,0.7668,0.289,0.34338560514676314,0.12666666666666668,24.0,0.05972559782941693,0.7061734213006599
Unknown_543063,SF,543063,2023,95,334,294,58,12,1,7,31,82,4,4,0.197,0.3644578313253013,0.2624768946395564,0.596,0.29023746701846964,0.32835820895522394,0.40167753960857405,0.49198868991517436,0.6467,0.287,0.3377563329312424,0.11333333333333334,36.0,0.04119841036417336,0.5080113100848256
Unknown_683146,NYM,683146,2023,110,393,359,75,12,0,9,30,111,2,1,0.209,0.3463855421686748,0.26617375231053614,0.591,0.2638522427440633,0.42089552238805983,0.32479030754892824,0.5789349670122526,0.626,0.286,0.33534378769601925,0.10666666666666669,24.0,0.061632135359941526,0.42106503298774745
Unknown_572041,SEA,572041,2023,55,160,148,27,7,0,5,9,36,1,2,0.182,0.21987951807228923,0.29020332717190395,0.562,0.36939313984168864,0.20298507462686577,0.23112767940354145,0.44368520263901984,0.7125,0.285,0.3325291515882589,0.12666666666666668,36.0,0.06748484066476482,0.5563147973609803
Unknown_681584,SF,681584,2023,48,160,143,21,6,0,6,12,49,4,1,0.147,0.21987951807228923,0.2606284658040667,0.546,0.4195250659630607,0.10447761194029859,0.31873252562907733,0.6350141376060321,0.5938,0.284,0.32971451548049857,0.12666666666666668,26.0,0.06901601595782846,0.3649858623939679
Unknown_572287,CLE,572287,2023,45,151,134,24,8,0,3,15,66,2,0,0.179,0.34337349397590367,0.24399260628465808,0.577,0.3113456464379947,0.564179104477612,0.4319664492078285,0.9434495758718191,0.4503,0.283,0.3273019702452754,0.12666666666666668,32.0,0.07519325247526593,0.05655042412818112
Unknown_668930,MIL,668930,2023,135,466,420,91,9,3,6,39,99,1,2,0.217,0.37951807228915657,0.22365988909426987,0.579,0.18469656992084432,0.4,0.35927306616961785,0.41399622997172486,0.6931,0.282,0.32448733413751507,0.08666666666666667,24.0,0.03911111656197379,0.5860037700282752
Unknown_571745,SF,571745,2023,61,229,211,44,13,1,6,15,65,2,1,0.209,0.32530120481927716,0.3530499075785583,0.631,0.38786279683377306,0.4059701492537314,0.2744641192917055,0.5822337417530631,0.6419,0.281,0.32167269802975473,0.11333333333333334,33.0,0.07385794895385138,0.4177662582469368
Unknown_672724,NYY,672724,2023,55,206,187,35,8,0,2,13,52,6,0,0.187,0.3132530120481928,0.16266173752310542,0.524,0.17414248021108178,0.34029850746268664,0.26328052190121154,0.5082469368520264,0.6553,0.28,0.31926015279453157,0.11333333333333334,23.0,0.06741595981844777,0.49175306314797385
Unknown_664056,NYY,664056,2023,93,344,319,74,12,2,7,17,59,3,4,0.232,0.3493975903614459,0.32162661737523107,0.622,0.28232189973614774,0.3791044776119403,0.1994408201304753,0.31762488218661644,0.7674,0.28,0.31926015279453157,0.1,29.0,0.05718966396877534,0.6823751178133837
Unknown_516416,MIA,516416,2023,89,341,316,71,5,2,3,22,50,2,0,0.225,0.3644578313253013,0.19963031423290206,0.561,0.1266490765171504,0.37313432835820903,0.26980428704566634,0.2589538171536287,0.7801,0.28,0.31926015279453157,0.1,33.0,0.03398642982463545,0.741046182846371
Unknown_455117,HOU,455117,2023,124,430,379,71,12,0,15,35,146,3,0,0.187,0.31024096385542177,0.30314232902033283,0.599,0.37203166226912926,0.36716417910447763,0.34855545200372784,0.7134778510838832,0.5419,0.279,0.3164455166867712,0.08666666666666667,37.0,0.07072114037900962,0.28652214891611694
Unknown_682848,PIT,682848,2023,56,204,186,41,7,2,3,17,49,0,1,0.22,0.37951807228915657,0.2846580406654345,0.612,0.26121372031662266,0.4388059701492538,0.3574091332712022,0.4795004712535344,0.6765,0.279,0.3164455166867712,0.11333333333333334,23.0,0.045806558176151715,0.5204995287464658
Unknown_605113,AZ,605113,2023,75,227,214,45,10,1,3,13,57,0,0,0.21,0.29518072289156627,0.2476894639556378,0.564,0.23482849604221634,0.4149253731343284,0.2362534948741845,0.5051837888784165,0.6916,0.279,0.3164455166867712,0.11333333333333334,33.0,0.0748136184598168,0.49481621112158347
Unknown_596115,BOS,596115,2023,41,168,158,32,9,0,3,9,55,1,0,0.203,0.27710843373493976,0.2624768946395564,0.566,0.2770448548812665,0.4656716417910447,0.2190121155638397,0.6849670122525919,0.6131,0.278,0.31363088057901084,0.12000000000000001,31.0,0.10822143580921338,0.31503298774740807
Unknown_543877,MIN,543877,2023,104,373,345,75,14,0,6,25,86,1,1,0.217,0.34337349397590367,0.2513863216266174,0.582,0.22163588390501318,0.4119402985074627,0.28145386766076425,0.45688030160226206,0.6971,0.277,0.3112183353437877,0.08666666666666667,33.0,0.056611536441069824,0.543119698397738
Unknown_693049,CWS,693049,2023,82,285,266,57,10,0,5,13,75,2,2,0.214,0.28915662650602414,0.2476894639556378,0.563,0.22427440633245382,0.4268656716417911,0.18173345759552656,0.5336946277097078,0.6772,0.277,0.3112183353437877,0.1,25.0,0.10171257910483322,0.46630537229029234
Unknown_666906,WSH,666906,2023,50,175,159,36,2,1,2,10,42,3,2,0.226,0.37349397590361444,0.21256931608133095,0.571,0.14248021108179418,0.4686567164179104,0.23532152842497667,0.4790292177191329,0.68,0.276,0.3084036992360273,0.11333333333333334,26.0,0.0713480790243152,0.5209707822808671
Unknown_607732,MIA,607732,2023,89,288,253,49,14,0,3,27,68,3,2,0.194,0.35843373493975916,0.20517560073937152,0.562,0.2163588390501319,0.34626865671641793,0.4063373718546132,0.4698397737983035,0.6493,0.275,0.30558906312826695,0.1,34.0,0.03871284118221264,0.5301602262016967
Unknown_669477,SF,669477,2023,88,292,267,53,15,0,5,14,71,5,3,0.199,0.27409638554216864,0.25323475046210725,0.56,0.2717678100263852,0.33731343283582094,0.19245107176141657,0.48656927426955704,0.6815,0.274,0.3031765178930438,0.09333333333333335,24.0,0.08826658026225953,0.5134307257304431
Unknown_642851,COL,642851,2023,52,150,135,28,6,0,2,9,40,2,1,0.207,0.32228915662650603,0.22550831792975973,0.562,0.21108179419525064,0.4268656716417911,0.2488350419384902,0.5419415645617341,0.64,0.274,0.3031765178930438,0.12000000000000001,33.0,0.0760291652461623,0.45805843543826597
Unknown_608348,AZ,608348,2023,46,154,136,28,5,0,2,16,40,1,1,0.206,0.4036144578313252,0.20887245841035124,0.579,0.18997361477572558,0.4179104477611941,0.4534016775396086,0.5254476908576814,0.6299,0.272,0.2975472456775231,0.11333333333333334,29.0,0.03837336860215953,0.4745523091423185
Unknown_669397,ATH,669397,2023,101,343,314,67,4,2,4,19,57,2,2,0.213,0.31024096385542177,0.190388170055453,0.538,0.14511873350923482,0.33731343283582094,0.22739981360671013,0.3051366635249764,0.7551,0.271,0.29513470044229995,0.08000000000000002,25.0,0.04806044200335895,0.6948633364750234
Unknown_657557,STL,657557,2023,110,400,372,77,13,0,14,21,121,5,2,0.207,0.3012048192771085,0.33456561922365996,0.612,0.366754617414248,0.3880597014925373,0.21388630009319662,0.6262959472196041,0.6325,0.271,0.29513470044229995,0.07333333333333335,30.0,0.10151853882598522,0.37370405278039587
Unknown_641313,CWS,641313,2023,124,531,500,123,18,2,1,26,123,3,2,0.246,0.3855421686746987,0.22550831792975973,0.582,0.10817941952506596,0.564179104477612,0.19757688723205966,0.45923656927426953,0.7137,0.269,0.2895054282267792,0.04000000000000001,30.0,0.08147833602696128,0.5407634307257303
Unknown_543939,SEA,543939,2023,91,270,240,45,6,0,4,21,57,6,3,0.188,0.3283132530120483,0.16266173752310542,0.529,0.17414248021108178,0.27164179104477615,0.3317800559179869,0.410933081998115,0.6889,0.268,0.28709288299155605,0.08666666666666667,33.0,0.0425125236579029,0.5890669180018848
Unknown_672820,CWS,672820,2023,51,173,164,33,6,0,6,5,40,0,1,0.201,0.1987951807228916,0.32162661737523107,0.571,0.3614775725593667,0.27761194029850755,0.10391425908667287,0.4582940622054666,0.7225,0.266,0.2814636107760353,0.10666666666666669,23.0,0.14483803107880305,0.5417059377945335
Unknown_663743,MIA,663743,2023,100,328,299,60,10,0,6,17,60,7,2,0.201,0.3012048192771085,0.22181146025878012,0.553,0.22427440633245382,0.28656716417910455,0.21062441752096922,0.3444863336475024,0.7348,0.265,0.27905106554081216,0.07333333333333335,27.0,0.058336054743029664,0.6555136663524974
Unknown_621563,MIA,621563,2023,101,328,307,64,16,3,2,13,70,2,3,0.208,0.25602409638554213,0.23290203327171904,0.543,0.2163588390501319,0.3791044776119403,0.15377446411929171,0.41635249764373233,0.7317,0.261,0.268194611982308,0.06666666666666668,33.0,0.09429862345051557,0.5836475023562675
Unknown_606992,DET,606992,2023,92,306,287,57,10,1,4,17,87,0,1,0.199,0.25602409638554213,0.19963031423290206,0.525,0.1978891820580475,0.4029850746268657,0.22833178005591798,0.5834118755890669,0.6569,0.258,0.2601527945315641,0.06666666666666668,31.0,0.08896463882481463,0.41658812441093307
Unknown_605131,LAD,605131,2023,64,212,189,33,5,0,2,17,46,3,2,0.175,0.2801204819277109,0.10905730129390023,0.484,0.12928759894459102,0.24776119402985075,0.34296365330848083,0.4248350612629595,0.684,0.248,0.23321270607157216,0.07333333333333335,34.0,0.04236480334455476,0.5751649387370406
Unknown_543592,SD,543592,2023,50,157,133,20,4,0,1,18,31,2,0,0.15,0.31024096385542177,0.05360443622920524,0.464,0.11609498680738786,0.16119402985074627,0.5032618825722274,0.3788878416588125,0.6497,0.241,0.21431443506232406,0.08666666666666667,34.0,0.023350910970658292,0.6211121583411876
Unknown_595978,PIT,595978,2023,76,221,195,35,5,0,1,11,47,2,3,0.179,0.20783132530120485,0.08687615526802223,0.448,0.08443271767810026,0.27761194029850755,0.20130475302889095,0.4147031102733271,0.6787,0.239,0.20908725371934056,0.06000000000000001,31.0,0.07266293753940557,0.585296889726673
Unknown_595956,CLE,595956,2023,57,158,152,20,7,0,0,4,46,1,1,0.132,0.0,0.007393715341959373,0.336,0.09762532981530342,0.15820895522388057,0.08713886300093196,0.5994344957587182,0.6772,0.161,0.0,0.013333333333333364,31.0,0.21269709946609075,0.4005655042412819
Unknown_592450,NYY,592450,2024,154,685,544,178,35,1,58,131,165,9,1,0.327,0.9216867469879518,1.0,1.179,1.0,0.7134328358208956,0.8602050326188257,0.4811498586239397,0.5533,0.505,0.9738640932850824,1.0,32.0,0.014380626223651558,0.5188501413760602
Unknown_660271,LAD,660271,2024,153,702,613,190,36,7,54,79,156,6,4,0.31,0.7048192771084337,0.8909426987061,1.048,0.8891820580474933,0.5970149253731344,0.49347623485554526,0.43708765315739867,0.6524,0.45,0.8262967430639323,0.8066666666666666,30.0,0.028223186855983462,0.5629123468426014
Unknown_663656,HOU,663656,2024,74,320,263,75,12,0,23,54,48,1,2,0.285,0.746987951807229,0.7744916820702403,0.999,0.7889182058047493,0.4,0.7558247903075489,0.2669651272384543,0.6687,0.431,0.7752312022517089,0.4066666666666667,27.0,0.007193697043064768,0.7330348727615454
Unknown_665742,NYY,665742,2024,153,693,559,157,30,4,40,126,117,4,4,0.281,0.7710843373493975,0.7208872458410351,0.978,0.7229551451187334,0.4597014925373134,0.8164026095060577,0.31126295947219607,0.6436,0.427,0.7643747486932044,0.7066666666666667,26.0,0.007965348443609492,0.6887370405278037
Unknown_670541,HOU,670541,2024,143,616,535,168,34,2,35,67,93,10,4,0.314,0.7228915662650602,0.7523105360443623,0.979,0.6807387862796834,0.5671641791044777,0.4762348555452003,0.2693213949104618,0.724,0.425,0.759147567350221,0.6333333333333333,27.0,0.016856785525724942,0.730678605089538
Unknown_677951,KC,677951,2024,158,696,625,205,42,10,31,55,102,8,8,0.328,0.6837349397590361,0.7430683918669132,0.961,0.6306068601583114,0.6388059701492538,0.33737185461323393,0.2589538171536287,0.7629,0.418,0.740249296340973,0.6733333333333333,24.0,0.025911849465586417,0.741046182846371
Unknown_665489,TOR,665489,2024,155,679,603,195,44,1,29,67,93,5,4,0.323,0.7078313253012049,0.6839186691312387,0.937,0.5593667546174143,0.6208955223880598,0.42917054986020503,0.2363336475023563,0.757,0.411,0.7213510253317248,0.6333333333333333,25.0,0.01686021014539915,0.7636663524976435
Unknown_621043,MIN,621043,2024,83,355,309,96,19,2,14,39,60,3,4,0.311,0.6957831325301206,0.6414048059149724,0.91,0.5303430079155672,0.6238805970149256,0.48136067101584346,0.3117342130065976,0.7099,0.411,0.7213510253317248,0.4,30.0,0.01975806063043107,0.6882657869934024
Unknown_667670,ATH,667670,2024,143,605,538,160,26,2,39,58,170,5,4,0.297,0.6355421686746988,0.7338262476894639,0.939,0.6965699208443272,0.6835820895522388,0.41612301957129544,0.575636192271442,0.6149,0.408,0.7133092078809811,0.5666666666666667,30.0,0.04670817954912438,0.42436380772855786
Unknown_606466,AZ,606466,2024,131,564,487,141,23,2,36,63,103,5,9,0.29,0.6415662650602411,0.7264325323475047,0.937,0.7071240105540897,0.4776119402985074,0.4897483690587139,0.34377945334590015,0.6968,0.404,0.7028548451950141,0.5266666666666666,31.0,0.0216350483883093,0.6562205466541
Unknown_542303,ATL,542303,2024,159,674,593,181,31,0,38,74,166,3,4,0.305,0.6777108433734941,0.6950092421441776,0.933,0.6226912928759895,0.6865671641791046,0.48089468779123945,0.49387370405278036,0.638,0.403,0.7000402090872535,0.6000000000000001,34.0,0.03341159382090101,0.5061262959472197
Unknown_547180,PHI,547180,2024,143,623,544,157,42,0,30,74,135,2,2,0.289,0.6536144578313253,0.6598890942698707,0.906,0.6174142480211081,0.5940298507462688,0.5228331780055918,0.42412818096135724,0.6597,0.397,0.6839565741857658,0.54,32.0,0.025299786794874865,0.5758718190386427
Unknown_592885,MIL,592885,2024,70,301,259,80,12,3,10,38,56,2,1,0.309,0.7289156626506025,0.5914972273567469,0.894,0.46437994722955145,0.6776119402985076,0.5573159366262814,0.35179076343072574,0.6777,0.397,0.6839565741857658,0.33333333333333337,33.0,0.018521038428191687,0.6482092365692744
Unknown_592626,AZ,592626,2024,129,440,365,96,16,1,23,53,105,18,3,0.263,0.6686746987951807,0.6044362292051757,0.882,0.604221635883905,0.5074626865671642,0.5307548928238583,0.4757304429783224,0.5864,0.394,0.6759147567350221,0.42000000000000004,32.0,0.028319420099006946,0.5242695570216775
Unknown_681481,DET,681481,2024,84,286,258,71,15,5,17,22,75,3,3,0.275,0.5361445783132531,0.7319778188539741,0.905,0.7546174142480211,0.555223880597015,0.3275862068965517,0.5313383600377002,0.6399,0.39,0.6650583031765178,0.31333333333333335,27.0,0.05598890508756307,0.4686616399622998
Unknown_656976,AZ,656976,2024,56,158,137,37,11,0,9,18,31,0,3,0.27,0.5722891566265059,0.689463955637708,0.896,0.7071240105540897,0.4358208955223881,0.5,0.3758246936852027,0.6899,0.389,0.6626457579412948,0.23333333333333334,28.0,0.023335000018324496,0.6241753063147972
Unknown_670242,MIN,670242,2024,72,253,214,56,16,1,13,23,91,15,1,0.262,0.644578313253012,0.6543438077634014,0.9,0.6781002638522428,0.755223880597015,0.3928238583410997,0.7610744580584354,0.4901,0.386,0.6546039404905508,0.2866666666666667,27.0,0.06658552506070468,0.23892554194156457
Unknown_683002,BAL,683002,2024,156,706,620,173,31,6,36,75,158,7,4,0.279,0.6114457831325301,0.6451016635859521,0.884,0.6200527704485488,0.5522388059701493,0.4641192917054986,0.4408576814326108,0.6601,0.385,0.6517893043827905,0.5466666666666666,23.0,0.030782635140172314,0.5591423185673892
Unknown_645302,SEA,645302,2024,80,295,254,78,20,0,4,21,53,11,3,0.307,0.6716867469879518,0.47874306839186703,0.814,0.30870712401055406,0.7044776119402986,0.3010251630941286,0.33694627709707825,0.6915,0.383,0.6465621230398069,0.30666666666666664,27.0,0.03884482326836581,0.6630537229029219
Unknown_575929,STL,575929,2024,81,346,291,78,17,0,15,43,91,12,0,0.268,0.6807228915662652,0.567467652495379,0.865,0.5382585751978891,0.6179104477611942,0.548462255358807,0.5332233741753063,0.578,0.382,0.6437474869320465,0.33333333333333337,32.0,0.03094723679114445,0.4667766258246937
Unknown_545341,AZ,545341,2024,103,279,254,74,20,2,12,20,46,3,2,0.291,0.5722891566265059,0.6543438077634014,0.875,0.5989445910290236,0.5343283582089553,0.30335507921714816,0.30207351555136663,0.7527,0.38,0.6385203055890631,0.29333333333333333,33.0,0.034508880018457144,0.6979264844486333
Unknown_673548,CHC,673548,2024,129,570,497,142,26,6,21,63,158,6,4,0.286,0.6385542168674699,0.5822550831792976,0.859,0.5118733509234829,0.7223880597014926,0.48415657036346693,0.5666823751178134,0.6018,0.38,0.6385203055890631,0.45333333333333337,30.0,0.03854908800010715,0.4333176248821866
Unknown_646240,BOS,646240,2024,136,591,515,140,33,5,27,67,145,3,6,0.272,0.5933734939759036,0.6266173752310538,0.868,0.6121372031662269,0.5671641791044777,0.4976700838769804,0.4915174363807729,0.6362,0.38,0.6385203055890631,0.4666666666666667,28.0,0.031862570392671735,0.5084825636192272
Unknown_680776,BOS,680776,2024,156,717,655,189,48,14,21,52,156,6,3,0.289,0.5632530120481928,0.6044362292051757,0.846,0.5356200527704486,0.6417910447761194,0.3070829450139795,0.42624882186616403,0.7001,0.379,0.6357056694813026,0.5333333333333334,28.0,0.04808713926931079,0.573751178133836
Unknown_608070,CLE,608070,2024,154,662,601,169,39,1,38,54,80,1,6,0.281,0.5421686746987954,0.6746765249537894,0.877,0.6569920844327176,0.4,0.34948741845293574,0.19816211121583416,0.7946,0.378,0.6328910333735425,0.5,32.0,0.0186476453235671,0.801837888784166
Unknown_608369,TEX,608369,2024,121,523,465,127,21,0,30,53,95,3,2,0.273,0.5783132530120482,0.6247689463955639,0.862,0.6068601583113455,0.4477611940298507,0.4412861136999068,0.3414231856738926,0.7113,0.377,0.6304784881383192,0.42000000000000004,30.0,0.024692427898863757,0.6585768143261075
Unknown_669364,MIA,669364,2024,70,303,265,87,12,5,1,33,52,0,4,0.328,0.7198795180722893,0.4602587800369687,0.82,0.22427440633245382,0.7880597014925373,0.4767008387698043,0.3178605089538172,0.7162,0.376,0.6276638520305589,0.30000000000000004,25.0,0.020493492387929413,0.6821394910461829
Unknown_656941,PHI,656941,2024,147,679,560,139,22,0,37,106,194,5,8,0.248,0.6325301204819277,0.5767097966728283,0.854,0.604221635883905,0.5044776119402985,0.6966449207828518,0.5867106503298775,0.5508,0.376,0.6276638520305589,0.5,31.0,0.025419073950602902,0.41328934967012243
Unknown_595777,SD,595777,2024,152,646,547,153,28,0,24,72,99,17,5,0.28,0.6626506024096387,0.534195933456562,0.84,0.45910290237467016,0.4985074626865672,0.4888164026095061,0.2747408105560792,0.7012,0.375,0.6248492159227985,0.48,31.0,0.016605555652739253,0.7252591894439209
Unknown_596019,NYM,596019,2024,149,676,606,168,39,1,33,55,125,12,3,0.277,0.5722891566265059,0.6173752310536045,0.856,0.5857519788918206,0.4925373134328358,0.34855545200372784,0.3491988689915175,0.716,0.374,0.6224366706875752,0.4866666666666667,31.0,0.03395992349678933,0.6508011310084825
Unknown_518692,LAD,518692,2024,141,610,521,147,35,2,21,73,94,8,8,0.282,0.6506024096385542,0.5619223659889094,0.852,0.4934036939313984,0.5074626865671642,0.527027027027027,0.2766258246936852,0.7131,0.374,0.6224366706875752,0.45333333333333337,35.0,0.0149118943668242,0.7233741753063148
Unknown_578428,NYM,578428,2024,75,291,270,91,16,1,4,12,39,8,1,0.337,0.6716867469879518,0.5064695009242146,0.83,0.26912928759894456,0.7402985074626866,0.16123019571295433,0.22926484448633366,0.7973,0.373,0.6196220345798149,0.2866666666666667,34.0,0.0529463008693037,0.7707351555136663
Unknown_666149,SF,666149,2024,85,337,311,88,19,2,15,22,105,3,1,0.283,0.533132530120482,0.6062846580406656,0.837,0.5540897097625329,0.7343283582089554,0.27353215284249766,0.6477379830348727,0.6142,0.373,0.6196220345798149,0.31333333333333335,27.0,0.08235498122549947,0.3522620169651274
Unknown_661388,MIL,661388,2024,152,665,582,163,35,2,23,78,134,3,2,0.28,0.6295180722891566,0.5397412199630316,0.833,0.46701846965699206,0.5791044776119404,0.5158434296365331,0.3883129123468427,0.6767,0.373,0.6196220345798149,0.48,27.0,0.02324313697872673,0.6116870876531573
Unknown_682985,DET,682985,2024,134,571,501,133,27,6,23,63,152,5,2,0.265,0.5843373493975904,0.567467652495379,0.833,0.546174142480211,0.6000000000000002,0.48322460391425903,0.5407634307257304,0.613,0.371,0.6143948532368315,0.42666666666666664,24.0,0.036706842704752905,0.4592365692742697
Unknown_671213,BOS,671213,2024,58,226,197,50,8,0,13,28,71,1,0,0.254,0.5783132530120482,0.5878003696857672,0.842,0.6068601583113455,0.5761194029850747,0.5465983224603914,0.6538642789820923,0.5575,0.37,0.611580217129071,0.25333333333333335,24.0,0.03907785706092466,0.3461357210179077
Unknown_606192,LAD,606192,2024,148,626,566,154,30,2,30,51,176,8,1,0.272,0.5481927710843374,0.5859519408502774,0.831,0.5540897097625329,0.6238805970149256,0.3490214352283318,0.5761074458058435,0.623,0.37,0.611580217129071,0.44666666666666666,32.0,0.056776362295552316,0.4238925541941565
Unknown_621439,MIN,621439,2024,93,376,345,96,25,3,18,19,97,10,2,0.278,0.5240963855421686,0.6487985212569318,0.857,0.62532981530343,0.6029850746268658,0.20456663560111837,0.5214420358152686,0.6649,0.37,0.611580217129071,0.32666666666666666,31.0,0.08887950432626904,0.4785579641847315
Unknown_671056,STL,671056,2024,70,255,227,69,12,1,5,25,53,2,1,0.304,0.6566265060240964,0.4768946395563772,0.808,0.31398416886543534,0.7223880597014926,0.42590866728797766,0.40315739868049016,0.6824,0.368,0.6063530357860876,0.26,24.0,0.031035486537433876,0.5968426013195098
Unknown_668901,NYM,668901,2024,110,454,413,110,22,0,27,33,135,3,5,0.266,0.49397590361445787,0.6321626617375233,0.837,0.6332453825857519,0.5671641791044777,0.3080149114631873,0.6142789820923656,0.6233,0.367,0.6035383996783272,0.36,25.0,0.06917313199973506,0.38572101790763447
Unknown_607208,PHI,607208,2024,118,527,494,147,25,0,21,26,94,6,1,0.298,0.5481927710843374,0.5582255083179299,0.815,0.445910290237467,0.5910447761194031,0.19897483690587137,0.33388312912346846,0.7609,0.366,0.6007237635705669,0.3866666666666667,31.0,0.060034950996466635,0.6661168708765315
Unknown_701538,SD,701538,2024,148,573,536,158,29,6,24,27,96,1,5,0.295,0.5090361445783133,0.613678373382625,0.832,0.5329815303430079,0.5492537313432836,0.18872320596458528,0.3081998114985863,0.7766,0.365,0.5983112183353438,0.4066666666666667,21.0,0.05882720562873743,0.6918001885014138
Unknown_681146,MIA,681146,2024,65,267,228,63,10,0,11,29,55,3,7,0.276,0.5963855421686747,0.5378927911275417,0.821,0.47493403693931396,0.5194029850746269,0.4753028890959925,0.3989161168708765,0.6742,0.365,0.5983112183353438,0.26666666666666666,29.0,0.026708775021336464,0.6010838831291236
Unknown_608701,BOS,608701,2024,91,307,273,77,16,1,11,28,78,5,1,0.282,0.6024096385542169,0.5452865064695009,0.827,0.4696569920844327,0.6656716417910448,0.39422180801491147,0.5122525918944392,0.6352,0.365,0.5983112183353438,0.28,33.0,0.04392192668105376,0.48774740810556083
Unknown_571970,LAD,571970,2024,67,267,214,47,16,0,14,43,67,5,5,0.22,0.5963855421686747,0.5859519408502774,0.846,0.6912928759894459,0.31343283582089554,0.7194780987884436,0.5047125353440151,0.5693,0.364,0.5954965822275833,0.26,34.0,0.020157238991668783,0.49528746465598483
Unknown_669003,MIL,669003,2024,67,224,196,50,12,3,8,25,71,1,0,0.255,0.5542168674698796,0.5452865064695009,0.812,0.5408970976253298,0.6716417910447762,0.48928238583411,0.6604618284637135,0.558,0.363,0.5926819461198229,0.24000000000000002,26.0,0.04497327159916019,0.3395381715362866
Unknown_665487,SD,665487,2024,95,413,375,103,20,1,19,31,93,6,1,0.275,0.5451807228915663,0.5748613678373384,0.824,0.5329815303430079,0.5492537313432836,0.3191985088536813,0.4441564561734213,0.6852,0.362,0.5898673100120626,0.32666666666666666,25.0,0.04803466901026296,0.5558435438265785
Unknown_682829,CIN,682829,2024,157,684,607,157,36,9,25,68,213,6,1,0.259,0.5451807228915663,0.5489833641404807,0.81,0.5382585751978891,0.6656716417910448,0.43243243243243246,0.6472667295004713,0.5775,0.362,0.5898673100120626,0.44666666666666666,22.0,0.05063079245767658,0.35273327049952874
Unknown_656541,COL,656541,2024,47,158,138,33,5,1,10,14,56,0,2,0.239,0.44277108433734935,0.6155268022181148,0.812,0.683377308707124,0.5283582089552239,0.38210624417520966,0.7485862393967955,0.5316,0.362,0.5898673100120626,0.21333333333333335,30.0,0.06741595981844777,0.25141376060320453
Unknown_641933,BOS,641933,2024,108,460,401,95,18,0,29,50,158,7,2,0.237,0.5180722891566266,0.600739371534196,0.829,0.6675461741424802,0.5134328358208955,0.4757688723205965,0.7229029217719133,0.5326,0.362,0.5898673100120626,0.3466666666666667,29.0,0.05115874936290399,0.2770970782280868
Unknown_681807,CLE,681807,2024,120,381,331,84,17,1,14,40,84,8,2,0.254,0.5662650602409639,0.4879852125693162,0.785,0.4617414248021108,0.4895522388059701,0.4585274930102516,0.4330819981149859,0.6483,0.361,0.5874547647768396,0.30666666666666664,29.0,0.030640475969779007,0.5669180018850142
Unknown_605141,LAD,605141,2024,110,487,428,119,22,5,15,54,55,1,4,0.278,0.5993975903614458,0.524953789279113,0.815,0.45118733509234826,0.4567164179104477,0.4860205032618825,0.17954759660697456,0.7741,0.36,0.5846401286690792,0.3533333333333334,32.0,0.00969846891267794,0.8204524033930254
Unknown_668804,PIT,668804,2024,152,669,603,165,27,3,23,53,149,10,3,0.274,0.5512048192771085,0.4972273567467654,0.784,0.42216358839050133,0.5761194029850747,0.3383038210624418,0.4382657869934025,0.6831,0.36,0.5846401286690792,0.43333333333333335,29.0,0.04441906302046976,0.5617342130065974
Unknown_663698,PIT,663698,2024,77,282,253,67,11,0,13,22,73,6,1,0.265,0.5391566265060243,0.5323475046210722,0.799,0.4986807387862797,0.5582089552238807,0.33271202236719477,0.5235626767200754,0.6418,0.36,0.5846401286690792,0.26666666666666666,28.0,0.054239318844329615,0.4764373232799246
Unknown_607732,COL,607732,2024,77,277,239,62,17,1,9,27,65,9,1,0.259,0.5933734939759036,0.5138632162661738,0.807,0.4828496042216359,0.5522388059701493,0.4235787511649581,0.46654099905749297,0.6318,0.36,0.5846401286690792,0.26,35.0,0.036586094006311416,0.5334590009425071
Unknown_671218,SF,671218,2024,121,518,475,128,23,3,22,37,135,2,4,0.269,0.49397590361445787,0.5452865064695009,0.792,0.503957783641161,0.5820895522388061,0.3019571295433365,0.5275683317624882,0.6641,0.356,0.5737836751105749,0.3533333333333334,25.0,0.06063881772632983,0.47243166823751204
Unknown_514888,HOU,514888,2024,149,663,610,179,29,0,19,46,117,7,0,0.293,0.5783132530120482,0.4805914972273569,0.784,0.34828496042216356,0.6089552238805972,0.29263746505125815,0.3294062205466541,0.7436,0.356,0.5737836751105749,0.41333333333333333,34.0,0.039219376949492714,0.6705937794533459
Unknown_663886,CIN,663886,2024,133,507,449,116,26,1,19,48,116,8,2,0.258,0.5451807228915663,0.5064695009242146,0.787,0.47493403693931396,0.5164179104477612,0.4105312208760485,0.4526390197926485,0.6607,0.355,0.5713711298753518,0.3466666666666667,28.0,0.036757800660440126,0.5473609802073516
Unknown_656305,SF,656305,2024,150,629,557,137,38,2,25,64,156,6,2,0.246,0.5150602409638555,0.5212569316081332,0.785,0.5303430079155672,0.4835820895522388,0.44315004659832247,0.49787935909519326,0.6407,0.355,0.5713711298753518,0.4,31.0,0.03719318470501507,0.5021206409048069
Unknown_671732,ATH,671732,2024,115,437,400,106,24,2,22,33,104,0,4,0.265,0.4819277108433735,0.6025878003696858,0.818,0.5963060686015831,0.5014925373134328,0.3210624417520969,0.47431668237511776,0.6865,0.355,0.5713711298753518,0.32000000000000006,24.0,0.051008633458637376,0.5256833176248823
Unknown_680757,CLE,680757,2024,118,519,460,133,15,3,13,52,48,5,0,0.289,0.6325301204819277,0.4547134935304991,0.787,0.31926121372031663,0.4985074626865672,0.4361602982292637,0.13147973609802072,0.7938,0.355,0.5713711298753518,0.3533333333333334,27.0,0.007862006301562694,0.8685202639019789
Unknown_687462,TOR,687462,2024,96,381,328,87,19,0,12,42,70,7,4,0.265,0.5993975903614458,0.47874306839186703,0.79,0.4195250659630607,0.4955223880597015,0.48275862068965525,0.3463713477851084,0.6877,0.353,0.565741857659831,0.29333333333333333,27.0,0.02225893958015978,0.6536286522148917
Unknown_695578,WSH,695578,2024,79,336,295,78,13,4,9,39,97,2,0,0.264,0.5903614457831324,0.467652495378928,0.781,0.40633245382585753,0.6895522388059702,0.5102516309412861,0.5937794533459001,0.5893,0.352,0.5633293124246079,0.2733333333333333,22.0,0.03812427609656055,0.4062205466541
Unknown_663586,ATL,663586,2024,107,455,412,106,24,2,19,36,112,5,2,0.257,0.496987951807229,0.5360443622920519,0.787,0.5197889182058048,0.5164179104477612,0.33783783783783783,0.4936380772855797,0.6637,0.352,0.5633293124246079,0.32000000000000006,27.0,0.05023824362857122,0.5063619227144205
Unknown_624585,SF,624585,2024,138,556,481,117,33,1,21,65,137,6,4,0.243,0.5421686746987954,0.5046210720887248,0.785,0.5145118733509234,0.4776119402985074,0.5139794967381175,0.49410933081998115,0.6205,0.351,0.5605146763168476,0.3533333333333334,32.0,0.030791147665345568,0.5058906691800189
Unknown_670042,SEA,670042,2024,129,444,393,96,19,2,22,27,130,20,2,0.244,0.5,0.5489833641404807,0.794,0.5725593667546174,0.5104477611940299,0.25256290773532153,0.603440150801131,0.5968,0.351,0.5605146763168476,0.31333333333333335,30.0,0.08320598750970444,0.3965598491988691
Unknown_521692,KC,521692,2024,155,639,579,157,28,0,26,43,125,11,6,0.271,0.5180722891566266,0.5175600739371535,0.784,0.45910290237467016,0.5014925373134328,0.28285181733457593,0.37441093308199813,0.7183,0.351,0.5605146763168476,0.3866666666666667,34.0,0.04624855846346207,0.625589066918002
Unknown_592518,SD,592518,2024,146,615,570,158,28,0,27,40,120,1,4,0.277,0.5,0.5434380776340113,0.792,0.48021108179419525,0.5164179104477612,0.2721342031686859,0.37323279924599434,0.7382,0.35,0.5577000402090873,0.37333333333333335,32.0,0.04809021972307446,0.6267672007540055
Unknown_621566,ATL,621566,2024,159,671,586,144,34,1,28,71,165,9,5,0.246,0.5301204819277109,0.512014787430684,0.784,0.5171503957783641,0.4686567164179104,0.46225535880708296,0.4929311969839774,0.6349,0.349,0.555287494973864,0.3933333333333333,30.0,0.03497991720393691,0.5070688030160226
Unknown_642715,MIL,642715,2024,158,674,598,149,32,0,32,72,172,1,3,0.249,0.5150602409638555,0.534195933456562,0.793,0.5408970976253298,0.4805970149253731,0.4669151910531221,0.5148444863336474,0.6365,0.349,0.555287494973864,0.3933333333333333,29.0,0.03624415210126351,0.48515551366635257
Unknown_694192,MIL,694192,2024,141,560,516,140,28,4,21,38,118,3,2,0.271,0.5,0.534195933456562,0.787,0.4828496042216359,0.5373134328358209,0.28564771668219946,0.409990574929312,0.7143,0.348,0.5524728588661036,0.3466666666666667,20.0,0.050055856211100064,0.590009425070688
Unknown_656811,BAL,656811,2024,138,487,436,115,20,3,15,46,68,2,3,0.264,0.533132530120482,0.467652495378928,0.761,0.40633245382585753,0.4388059701492538,0.40959925442684064,0.2424599434495759,0.7618,0.348,0.5524728588661036,0.32000000000000006,31.0,0.018586801647895647,0.7575400565504242
Unknown_664774,SF,664774,2024,112,386,317,81,15,0,8,61,82,4,3,0.256,0.6656626506024096,0.378927911275416,0.758,0.30079155672823216,0.546268656716418,0.7054986020503262,0.41399622997172486,0.6166,0.348,0.5524728588661036,0.28,30.0,0.016013584658882765,0.5860037700282752
Unknown_664761,PHI,664761,2024,140,594,542,151,44,2,15,40,84,6,6,0.279,0.5240963855421686,0.5101663585951943,0.782,0.4300791556728232,0.5044776119402985,0.28285181733457593,0.24670122525918947,0.7811,0.348,0.5524728588661036,0.36,28.0,0.03066060800911119,0.7532987747408104
Unknown_623993,BAL,623993,2024,152,652,583,137,24,2,42,58,127,7,4,0.235,0.45783132530120485,0.600739371534196,0.809,0.6728232189973615,0.27761194029850755,0.3839701770736253,0.37252591894439213,0.7055,0.348,0.5524728588661036,0.38,30.0,0.03235855002302846,0.6274740810556079
Unknown_807799,BOS,807799,2024,104,404,362,102,20,0,10,26,48,14,2,0.282,0.5813253012048193,0.4547134935304991,0.771,0.3403693931398417,0.4985074626865672,0.26933830382106244,0.19344957587181905,0.7822,0.348,0.5524728588661036,0.2866666666666667,31.0,0.025699408999591736,0.8065504241281809
Unknown_663993,TEX,663993,2024,140,565,486,129,16,1,16,71,125,4,4,0.265,0.6114457831325301,0.4195933456561924,0.762,0.33509234828496043,0.5671641791044777,0.554986020503262,0.4347313854853912,0.646,0.347,0.5496582227583433,0.3466666666666667,29.0,0.02405467249363462,0.5652686145146086
Unknown_676059,BAL,676059,2024,104,437,407,108,26,5,18,21,94,7,1,0.265,0.463855421686747,0.5767097966728283,0.798,0.5593667546174143,0.5074626865671642,0.1933830382106244,0.42035815268614524,0.7185,0.347,0.5496582227583433,0.30000000000000004,25.0,0.07655047654199282,0.5796418473138547
Unknown_624413,NYM,624413,2024,159,683,597,142,31,0,33,70,172,12,4,0.238,0.5120481927710844,0.5212569316081332,0.784,0.5514511873350924,0.42089552238805983,0.44687791239515373,0.5068331762488218,0.6281,0.346,0.5472456775231203,0.3866666666666667,30.0,0.03754237037115946,0.49316682375117815
Unknown_677800,BOS,677800,2024,130,439,392,100,33,2,15,39,121,3,5,0.255,0.496987951807229,0.5360443622920519,0.788,0.5277044854881267,0.573134328358209,0.3830382106244175,0.5629123468426013,0.6287,0.346,0.5472456775231203,0.30000000000000004,25.0,0.05006574339861589,0.4370876531573986
Unknown_683737,CHC,683737,2024,146,555,487,122,28,2,21,60,158,4,4,0.251,0.533132530120482,0.5027726432532349,0.781,0.4907651715039578,0.5671641791044777,0.472972972972973,0.5843543826578699,0.6,0.346,0.5472456775231203,0.34,27.0,0.040969984043344905,0.4156456173421301
Unknown_680977,STL,680977,2024,149,634,571,161,33,3,14,47,75,11,5,0.282,0.5632530120481928,0.46210720887245854,0.769,0.3509234828496042,0.5014925373134328,0.3145386766076421,0.1922714420358153,0.7902,0.346,0.5472456775231203,0.3666666666666667,27.0,0.02089480296463779,0.8077285579641849
Unknown_664023,CHC,664023,2024,150,643,557,133,33,2,25,78,167,6,2,0.239,0.5391566265060243,0.4916820702402959,0.777,0.5065963060686016,0.4776119402985074,0.5344827586206897,0.5254476908576814,0.6096,0.345,0.5444310414153598,0.3666666666666667,30.0,0.031433525627989976,0.4745523091423185
Unknown_664983,AZ,664983,2024,127,493,440,126,13,7,8,31,77,14,3,0.286,0.5783132530120482,0.42144177449168224,0.753,0.28232189973614774,0.5850746268656717,0.2623485554520037,0.2815739868049011,0.7424,0.344,0.5416164053075995,0.31333333333333335,27.0,0.03805957826742275,0.7184260131950988
Unknown_677594,SEA,677594,2024,137,596,551,152,16,0,20,37,151,6,2,0.276,0.5090361445783133,0.4436229205175602,0.741,0.3403693931398417,0.6328358208955224,0.25862068965517243,0.510603204524034,0.6745,0.344,0.5416164053075995,0.3466666666666667,24.0,0.0689743751014662,0.48939679547596593
Unknown_673237,HOU,673237,2024,144,603,571,169,29,3,16,22,106,2,8,0.296,0.48795180722891573,0.49353049907578567,0.761,0.3588390501319261,0.6000000000000002,0.13932898415657036,0.3277568331762489,0.7844,0.344,0.5416164053075995,0.3466666666666667,26.0,0.08321854696610934,0.6722431668237512
Unknown_663616,MIN,663616,2024,112,400,355,92,17,0,15,40,89,3,2,0.259,0.5421686746987954,0.4805914972273569,0.771,0.4379947229551451,0.5074626865671642,0.43522833178005593,0.43779453345900093,0.67,0.344,0.5416164053075995,0.28,27.0,0.03305991569666511,0.562205466540999
Unknown_572233,AZ,572233,2024,125,533,463,115,25,0,24,53,128,9,8,0.248,0.5240963855421686,0.524953789279113,0.79,0.5303430079155672,0.4507462686567164,0.43243243243243246,0.4795004712535344,0.6435,0.343,0.5392038600723763,0.32000000000000006,33.0,0.03676647788590269,0.5204995287464658
Unknown_456781,SD,456781,2024,95,309,283,81,13,0,8,22,65,3,1,0.286,0.5572289156626508,0.44916820702402965,0.76,0.32189973614775724,0.6328358208955224,0.3010251630941286,0.40928369462770975,0.7087,0.343,0.5392038600723763,0.2466666666666667,37.0,0.047190531090321244,0.5907163053722901
Unknown_660766,WSH,660766,2024,62,249,226,64,15,0,6,18,42,1,3,0.283,0.533132530120482,0.4713493530499077,0.764,0.3614775725593667,0.555223880597015,0.3061509785647717,0.3110273327049953,0.751,0.343,0.5392038600723763,0.22666666666666668,26.0,0.03515676345996639,0.6889726672950047
Unknown_665862,MIA,665862,2024,143,603,548,142,20,4,23,49,145,4,2,0.259,0.496987951807229,0.4842883548983365,0.76,0.44327176781002636,0.5313432835820896,0.34808946877912395,0.48020735155513666,0.6716,0.343,0.5392038600723763,0.3466666666666667,26.0,0.04725098615377343,0.5197926484448636
Unknown_457705,PIT,457705,2024,118,504,439,104,18,1,20,56,128,7,2,0.237,0.5210843373493976,0.45286506469500937,0.75,0.4564643799472295,0.4567164179104477,0.4869524697110904,0.5120169651272385,0.621,0.343,0.5392038600723763,0.31333333333333335,38.0,0.03424502739726944,0.4879830348727616
Unknown_657656,ATL,657656,2024,88,298,276,71,15,1,11,14,92,7,1,0.257,0.45481927710843373,0.4879852125693162,0.747,0.4538258575197889,0.6298507462686568,0.18825722273998136,0.6409048067860508,0.6208,0.342,0.536389223964616,0.24000000000000002,30.0,0.11712257684570776,0.3590951932139492
Unknown_444482,SD,444482,2024,89,260,236,63,11,0,8,22,54,2,0,0.267,0.533132530120482,0.44547134935304994,0.75,0.366754617414248,0.5432835820895523,0.36346691519105306,0.4029217719132894,0.7,0.342,0.536389223964616,0.22666666666666668,37.0,0.03751328631452213,0.5970782280867106
Unknown_519317,NYY,519317,2024,111,445,403,94,19,0,26,38,137,2,2,0.233,0.4307228915662651,0.5545286506469502,0.775,0.6121372031662269,0.4388059701492538,0.36719478098788444,0.6390197926484449,0.6022,0.342,0.536389223964616,0.2866666666666667,35.0,0.05977800957994081,0.3609802073515551
Unknown_663457,STL,663457,2024,106,405,348,85,18,3,12,52,79,1,3,0.244,0.5542168674698796,0.44916820702402965,0.758,0.4300791556728232,0.4388059701492538,0.5675675675675675,0.37323279924599434,0.6716,0.342,0.536389223964616,0.2733333333333333,27.0,0.019404025051268717,0.6267672007540055
Unknown_664040,TB,664040,2024,104,413,374,91,19,3,20,32,108,5,2,0.243,0.45783132530120485,0.5489833641404807,0.781,0.575197889182058,0.453731343283582,0.3303821062441752,0.529688972667295,0.6489,0.342,0.536389223964616,0.28,30.0,0.055303151895456704,0.4703110273327049
Unknown_608324,HOU,608324,2024,141,617,566,148,29,2,26,42,85,5,4,0.261,0.47590361445783136,0.524953789279113,0.774,0.4934036939313984,0.39402985074626873,0.28657968313140725,0.2382186616399623,0.7861,0.342,0.536389223964616,0.3466666666666667,30.0,0.029159679379226693,0.7617813383600376
Unknown_650859,LAA,650859,2024,74,297,276,83,12,1,6,16,43,4,0,0.301,0.5722891566265059,0.44916820702402965,0.765,0.28232189973614774,0.6119402985074628,0.22041006523765144,0.2547125353440151,0.7845,0.342,0.536389223964616,0.24000000000000002,27.0,0.04199164328211588,0.7452874646559848
Unknown_668709,ATH,668709,2024,154,625,555,134,42,3,20,67,122,2,0,0.241,0.5030120481927711,0.4842883548983365,0.761,0.4907651715039578,0.4238805970149254,0.46877912395153776,0.37346842601319513,0.6928,0.341,0.5335745878568556,0.3466666666666667,27.0,0.025238264281090037,0.6265315739868047
Unknown_650490,TB,650490,2024,141,604,549,153,30,1,13,48,92,4,3,0.279,0.5451807228915663,0.43253234750462116,0.747,0.31662269129287596,0.5343283582089553,0.3397017707362535,0.2723845428840716,0.7616,0.341,0.5335745878568556,0.34,33.0,0.02707370444787898,0.7276154571159283
Unknown_608385,WSH,608385,2024,141,494,419,104,22,0,14,61,103,9,3,0.248,0.5903614457831324,0.4195933456561924,0.755,0.37994722955145116,0.4805970149253731,0.5447343895619757,0.4048067860508954,0.6457,0.341,0.5335745878568556,0.30666666666666664,31.0,0.02267101782486186,0.5951932139491045
Unknown_553993,AZ,553993,2024,153,624,557,140,28,2,29,48,174,9,10,0.251,0.47590361445783136,0.5378927911275417,0.781,0.5408970976253298,0.5104477611940299,0.3275862068965517,0.5704524033930254,0.6298,0.34,0.5311620426216325,0.34,33.0,0.060167079284318276,0.42954759660697484
Unknown_657136,BOS,657136,2024,123,480,440,122,24,1,13,28,112,9,2,0.277,0.5240963855421686,0.4639556377079483,0.757,0.366754617414248,0.626865671641791,0.24091332712022367,0.46324222431668244,0.6875,0.34,0.5311620426216325,0.29333333333333333,28.0,0.0674491596774788,0.5367577756833175
Unknown_671277,WSH,671277,2024,137,516,489,139,24,1,18,26,82,0,1,0.284,0.48795180722891573,0.5064695009242146,0.768,0.40897097625329815,0.5253731343283582,0.20410065237651445,0.28793590951932146,0.7907,0.34,0.5311620426216325,0.30666666666666664,24.0,0.05101753500288641,0.7120640904806785
Unknown_647304,CLE,647304,2024,149,619,552,132,25,0,31,57,104,6,4,0.239,0.47289156626506024,0.5157116451016637,0.768,0.5408970976253298,0.31641791044776124,0.3984156570363467,0.30937794533459007,0.7286,0.34,0.5311620426216325,0.34,27.0,0.025300370566072088,0.6906220546654098
Unknown_687263,LAA,687263,2024,152,592,533,134,34,1,23,38,136,16,1,0.251,0.48795180722891573,0.5064695009242146,0.768,0.49604221635883905,0.4835820895522388,0.2684063373718546,0.45475966069745527,0.6723,0.34,0.5311620426216325,0.33333333333333337,23.0,0.05924563999307539,0.5452403393025447
Unknown_672515,AZ,672515,2024,92,338,293,79,17,1,5,40,51,2,3,0.27,0.6024096385542169,0.39186691312384486,0.744,0.28232189973614774,0.5194029850746269,0.5205032618825722,0.26908576814326113,0.7249,0.339,0.528347406513872,0.2466666666666667,24.0,0.0146832177068406,0.7309142318567388
Unknown_663697,CIN,663697,2024,148,623,521,128,27,2,15,78,124,15,7,0.246,0.5963855421686747,0.4029574861367839,0.747,0.3614775725593667,0.4656716417910447,0.5526561043802424,0.38242224316682377,0.6485,0.339,0.528347406513872,0.34,28.0,0.020758649302522796,0.6175777568331762
Unknown_602104,BAL,602104,2024,91,293,265,69,9,2,11,22,54,5,1,0.26,0.5120481927710844,0.4805914972273569,0.762,0.43535620052770446,0.4626865671641791,0.3191985088536813,0.3477851083883129,0.7235,0.339,0.528347406513872,0.23333333333333334,30.0,0.03749351483400286,0.652214891611687
Unknown_665833,PIT,665833,2024,142,583,527,135,34,3,20,49,175,3,4,0.256,0.49096385542168675,0.5027726432532349,0.767,0.4775725593667546,0.6208955223880598,0.36067101584342964,0.6208765315739868,0.6106,0.339,0.528347406513872,0.32666666666666666,26.0,0.059166822463921825,0.3791234684260132
Unknown_641355,CHC,641355,2024,127,555,506,135,22,3,18,41,88,3,5,0.267,0.496987951807229,0.4713493530499077,0.751,0.40369393139841686,0.4626865671641791,0.3136067101584343,0.28722902921771915,0.7622,0.339,0.528347406513872,0.32000000000000006,29.0,0.03153360608817485,0.7127709707822809
Unknown_592663,PHI,592663,2024,96,401,370,98,18,1,13,25,98,5,1,0.265,0.4849397590361446,0.46210720887245854,0.744,0.39577836411609496,0.5761194029850747,0.2595526561043802,0.4893967954759661,0.6808,0.338,0.5255327704061117,0.26666666666666666,33.0,0.065924683967526,0.5106032045240341
Unknown_650333,SD,650333,2024,146,652,619,198,31,3,4,22,27,8,1,0.32,0.5813253012048193,0.41589648798521267,0.75,0.18469656992084432,0.5820895522388061,0.12628145386766076,0.011074458058435419,0.9095,0.337,0.5231202251708886,0.34,27.0,0.013771883737459753,0.9889255419415643
Unknown_670623,TB,670623,2024,149,625,527,127,25,1,18,75,100,17,6,0.241,0.5783132530120482,0.40850277264325335,0.745,0.3825857519788918,0.38507462686567173,0.5284249767008388,0.29052780395852973,0.6928,0.337,0.5231202251708886,0.33333333333333337,25.0,0.015801245644877573,0.7094721960414703
Unknown_691016,ATH,691016,2024,60,213,189,44,10,0,9,20,53,3,1,0.233,0.47289156626506024,0.4713493530499077,0.743,0.4934036939313984,0.4149253731343284,0.4068033550792171,0.49976437323279926,0.6432,0.337,0.5231202251708886,0.20666666666666667,23.0,0.04127879625132037,0.5002356267672008
Unknown_678877,CLE,678877,2024,65,198,179,39,7,1,13,13,63,5,1,0.218,0.39156626506024095,0.5767097966728283,0.774,0.683377308707124,0.34626865671641793,0.2753960857409133,0.6632893496701224,0.5909,0.337,0.5231202251708886,0.2,23.0,0.08373705094410867,0.33671065032987757
Unknown_669304,MIN,669304,2024,121,429,401,114,28,4,9,18,66,6,4,0.284,0.49397590361445787,0.49353049907578567,0.763,0.39050131926121373,0.5492537313432836,0.16495806150978565,0.2759189443920829,0.7902,0.337,0.5231202251708886,0.2733333333333333,26.0,0.06087195141429867,0.7240810556079171
Unknown_607043,NYM,607043,2024,148,650,558,127,25,3,23,77,153,12,3,0.228,0.5240963855421686,0.4306839186691313,0.739,0.4485488126649076,0.4059701492537314,0.52143522833178,0.4681903864278982,0.6277,0.336,0.5203055890631283,0.34,31.0,0.02844358386334065,0.5318096135721018
Unknown_669911,COL,669911,2024,113,453,396,86,14,3,25,54,146,0,3,0.217,0.45481927710843373,0.5231053604436231,0.766,0.6094986807387862,0.4,0.5246971109040075,0.6729500471253533,0.5563,0.336,0.5203055890631283,0.28,26.0,0.042328480771205955,0.32704995287464667
Unknown_453568,COL,453568,2024,121,487,438,112,23,4,12,42,86,6,1,0.256,0.5150602409638555,0.434380776340111,0.737,0.37994722955145116,0.4746268656716418,0.37092264678471576,0.3296418473138549,0.7248,0.336,0.5203055890631283,0.2866666666666667,38.0,0.02964800046232318,0.6703581526861451
Unknown_624641,PHI,624641,2024,86,272,248,63,12,4,7,13,66,8,2,0.254,0.45783132530120485,0.45286506469500937,0.729,0.41160949868073876,0.5432835820895523,0.19198508853681268,0.4851555136663525,0.6728,0.336,0.5203055890631283,0.22000000000000003,28.0,0.0882292153769324,0.5148444863336474
Unknown_669016,PHI,669016,2024,132,470,412,103,17,3,15,50,149,2,5,0.25,0.5180722891566266,0.44547134935304994,0.746,0.41160949868073876,0.6388059701492538,0.4650512581547064,0.6604618284637135,0.5702,0.336,0.5203055890631283,0.28,27.0,0.04766023392823493,0.3395381715362866
Unknown_605170,HOU,605170,2024,84,270,241,64,8,1,8,23,52,3,3,0.266,0.5271084337349398,0.4306839186691313,0.74,0.34828496042216356,0.5074626865671642,0.3662628145386766,0.3673421300659755,0.7111,0.336,0.5203055890631283,0.22000000000000003,31.0,0.033748263337272134,0.6326578699340244
Unknown_682998,AZ,682998,2024,151,665,576,133,22,14,22,67,130,10,9,0.231,0.4789156626506025,0.4768946395563772,0.75,0.5065963060686016,0.3641791044776119,0.43895619757688725,0.3741753063147974,0.6842,0.335,0.5174909529553678,0.34,24.0,0.027533608130015735,0.6258246936852025
Unknown_672695,AZ,672695,2024,93,373,323,88,20,2,3,35,57,3,5,0.272,0.5602409638554217,0.37153419593345666,0.719,0.24538258575197885,0.546268656716418,0.4063373718546132,0.2735626767200754,0.7265,0.335,0.5174909529553678,0.25333333333333335,25.0,0.02152398580911137,0.7264373232799244
Unknown_663538,CHC,663538,2024,146,628,572,158,35,1,7,43,63,10,3,0.276,0.5361445783132531,0.3770794824399261,0.714,0.24274406332453824,0.4925373134328358,0.28844361602982294,0.14985862393967952,0.8153,0.335,0.5174909529553678,0.32666666666666666,27.0,0.018334887636244426,0.8501413760603203
Unknown_678662,COL,678662,2024,153,680,642,173,45,4,25,23,197,3,7,0.269,0.41265060240963847,0.5452865064695009,0.764,0.5013192612137203,0.635820895522388,0.12674743709226466,0.5961357210179077,0.6632,0.335,0.5174909529553678,0.34,23.0,0.15589014628091,0.4038642789820923
Unknown_650489,MIN,650489,2024,152,623,550,137,31,5,12,48,145,20,4,0.249,0.5180722891566266,0.3974121996303143,0.719,0.345646437994723,0.5402985074626866,0.3280521901211556,0.4618284637134778,0.6565,0.335,0.5174909529553678,0.32666666666666666,27.0,0.048487771617458306,0.538171536286522
Unknown_518735,PIT,518735,2024,68,243,215,49,10,0,9,24,46,0,1,0.228,0.43975903614457834,0.4177449168207025,0.704,0.4300791556728232,0.34029850746268664,0.4296365330848089,0.35956644674835064,0.6996,0.335,0.5174909529553678,0.21333333333333335,36.0,0.027078903966962053,0.6404335532516494
Unknown_686668,COL,686668,2024,143,589,529,137,24,4,22,45,148,3,8,0.259,0.47590361445783136,0.49907578558225524,0.76,0.46437994722955145,0.5343283582089553,0.32525629077353213,0.5056550424128181,0.6604,0.335,0.5174909529553678,0.31333333333333335,26.0,0.053659354879189616,0.49434495758718167
Unknown_678009,DET,678009,2024,72,286,260,65,12,5,9,23,73,1,1,0.25,0.463855421686747,0.4879852125693162,0.751,0.47229551451187335,0.5343283582089553,0.34389561975768873,0.5148444863336474,0.6573,0.334,0.5150784077201447,0.22000000000000003,25.0,0.05143080580200625,0.48515551366635257
Unknown_669701,TEX,669701,2024,147,591,522,135,30,1,13,46,121,18,3,0.259,0.5421686746987954,0.40850277264325335,0.732,0.33509234828496043,0.5313432835820896,0.3317800559179869,0.39585296889726673,0.6836,0.334,0.5150784077201447,0.31333333333333335,27.0,0.04092029597131461,0.6041470311027333
Unknown_686469,KC,686469,2024,128,541,485,129,30,2,19,38,68,4,13,0.266,0.4789156626506025,0.5175600739371535,0.77,0.47229551451187335,0.4,0.29636533084808947,0.20970782280867112,0.7948,0.334,0.5150784077201447,0.30000000000000004,27.0,0.02465184567143528,0.7902921771913289
Unknown_687401,MIL,687401,2024,134,502,432,104,25,6,11,55,101,6,6,0.241,0.5210843373493976,0.4232902033271721,0.733,0.40369393139841686,0.4507462686567164,0.47996272134203166,0.38760603204524036,0.6713,0.333,0.5122637716123843,0.2866666666666667,26.0,0.025526098269733635,0.6123939679547596
Unknown_467793,MIN,467793,2024,146,581,510,121,25,0,23,64,96,5,2,0.237,0.5090361445783133,0.4584103512014788,0.749,0.4617414248021108,0.34328358208955223,0.48275862068965525,0.30278039585296895,0.716,0.333,0.5122637716123843,0.30666666666666664,38.0,0.01900960128996792,0.6972196041470311
Unknown_681297,BAL,681297,2024,147,559,497,120,23,3,24,52,172,7,3,0.241,0.48795180722891573,0.500924214417745,0.765,0.5118733509234829,0.5432835820895523,0.4026095060577819,0.6385485391140433,0.5868,0.333,0.5122637716123843,0.30000000000000004,24.0,0.05403359642586485,0.3614514608859567
Unknown_676475,STL,676475,2024,148,581,535,144,19,0,21,35,71,4,6,0.269,0.47590361445783136,0.4584103512014788,0.738,0.37994722955145116,0.4179104477611941,0.249767008387698,0.2014608859566447,0.8055,0.333,0.5122637716123843,0.30666666666666664,26.0,0.029283660601345872,0.7985391140433553
Unknown_457759,TOR,457759,2024,135,523,446,115,22,0,10,58,93,12,7,0.258,0.5903614457831324,0.3696857670979668,0.728,0.2849604221635884,0.4955223880597015,0.4860205032618825,0.33246936852026393,0.6883,0.333,0.5122637716123843,0.2866666666666667,40.0,0.021025548319343987,0.6675306314797362
Unknown_500743,LAD,500743,2024,96,330,300,85,21,0,5,23,34,3,2,0.283,0.5421686746987954,0.4232902033271721,0.742,0.29287598944591026,0.5074626865671642,0.2940354147250699,0.1562205466540999,0.8121,0.333,0.5122637716123843,0.23333333333333334,35.0,0.018596734109801928,0.8437794533459002
Unknown_660670,ATL,660670,2024,46,208,180,44,8,1,4,25,49,3,0,0.244,0.5662650602409639,0.356746765249538,0.713,0.29815303430079154,0.5402985074626866,0.5293569431500466,0.46866163996229976,0.6298,0.333,0.5122637716123843,0.2,27.0,0.027931991696486212,0.5313383600377002
Unknown_686681,KC,686681,2024,100,356,332,86,17,2,14,15,56,3,4,0.259,0.40963855421686746,0.5083179297597045,0.743,0.4775725593667546,0.40895522388059713,0.16542404473438954,0.28416588124410935,0.7865,0.332,0.509449135504624,0.24000000000000002,26.0,0.06231272352990891,0.7158341187558905
Unknown_621493,LAA,621493,2024,153,651,573,141,26,2,23,63,160,7,8,0.246,0.5,0.45286506469500937,0.743,0.4327176781002638,0.4835820895522388,0.42031686859273065,0.4926955702167766,0.6467,0.332,0.509449135504624,0.32000000000000006,31.0,0.039142507142274637,0.5073044297832234
Unknown_663728,SEA,663728,2024,150,617,536,119,16,0,34,69,172,6,6,0.222,0.4698795180722892,0.4953789279112755,0.757,0.5567282321899736,0.35522388059701493,0.4902143522833178,0.5704524033930254,0.5997,0.332,0.509449135504624,0.31333333333333335,28.0,0.03826149470162346,0.42954759660697484
Unknown_592206,PHI,592206,2024,159,647,596,151,30,4,23,39,136,10,2,0.253,0.45481927710843373,0.47874306839186703,0.742,0.45118733509234826,0.4716417910447761,0.25023299161230195,0.4088124410933082,0.7141,0.332,0.509449135504624,0.32000000000000006,32.0,0.05746536193672715,0.591187558906692
Unknown_663837,DET,663837,2024,142,562,513,132,28,5,16,41,118,3,5,0.257,0.4668674698795181,0.4639556377079483,0.738,0.4195250659630607,0.5014925373134328,0.30941286113699906,0.4083411875589067,0.7117,0.331,0.5070365902694008,0.29333333333333333,28.0,0.045674145286430184,0.5916588124410933
Unknown_573262,SF,573262,2024,135,470,424,99,16,9,18,38,121,6,1,0.233,0.44277108433734935,0.49353049907578567,0.746,0.525065963060686,0.444776119402985,0.3462255358807083,0.5200282752120641,0.6468,0.331,0.5070365902694008,0.26666666666666666,34.0,0.05157745203898077,0.4799717247879358
Unknown_605137,MIA,605137,2024,141,584,529,130,22,2,19,47,115,5,3,0.246,0.463855421686747,0.4232902033271721,0.714,0.39050131926121373,0.4328358208955225,0.3443616029822926,0.3774740810556079,0.7055,0.331,0.5070365902694008,0.30000000000000004,32.0,0.037336763810154446,0.6225259189443921
Unknown_663898,COL,663898,2024,128,522,484,132,28,1,13,31,126,4,2,0.273,0.49096385542168675,0.44547134935304994,0.736,0.3535620052770448,0.6238805970149256,0.24603914259086673,0.48232799245994346,0.6897,0.331,0.5070365902694008,0.28,28.0,0.06865419159786422,0.5176720075400565
Unknown_571448,STL,571448,2024,148,617,563,155,23,0,16,44,91,4,6,0.275,0.5150602409638555,0.4195933456561924,0.73,0.30870712401055406,0.4985074626865672,0.30149114631873253,0.26107445805843543,0.7731,0.331,0.5070365902694008,0.30666666666666664,33.0,0.030035107039517457,0.7389255419415648
Unknown_668715,CIN,668715,2024,155,644,564,125,33,4,20,71,136,7,2,0.222,0.47289156626506024,0.4195933456561924,0.716,0.4485488126649076,0.3641791044776119,0.48275862068965525,0.41116870876531575,0.6677,0.33,0.5042219541616405,0.31333333333333335,27.0,0.02708903703855308,0.588831291234684
Unknown_694671,TEX,694671,2024,131,542,487,122,25,3,16,49,112,4,2,0.251,0.496987951807229,0.44177449168207034,0.736,0.40369393139841686,0.4776119402985074,0.3904939422180801,0.4003298774740811,0.6956,0.33,0.5042219541616405,0.2866666666666667,23.0,0.03422895471514282,0.5996701225259189
Unknown_663624,BAL,663624,2024,121,493,463,124,28,2,13,25,113,1,4,0.268,0.43975903614457834,0.45656192236598897,0.725,0.37994722955145116,0.573134328358209,0.2054986020503262,0.4535815268614514,0.7181,0.33,0.5042219541616405,0.2733333333333333,27.0,0.07749457264523958,0.5464184731385486
Unknown_660821,MIA,660821,2024,146,529,481,121,25,1,18,41,139,4,2,0.252,0.4698795180722892,0.4547134935304991,0.734,0.4195250659630607,0.5432835820895523,0.3303821062441752,0.5327521206409047,0.6503,0.33,0.5042219541616405,0.28,27.0,0.05562782509751625,0.4672478793590955
Unknown_669394,MIA,669394,2024,133,561,519,127,22,1,29,30,148,9,3,0.245,0.4156626506024096,0.5268022181146028,0.754,0.5408970976253298,0.4477611940298507,0.21854613233923578,0.5351083883129123,0.6667,0.33,0.5042219541616405,0.29333333333333333,28.0,0.08543287172856782,0.4648916116870876
Unknown_691026,STL,691026,2024,145,627,578,154,32,5,15,41,108,1,5,0.266,0.4698795180722892,0.44916820702402965,0.731,0.3746701846965699,0.5014925373134328,0.27399813606710155,0.31927426955702165,0.7576,0.33,0.5042219541616405,0.30666666666666664,22.0,0.040957499685895155,0.6807257304429783
Unknown_630105,SD,630105,2024,148,629,556,130,26,2,17,61,114,9,2,0.234,0.4819277108433735,0.378927911275416,0.698,0.3614775725593667,0.391044776119403,0.4212488350419385,0.34048067860508957,0.7011,0.329,0.5014073180538801,0.30666666666666664,30.0,0.02615079400236149,0.6595193213949104
Unknown_502671,STL,502671,2024,150,636,588,143,33,1,21,44,168,2,2,0.243,0.4186746987951807,0.43622920517560076,0.707,0.41688654353562005,0.5074626865671642,0.2917054986020503,0.5360508953817154,0.6588,0.329,0.5014073180538801,0.30666666666666664,37.0,0.06389168923361946,0.46394910461828465
Unknown_543309,SD,543309,2024,78,259,242,54,10,1,17,15,70,0,1,0.223,0.3283132530120483,0.5711645101663587,0.751,0.662269129287599,0.30746268656716413,0.239049394221808,0.5504241281809613,0.668,0.329,0.5014073180538801,0.20666666666666667,34.0,0.08035306758086463,0.4495758718190388
Unknown_669257,LAD,669257,2024,123,520,454,108,22,2,20,49,101,9,8,0.238,0.4849397590361446,0.467652495378928,0.747,0.47493403693931396,0.37014925373134333,0.4082013047530289,0.3711121583411876,0.6942,0.329,0.5014073180538801,0.28,29.0,0.0298966652002395,0.6288878416588124
Unknown_680777,MIN,680777,2024,118,452,401,93,22,0,21,32,90,12,6,0.232,0.43975903614457834,0.49907578558225524,0.748,0.5356200527704486,0.32537313432835824,0.29916123019571295,0.3826578699340245,0.7013,0.329,0.5014073180538801,0.26,27.0,0.044424447837530114,0.6173421300659754
Unknown_643565,CHC,643565,2024,104,345,296,74,12,1,7,44,69,4,1,0.25,0.5903614457831324,0.35859519408502777,0.722,0.28759894459102897,0.5044776119402985,0.5633737185461324,0.38477851083883136,0.6609,0.328,0.49899477281865695,0.22666666666666668,34.0,0.020355485130780823,0.6152214891611687
Unknown_672640,MIA,672640,2024,113,434,404,109,23,1,6,25,75,1,2,0.27,0.463855421686747,0.3733826247689465,0.689,0.2559366754617414,0.546268656716418,0.23765144454799625,0.32068803016022623,0.7604,0.328,0.49899477281865695,0.25333333333333335,26.0,0.048060442003358954,0.6793119698397736
Unknown_682928,WSH,682928,2024,134,588,531,131,29,5,19,37,124,16,4,0.247,0.4668674698795181,0.467652495378928,0.74,0.4538258575197889,0.453731343283582,0.2623485554520037,0.4104618284637135,0.699,0.328,0.49899477281865695,0.29333333333333333,24.0,0.05489180123221382,0.5895381715362866
Unknown_518595,ATL,518595,2024,93,334,301,72,15,0,15,23,88,6,4,0.239,0.4337349397590361,0.48983364140480606,0.741,0.5013192612137203,0.4417910447761193,0.29030754892823857,0.53440150801131,0.6497,0.327,0.4961801367108966,0.22666666666666668,35.0,0.0640168050207326,0.46559849198868974
Unknown_502110,NYM,502110,2024,120,495,438,102,24,1,16,49,141,6,2,0.233,0.4789156626506025,0.42144177449168224,0.719,0.42216358839050133,0.5074626865671642,0.43056849953401677,0.5845900094250707,0.596,0.327,0.4961801367108966,0.26666666666666666,37.0,0.04567521657564092,0.41540999057492956
Unknown_668227,TB,668227,2024,150,633,535,115,33,0,18,72,165,22,4,0.215,0.5180722891566266,0.3770794824399261,0.708,0.40633245382585753,0.4119402985074627,0.4990680335507921,0.5278039585296889,0.5908,0.327,0.4961801367108966,0.30000000000000004,29.0,0.0343736906196022,0.47219604147031125
Unknown_657041,WSH,657041,2024,125,514,460,111,26,3,15,43,132,7,4,0.241,0.4668674698795181,0.434380776340111,0.722,0.41688654353562005,0.5044776119402985,0.35927306616961785,0.5186145146088594,0.6459,0.327,0.4961801367108966,0.26666666666666666,29.0,0.04937855970402807,0.48138548539114057
Unknown_666158,LAD,666158,2024,133,467,419,106,24,2,10,44,107,2,2,0.253,0.5030120481927711,0.40110905730129404,0.717,0.3403693931398417,0.5432835820895523,0.4082013047530289,0.45334590009425074,0.6724,0.327,0.4961801367108966,0.26,27.0,0.037067658530882806,0.5466540999057494
Unknown_650402,NYY,650402,2024,150,646,572,149,26,0,15,62,132,2,8,0.26,0.5210843373493976,0.390018484288355,0.715,0.3034300791556728,0.5223880597014926,0.41658900279589933,0.39491046182846373,0.6935,0.326,0.4933655006031363,0.30000000000000004,28.0,0.031184849908328385,0.6050895381715362
Unknown_624424,SF,624424,2024,126,471,423,98,25,3,18,40,113,5,3,0.232,0.43975903614457834,0.47874306839186703,0.736,0.5065963060686016,0.40895522388059713,0.36486486486486486,0.47879359095193214,0.6645,0.326,0.4933655006031363,0.25333333333333335,31.0,0.04468633524642945,0.5212064090480679
Unknown_694384,LAA,694384,2024,143,596,510,129,19,0,13,67,100,9,7,0.253,0.5662650602409639,0.356746765249538,0.712,0.2770448548812665,0.4567164179104477,0.49301025163094125,0.30890669180018854,0.698,0.326,0.4933655006031363,0.2866666666666667,22.0,0.018889403588091623,0.6910933081998116
Unknown_621438,NYM,621438,2024,109,338,313,78,22,3,7,18,79,5,1,0.249,0.42771084337349397,0.42883548983364156,0.705,0.39050131926121373,0.5283582089552239,0.21761416589002794,0.4641847313854854,0.6953,0.325,0.4909529553679131,0.22000000000000003,30.0,0.07486038974732807,0.5358152686145146
Unknown_656775,BAL,656775,2024,135,487,438,102,15,3,17,41,94,4,2,0.233,0.4367469879518072,0.41219963031423307,0.7,0.40897097625329815,0.37014925373134333,0.36160298229263743,0.36828463713477855,0.7002,0.325,0.4909529553679131,0.26,30.0,0.03435986169719157,0.6317153628652212
Unknown_663853,BOS,663853,2024,87,216,199,53,10,1,6,12,58,1,4,0.266,0.4457831325301205,0.44916820702402965,0.723,0.3746701846965699,0.6089552238805972,0.22833178005591798,0.5461828463713478,0.6713,0.325,0.4909529553679131,0.19333333333333336,28.0,0.0834643298054189,0.4538171536286524
Unknown_669127,ATH,669127,2024,132,523,473,105,18,2,29,41,144,4,5,0.222,0.3885542168674698,0.5138632162661738,0.739,0.58311345646438,0.34328358208955223,0.3345759552656104,0.562205466540999,0.6386,0.325,0.4909529553679131,0.26666666666666666,27.0,0.05796039435520922,0.437794533459001
Unknown_673490,SD,673490,2024,115,443,381,88,15,3,10,54,74,2,2,0.231,0.5120481927710844,0.3530499075785583,0.693,0.32981530343007914,0.3791044776119403,0.5372786579683131,0.3070216776625825,0.6975,0.325,0.4909529553679131,0.2466666666666667,29.0,0.016510471618960673,0.6929783223374175
Unknown_671739,ATL,671739,2024,107,456,427,110,13,3,15,22,91,4,3,0.258,0.42168674698795183,0.4306839186691313,0.706,0.37203166226912926,0.4746268656716418,0.19384902143522834,0.3838360037700283,0.7434,0.324,0.4881383192601527,0.2466666666666667,23.0,0.07014661378406196,0.6161639962299716
Unknown_693304,PIT,693304,2024,93,387,359,97,19,3,7,18,74,5,4,0.27,0.46084337349397586,0.4140480591497229,0.709,0.31398416886543534,0.5522388059701493,0.18592730661696177,0.36404335532516496,0.7468,0.324,0.4881383192601527,0.23333333333333334,25.0,0.06958044783217814,0.635956644674835
Unknown_596146,MIN,596146,2024,103,395,365,93,21,1,8,22,78,5,3,0.255,0.43975903614457834,0.38817005545286515,0.687,0.31662269129287596,0.4985074626865672,0.22879776328052187,0.3788878416588125,0.7316,0.324,0.4881383192601527,0.23333333333333334,31.0,0.05862431528125303,0.6211121583411876
Unknown_669224,NYY,669224,2024,109,405,348,79,18,1,13,44,86,5,7,0.227,0.4789156626506025,0.41219963031423307,0.713,0.42480211081794195,0.37014925373134333,0.4753028890959925,0.41376060320452407,0.6642,0.323,0.4853236831523924,0.23333333333333334,25.0,0.027831608927736645,0.5862393967954762
Unknown_691406,TB,691406,2024,43,177,165,41,9,1,6,11,38,1,0,0.248,0.42469879518072284,0.46210720887245854,0.724,0.4406332453825857,0.4626865671641791,0.25862068965517243,0.4194156456173422,0.7175,0.322,0.4829111379171692,0.18000000000000002,21.0,0.05691224081090358,0.5805843543826579
Unknown_676391,TOR,676391,2024,126,443,425,111,21,3,12,11,40,3,2,0.261,0.37650602409638545,0.434380776340111,0.693,0.366754617414248,0.3880597014925373,0.08480894687791238,0.12629594721960413,0.8736,0.322,0.4829111379171692,0.24000000000000002,28.0,0.060469826409000574,0.8737040527803959
Unknown_572138,HOU,572138,2024,117,401,351,82,13,1,13,47,109,0,3,0.234,0.49397590361445787,0.3937153419593347,0.709,0.3825857519788918,0.4865671641791045,0.5153774464119292,0.5539585296889726,0.611,0.322,0.4829111379171692,0.22666666666666668,33.0,0.03488151434427969,0.44604147031102737
Unknown_516782,NYM,516782,2024,89,358,325,87,12,3,6,25,80,3,2,0.268,0.5,0.3770794824399261,0.702,0.26912928759894456,0.6029850746268658,0.2945013979496738,0.4401508011310085,0.6899,0.321,0.4800965018094089,0.22000000000000003,36.0,0.05197036752187975,0.5598491988689915
Unknown_641857,COL,641857,2024,149,628,555,131,27,0,20,67,183,3,3,0.236,0.48795180722891573,0.40480591497227375,0.713,0.39050131926121373,0.5343283582089553,0.4664492078285182,0.6001413760603204,0.5939,0.321,0.4800965018094089,0.28,30.0,0.042854224934070755,0.3998586239396795
Unknown_668939,BAL,668939,2024,145,625,560,140,21,1,19,56,103,2,7,0.25,0.4789156626506025,0.40480591497227375,0.71,0.3535620052770448,0.4119402985074627,0.38676607642124883,0.3018378887841659,0.7424,0.321,0.4800965018094089,0.2733333333333333,26.0,0.025594215967987992,0.698162111215834
Unknown_592192,DET,592192,2024,121,449,382,91,19,0,6,49,93,13,5,0.238,0.5512048192771085,0.2975970425138634,0.676,0.23218997361477572,0.4805970149253731,0.4776328052190121,0.40150801131008484,0.6548,0.321,0.4800965018094089,0.24000000000000002,35.0,0.02673566435557089,0.5984919886899149
Unknown_656537,MIA,656537,2024,49,172,162,39,4,2,7,5,56,2,1,0.241,0.34036144578313254,0.4547134935304991,0.69,0.4485488126649076,0.555223880597015,0.10484622553588072,0.6807257304429783,0.6221,0.321,0.4800965018094089,0.18000000000000002,29.0,0.2065628439049282,0.3192742695570219
Unknown_642086,BOS,642086,2024,92,307,275,64,22,0,6,28,76,4,0,0.233,0.4668674698795181,0.3770794824399261,0.691,0.3588390501319261,0.4985074626865672,0.39422180801491147,0.4969368520263902,0.6482,0.32,0.4772818657016485,0.20666666666666667,29.0,0.042542421573618705,0.5030631479736096
Unknown_609280,ATH,609280,2024,75,319,302,86,14,1,4,13,42,3,1,0.285,0.48795180722891573,0.37523105360443637,0.697,0.22163588390501318,0.5522388059701493,0.1593662628145387,0.22384542884071634,0.8182,0.32,0.4772818657016485,0.20666666666666667,29.0,0.05247236150532772,0.7761545711592837
Unknown_682626,NYM,682626,2024,88,331,298,68,13,2,10,29,83,2,2,0.228,0.42469879518072284,0.39186691312384486,0.685,0.39313984168865435,0.4358208955223881,0.37744641192917056,0.5044769085768144,0.6556,0.319,0.4748693204664254,0.20666666666666667,23.0,0.04540900120677144,0.4955230914231856
Unknown_666971,AZ,666971,2024,129,534,496,135,20,2,15,27,98,6,5,0.272,0.47289156626506024,0.4380776340110906,0.726,0.34300791556728233,0.5223880597014926,0.20503261882572227,0.3459000942507069,0.7547,0.319,0.4748693204664254,0.25333333333333335,31.0,0.06018632964640866,0.6540999057492931
Unknown_572761,STL,572761,2024,55,151,132,31,7,0,4,15,49,2,2,0.235,0.4819277108433735,0.378927911275416,0.697,0.35620052770448546,0.5940298507462688,0.4319664492078285,0.6781338360037701,0.5629,0.319,0.4748693204664254,0.17333333333333334,39.0,0.053245303774571054,0.32186616399623014
Unknown_669720,BAL,669720,2024,75,242,224,58,18,0,5,7,55,8,2,0.259,0.4367469879518072,0.42883548983364156,0.709,0.36411609498680736,0.5522388059701493,0.10391425908667287,0.44910461828463716,0.7066,0.319,0.4748693204664254,0.18666666666666668,29.0,0.14222604078541737,0.5508953817153628
Unknown_621028,AZ,621028,2024,94,311,288,80,17,1,3,15,48,0,2,0.278,0.46084337349397586,0.37153419593345666,0.686,0.23218997361477572,0.5611940298507463,0.19384902143522834,0.2770970782280867,0.7781,0.319,0.4748693204664254,0.20666666666666667,31.0,0.051955639571955654,0.7229029217719132
Unknown_643446,NYM,643446,2024,121,461,413,100,26,0,12,35,68,9,3,0.242,0.4668674698795181,0.4029574861367839,0.705,0.37203166226912926,0.38208955223880603,0.32292637465051255,0.26107445805843543,0.7549,0.319,0.4748693204664254,0.23333333333333334,32.0,0.0276083665254917,0.7389255419415648
Unknown_670770,CIN,670770,2024,85,341,297,67,5,1,13,26,52,12,4,0.226,0.45783132530120485,0.38077634011090583,0.69,0.38522427440633245,0.28358208955223885,0.32432432432432434,0.27285579641847313,0.7302,0.318,0.472054684358665,0.20666666666666667,29.0,0.028730325130284666,0.727144203581527
Unknown_543760,TEX,543760,2024,156,703,637,150,26,2,23,62,103,3,1,0.235,0.4457831325301205,0.40110905730129404,0.697,0.38522427440633245,0.34029850746268664,0.38024231127679403,0.2587181903864279,0.761,0.318,0.472054684358665,0.28,34.0,0.022143359758891937,0.7412818096135723
Unknown_596142,MIL,596142,2024,86,277,242,54,7,1,11,27,75,5,3,0.223,0.45783132530120485,0.41219963031423307,0.707,0.43535620052770446,0.4059701492537314,0.4235787511649581,0.551602262016965,0.6137,0.318,0.472054684358665,0.19333333333333336,32.0,0.043752598551180195,0.44839773798303506
Unknown_665161,HOU,665161,2024,153,634,587,154,27,2,15,25,109,13,6,0.262,0.43975903614457834,0.4029574861367839,0.696,0.31662269129287596,0.4835820895522388,0.15284249767008387,0.31856738925541944,0.7634,0.318,0.472054684358665,0.26666666666666666,27.0,0.07444093202037087,0.6814326107445807
Unknown_643396,TOR,643396,2024,125,486,456,122,18,4,8,15,77,10,2,0.268,0.43975903614457834,0.37523105360443637,0.682,0.26649076517150394,0.5134328358208955,0.11323392357875117,0.2867577756833177,0.784,0.318,0.472054684358665,0.24000000000000002,29.0,0.08921440706650897,0.7132422243166823
Unknown_656582,PIT,656582,2024,116,394,345,77,19,1,9,41,88,6,2,0.223,0.47289156626506024,0.34750462107208885,0.677,0.34300791556728233,0.4119402985074627,0.45433364398881637,0.4399151743638077,0.6574,0.318,0.472054684358665,0.22000000000000003,32.0,0.03153109009402756,0.5600848256361921
Unknown_666023,KC,666023,2024,99,364,335,92,14,0,6,23,66,2,3,0.275,0.49397590361445787,0.3622920517560075,0.692,0.2295514511873351,0.564179104477612,0.2637465051258155,0.3407163053722903,0.7473,0.317,0.46924004825090465,0.21333333333333335,29.0,0.04551849899916214,0.6592836946277096
Unknown_641584,CIN,641584,2024,110,374,342,92,18,2,5,26,70,3,3,0.269,0.5,0.37523105360443637,0.701,0.26121372031662266,0.5611940298507463,0.2931034482758621,0.3546182846371348,0.7353,0.317,0.46924004825090465,0.21333333333333335,29.0,0.04212846316218784,0.6453817153628651
Unknown_681624,LAD,681624,2024,115,443,404,100,23,1,13,29,108,6,4,0.248,0.44277108433734935,0.42883548983364156,0.711,0.39313984168865435,0.5044776119402985,0.2744641192917055,0.48798303487276157,0.6749,0.317,0.46924004825090465,0.22666666666666668,24.0,0.06203778540265209,0.5120169651272384
Unknown_686823,CLE,686823,2024,110,341,320,85,13,2,8,18,47,2,1,0.266,0.4518072289156626,0.4066543438077635,0.702,0.31398416886543534,0.4626865671641791,0.21528424976700838,0.2382186616399623,0.8035,0.317,0.46924004825090465,0.20666666666666667,26.0,0.040508857401259896,0.7617813383600376
Unknown_656555,MIL,656555,2024,128,504,440,93,14,0,25,51,147,7,6,0.211,0.42771084337349397,0.4436229205175602,0.713,0.5092348284960422,0.34029850746268664,0.4408201304753029,0.6008482563619227,0.5893,0.317,0.46924004825090465,0.24000000000000002,31.0,0.04578444731956886,0.39915174363807715
Unknown_553869,COL,553869,2024,89,340,314,83,20,0,5,20,68,4,2,0.264,0.47289156626506024,0.3733826247689465,0.691,0.26912928759894456,0.5582089552238807,0.2432432432432432,0.38477851083883136,0.7294,0.316,0.4668275030156815,0.20666666666666667,34.0,0.05582898316723814,0.6152214891611687
Unknown_672761,DET,672761,2024,110,425,389,94,16,6,9,32,92,1,1,0.242,0.42771084337349397,0.3863216266173753,0.683,0.34828496042216356,0.4776119402985074,0.32013047530288913,0.42365692742695577,0.7012,0.316,0.4668275030156815,0.22000000000000003,25.0,0.045644215343839216,0.5763430725730443
Unknown_690993,DET,690993,2024,145,543,505,133,15,4,13,34,108,2,2,0.263,0.46084337349397586,0.39186691312384486,0.697,0.30079155672823216,0.5283582089552239,0.260950605778192,0.382186616399623,0.7348,0.316,0.4668275030156815,0.24000000000000002,23.0,0.051492490689421015,0.617813383600377
Unknown_668904,MIN,668904,2024,81,323,290,66,16,0,15,28,74,0,5,0.228,0.4006024096385542,0.4879852125693162,0.729,0.5303430079155672,0.34029850746268664,0.3732525629077353,0.45334590009425074,0.6842,0.316,0.4668275030156815,0.2,25.0,0.041139783961054985,0.5466540999057494
Unknown_663757,NYY,663757,2024,66,205,177,34,8,0,9,21,55,4,2,0.192,0.39457831325301196,0.3992606284658042,0.679,0.4986807387862797,0.24776119402985075,0.4464119291705499,0.5457115928369463,0.6,0.316,0.4668275030156815,0.18000000000000002,28.0,0.04070761345836914,0.45428840716305374
Unknown_664238,SEA,664238,2024,127,435,362,73,23,4,9,53,121,14,5,0.202,0.496987951807229,0.34750462107208885,0.684,0.39841688654353563,0.4059701492537314,0.5368126747437092,0.5690386427898209,0.5655,0.316,0.4668275030156815,0.22000000000000003,32.0,0.034203289675971874,0.43096135721017914
Unknown_681393,MIA,681393,2024,45,194,178,42,9,0,9,15,64,0,1,0.236,0.40963855421686746,0.4879852125693162,0.732,0.5092348284960422,0.5283582089552239,0.32945013979496734,0.6908576814326108,0.5928,0.316,0.4668275030156815,0.18000000000000002,24.0,0.0725991321182193,0.30914231856738916
Unknown_681351,LAA,681351,2024,133,512,472,114,17,1,20,31,154,7,1,0.242,0.4186746987951807,0.434380776340111,0.706,0.41688654353562005,0.5373134328358209,0.2511649580615098,0.6222902921771913,0.623,0.316,0.4668275030156815,0.24000000000000002,24.0,0.0862276035792283,0.3777097078228089
Unknown_592669,KC,592669,2024,114,417,378,88,18,0,15,36,80,2,1,0.233,0.4337349397590361,0.41589648798521267,0.702,0.41688654353562005,0.36716417910447763,0.37138863000931965,0.3654571159283695,0.717,0.315,0.46401286690792115,0.22000000000000003,32.0,0.033011134409008304,0.6345428840716305
Unknown_680700,TB,680700,2024,86,308,260,59,8,1,5,42,66,5,1,0.227,0.5602409638554217,0.2754158964879853,0.667,0.2295514511873351,0.4477611940298507,0.6048462255358806,0.4184731385485391,0.6299,0.315,0.46401286690792115,0.2,27.0,0.020403620726520147,0.581526861451461
Unknown_621020,CHC,621020,2024,145,581,525,127,26,2,15,52,141,2,2,0.242,0.463855421686747,0.390018484288355,0.696,0.3535620052770448,0.5014925373134328,0.3863000931966449,0.4853911404335533,0.6644,0.315,0.46401286690792115,0.2466666666666667,30.0,0.04248086256616016,0.5146088595664466
Unknown_672386,TOR,672386,2024,98,373,329,84,19,1,5,34,49,2,8,0.255,0.49397590361445787,0.3530499075785583,0.686,0.2638522427440633,0.4328358208955225,0.39422180801491147,0.22313854853911402,0.7721,0.315,0.46401286690792115,0.20666666666666667,26.0,0.017881114883779657,0.776861451460886
Unknown_666152,BOS,666152,2024,93,317,294,73,17,1,8,22,80,1,0,0.248,0.4367469879518072,0.40850277264325335,0.697,0.3614775725593667,0.5432835820895523,0.29263746505125815,0.5082469368520264,0.6751,0.315,0.46401286690792115,0.2,27.0,0.060387731447550955,0.49175306314797385
Unknown_669242,LAD,669242,2024,37,153,139,33,5,1,6,11,30,1,2,0.237,0.40963855421686746,0.44916820702402965,0.711,0.45118733509234826,0.36716417910447763,0.304287045666356,0.3755890669180019,0.7255,0.314,0.46119823080016076,0.16666666666666669,29.0,0.042784111694934165,0.6244109330819982
Unknown_668832,ATH,668832,2024,51,153,138,33,4,0,5,14,57,1,0,0.239,0.4698795180722892,0.37523105360443637,0.691,0.3403693931398417,0.6985074626865672,0.3956197576887232,0.7912346842601319,0.5294,0.314,0.46119823080016076,0.16666666666666669,27.0,0.06879094195831748,0.20876531573986812
Unknown_518792,LAD,518792,2024,80,243,215,45,12,2,10,22,52,4,2,0.209,0.4036144578313252,0.4602587800369687,0.715,0.5408970976253298,0.27462686567164185,0.39095992544268404,0.41776625824693686,0.6749,0.314,0.46119823080016076,0.18666666666666668,35.0,0.035762737314214116,0.5822337417530632
Unknown_673962,TEX,673962,2024,43,173,165,43,4,0,6,6,44,1,1,0.261,0.39457831325301196,0.4066543438077635,0.683,0.32717678100263853,0.5522388059701493,0.1309412861136999,0.5127238454288408,0.7052,0.314,0.46119823080016076,0.17333333333333334,26.0,0.1318413865516685,0.48727615457115947
Unknown_668885,MIN,668885,2024,78,254,230,59,18,1,1,20,47,2,0,0.257,0.49096385542168675,0.33826247689463956,0.678,0.24010554089709762,0.5522388059701493,0.3359739049394222,0.3494344957587182,0.7205,0.313,0.45878568556493765,0.18666666666666668,25.0,0.03549288215137624,0.6505655042412817
Unknown_677870,TOR,677870,2024,61,210,179,41,11,0,4,12,59,16,3,0.229,0.5150602409638555,0.3401109057301294,0.686,0.31398416886543534,0.5283582089552239,0.23532152842497667,0.575636192271442,0.5857,0.313,0.45878568556493765,0.17333333333333334,23.0,0.08524608656229492,0.42436380772855786
Unknown_642708,TB,642708,2024,96,337,324,90,16,3,3,8,73,4,1,0.278,0.4367469879518072,0.36783733826247694,0.676,0.2295514511873351,0.6417910447761194,0.07968313140726932,0.42389255419415645,0.7478,0.313,0.45878568556493765,0.2,29.0,0.16688862099472704,0.5761074458058435
Unknown_686527,SEA,686527,2024,58,180,160,33,7,0,8,18,49,0,2,0.206,0.37650602409638545,0.4177449168207025,0.683,0.48812664907651715,0.31044776119402984,0.43522833178005593,0.5549010367577757,0.6278,0.313,0.45878568556493765,0.17333333333333334,27.0,0.04267960805076425,0.4450989632422244
Unknown_683734,CWS,683734,2024,146,608,560,138,30,1,19,38,130,5,5,0.246,0.42168674698795183,0.4269870609981517,0.703,0.39577836411609496,0.453731343283582,0.26048462255358806,0.4172950047125354,0.7155,0.312,0.45597104945717726,0.24000000000000002,26.0,0.05620524389994831,0.5827049952874648
Unknown_641432,LAA,641432,2024,68,254,229,56,16,0,5,23,31,1,1,0.245,0.47289156626506024,0.38077634011090583,0.695,0.3324538258575198,0.38507462686567173,0.391425908667288,0.20098963242224316,0.7835,0.312,0.45597104945717726,0.18000000000000002,30.0,0.01605761011924961,0.7990103675777569
Unknown_502054,CWS,502054,2024,116,478,440,109,20,3,9,35,106,2,1,0.248,0.44277108433734935,0.35859519408502777,0.674,0.29287598944591026,0.5164179104477612,0.3103448275862069,0.4361451460885957,0.7008,0.311,0.4531564133494169,0.22000000000000003,36.0,0.048642165216380734,0.5638548539114043
Unknown_543807,TOR,543807,2024,141,596,530,117,19,3,17,58,112,6,2,0.221,0.43975903614457834,0.35120147874306845,0.668,0.3535620052770448,0.34029850746268664,0.42264678471575023,0.3562676720075401,0.703,0.311,0.4531564133494169,0.23333333333333334,35.0,0.02737211874776555,0.64373232799246
Unknown_686217,MIL,686217,2024,141,514,469,122,22,4,2,38,75,4,1,0.26,0.48795180722891573,0.301293900184843,0.657,0.17941952506596304,0.5104477611940299,0.3136067101584343,0.2573044297832234,0.7626,0.311,0.4531564133494169,0.22000000000000003,24.0,0.02820728570587948,0.7426955702167766
Unknown_662139,TOR,662139,2024,127,496,445,96,21,7,18,45,133,4,1,0.216,0.40662650602409633,0.4473197781885398,0.709,0.503957783641161,0.3880597014925373,0.3918918918918919,0.5452403393025448,0.631,0.311,0.4531564133494169,0.22000000000000003,28.0,0.047206835925516,0.4547596606974553
Unknown_666139,TB,666139,2024,106,387,353,85,19,2,10,32,123,0,2,0.241,0.4337349397590361,0.40110905730129404,0.693,0.37203166226912926,0.6089552238805972,0.35461323392357874,0.6623468426013196,0.5995,0.31,0.4503417772416565,0.2,26.0,0.0643733753976962,0.3376531573986803
Unknown_656413,CIN,656413,2024,84,229,205,43,8,0,8,17,59,4,1,0.21,0.37349397590361444,0.35489833641404817,0.648,0.38786279683377306,0.3522388059701492,0.315004659832246,0.5204995287464655,0.6419,0.31,0.4503417772416565,0.17333333333333334,28.0,0.057190403236891396,0.47950047125353423
Unknown_600869,CIN,600869,2024,109,451,416,94,22,2,19,26,108,6,3,0.226,0.3644578313253013,0.4639556377079483,0.705,0.503957783641161,0.36716417910447763,0.23765144454799625,0.4778510838831291,0.6896,0.31,0.4503417772416565,0.21333333333333335,31.0,0.07047386280659547,0.5221489161168709
Unknown_657557,CWS,657557,2024,134,476,439,100,17,0,23,23,152,9,5,0.228,0.35843373493975916,0.46210720887245854,0.701,0.4934036939313984,0.453731343283582,0.19431500465983226,0.6658812441093307,0.6134,0.309,0.4479292320064334,0.21333333333333335,31.0,0.11794868852409374,0.3341187558906695
Unknown_700932,CLE,700932,2024,52,156,145,34,12,0,5,9,41,1,1,0.234,0.37349397590361444,0.45656192236598897,0.703,0.46701846965699206,0.4656716417910447,0.2381174277726002,0.5327521206409047,0.6731,0.309,0.4479292320064334,0.16666666666666669,24.0,0.07815038910931157,0.4672478793590955
Unknown_593160,PHI,593160,2024,87,327,286,64,9,3,4,34,52,3,0,0.224,0.4668674698795181,0.26617375231053614,0.631,0.22427440633245382,0.3791044776119403,0.4538676607642125,0.28817153628652215,0.7156,0.309,0.4479292320064334,0.18666666666666668,35.0,0.019585497525391737,0.7118284637134777
Unknown_666134,COL,666134,2024,72,280,240,56,12,0,3,35,85,1,3,0.233,0.5180722891566266,0.2717190388170056,0.651,0.20844327176781,0.6208955223880598,0.5517241379310345,0.6288878416588124,0.5643,0.308,0.445114595898673,0.18000000000000002,26.0,0.037004570227380205,0.3711121583411876
Unknown_593428,SD,593428,2024,105,437,404,105,15,1,11,26,74,1,6,0.26,0.4337349397590361,0.38817005545286515,0.686,0.3034300791556728,0.4626865671641791,0.24650512581547063,0.31244109330819986,0.7689,0.308,0.445114595898673,0.2,32.0,0.04506765605547967,0.6875589066918002
Unknown_666176,LAA,666176,2024,124,446,401,83,15,1,20,35,124,7,3,0.207,0.3674698795180724,0.41589648798521267,0.679,0.4828496042216359,0.32238805970149254,0.33504193849021435,0.5685673892554195,0.6256,0.308,0.445114595898673,0.20666666666666667,25.0,0.05853954400515862,0.4314326107445805
Unknown_677942,AZ,677942,2024,52,178,159,39,7,0,3,15,46,3,0,0.245,0.49397590361445787,0.31792975970425147,0.668,0.24274406332453824,0.5761194029850747,0.3620689655172414,0.5223845428840717,0.6348,0.308,0.445114595898673,0.16666666666666669,25.0,0.04932325751917139,0.47761545711592857
Unknown_696285,WSH,696285,2024,145,521,468,120,24,1,3,30,102,12,2,0.256,0.47590361445783136,0.29020332717190395,0.648,0.17414248021108178,0.5582089552238807,0.23765144454799625,0.37488218661639966,0.7063,0.307,0.4422999597909127,0.21333333333333335,25.0,0.05578920779757844,0.6251178133836004
Unknown_643217,CWS,643217,2024,132,509,465,107,20,0,20,40,93,1,3,0.23,0.4006024096385542,0.42144177449168224,0.693,0.4300791556728232,0.33134328358208953,0.33550792171481825,0.3440150801131009,0.7367,0.307,0.4422999597909127,0.21333333333333335,30.0,0.03498438607484474,0.6559849198868992
Unknown_608348,DET,608348,2024,83,307,275,64,9,1,9,25,55,6,1,0.233,0.45481927710843373,0.36414048059149734,0.68,0.3403693931398417,0.37313432835820903,0.34855545200372784,0.33576814326107446,0.7199,0.307,0.4422999597909127,0.18000000000000002,30.0,0.032604561684184824,0.6642318567389254
Unknown_642133,PIT,642133,2024,123,413,375,91,18,0,12,31,84,2,5,0.243,0.42771084337349397,0.3937153419593347,0.687,0.35620052770448546,0.4298507462686568,0.3191985088536813,0.39278982092365694,0.7167,0.307,0.4422999597909127,0.2,29.0,0.04241615651533703,0.6072101790763431
Unknown_645277,ATL,645277,2024,96,421,386,95,29,1,8,26,65,5,4,0.246,0.42469879518072284,0.3974121996303143,0.688,0.3509234828496042,0.4179104477611941,0.2572227399813607,0.2773327049952875,0.772,0.306,0.4398874145556895,0.19333333333333336,27.0,0.038351363487699505,0.7226672950047126
Unknown_678882,BOS,678882,2024,148,559,532,130,22,4,15,15,146,7,3,0.244,0.3463855421686748,0.390018484288355,0.658,0.34828496042216356,0.5164179104477612,0.09412861136999068,0.5289820923656927,0.6959,0.306,0.4398874145556895,0.21333333333333335,24.0,0.1786379651738089,0.4710179076343073
Unknown_664034,SEA,664034,2024,135,520,464,108,24,0,13,38,110,13,5,0.233,0.4457831325301205,0.3604436229205176,0.674,0.33509234828496043,0.42089552238805983,0.30987884436160296,0.411875589066918,0.6904,0.306,0.4398874145556895,0.20666666666666667,30.0,0.04599514735277491,0.5881244109330819
Unknown_621466,NYM,621466,2024,71,189,154,28,4,0,5,30,44,4,1,0.182,0.5120481927710844,0.24214417744916822,0.633,0.30079155672823216,0.24776119402985075,0.7087604846225536,0.4620640904806786,0.5873,0.306,0.4398874145556895,0.16666666666666669,31.0,0.018386859870963793,0.5379359095193215
Unknown_668930,MIL,668930,2024,150,608,548,137,23,4,7,50,102,2,3,0.25,0.4668674698795181,0.3160813308687616,0.658,0.22691292875989444,0.4776119402985074,0.35228331780055916,0.30890669180018854,0.7385,0.305,0.4370727784479292,0.22000000000000003,25.0,0.0295055173825682,0.6910933081998116
Unknown_643376,TOR,643376,2024,85,324,278,57,13,0,9,40,61,3,3,0.205,0.45481927710843373,0.32347504621072093,0.658,0.35620052770448546,0.27761194029850755,0.5447343895619757,0.35721017907634306,0.679,0.305,0.4370727784479292,0.18000000000000002,29.0,0.019505176044580123,0.6427898209236569
Unknown_666969,TEX,666969,2024,151,622,567,127,27,0,23,44,172,6,5,0.224,0.3825301204819277,0.40480591497227375,0.678,0.42216358839050133,0.4238805970149254,0.29869524697110905,0.5650329877474082,0.6431,0.305,0.4370727784479292,0.22000000000000003,31.0,0.06569121070621213,0.43496701225259193
Unknown_595909,COL,595909,2024,108,342,319,80,16,5,7,18,97,1,3,0.251,0.3975903614457831,0.4140480591497229,0.688,0.36411609498680736,0.6000000000000002,0.21435228331780057,0.5817624882186616,0.6579,0.304,0.4342581423401688,0.18000000000000002,32.0,0.09435177548507327,0.41823751178133817
Unknown_593871,SEA,593871,2024,114,453,403,88,11,0,16,45,130,3,2,0.218,0.42771084337349397,0.3530499075785583,0.665,0.3614775725593667,0.4298507462686568,0.4319664492078285,0.5897737983034872,0.6071,0.304,0.4342581423401688,0.19333333333333336,31.0,0.04593581819485473,0.410226201696513
Unknown_691718,CHC,691718,2024,115,410,372,88,13,6,10,21,98,6,3,0.237,0.3855421686746987,0.38817005545286515,0.67,0.366754617414248,0.4716417910447761,0.20782851817334577,0.47667295004712534,0.6756,0.303,0.4318455971049457,0.18666666666666668,22.0,0.08034484085899538,0.5233270499528746
Unknown_681082,PHI,681082,2024,144,561,497,120,18,2,11,52,92,3,9,0.241,0.463855421686747,0.3290203327171904,0.664,0.26912928759894456,0.4059701492537314,0.4012115563839702,0.2999528746465599,0.738,0.303,0.4318455971049457,0.20666666666666667,27.0,0.024236660097192442,0.7000471253534399
Unknown_571771,LAD,571771,2024,117,384,355,82,16,0,12,26,75,0,2,0.231,0.37349397590361444,0.37523105360443637,0.659,0.3614775725593667,0.37313432835820903,0.28471575023299156,0.37370405278039587,0.7344,0.302,0.4290309609971853,0.18000000000000002,33.0,0.045830411885815485,0.6262959472196041
Unknown_679529,DET,679529,2024,89,367,330,72,21,1,10,32,102,4,1,0.218,0.40963855421686746,0.378927911275416,0.673,0.40105540897097625,0.444776119402985,0.37558247903075487,0.5683317624882186,0.6213,0.302,0.4290309609971853,0.18000000000000002,25.0,0.05167850324631706,0.4316682375117813
Unknown_657757,CWS,657757,2024,137,499,449,105,24,1,10,43,105,4,3,0.234,0.44277108433734935,0.3419593345656193,0.663,0.30606860158311344,0.4417910447761193,0.37092264678471576,0.40928369462770975,0.6954,0.302,0.4290309609971853,0.19333333333333336,28.0,0.03723751904875011,0.5907163053722901
Unknown_669221,ATL,669221,2024,70,261,230,45,5,1,10,27,66,3,1,0.196,0.3885542168674698,0.33826247689463956,0.644,0.40105540897097625,0.27462686567164185,0.451071761416589,0.5094250706880301,0.6322,0.301,0.42621632488942496,0.16666666666666669,30.0,0.03733441520640934,0.4905749293119699
Unknown_663368,MIL,663368,2024,117,430,379,91,13,2,6,42,107,3,6,0.24,0.47590361445783136,0.2920517560073938,0.649,0.21899736147757254,0.5313432835820896,0.42451071761416587,0.49976437323279926,0.6465,0.301,0.42621632488942496,0.18666666666666668,28.0,0.03928409155086729,0.5002356267672008
Unknown_682177,CLE,682177,2024,73,221,193,42,10,2,5,25,70,0,3,0.218,0.4367469879518072,0.35859519408502777,0.671,0.37203166226912926,0.5134328358208955,0.49627213420316874,0.6597549481621111,0.5701,0.301,0.42621632488942496,0.16,27.0,0.044192761166745254,0.340245051837889
Unknown_670032,CWS,670032,2024,118,438,391,95,12,3,1,37,66,4,0,0.243,0.47289156626506024,0.22735674676524958,0.611,0.11873350923482848,0.4656716417910447,0.3630009319664492,0.2686145146088596,0.742,0.301,0.42621632488942496,0.18666666666666668,29.0,0.024513137489854432,0.7313854853911403
Unknown_543685,LAA,543685,2024,53,227,195,45,10,0,0,23,32,5,4,0.231,0.49397590361445787,0.19963031423290206,0.604,0.11081794195250658,0.4029850746268657,0.4412861136999068,0.24575871819038642,0.7357,0.301,0.42621632488942496,0.16666666666666669,34.0,0.016934935072678098,0.7542412818096136
Unknown_664728,KC,664728,2024,129,417,375,85,12,8,7,27,87,5,2,0.227,0.3855421686746987,0.33826247689463956,0.643,0.32189973614775724,0.4238805970149254,0.2707362534948741,0.40504241281809616,0.6954,0.3,0.4238037796542018,0.18000000000000002,27.0,0.052398231931006366,0.594957587181904
Unknown_643289,HOU,643289,2024,125,423,397,106,24,0,4,16,55,2,5,0.267,0.41265060240963847,0.3401109057301294,0.653,0.2163588390501319,0.4865671641791045,0.14538676607642123,0.2198397737983035,0.8203,0.3,0.4238037796542018,0.18000000000000002,30.0,0.05656048421845086,0.7801602262016962
Unknown_641343,MIL,641343,2024,110,339,295,59,8,2,12,39,114,5,0,0.2,0.43975903614457834,0.3493530499075786,0.667,0.40633245382585753,0.4298507462686568,0.5051258154706431,0.705937794533459,0.5339,0.299,0.42098914354644146,0.17333333333333334,29.0,0.04659615500343483,0.29406220546654094
Unknown_607680,LAA,607680,2024,92,310,281,65,16,1,8,15,68,10,3,0.231,0.4006024096385542,0.3826247689463957,0.672,0.36939313984168864,0.4179104477611941,0.19478098788443615,0.4304901036757776,0.6968,0.298,0.41817450743868106,0.16666666666666669,35.0,0.07773357055459017,0.5695098963242224
Unknown_656896,MIA,656896,2024,96,302,265,63,9,2,5,26,69,5,5,0.238,0.463855421686747,0.312384473197782,0.656,0.2559366754617414,0.4835820895522388,0.3704566635601118,0.4519321394910462,0.6656,0.298,0.41817450743868106,0.16666666666666669,28.0,0.041361319693374664,0.5480678605089537
Unknown_543257,TEX,543257,2024,87,245,208,44,8,0,3,34,58,1,2,0.212,0.49397590361445787,0.21996303142329027,0.616,0.19261213720316622,0.42089552238805983,0.6160298229263746,0.471253534401508,0.6204,0.298,0.41817450743868106,0.16,35.0,0.023001461085697117,0.5287464655984919
Unknown_650559,MIA,650559,2024,145,603,566,131,25,0,21,29,166,3,5,0.231,0.33734939759036153,0.3937153419593347,0.657,0.38522427440633245,0.453731343283582,0.1933830382106244,0.562205466540999,0.67,0.298,0.41817450743868106,0.19333333333333336,28.0,0.10077505393218714,0.437794533459001
Unknown_570482,DET,570482,2024,124,457,428,106,19,1,9,23,72,1,5,0.248,0.37951807228915657,0.34380776340110913,0.644,0.2717678100263852,0.4238805970149254,0.2036346691519105,0.2846371347785109,0.7899,0.297,0.41576196220345796,0.18000000000000002,33.0,0.05060013221368869,0.7153628652214892
Unknown_543510,BAL,543510,2024,62,229,210,48,9,0,8,13,55,2,4,0.229,0.3524096385542169,0.39186691312384486,0.661,0.39050131926121373,0.391044776119403,0.23392357875116498,0.4795004712535344,0.6943,0.297,0.41576196220345796,0.16,34.0,0.07184591988176034,0.5204995287464658
Unknown_664913,ATH,664913,2024,116,388,363,85,11,1,14,22,110,2,1,0.234,0.37048192771084343,0.39186691312384486,0.667,0.37730870712401055,0.4835820895522388,0.23345759552656103,0.5815268614514608,0.6546,0.297,0.41576196220345796,0.17333333333333334,32.0,0.08677147763353657,0.4184731385485392
Unknown_669289,CIN,669289,2024,114,388,354,87,12,0,9,24,54,2,4,0.246,0.40963855421686746,0.3364140480591498,0.65,0.26649076517150394,0.3880597014925373,0.2576887232059646,0.24151743638077283,0.7835,0.297,0.41576196220345796,0.17333333333333334,30.0,0.03352035188378495,0.758482563619227
Unknown_519203,NYY,519203,2024,88,357,322,73,11,0,8,25,60,8,2,0.227,0.4186746987951807,0.2975970425138634,0.632,0.2638522427440633,0.35820895522388063,0.2954333643988817,0.3096135721017908,0.7395,0.297,0.41576196220345796,0.16666666666666669,35.0,0.03647478205404149,0.690386427898209
Unknown_679032,PHI,679032,2024,107,353,330,82,12,3,3,12,67,3,0,0.248,0.37048192771084343,0.2883548983364142,0.611,0.19261213720316622,0.5074626865671642,0.1276794035414725,0.3607445805843544,0.745,0.297,0.41576196220345796,0.16666666666666669,24.0,0.09804322036114713,0.6392554194156457
Unknown_672284,ATL,672284,2024,125,441,405,90,17,2,15,31,133,1,3,0.222,0.35843373493975916,0.390018484288355,0.662,0.40633245382585753,0.4597014925373134,0.29683131407269336,0.6241753063147973,0.6236,0.296,0.41294732609569756,0.17333333333333334,25.0,0.07303263924131849,0.37582469368520277
Unknown_657077,NYY,657077,2024,144,604,544,127,28,1,13,48,91,1,9,0.233,0.4036144578313252,0.34380776340110913,0.653,0.3113456464379947,0.35820895522388063,0.3397017707362535,0.2686145146088596,0.7649,0.296,0.41294732609569756,0.18666666666666668,28.0,0.026684159435248267,0.7313854853911403
Unknown_686780,STL,686780,2024,65,218,202,48,3,2,7,13,58,0,2,0.238,0.37048192771084343,0.3733826247689465,0.657,0.34300791556728233,0.4805970149253731,0.24697110904007458,0.5405278039585296,0.6697,0.296,0.41294732609569756,0.16,26.0,0.07641172900431958,0.45947219604147027
Unknown_665804,CHC,665804,2024,106,358,324,74,13,2,8,22,61,4,3,0.228,0.37650602409638545,0.33456561922365996,0.638,0.3113456464379947,0.3641791044776119,0.2558247903075489,0.3150329877474081,0.743,0.296,0.41294732609569756,0.16666666666666669,25.0,0.04362283547989955,0.6849670122525919
Unknown_669004,KC,669004,2024,131,440,403,81,21,3,17,34,111,3,0,0.201,0.3313253012048193,0.40850277264325335,0.663,0.48812664907651715,0.29552238805970155,0.32945013979496734,0.5080113100848257,0.6614,0.295,0.4101326899879372,0.17333333333333334,26.0,0.05316849586400335,0.4919886899151744
Unknown_668942,SEA,668942,2024,135,468,416,91,19,2,8,46,107,3,2,0.219,0.42771084337349397,0.2920517560073938,0.632,0.27440633245382584,0.4179104477611941,0.42730661696178934,0.452167766258247,0.6603,0.295,0.4101326899879372,0.17333333333333334,30.0,0.03500580486052691,0.5478322337417529
Unknown_664056,NYM,664056,2024,131,430,395,94,19,0,12,21,93,8,6,0.238,0.3855421686746987,0.37523105360443637,0.663,0.34300791556728233,0.4268656716417911,0.1966449207828518,0.4231856738925542,0.7163,0.294,0.40772014475271406,0.16666666666666669,30.0,0.07578484149669312,0.5768143261074459
Unknown_673357,CWS,673357,2024,97,412,382,84,19,0,12,27,136,2,1,0.22,0.3493975903614459,0.35120147874306845,0.638,0.35620052770448546,0.5134328358208955,0.2744641192917055,0.6913289349670122,0.5971,0.294,0.40772014475271406,0.16666666666666669,27.0,0.08753978826436454,0.3086710650329878
Unknown_628451,DET,628451,2024,97,240,221,52,9,1,5,15,62,3,1,0.235,0.4036144578313252,0.33086876155268025,0.645,0.28759894459102897,0.5044776119402985,0.26048462255358806,0.5221489161168708,0.6667,0.294,0.40772014475271406,0.15333333333333335,31.0,0.06998637258429155,0.47785108388312914
Unknown_642136,LAA,642136,2024,57,186,157,32,9,0,2,28,58,0,1,0.204,0.496987951807229,0.2310536044362293,0.622,0.2295514511873351,0.5134328358208955,0.6705498602050326,0.6482092365692743,0.5376,0.294,0.40772014475271406,0.15333333333333335,29.0,0.030093891579651914,0.3517907634307256
Unknown_665750,TEX,665750,2024,145,517,471,108,16,3,12,40,109,0,4,0.229,0.3885542168674698,0.3290203327171904,0.64,0.30079155672823216,0.40895522388059713,0.3299161230195713,0.4102262016965127,0.7079,0.294,0.40772014475271406,0.17333333333333334,26.0,0.04270891640590544,0.5897737983034872
Unknown_571657,MIN,571657,2024,92,235,210,46,13,1,5,17,47,6,2,0.219,0.40963855421686746,0.34750462107208885,0.656,0.3535620052770448,0.3641791044776119,0.3061509785647717,0.38477851083883136,0.7021,0.294,0.40772014475271406,0.15333333333333335,34.0,0.043536123177978565,0.6152214891611687
Unknown_683011,NYY,683011,2024,156,675,628,151,26,7,11,38,153,4,3,0.24,0.3885542168674698,0.33826247689463956,0.643,0.28232189973614774,0.4955223880597015,0.2315936626281454,0.44769085768143263,0.7067,0.294,0.40772014475271406,0.18666666666666668,23.0,0.06793164857018193,0.5523091423185673
Unknown_641487,SEA,641487,2024,101,434,377,77,16,2,8,51,99,5,1,0.204,0.4457831325301205,0.2717190388170056,0.627,0.2849604221635884,0.36119402985074633,0.5167753960857409,0.45098963242224316,0.6429,0.294,0.40772014475271406,0.16666666666666669,29.0,0.02756830229104363,0.5490103675777569
Unknown_669357,STL,669357,2024,101,384,348,70,14,0,19,33,142,1,2,0.201,0.34036144578313254,0.4269870609981517,0.676,0.5145118733509234,0.4059701492537314,0.369524697110904,0.7848727615457116,0.5417,0.294,0.40772014475271406,0.16666666666666669,24.0,0.07331950541513375,0.21512723845428838
Unknown_666135,MIN,666135,2024,54,167,149,29,7,3,5,15,46,1,2,0.195,0.3343373493975904,0.3863216266173753,0.652,0.47229551451187335,0.31641791044776124,0.38769804287045667,0.5624410933081997,0.6287,0.294,0.40772014475271406,0.15333333333333335,27.0,0.04935368372819784,0.4375589066918002
Unknown_676609,TB,676609,2024,127,468,428,95,23,1,9,27,131,8,2,0.222,0.3674698795180724,0.312384473197782,0.623,0.2955145118733509,0.4865671641791045,0.2381174277726002,0.5730442978322337,0.6389,0.293,0.4049055086449537,0.16666666666666669,28.0,0.08388659976161693,0.4269557021677661
Unknown_624431,NYY,624431,2024,69,226,202,44,5,0,8,19,39,2,2,0.218,0.39457831325301196,0.345656192236599,0.65,0.35620052770448546,0.28358208955223885,0.36113699906803354,0.3202167766258247,0.7301,0.293,0.4049055086449537,0.15333333333333335,32.0,0.029717579103684992,0.6797832233741754
Unknown_680474,ATH,680474,2024,129,459,396,87,14,0,7,47,119,7,4,0.22,0.46084337349397586,0.2476894639556378,0.619,0.20844327176781,0.4716417910447761,0.4464119291705499,0.5245051837888783,0.6122,0.293,0.4049055086449537,0.16666666666666669,27.0,0.039006444900402344,0.47549481621112166
Unknown_677588,WSH,677588,2024,44,168,161,43,5,0,3,7,41,0,0,0.267,0.42168674698795183,0.3327171903881701,0.652,0.20580474934036938,0.6208955223880598,0.1635601118359739,0.48845428840716304,0.7143,0.293,0.4049055086449537,0.15333333333333335,23.0,0.10324919663678966,0.511545711592837
Unknown_608336,WSH,608336,2024,71,246,211,36,9,0,10,30,96,4,1,0.171,0.3825301204819277,0.33456561922365996,0.64,0.46437994722955145,0.33134328358208953,0.537744641192917,0.8329406220546653,0.4715,0.293,0.4049055086449537,0.15333333333333335,31.0,0.05189981520930279,0.16705937794533465
Unknown_605131,LAD,605131,2024,50,153,138,36,3,0,1,13,35,0,0,0.261,0.5030120481927711,0.24029574861367847,0.629,0.08970976253298152,0.6238805970149256,0.3653308480894688,0.4526390197926485,0.6732,0.292,0.40209087253719333,0.14666666666666667,35.0,0.04209438827682568,0.5473609802073516
Unknown_676694,HOU,676694,2024,135,504,453,100,20,3,12,34,114,10,4,0.221,0.3885542168674698,0.3401109057301294,0.645,0.33773087071240104,0.39402985074626873,0.28378378378378377,0.4465127238454289,0.6806,0.292,0.40209087253719333,0.16666666666666669,28.0,0.05485637936954568,0.5534872761545713
Unknown_669234,DET,669234,2024,69,230,202,41,7,1,8,23,85,3,2,0.203,0.4006024096385542,0.35489833641404817,0.658,0.40633245382585753,0.4865671641791045,0.43522833178005593,0.78440150801131,0.5174,0.292,0.40209087253719333,0.15333333333333335,24.0,0.06153188240266076,0.2155984919886902
Unknown_647351,ATH,647351,2024,91,359,333,81,17,1,6,19,62,5,0,0.243,0.40963855421686746,0.3327171903881701,0.648,0.26912928759894456,0.444776119402985,0.2157502329916123,0.32045240339302544,0.7549,0.292,0.40209087253719333,0.16,28.0,0.053182885281454276,0.6795475966069746
Unknown_676356,TB,676356,2024,99,362,332,72,12,4,6,24,77,4,0,0.217,0.3614457831325302,0.29020332717190395,0.609,0.2770448548812665,0.391044776119403,0.2781919850885368,0.4147031102733271,0.7044,0.291,0.3996783273019702,0.16,26.0,0.052089192317811825,0.585296889726673
Unknown_666163,TB,666163,2024,103,321,284,64,13,0,3,33,88,4,0,0.225,0.47289156626506024,0.23844731977818862,0.617,0.17941952506596304,0.5432835820895523,0.4482758620689655,0.55937794533459,0.6106,0.291,0.3996783273019702,0.15333333333333335,27.0,0.04160232662342172,0.44062205466541005
Unknown_682657,CLE,682657,2024,42,169,151,35,7,0,3,15,33,0,2,0.232,0.42168674698795183,0.30314232902033283,0.635,0.2559366754617414,0.4179104477611941,0.3830382106244175,0.37370405278039587,0.7101,0.291,0.3996783273019702,0.14666666666666667,22.0,0.03256294969871012,0.6262959472196041
Unknown_623912,TB,623912,2024,69,229,221,61,7,1,2,5,47,2,1,0.276,0.4186746987951807,0.31423290203327175,0.641,0.15567282321899736,0.6179104477611942,0.07082945013979497,0.3970311027332705,0.7642,0.291,0.3996783273019702,0.15333333333333335,30.0,0.17218435900103862,0.6029688972667293
Unknown_665926,CLE,665926,2024,147,614,568,141,20,0,9,24,97,13,6,0.248,0.4006024096385542,0.29020332717190395,0.622,0.19525065963060687,0.4417910447761193,0.15144454799627213,0.2858152686145146,0.7769,0.29,0.39686369119420983,0.16666666666666669,26.0,0.06820800146817006,0.7141847313854852
Unknown_665828,NYY,665828,2024,89,309,283,67,10,0,6,20,57,1,3,0.237,0.3885542168674698,0.2994454713493531,0.622,0.237467018469657,0.4179104477611941,0.2707362534948741,0.3482563619227144,0.7411,0.29,0.39686369119420983,0.15333333333333335,25.0,0.04518852591333031,0.6517436380772856
Unknown_660644,MIA,660644,2024,90,273,244,55,14,2,2,24,53,4,0,0.225,0.44277108433734935,0.27726432532347517,0.629,0.23482849604221634,0.4358208955223881,0.3788443616029823,0.3708765315739868,0.6996,0.29,0.39686369119420983,0.15333333333333335,26.0,0.03273457124192342,0.6291234684260134
Unknown_650391,CWS,650391,2024,95,338,313,75,14,0,6,22,68,2,1,0.24,0.40662650602409633,0.31053604436229215,0.635,0.24538258575197885,0.4597014925373134,0.27260018639328987,0.38760603204524036,0.7278,0.29,0.39686369119420983,0.15333333333333335,28.0,0.04981462871778327,0.6123939679547596
Unknown_683146,NYM,683146,2024,47,163,145,33,3,0,3,16,38,1,0,0.228,0.45481927710843373,0.2513863216266174,0.619,0.19525065963060687,0.4597014925373134,0.42684063373718545,0.46277097078228085,0.6564,0.29,0.39686369119420983,0.14666666666666667,25.0,0.035938605489835906,0.5372290292177193
Unknown_665839,BOS,665839,2024,68,211,189,41,12,0,5,17,50,0,4,0.217,0.35542168674698804,0.34380776340110913,0.636,0.3535620052770448,0.3791044776119403,0.3448275862068966,0.4719604147031103,0.6777,0.289,0.3940490550864495,0.14666666666666667,26.0,0.04690775607888715,0.5280395852968898
Unknown_666310,CLE,666310,2024,116,381,348,71,10,2,13,27,119,2,2,0.204,0.319277108433735,0.3364140480591498,0.62,0.37730870712401055,0.39402985074626873,0.2996272134203169,0.649387370405278,0.6063,0.289,0.3940490550864495,0.15333333333333335,24.0,0.07525098607081798,0.35061262959472206
Unknown_672275,SF,672275,2024,117,436,392,90,16,1,8,37,99,0,7,0.23,0.4006024096385542,0.301293900184843,0.628,0.25857519788918204,0.4388059701492538,0.36486486486486486,0.4486333647502357,0.6881,0.289,0.3940490550864495,0.15333333333333335,25.0,0.041768188862057985,0.5513666352497644
Unknown_671289,CLE,671289,2024,109,368,318,66,13,1,7,26,51,18,3,0.208,0.4307228915662651,0.2717190388170056,0.622,0.27440633245382584,0.26865671641791045,0.29869524697110905,0.24010367577756836,0.7337,0.289,0.3940490550864495,0.15333333333333335,25.0,0.027938369027276505,0.7598963242224317
Unknown_622761,BAL,622761,2024,60,202,187,42,13,2,5,9,46,1,3,0.225,0.30722891566265065,0.4103512014787432,0.656,0.4274406332453826,0.39402985074626873,0.17707362534948742,0.4500471253534402,0.7129,0.289,0.3940490550864495,0.14666666666666667,29.0,0.0888111846678621,0.5499528746465598
Unknown_666624,CHC,666624,2024,149,597,521,100,11,2,20,61,158,10,5,0.192,0.3855421686746987,0.2994454713493531,0.622,0.35620052770448546,0.28656716417910455,0.445479962721342,0.5372290292177191,0.6164,0.288,0.39163650985122633,0.16,25.0,0.040125058476429186,0.46277097078228113
Unknown_672820,CWS,672820,2024,98,369,351,89,13,0,8,12,77,3,1,0.254,0.37650602409638545,0.3419593345656193,0.642,0.25329815303430075,0.5044776119402985,0.12068965517241378,0.4052780395852969,0.7453,0.288,0.39163650985122633,0.15333333333333335,24.0,0.11428609065067824,0.5947219604147032
Unknown_666160,LAA,666160,2024,121,416,390,86,17,2,14,21,114,4,1,0.221,0.3283132530120483,0.38447319778188555,0.649,0.40369393139841686,0.4179104477611941,0.20456663560111837,0.5591423185673893,0.6659,0.288,0.39163650985122633,0.15333333333333335,26.0,0.09501194561421797,0.44085768143261084
Unknown_621035,LAD,621035,2024,77,238,208,42,7,1,4,25,73,2,2,0.202,0.4006024096385542,0.23844731977818862,0.594,0.24274406332453824,0.453731343283582,0.4585274930102516,0.6361922714420357,0.5756,0.287,0.388821873743466,0.14666666666666667,34.0,0.0465304344046424,0.3638077285579644
Unknown_666397,MIN,666397,2024,88,290,256,51,8,0,8,32,100,2,0,0.199,0.40662650602409633,0.27726432532347517,0.617,0.30606860158311344,0.4686567164179104,0.48322460391425903,0.725966069745523,0.5379,0.287,0.388821873743466,0.14666666666666667,25.0,0.05049962330553242,0.274033930254477
Unknown_669707,PIT,669707,2024,115,426,377,80,9,1,9,39,114,5,5,0.212,0.4006024096385542,0.25693160813308696,0.604,0.24274406332453824,0.4179104477611941,0.3956197576887232,0.5440622054665409,0.6291,0.287,0.388821873743466,0.15333333333333335,26.0,0.0466008455779588,0.45593779453345884
Unknown_596103,SF,596103,2024,76,209,175,37,4,0,2,25,59,5,4,0.211,0.49096385542168675,0.1756007393715343,0.589,0.1266490765171504,0.4865671641791045,0.5265610438024231,0.5786993402450518,0.5742,0.286,0.3860072376357056,0.14666666666666667,32.0,0.03568003136076451,0.42130065975494824
Unknown_641598,SEA,641598,2024,112,426,363,62,16,0,15,53,133,7,3,0.171,0.3855421686746987,0.3049907578558227,0.625,0.4195250659630607,0.24477611940298505,0.548928238583411,0.6491517436380773,0.5469,0.286,0.3860072376357056,0.14666666666666667,33.0,0.038569392270879695,0.35084825636192263
Unknown_689172,SF,689172,2024,84,272,252,60,13,1,4,13,65,2,3,0.238,0.3614457831325302,0.3160813308687616,0.623,0.25857519788918204,0.4985074626865672,0.19198508853681268,0.47667295004712534,0.6985,0.285,0.3835946924004825,0.14666666666666667,25.0,0.08677147763353658,0.5233270499528746
Unknown_680869,ATH,680869,2024,133,530,482,103,19,2,17,37,181,3,5,0.214,0.34036144578313254,0.356746765249538,0.639,0.3825857519788918,0.4895522388059701,0.2945013979496738,0.7181903864278982,0.5774,0.285,0.3835946924004825,0.14666666666666667,25.0,0.08469173001730212,0.28180961357210177
Unknown_677587,CLE,677587,2024,128,429,372,76,15,0,8,42,86,8,5,0.204,0.41265060240963847,0.24953789279112765,0.604,0.25329815303430075,0.31641791044776124,0.4254426840633737,0.3859566446748351,0.6783,0.285,0.3835946924004825,0.14666666666666667,23.0,0.029634147209014937,0.614043355325165
Unknown_669261,PIT,669261,2024,79,262,233,43,8,0,9,26,75,1,1,0.185,0.3313253012048193,0.2975970425138634,0.603,0.37203166226912926,0.27761194029850755,0.43150046598322456,0.588124410933082,0.6069,0.285,0.3835946924004825,0.14666666666666667,26.0,0.04585562999418048,0.4118755890669181
Unknown_682641,SF,682641,2024,43,152,146,32,5,0,5,5,24,0,1,0.219,0.25602409638554213,0.3364140480591498,0.6,0.33773087071240104,0.28358208955223885,0.12255358807082944,0.2855796418473139,0.8092,0.284,0.3807800562927221,0.14,22.0,0.08288860779829083,0.714420358152686
Unknown_663527,ATH,663527,2024,86,278,245,50,10,0,7,25,64,5,3,0.204,0.39156626506024095,0.29020332717190395,0.618,0.3113456464379947,0.32537313432835824,0.38816402609506057,0.455937794533459,0.6619,0.284,0.3807800562927221,0.14,27.0,0.03955607099450457,0.5440622054665412
Unknown_545121,WSH,545121,2024,90,300,269,66,16,0,1,19,31,2,5,0.245,0.41265060240963847,0.2624768946395564,0.611,0.16358839050131924,0.4029850746268657,0.26421248835041933,0.15692742695570217,0.81,0.284,0.3807800562927221,0.14,33.0,0.021580381295828267,0.8430725730442978
Unknown_624415,TOR,624415,2024,65,209,178,34,5,0,4,21,67,8,0,0.191,0.43975903614457834,0.20887245841035124,0.591,0.2295514511873351,0.4358208955223881,0.4375582479030755,0.6689443920829405,0.5215,0.284,0.3807800562927221,0.14,29.0,0.05173895334931114,0.33105560791705946
Unknown_656716,DET,656716,2024,109,319,292,63,14,5,4,23,68,2,2,0.216,0.35542168674698804,0.3049907578558227,0.615,0.30079155672823216,0.39402985074626873,0.3052190121155638,0.41588124410933086,0.7085,0.283,0.37796542018496176,0.14,29.0,0.04722823527344528,0.5841187558906691
Unknown_622534,MIN,622534,2024,113,338,310,73,17,1,4,21,51,3,3,0.235,0.39156626506024095,0.2975970425138634,0.623,0.24010554089709762,0.39701492537313443,0.25862068965517243,0.26908576814326113,0.7751,0.283,0.37796542018496176,0.14,30.0,0.03702686179958851,0.7309142318567388
Unknown_669134,SD,669134,2024,82,276,254,54,11,0,7,20,40,1,1,0.213,0.34337349397590367,0.3049907578558227,0.61,0.30870712401055406,0.27462686567164185,0.3070829450139795,0.25494816211121585,0.779,0.283,0.37796542018496176,0.14,26.0,0.02867822692231828,0.745051837888784
Unknown_677649,TEX,677649,2024,85,278,261,63,10,0,3,14,60,2,1,0.241,0.37951807228915657,0.2587800369685768,0.598,0.1688654353562005,0.5014925373134328,0.20410065237651445,0.42200754005655045,0.7266,0.282,0.3755528749497386,0.14,25.0,0.07286930015523867,0.5779924599434496
Unknown_571745,SEA,571745,2024,117,408,366,75,11,0,11,39,120,2,1,0.205,0.37951807228915657,0.279112754158965,0.609,0.29287598944591026,0.40895522388059713,0.4147250698974837,0.6065032987747407,0.6054,0.282,0.3755528749497386,0.14,34.0,0.04953842610430191,0.39349670122525926
Unknown_669222,WSH,669222,2024,74,267,237,46,11,0,7,28,61,1,0,0.194,0.37349397590361444,0.28650646950092434,0.611,0.3324538258575198,0.28955223880597025,0.4580615097856477,0.4519321394910462,0.6554,0.282,0.3755528749497386,0.14,29.0,0.03215533584834793,0.5480678605089537
Unknown_691023,STL,691023,2024,47,167,154,32,10,1,5,9,47,2,2,0.208,0.2981927710843374,0.3863216266173753,0.641,0.4379947229551451,0.3761194029850746,0.22041006523765144,0.576578699340245,0.6527,0.281,0.37273823884197826,0.14,22.0,0.09104477377453021,0.42342130065975514
Unknown_694388,TOR,694388,2024,76,262,243,52,13,4,4,13,95,4,1,0.214,0.319277108433735,0.3253234750462108,0.614,0.33509234828496043,0.5880597014925374,0.2003727865796831,0.7679076343072573,0.5687,0.281,0.37273823884197826,0.14,25.0,0.1314920893595281,0.23209236569274272
Unknown_672356,CLE,672356,2024,46,152,144,32,9,1,3,6,52,1,1,0.222,0.2981927710843374,0.345656192236599,0.618,0.34300791556728233,0.5611940298507463,0.1533084808946878,0.7196041470311028,0.6118,0.281,0.37273823884197826,0.14,24.0,0.15762737323003895,0.28039585296889724
Unknown_680718,TOR,680718,2024,67,225,209,41,11,0,7,14,60,1,1,0.196,0.27409638554216864,0.32347504621072093,0.598,0.37994722955145116,0.31044776119402984,0.2590866728797763,0.5419415645617341,0.6622,0.28,0.36992360273421787,0.14,25.0,0.07298611687455854,0.45805843543826597
Unknown_676801,HOU,676801,2024,81,255,231,49,6,1,5,16,68,4,3,0.212,0.34337349397590367,0.2550831792975971,0.583,0.24010554089709762,0.4149253731343284,0.2614165890027959,0.5419415645617341,0.651,0.28,0.36992360273421787,0.13333333333333336,29.0,0.07232429687203487,0.45805843543826597
Unknown_608841,WSH,608841,2024,73,299,269,60,10,0,3,21,61,4,5,0.223,0.37951807228915657,0.22181146025878012,0.578,0.16358839050131924,0.40895522388059713,0.29636533084808947,0.39420358152686147,0.7124,0.28,0.36992360273421787,0.13333333333333336,32.0,0.0462406924651882,0.6057964184731386
Unknown_606115,ATL,606115,2024,154,589,539,114,21,0,17,40,125,2,7,0.212,0.32228915662650603,0.3160813308687616,0.61,0.32981530343007914,0.31641791044776124,0.28564771668219946,0.4135249764373233,0.7148,0.279,0.3675110574989947,0.12666666666666668,30.0,0.050483444969901724,0.5864750235626768
Unknown_672580,KC,672580,2024,153,614,563,131,27,5,5,42,99,0,5,0.233,0.37951807228915657,0.279112754158965,0.609,0.21899736147757254,0.4119402985074627,0.28797763280521904,0.2933553251649388,0.7638,0.279,0.3675110574989947,0.12666666666666668,24.0,0.035609524110611745,0.7066446748350612
Unknown_700250,NYY,700250,2024,47,178,152,26,6,0,7,20,48,1,5,0.171,0.319277108433735,0.32347504621072093,0.613,0.445910290237467,0.15522388059701497,0.49301025163094125,0.5490103675777568,0.6124,0.279,0.3675110574989947,0.13333333333333336,25.0,0.036436799187358086,0.4509896324222431
Unknown_658668,PIT,658668,2024,51,183,162,35,4,0,4,15,33,2,4,0.216,0.37951807228915657,0.2606284658040667,0.599,0.237467018469657,0.31641791044776124,0.35135135135135137,0.3383600377002827,0.7268,0.279,0.3675110574989947,0.13333333333333336,28.0,0.032552423461269485,0.6616399622997171
Unknown_543877,MIN,543877,2024,89,311,290,64,10,0,7,11,64,1,4,0.221,0.27108433734939763,0.2846580406654345,0.576,0.25857519788918204,0.3641791044776119,0.1342031686859273,0.39844486333647505,0.7395,0.278,0.36469642139123437,0.13333333333333336,34.0,0.1025183395847953,0.601555136663525
Unknown_642350,TB,642350,2024,121,432,390,72,16,1,18,30,164,6,4,0.185,0.2801204819277109,0.3604436229205176,0.62,0.46437994722955145,0.36119402985074633,0.29263746505125815,0.8079641847313854,0.5278,0.278,0.36469642139123437,0.12666666666666668,29.0,0.09586355084350626,0.1920358152686148
Unknown_666182,TOR,666182,2024,78,323,299,68,15,1,4,19,62,3,2,0.227,0.3644578313253013,0.27726432532347517,0.603,0.23218997361477572,0.4119402985074627,0.2432432432432432,0.365928369462771,0.7399,0.278,0.36469642139123437,0.13333333333333336,26.0,0.05319557938287231,0.6340716305372291
Unknown_605361,CIN,605361,2024,44,154,139,27,3,2,3,8,38,4,3,0.194,0.286144578313253,0.24953789279112765,0.563,0.2796833773087071,0.31044776119402984,0.21109040074557317,0.4950518378887842,0.6688,0.278,0.36469642139123437,0.13333333333333336,34.0,0.08203515631847631,0.5049481621112157
Unknown_676369,KC,676369,2024,62,223,199,39,8,1,7,18,60,3,3,0.196,0.3343373493975904,0.3290203327171904,0.621,0.38786279683377306,0.30746268656716413,0.3452935694315004,0.5475966069745523,0.6368,0.278,0.36469642139123437,0.13333333333333336,26.0,0.054536265807663756,0.45240339302544763
Unknown_696100,COL,696100,2024,69,224,211,40,9,0,13,8,64,3,2,0.19,0.21084337349397597,0.44916820702402965,0.645,0.575197889182058,0.19402985074626866,0.13560111835973906,0.5867106503298775,0.6652,0.277,0.36188178528347403,0.13333333333333336,25.0,0.14489224821554,0.41328934967012243
Unknown_669065,MIA,669065,2024,63,209,192,40,11,2,3,13,74,3,1,0.208,0.3313253012048193,0.29390018484288366,0.601,0.30606860158311344,0.5522388059701493,0.2590866728797763,0.7478793590951932,0.5694,0.277,0.36188178528347403,0.13333333333333336,26.0,0.10018342004238433,0.2521206409048067
Unknown_527038,SF,527038,2024,67,231,205,42,12,0,4,19,32,2,5,0.205,0.3463855421686748,0.27356746765249546,0.595,0.2849604221635884,0.25074626865671645,0.35274930102516305,0.23986804901036762,0.7706,0.277,0.36188178528347403,0.13333333333333336,33.0,0.022566661551893234,0.760131950989632
Unknown_676914,TOR,676914,2024,128,449,393,75,19,1,12,46,142,5,5,0.191,0.37048192771084343,0.2994454713493531,0.617,0.3588390501319261,0.37014925373134333,0.4464119291705499,0.6588124410933083,0.5702,0.276,0.35946924004825087,0.12666666666666668,25.0,0.049780512434192035,0.3411875589066917
Unknown_666181,CIN,666181,2024,120,375,331,59,16,2,13,39,150,2,2,0.178,0.3283132530120483,0.3364140480591498,0.624,0.445910290237467,0.40895522388059713,0.4538676607642125,0.8560320452403394,0.488,0.276,0.35946924004825087,0.12666666666666668,26.0,0.06443818784689564,0.14396795475966084
Unknown_668670,DET,668670,2024,95,330,303,60,16,1,9,22,96,3,2,0.198,0.3012048192771085,0.3197781885397412,0.604,0.36939313984168864,0.36119402985074633,0.28005591798695245,0.5989632422243166,0.6333,0.275,0.3566546039404905,0.12666666666666668,29.0,0.07440948274713803,0.4010367577756835
Unknown_672279,STL,672279,2024,106,333,297,68,7,2,2,21,92,3,1,0.229,0.3855421686746987,0.20702402957486138,0.572,0.1266490765171504,0.5671641791044777,0.26328052190121154,0.5645617342130066,0.6186,0.275,0.3566546039404905,0.12666666666666668,25.0,0.07474713059151628,0.4354382657869935
Unknown_624503,MIA,624503,2024,89,269,254,58,11,1,7,11,64,1,3,0.228,0.30722891566265065,0.34750462107208885,0.622,0.32981530343007914,0.4179104477611941,0.1598322460391426,0.4740810556079171,0.7175,0.275,0.3566546039404905,0.12666666666666668,29.0,0.10257769511578517,0.5259189443920829
Unknown_642731,SF,642731,2024,92,365,349,75,15,2,8,10,72,5,1,0.215,0.2680722891566265,0.30314232902033283,0.585,0.30079155672823216,0.34029850746268664,0.09692451071761415,0.378416588124411,0.7616,0.274,0.35383996783273014,0.12000000000000001,28.0,0.1293677449419255,0.621583411875589
Unknown_596117,PHI,596117,2024,52,187,165,34,4,1,1,17,50,4,1,0.206,0.40963855421686746,0.16081330868761562,0.555,0.12137203166226912,0.4567164179104477,0.3928238583410997,0.5435909519321396,0.615,0.273,0.351427422597507,0.13333333333333336,31.0,0.04693190246078502,0.4564090480678604
Unknown_621550,CHC,621550,2024,73,174,158,27,7,2,8,10,59,4,1,0.171,0.23795180722891562,0.4029574861367839,0.629,0.5620052770448548,0.21791044776119406,0.23718546132339235,0.7125353440150801,0.5747,0.273,0.351427422597507,0.13333333333333336,33.0,0.10414095101194673,0.2874646559849201
Unknown_641645,LAA,641645,2024,65,187,161,33,9,1,0,23,36,0,2,0.205,0.4307228915662651,0.18299445471349368,0.574,0.15567282321899736,0.3761194029850746,0.5424044734389561,0.36710650329877476,0.6791,0.273,0.351427422597507,0.13333333333333336,30.0,0.020286060748373767,0.6328934967012252
Unknown_641680,TEX,641680,2024,129,482,450,99,11,1,13,26,87,4,2,0.22,0.3313253012048193,0.2994454713493531,0.603,0.28232189973614774,0.32835820895522394,0.22041006523765144,0.33883129123468425,0.7573,0.272,0.34861278648974664,0.11333333333333334,29.0,0.05481153170509678,0.6611687087653157
Unknown_663743,MIA,663743,2024,99,328,302,70,16,0,4,11,41,3,5,0.232,0.3132530120481928,0.279112754158965,0.586,0.22163588390501318,0.3522388059701492,0.12534948741845295,0.2080584354382658,0.811,0.271,0.34579815038198625,0.12000000000000001,28.0,0.06221596995767763,0.791941564561734
Unknown_624428,KC,624428,2024,98,285,253,50,10,1,4,22,58,7,0,0.198,0.3674698795180724,0.2181146025878004,0.573,0.22691292875989444,0.31940298507462683,0.3289841565703635,0.3930254476908577,0.6842,0.271,0.34579815038198625,0.12000000000000001,33.0,0.04101523409398075,0.6069745523091423
Unknown_660688,WSH,660688,2024,123,472,447,101,21,0,12,16,53,4,5,0.226,0.29518072289156627,0.33086876155268025,0.61,0.31398416886543534,0.28656716417910455,0.12721342031686858,0.17813383600377003,0.8453,0.27,0.34338560514676314,0.10666666666666669,26.0,0.05411260981574659,0.8218661639962301
Unknown_641658,KC,641658,2024,89,227,209,49,13,1,0,14,57,0,2,0.234,0.3674698795180724,0.24399260628465808,0.586,0.16622691292875988,0.5492537313432836,0.25675675675675674,0.5051837888784165,0.6784,0.269,0.34057096903900275,0.12000000000000001,30.0,0.06876488569535022,0.49481621112158347
Unknown_679845,KC,679845,2024,52,167,144,28,4,0,1,19,24,1,2,0.194,0.39457831325301196,0.12754158964879858,0.532,0.10554089709762532,0.26567164179104485,0.4995340167753961,0.2521206409048068,0.7305,0.269,0.34057096903900275,0.12666666666666668,26.0,0.014434907099641367,0.7478793590951931
Unknown_686676,CWS,686676,2024,115,390,373,78,14,1,11,17,121,0,0,0.209,0.25903614457831325,0.30683918669131255,0.584,0.32189973614775724,0.4298507462686568,0.17241379310344826,0.644674835061263,0.6462,0.268,0.3377563329312424,0.10666666666666669,26.0,0.12774657612740584,0.355325164938737
Unknown_594807,ATL,594807,2024,98,323,297,53,9,0,11,20,98,5,1,0.178,0.25,0.26987060998151585,0.561,0.34828496042216356,0.26268656716417915,0.2576887232059646,0.6284165881244109,0.6192,0.268,0.3377563329312424,0.11333333333333334,36.0,0.08486406796193656,0.3715834118755892
Unknown_660707,COL,660707,2024,61,233,213,44,10,0,4,17,53,0,3,0.207,0.3132530120481928,0.2513863216266174,0.572,0.24802110817941952,0.3522388059701492,0.30941286113699906,0.44957587181903863,0.6996,0.267,0.33534378769601925,0.12000000000000001,26.0,0.05031416668045833,0.5504241281809612
Unknown_702616,BAL,702616,2024,60,208,190,36,4,2,5,15,69,2,1,0.189,0.29216867469879515,0.25323475046210725,0.565,0.2955145118733509,0.391044776119403,0.3052190121155638,0.6950989632422243,0.5865,0.266,0.3325291515882589,0.12000000000000001,21.0,0.07904000865885479,0.3049010367577758
Unknown_595281,TOR,595281,2024,86,271,250,50,9,3,5,11,81,2,1,0.2,0.24397590361445776,0.26987060998151585,0.559,0.29287598944591026,0.4149253731343284,0.15843429636533082,0.617813383600377,0.6273,0.266,0.3325291515882589,0.11333333333333334,34.0,0.13249054557607398,0.38218661639962326
Unknown_686797,MIN,686797,2024,50,185,172,38,6,1,3,11,27,0,2,0.221,0.32228915662650603,0.26987060998151585,0.585,0.237467018469657,0.32537313432835824,0.24650512581547063,0.2573044297832234,0.7946,0.265,0.32971451548049857,0.12000000000000001,23.0,0.037455570057612804,0.7426955702167766
Unknown_663662,ATH,663662,2024,58,186,170,34,5,1,5,13,51,1,2,0.2,0.3012048192771085,0.28650646950092434,0.587,0.31662269129287596,0.34626865671641793,0.29496738117427773,0.5596135721017907,0.6505,0.265,0.32971451548049857,0.12000000000000001,27.0,0.06592068376406322,0.44038642789820925
Unknown_666185,STL,666185,2024,86,265,235,49,7,0,3,22,75,5,3,0.209,0.3885542168674698,0.190388170055453,0.563,0.15567282321899736,0.4597014925373134,0.3560111835973905,0.5803487276154571,0.6151,0.263,0.32448733413751507,0.11333333333333334,26.0,0.05598920833725074,0.41965127238454314
Unknown_667452,CWS,667452,2024,58,189,173,37,7,0,3,15,50,0,1,0.214,0.3524096385542169,0.24399260628465808,0.581,0.21899736147757254,0.4388059701492538,0.33923578751164957,0.5369934024505184,0.6561,0.262,0.32167269802975473,0.12000000000000001,28.0,0.05449602979074364,0.4630065975494817
Unknown_624512,BOS,624512,2024,48,150,132,26,2,0,3,12,38,2,3,0.197,0.3313253012048193,0.19593345656192246,0.549,0.19525065963060687,0.33134328358208953,0.34203168685927304,0.5103675777568332,0.6467,0.259,0.31363088057901084,0.12000000000000001,29.0,0.05127829684011746,0.4896324222431667
Unknown_605113,SF,605113,2024,64,216,199,45,5,1,2,11,49,0,3,0.226,0.3162650602409639,0.21626617375231055,0.554,0.14775725593667546,0.4507462686567164,0.206430568499534,0.4481621112158341,0.7083,0.258,0.3112183353437877,0.11333333333333334,34.0,0.07627614773773203,0.551837888784166
Unknown_663647,PIT,663647,2024,92,373,347,77,7,0,4,19,73,4,3,0.222,0.3313253012048193,0.190388170055453,0.545,0.12137203166226912,0.39701492537313443,0.206430568499534,0.3746465598491989,0.7426,0.258,0.3112183353437877,0.08666666666666667,27.0,0.06441186176856169,0.6253534401508012
Unknown_687597,COL,687597,2024,53,184,170,32,6,0,3,12,65,1,1,0.188,0.2620481927710844,0.18853974121996314,0.521,0.20844327176781,0.4417910447761193,0.2730661696178937,0.7459943449575872,0.5761,0.255,0.3027744270205066,0.11333333333333334,23.0,0.09487585855917961,0.254005655042413
Unknown_665506,PHI,665506,2024,65,181,164,33,8,1,1,16,63,0,1,0.201,0.34036144578313254,0.19593345656192246,0.551,0.18469656992084432,0.546268656716418,0.3811742777260019,0.733741753063148,0.5635,0.251,0.29232006433453955,0.10666666666666669,26.0,0.06621171380054065,0.26625824693685196
Unknown_518934,NYY,518934,2024,63,228,201,41,5,0,2,19,35,1,6,0.204,0.3343373493975904,0.15711645101663596,0.527,0.12137203166226912,0.28358208955223885,0.3574091332712022,0.2752120640904807,0.7544,0.25,0.2895054282267792,0.1,36.0,0.025661019225753152,0.7247879359095193
Unknown_678246,CWS,678246,2024,71,237,206,31,7,0,5,25,57,3,3,0.15,0.27409638554216864,0.15341959334565625,0.506,0.25857519788918204,0.12835820895522387,0.46085740913327117,0.48020735155513666,0.6414,0.249,0.2866907921190189,0.09333333333333335,25.0,0.03411713059154141,0.5197926484448636
Unknown_670764,TB,670764,2024,74,252,218,40,5,3,1,31,67,0,3,0.183,0.37349397590361444,0.13678373382624776,0.529,0.14511873350923482,0.36119402985074633,0.5424044734389561,0.5400565504241283,0.6111,0.249,0.2866907921190189,0.09333333333333335,28.0,0.03183642666404466,0.45994344957587185
Unknown_682622,CIN,682622,2024,65,242,229,48,9,0,4,9,75,3,1,0.21,0.27108433734939763,0.2347504621072089,0.549,0.21899736147757254,0.4686567164179104,0.14259086672879775,0.6437323279924599,0.6405,0.248,0.28427824688379566,0.09333333333333335,23.0,0.15123783938863083,0.35626767200753995
Unknown_608671,TEX,608671,2024,76,206,189,37,5,0,0,12,44,5,0,0.196,0.3132530120481928,0.08872458410351208,0.484,0.04485488126649076,0.36119402985074633,0.24091332712022367,0.4168237511781339,0.7039,0.245,0.2762364294330518,0.09333333333333335,33.0,0.06090878744836645,0.5831762488218661
Unknown_572191,PIT,572191,2024,85,284,256,47,7,1,5,21,101,0,3,0.184,0.25602409638554213,0.190388170055453,0.52,0.22427440633245382,0.42089552238805983,0.3136067101584343,0.7514137606032045,0.5563,0.244,0.2734217933252915,0.08000000000000002,33.0,0.08313085926236294,0.24858623939679547
Unknown_666150,CWS,666150,2024,68,234,218,46,8,0,1,10,55,3,1,0.211,0.28915662650602414,0.16081330868761562,0.516,0.10817941952506596,0.4238805970149254,0.16821994408201305,0.46724787935909523,0.6966,0.242,0.268194611982308,0.08666666666666667,27.0,0.09651723016338223,0.5327521206409049
Unknown_592273,LAA,592273,2024,93,350,315,52,7,0,4,27,77,5,3,0.165,0.24698795180722888,0.0942698706099816,0.465,0.13456464379947228,0.20597014925373136,0.32851817334575956,0.43190386427898214,0.6886,0.239,0.2601527945315641,0.053333333333333344,32.0,0.045223641078449686,0.5680961357210179
Unknown_595879,DET,595879,2024,76,276,259,48,12,0,6,12,65,2,3,0.185,0.20180722891566272,0.2347504621072089,0.526,0.28232189973614774,0.25671641791044775,0.17194780987884434,0.46842601319509897,0.7138,0.238,0.25733815842380375,0.07333333333333335,32.0,0.09478065741909059,0.531573986804901
Unknown_702358,WSH,702358,2024,58,203,184,35,3,0,0,15,39,2,1,0.19,0.2981927710843374,0.06099815157116456,0.464,0.018469656992084433,0.31641791044776124,0.3136067101584343,0.3661639962299717,0.7143,0.235,0.2492963409730599,0.08666666666666667,24.0,0.040307758277694145,0.6338360037700284
Unknown_592696,WSH,592696,2024,88,307,286,49,11,0,9,16,73,0,3,0.171,0.1656626506024096,0.24029574861367847,0.517,0.32717678100263853,0.17611940298507467,0.212022367194781,0.4738454288407164,0.7036,0.234,0.24648170486529952,0.053333333333333344,33.0,0.0783382673762906,0.5261545711592837
Unknown_641313,MIA,641313,2024,60,224,218,47,2,0,0,6,62,0,0,0.216,0.23795180722891562,0.0942698706099816,0.461,0.0,0.4985074626865672,0.09412861136999068,0.5657398680490103,0.6964,0.216,0.19823080016083633,0.053333333333333344,31.0,0.18990460987214416,0.4342601319509898
Unknown_656577,TB,656577,2024,53,155,139,17,7,0,3,12,53,2,1,0.122,0.12951807228915668,0.11645101663585955,0.439,0.2796833773087071,0.09850746268656718,0.3299161230195713,0.7191328934967012,0.5613,0.213,0.19018898271009246,0.08000000000000002,29.0,0.07549326247254814,0.2808671065032988
