Name,Team,batter,season,G,PA,AB,H,2B,3B,HR,BB,K,HBP,SF,AVG,OBP,SLG,OPS,ISO,BABIP,BB%,K%,BIP%,wOBA,wRC+,WAR,age_bat_median,K_BB_ratio,contact_rate
Unknown_545361,LAA,545361,2018,140,608,472,147,24,4,39,122,124,10,4,0.311,0.459,0.627,1.086,0.316,0.345,0.2007,0.2039,0.5773,0.471,193.4,9.2,27.0,1.0159441953163926,0.7961
Unknown_605141,BOS,605141,2018,142,642,544,186,50,5,32,85,95,8,5,0.342,0.435,0.629,1.063,0.287,0.365,0.1324,0.148,0.7072,0.462,187.4,9.3,26.0,1.1178247734138973,0.852
Unknown_572228,NYY,572228,2018,52,182,160,50,5,1,15,21,49,1,0,0.312,0.396,0.638,1.033,0.325,0.365,0.1154,0.2692,0.6099,0.451,180.1,2.5,27.0,2.332755632582322,0.7308
Unknown_502110,BOS,502110,2018,156,676,590,193,37,2,44,73,149,4,9,0.327,0.399,0.62,1.02,0.293,0.367,0.108,0.2204,0.6657,0.446,176.7,8.8,31.0,2.0407407407407407,0.7796
Unknown_592885,MIL,592885,2018,152,679,593,191,34,7,37,77,138,7,2,0.322,0.405,0.59,0.995,0.268,0.367,0.1134,0.2032,0.673,0.434,168.7,8.2,27.0,1.7918871252204585,0.7968
Unknown_571970,LAD,571970,2018,144,506,412,107,17,2,37,87,140,5,2,0.26,0.393,0.58,0.973,0.32,0.295,0.1719,0.2767,0.5415,0.426,163.4,5.8,28.0,1.6096567771960442,0.7233
Unknown_608324,HOU,608324,2018,162,729,606,175,52,1,33,106,86,14,3,0.289,0.405,0.541,0.946,0.252,0.29,0.1454,0.118,0.7174,0.415,156.1,7.6,24.0,0.811554332874828,0.882
Unknown_592450,NYY,592450,2018,116,520,432,123,23,0,30,79,155,4,5,0.285,0.396,0.546,0.942,0.262,0.369,0.1519,0.2981,0.5423,0.415,156.1,5.4,26.0,1.9624753127057273,0.7019
Unknown_502671,AZ,502671,2018,158,690,594,172,35,5,33,90,173,6,0,0.29,0.388,0.532,0.92,0.242,0.358,0.1304,0.2507,0.6087,0.414,155.4,7.2,31.0,1.9225460122699387,0.7493000000000001
Unknown_457759,LAD,457759,2018,109,457,392,122,32,1,15,51,58,12,2,0.311,0.405,0.513,0.918,0.202,0.333,0.1116,0.1269,0.7352,0.413,154.7,4.7,34.0,1.1370967741935485,0.8731
Unknown_608070,CLE,608070,2018,160,710,589,156,38,4,39,107,83,8,6,0.265,0.382,0.542,0.923,0.277,0.247,0.1507,0.1169,0.7211,0.411,153.4,7.2,26.0,0.7757133377571334,0.8831
Unknown_665742,WSH,665742,2018,116,494,414,121,25,1,22,79,99,0,0,0.292,0.406,0.517,0.923,0.225,0.338,0.1599,0.2004,0.6377,0.408,151.4,4.9,20.0,1.25328330206379,0.7996
Unknown_571448,COL,571448,2018,160,691,606,178,38,2,38,73,128,3,8,0.294,0.368,0.551,0.919,0.257,0.312,0.1056,0.1852,0.7033,0.403,148.1,6.5,27.0,1.753787878787879,0.8148
Unknown_456665,BOS,456665,2018,81,273,234,67,15,1,11,32,48,5,2,0.286,0.381,0.5,0.881,0.214,0.316,0.1172,0.1758,0.6886,0.4,146.1,2.5,35.0,1.5000000000000002,0.8242
Unknown_656811,KC,656811,2018,44,170,149,39,10,2,12,20,45,1,0,0.262,0.353,0.597,0.95,0.336,0.293,0.1176,0.2647,0.6118,0.399,145.4,1.5,25.0,2.2508503401360542,0.7353000000000001
Unknown_518692,ATL,518692,2018,166,724,634,195,44,4,24,77,135,7,6,0.308,0.385,0.503,0.889,0.196,0.356,0.1064,0.1865,0.6975,0.398,144.7,6.5,29.0,1.7528195488721805,0.8135
Unknown_595879,CHC,595879,2018,160,651,611,177,41,9,34,30,169,5,4,0.29,0.326,0.553,0.879,0.264,0.347,0.0461,0.2596,0.6851,0.398,144.7,5.9,26.0,5.631236442516268,0.7404
Unknown_660271,LAA,660271,2018,104,366,326,93,21,2,22,37,102,2,1,0.285,0.361,0.564,0.925,0.279,0.35,0.1011,0.2787,0.6148,0.398,144.7,3.3,24.0,2.7566765578635017,0.7213
Unknown_607043,NYM,607043,2018,138,535,433,114,28,8,17,80,140,22,0,0.263,0.404,0.483,0.886,0.219,0.351,0.1495,0.2617,0.5477,0.398,144.7,4.8,25.0,1.7505016722408027,0.7383
Unknown_660670,ATL,660670,2018,115,504,449,130,27,4,27,46,128,6,3,0.29,0.361,0.548,0.909,0.258,0.347,0.0913,0.254,0.6429,0.397,144.0,4.5,21.0,2.782037239868565,0.746
Unknown_596115,COL,596115,2018,161,674,616,179,44,6,37,47,175,7,4,0.291,0.346,0.562,0.907,0.271,0.348,0.0697,0.2596,0.6602,0.396,143.4,6.0,26.0,3.7245337159253946,0.7404
Unknown_543685,WSH,543685,2018,135,597,529,163,44,2,24,55,82,5,8,0.308,0.374,0.535,0.909,0.227,0.323,0.0921,0.1374,0.7621,0.394,142.0,5.2,28.0,1.49185667752443,0.8626
Unknown_547180,WSH,547180,2018,159,695,550,137,34,0,34,130,169,6,9,0.249,0.393,0.496,0.889,0.247,0.289,0.1871,0.2432,0.5612,0.394,142.0,6.0,26.0,1.2998396579369322,0.7568
Unknown_592518,BAL,592518,2018,169,739,660,196,37,3,40,72,112,2,5,0.297,0.365,0.544,0.909,0.247,0.304,0.0974,0.1516,0.7483,0.393,141.4,6.3,26.0,1.5564681724845997,0.8484
Unknown_593428,BOS,593428,2018,141,607,537,155,45,3,24,57,103,6,7,0.289,0.359,0.518,0.877,0.229,0.314,0.0939,0.1697,0.7265,0.393,141.4,5.2,26.0,1.807241746538871,0.8303
Unknown_643603,HOU,643603,2018,70,253,221,61,13,3,12,27,54,4,1,0.276,0.364,0.525,0.889,0.249,0.314,0.1067,0.2134,0.664,0.393,141.4,2.2,28.0,2.0,0.7866
Unknown_643446,NYM,643446,2018,63,248,225,74,11,6,3,14,24,5,0,0.329,0.381,0.471,0.852,0.142,0.359,0.0565,0.0968,0.8105,0.393,141.4,2.1,26.0,1.7132743362831857,0.9032
Unknown_572761,STL,572761,2018,156,676,564,145,42,0,36,102,158,6,4,0.257,0.374,0.523,0.897,0.266,0.291,0.1509,0.2337,0.6065,0.392,140.7,5.7,33.0,1.5487077534791251,0.7663
Unknown_553993,CIN,553993,2018,142,606,527,149,22,2,34,64,142,9,6,0.283,0.366,0.526,0.892,0.243,0.322,0.1056,0.2343,0.6452,0.391,140.0,5.1,27.0,2.21875,0.7657
Unknown_596019,CLE,596019,2018,161,757,672,187,42,2,40,70,109,8,3,0.278,0.352,0.525,0.877,0.247,0.279,0.0925,0.144,0.7477,0.389,138.7,6.2,25.0,1.5567567567567566,0.856
Unknown_608385,CIN,608385,2018,88,334,281,84,16,0,7,49,46,2,1,0.299,0.405,0.431,0.836,0.132,0.336,0.1467,0.1377,0.7066,0.386,136.7,2.7,25.0,0.9386503067484662,0.8623000000000001
Unknown_592206,DET,592206,2018,157,678,620,185,46,5,23,49,151,6,3,0.298,0.354,0.5,0.854,0.202,0.361,0.0723,0.2227,0.6962,0.384,135.4,5.3,26.0,3.0802213001383127,0.7773
Unknown_571745,SEA,571745,2018,157,683,596,170,38,4,26,70,148,10,7,0.285,0.366,0.493,0.859,0.208,0.336,0.1025,0.2167,0.6662,0.384,135.4,5.3,28.0,2.1141463414634147,0.7833
Unknown_429664,SEA,429664,2018,80,348,310,94,22,0,10,32,47,4,2,0.303,0.374,0.471,0.845,0.168,0.329,0.092,0.1351,0.7615,0.381,133.4,2.6,36.0,1.4684782608695652,0.8649
Unknown_501981,ATH,501981,2018,152,658,580,143,28,1,49,59,177,12,7,0.247,0.325,0.552,0.877,0.305,0.26,0.0897,0.269,0.6231,0.38,132.7,4.9,31.0,2.998885172798216,0.731
Unknown_458015,CIN,458015,2018,144,623,503,143,28,2,12,108,101,9,3,0.284,0.417,0.419,0.837,0.135,0.333,0.1734,0.1621,0.6501,0.38,132.7,4.7,35.0,0.9348327566320646,0.8379
Unknown_444482,AZ,444482,2018,146,614,560,164,25,5,30,48,124,4,2,0.293,0.352,0.516,0.868,0.223,0.328,0.0782,0.202,0.7134,0.38,132.7,4.6,31.0,2.5831202046035804,0.798
Unknown_467092,TB,467092,2018,110,416,382,117,22,1,15,32,80,0,2,0.306,0.358,0.487,0.845,0.181,0.353,0.0769,0.1923,0.7308,0.379,132.0,3.1,31.0,2.5006501950585176,0.8077
Unknown_609280,NYY,609280,2018,153,618,583,172,47,2,27,27,99,4,4,0.295,0.328,0.521,0.85,0.226,0.315,0.0437,0.1602,0.7896,0.378,131.4,4.5,23.0,3.665903890160183,0.8398
Unknown_656305,ATH,656305,2018,146,621,552,153,42,6,24,58,146,9,2,0.277,0.354,0.505,0.86,0.228,0.336,0.0934,0.2351,0.657,0.378,131.4,4.5,25.0,2.517130620985011,0.7649
Unknown_519203,CHC,519203,2018,152,669,570,161,29,1,25,70,80,20,9,0.282,0.375,0.468,0.844,0.186,0.287,0.1046,0.1196,0.7459,0.378,131.4,4.9,29.0,1.1434034416826004,0.8804
Unknown_571697,CIN,571697,2018,154,638,584,181,30,3,23,42,125,4,5,0.31,0.357,0.49,0.847,0.18,0.358,0.0658,0.1959,0.7273,0.378,131.4,4.7,28.0,2.977203647416413,0.8041
Unknown_542583,MIL,542583,2018,154,588,513,138,25,0,37,59,149,6,10,0.269,0.345,0.534,0.879,0.265,0.3,0.1003,0.2534,0.6344,0.377,130.7,4.3,28.0,2.52642073778664,0.7465999999999999
Unknown_514888,HOU,514888,2018,142,623,556,174,30,2,14,57,83,6,1,0.313,0.382,0.45,0.832,0.137,0.348,0.0915,0.1332,0.7608,0.377,130.7,4.5,28.0,1.455737704918033,0.8668
Unknown_488726,CLE,488726,2018,146,642,580,178,36,2,17,49,61,5,7,0.307,0.362,0.464,0.826,0.157,0.316,0.0763,0.095,0.8193,0.377,130.7,4.6,31.0,1.2450851900393183,0.905
Unknown_594809,WSH,594809,2018,94,370,319,96,18,1,5,38,64,11,0,0.301,0.394,0.411,0.805,0.11,0.364,0.1027,0.173,0.6892,0.377,130.7,2.7,30.0,1.6845180136319375,0.827
Unknown_543305,NYY,543305,2018,140,591,489,121,19,3,27,91,112,3,6,0.247,0.365,0.464,0.829,0.217,0.264,0.154,0.1895,0.6481,0.376,130.0,4.2,29.0,1.2305194805194806,0.8105
Unknown_624585,KC,624585,2018,61,257,223,59,18,0,9,28,69,4,2,0.265,0.354,0.466,0.82,0.202,0.34,0.1089,0.2685,0.607,0.376,130.0,1.8,26.0,2.465564738292011,0.7315
Unknown_456715,MIL,456715,2018,146,649,565,171,27,2,10,74,101,8,2,0.303,0.39,0.411,0.8,0.108,0.353,0.114,0.1556,0.718,0.375,129.4,4.6,32.0,1.3649122807017542,0.8444
Unknown_592178,CHC,592178,2018,103,463,395,107,28,3,13,48,110,17,3,0.271,0.371,0.456,0.827,0.185,0.342,0.1037,0.2376,0.622,0.375,129.4,3.3,26.0,2.29122468659595,0.7624
Unknown_656555,PHI,656555,2018,153,660,559,137,38,0,34,87,150,9,5,0.245,0.353,0.496,0.849,0.25,0.271,0.1318,0.2273,0.6258,0.375,129.4,4.7,25.0,1.7245827010622155,0.7726999999999999
Unknown_408234,DET,408234,2018,38,157,134,40,11,0,3,22,27,0,1,0.299,0.395,0.448,0.843,0.149,0.352,0.1401,0.172,0.6879,0.375,129.4,1.1,35.0,1.2276945039257672,0.8280000000000001
Unknown_592626,LAD,592626,2018,144,465,415,104,28,3,26,41,90,5,3,0.251,0.323,0.52,0.844,0.27,0.258,0.0882,0.1935,0.7054,0.373,128.0,3.2,26.0,2.193877551020408,0.8065
Unknown_453568,COL,453568,2018,160,712,641,184,31,7,29,60,135,8,2,0.287,0.354,0.493,0.847,0.206,0.324,0.0843,0.1896,0.7135,0.373,128.0,4.9,32.0,2.2491103202846974,0.8104
Unknown_425783,TEX,425783,2018,146,665,560,148,30,1,21,92,156,10,2,0.264,0.377,0.434,0.81,0.17,0.33,0.1383,0.2346,0.6105,0.373,128.0,4.6,36.0,1.6963123644251625,0.7654
Unknown_614177,SD,614177,2018,86,285,261,73,9,0,16,24,80,0,0,0.28,0.34,0.498,0.838,0.218,0.345,0.0842,0.2807,0.6351,0.372,127.4,1.9,23.0,3.3337292161520193,0.7193
Unknown_605361,ATH,605361,2018,54,183,156,46,9,3,1,21,38,5,1,0.295,0.393,0.41,0.804,0.115,0.381,0.1148,0.2077,0.6503,0.371,126.7,1.2,28.0,1.8092334494773519,0.7923
Unknown_596847,TB,596847,2018,61,221,190,50,14,1,10,26,55,3,2,0.263,0.357,0.505,0.863,0.242,0.315,0.1176,0.2489,0.6199,0.371,126.7,1.5,27.0,2.116496598639456,0.7511
Unknown_502054,STL,502054,2018,136,570,494,136,18,6,21,67,140,6,3,0.275,0.367,0.464,0.83,0.188,0.342,0.1175,0.2456,0.6263,0.37,126.0,3.8,30.0,2.090212765957447,0.7544
Unknown_500874,STL,500874,2018,152,590,534,163,30,0,17,49,104,2,3,0.305,0.364,0.457,0.821,0.152,0.351,0.0831,0.1763,0.7339,0.37,126.0,3.9,30.0,2.121540312876053,0.8237
Unknown_543768,MIL,543768,2018,156,611,519,127,24,1,33,81,114,4,6,0.245,0.348,0.486,0.833,0.241,0.249,0.1326,0.1866,0.6727,0.369,125.4,4.0,28.0,1.4072398190045248,0.8134
Unknown_450314,CHC,450314,2018,137,526,461,140,28,3,9,55,61,2,7,0.304,0.375,0.436,0.811,0.132,0.329,0.1046,0.116,0.7738,0.369,125.4,3.4,37.0,1.1089866156787764,0.884
Unknown_609275,KC,609275,2018,74,291,275,76,13,3,14,11,77,1,1,0.276,0.306,0.498,0.804,0.222,0.335,0.0378,0.2646,0.6838,0.369,125.4,1.9,23.0,7.0,0.7354
Unknown_643217,BOS,643217,2018,153,688,602,173,42,6,16,74,113,3,7,0.287,0.364,0.457,0.821,0.169,0.327,0.1076,0.1642,0.7209,0.368,124.7,4.5,24.0,1.526022304832714,0.8358
Unknown_519317,NYY,519317,2018,163,727,638,169,34,1,39,71,218,8,10,0.265,0.341,0.505,0.846,0.24,0.332,0.0977,0.2999,0.5915,0.368,124.7,4.7,29.0,3.069600818833163,0.7001
Unknown_501896,PIT,501896,2018,118,319,286,84,12,2,11,24,73,5,4,0.294,0.354,0.465,0.819,0.171,0.354,0.0752,0.2288,0.6803,0.366,123.4,2.0,35.0,3.0425531914893615,0.7712
Unknown_656941,CHC,656941,2018,137,511,429,102,14,3,26,78,141,1,2,0.238,0.355,0.466,0.821,0.228,0.288,0.1526,0.2759,0.5675,0.366,123.4,3.2,25.0,1.8079947575360416,0.7241
Unknown_443558,SEA,443558,2018,144,591,519,133,18,1,37,55,122,14,3,0.256,0.342,0.509,0.85,0.252,0.264,0.0931,0.2064,0.6768,0.366,123.4,3.7,38.0,2.216970998925886,0.7936
Unknown_475582,WSH,475582,2018,85,323,288,76,21,2,13,30,55,3,2,0.264,0.337,0.486,0.824,0.222,0.284,0.0929,0.1703,0.7276,0.366,123.4,2.0,34.0,1.8331539289558667,0.8297
Unknown_571788,BOS,571788,2018,108,377,331,93,19,3,8,37,76,7,2,0.281,0.363,0.429,0.792,0.148,0.341,0.0981,0.2016,0.6817,0.365,122.7,2.3,30.0,2.0550458715596327,0.7984
Unknown_518586,ATL,518586,2018,115,335,308,82,18,2,12,22,89,4,1,0.266,0.322,0.455,0.777,0.188,0.337,0.0657,0.2657,0.6567,0.365,122.7,2.1,29.0,4.0441400304414,0.7343
Unknown_553882,CWS,553882,2018,95,322,280,77,14,1,9,38,65,2,0,0.275,0.366,0.429,0.794,0.154,0.33,0.118,0.2019,0.6677,0.365,122.7,2.0,26.0,1.7110169491525424,0.7981
Unknown_592663,MIA,592663,2018,125,529,477,132,30,3,21,38,104,10,4,0.277,0.34,0.484,0.825,0.208,0.312,0.0718,0.1966,0.7127,0.365,122.7,3.3,27.0,2.7381615598885793,0.8034
Unknown_570256,PIT,570256,2018,130,534,463,117,32,6,23,61,117,3,7,0.253,0.339,0.497,0.836,0.244,0.285,0.1142,0.2191,0.6573,0.365,122.7,3.3,27.0,1.9185639229422067,0.7809
Unknown_621002,TB,621002,2018,87,340,282,74,16,0,9,43,77,13,2,0.262,0.382,0.415,0.797,0.152,0.328,0.1265,0.2265,0.6088,0.365,122.7,2.1,24.0,1.790513833992095,0.7735
Unknown_624577,LAD,624577,2018,132,466,422,112,22,1,23,41,93,1,2,0.265,0.33,0.486,0.816,0.22,0.289,0.088,0.1996,0.7103,0.364,122.0,2.9,28.0,2.2681818181818185,0.8004
Unknown_544369,NYY,544369,2018,139,588,521,139,24,5,27,48,73,7,10,0.267,0.331,0.488,0.819,0.221,0.26,0.0816,0.1241,0.7789,0.364,122.0,3.6,28.0,1.5208333333333333,0.8759
Unknown_465041,PIT,465041,2018,104,404,332,86,15,3,12,51,84,15,4,0.259,0.378,0.431,0.809,0.172,0.308,0.1262,0.2079,0.6238,0.364,122.0,2.5,32.0,1.6473851030110935,0.7921
Unknown_461314,LAD,461314,2018,151,517,473,137,26,0,21,36,117,1,7,0.29,0.337,0.478,0.814,0.188,0.339,0.0696,0.2263,0.7021,0.363,121.4,3.1,34.0,3.2514367816091956,0.7737
Unknown_429665,CLE,429665,2018,140,590,510,124,16,1,32,65,136,8,7,0.243,0.334,0.467,0.801,0.224,0.264,0.1102,0.2305,0.6458,0.363,121.4,3.6,35.0,2.0916515426497275,0.7695
Unknown_500871,MIN,500871,2018,150,631,566,154,48,3,23,52,126,5,8,0.272,0.334,0.489,0.824,0.217,0.308,0.0824,0.1997,0.71,0.363,121.4,3.8,29.0,2.4235436893203883,0.8003
Unknown_571771,LAD,571771,2018,151,485,420,105,17,3,22,55,83,1,5,0.25,0.335,0.462,0.797,0.212,0.259,0.1134,0.1711,0.7052,0.362,120.7,2.9,27.0,1.5088183421516754,0.8289
Unknown_657656,ATH,657656,2018,47,180,159,45,12,1,5,17,52,2,2,0.283,0.356,0.465,0.821,0.182,0.385,0.0944,0.2889,0.6056,0.362,120.7,1.1,24.0,3.0603813559322033,0.7111000000000001
Unknown_572039,ATH,572039,2018,151,609,549,146,41,0,27,43,116,12,5,0.266,0.33,0.488,0.818,0.222,0.29,0.0706,0.1905,0.7192,0.362,120.7,3.6,27.0,2.698300283286119,0.8095
Unknown_475253,TOR,475253,2018,143,594,505,122,34,0,25,83,156,3,3,0.242,0.35,0.457,0.808,0.216,0.297,0.1397,0.2626,0.5926,0.362,120.7,3.5,32.0,1.8797423049391555,0.7374
Unknown_457708,LAA,457708,2018,145,613,533,137,18,1,30,64,176,10,6,0.257,0.344,0.463,0.808,0.206,0.321,0.1044,0.2871,0.5922,0.362,120.7,3.7,31.0,2.75,0.7129
Unknown_641355,LAD,641355,2018,167,657,578,146,28,7,25,73,156,3,3,0.253,0.338,0.455,0.793,0.202,0.302,0.1111,0.2374,0.6469,0.361,120.0,3.9,23.0,2.1368136813681367,0.7626
Unknown_593160,KC,593160,2018,158,707,632,192,43,3,12,61,114,6,6,0.304,0.367,0.438,0.806,0.134,0.352,0.0863,0.1612,0.7412,0.361,120.0,4.2,29.0,1.8679026651216686,0.8388
Unknown_543257,MIN,543257,2018,128,465,396,108,27,1,5,60,83,2,5,0.273,0.367,0.384,0.751,0.111,0.329,0.129,0.1785,0.6839,0.361,120.0,2.7,29.0,1.383720930232558,0.8215
Unknown_516782,PIT,516782,2018,145,606,559,155,32,5,20,35,109,8,3,0.277,0.327,0.46,0.787,0.182,0.312,0.0578,0.1799,0.7475,0.36,119.4,3.5,30.0,3.1124567474048446,0.8201
Unknown_624428,PIT,624428,2018,112,352,318,88,23,2,10,29,53,3,1,0.277,0.342,0.456,0.798,0.179,0.305,0.0824,0.1506,0.7557,0.36,119.4,2.0,27.0,1.8276699029126215,0.8493999999999999
Unknown_518735,LAD,518735,2018,147,543,462,109,24,2,25,75,134,3,3,0.236,0.344,0.459,0.803,0.223,0.275,0.1381,0.2468,0.6096,0.359,118.7,3.1,30.0,1.7871107892831282,0.7532
Unknown_543807,HOU,543807,2018,143,641,567,153,28,0,25,66,125,5,3,0.27,0.349,0.451,0.801,0.182,0.305,0.103,0.195,0.6927,0.359,118.7,3.7,29.0,1.893203883495146,0.8049999999999999
Unknown_455976,ATL,455976,2018,166,720,635,186,43,2,14,75,82,1,9,0.293,0.364,0.433,0.797,0.14,0.314,0.1042,0.1139,0.7806,0.359,118.7,4.1,35.0,1.0930902111324377,0.8861
Unknown_624424,NYM,624424,2018,153,638,543,132,25,1,28,84,159,7,4,0.243,0.35,0.448,0.797,0.204,0.289,0.1317,0.2492,0.6082,0.359,118.7,3.6,25.0,1.8921791951404707,0.7508
Unknown_605480,TB,605480,2018,136,544,480,142,27,10,2,47,98,8,2,0.296,0.367,0.406,0.773,0.11,0.366,0.0864,0.1801,0.7059,0.358,118.0,3.1,25.0,2.084490740740741,0.8199
Unknown_621311,COL,621311,2018,80,282,260,68,11,3,16,19,71,1,2,0.262,0.312,0.512,0.824,0.25,0.297,0.0674,0.2518,0.6773,0.357,117.4,1.6,24.0,3.735905044510386,0.7482
Unknown_592669,SD,592669,2018,117,441,403,100,23,1,26,30,109,3,5,0.248,0.302,0.504,0.805,0.256,0.271,0.068,0.2472,0.678,0.357,117.4,2.4,26.0,3.635294117647059,0.7528
Unknown_572816,PIT,572816,2018,135,533,504,151,35,7,13,21,80,4,4,0.3,0.33,0.474,0.804,0.175,0.333,0.0394,0.1501,0.803,0.357,117.4,3.0,29.0,3.809644670050762,0.8499
Unknown_493316,NYM,493316,2018,38,157,141,37,6,0,9,13,50,1,2,0.262,0.325,0.496,0.821,0.234,0.333,0.0828,0.3185,0.5924,0.357,117.4,0.9,33.0,3.8466183574879227,0.6815
Unknown_621035,LAD,621035,2018,155,618,549,142,35,9,18,56,181,9,4,0.259,0.335,0.454,0.789,0.195,0.35,0.0906,0.2929,0.6019,0.356,116.7,3.4,28.0,3.2328918322295803,0.7071000000000001
Unknown_476704,ATH,476704,2018,158,684,600,159,37,1,23,78,129,3,3,0.265,0.351,0.445,0.796,0.18,0.302,0.114,0.1886,0.693,0.356,116.7,3.7,34.0,1.6543859649122805,0.8114
Unknown_543068,TB,543068,2018,140,560,501,127,28,1,30,37,145,17,5,0.253,0.323,0.493,0.816,0.24,0.293,0.0661,0.2589,0.6446,0.356,116.7,3.1,28.0,3.9167927382753405,0.7411
Unknown_592200,CIN,592200,2018,51,156,140,41,10,0,4,12,32,2,1,0.293,0.355,0.45,0.805,0.157,0.352,0.0769,0.2051,0.6987,0.356,116.7,0.9,30.0,2.667100130039012,0.7948999999999999
Unknown_592696,MIN,592696,2018,136,592,559,161,31,2,24,30,104,0,2,0.288,0.323,0.479,0.803,0.191,0.316,0.0507,0.1757,0.772,0.356,116.7,3.2,27.0,3.4654832347140037,0.8243
Unknown_650402,NYY,650402,2018,127,502,447,121,16,1,24,44,125,5,5,0.271,0.339,0.472,0.811,0.201,0.32,0.0876,0.249,0.6514,0.355,116.0,2.7,22.0,2.8424657534246576,0.751
Unknown_457705,SF,457705,2018,160,701,587,147,30,3,20,96,148,11,7,0.25,0.362,0.414,0.776,0.164,0.298,0.1369,0.2111,0.6362,0.355,116.0,3.8,32.0,1.54200146092038,0.7888999999999999
Unknown_592192,ATH,592192,2018,120,412,366,91,22,0,17,34,89,10,2,0.249,0.328,0.448,0.776,0.199,0.282,0.0825,0.216,0.6772,0.355,116.0,2.2,29.0,2.618181818181818,0.784
Unknown_607208,WSH,607208,2018,161,740,664,180,27,6,19,69,132,5,0,0.271,0.344,0.416,0.76,0.145,0.314,0.0932,0.1784,0.7189,0.355,116.0,4.0,25.0,1.9141630901287552,0.8216
Unknown_622168,STL,622168,2018,103,329,293,81,16,0,8,30,71,4,2,0.276,0.35,0.413,0.763,0.137,0.338,0.0912,0.2158,0.6809,0.355,116.0,1.8,23.0,2.3662280701754383,0.7842
Unknown_622666,ATL,622666,2018,138,540,479,126,27,1,19,52,113,6,3,0.263,0.341,0.443,0.783,0.18,0.306,0.0963,0.2093,0.6833,0.354,115.4,2.9,25.0,2.173416407061267,0.7907
Unknown_621566,ATH,621566,2018,161,664,582,143,33,0,29,72,163,8,2,0.246,0.336,0.452,0.788,0.206,0.291,0.1084,0.2455,0.634,0.354,115.4,3.5,24.0,2.2647601476014763,0.7545
Unknown_621563,TB,621563,2018,139,545,487,146,33,6,7,37,96,9,10,0.3,0.354,0.435,0.789,0.136,0.353,0.0679,0.1761,0.7358,0.354,115.4,2.9,28.0,2.593519882179676,0.8239
Unknown_605137,PIT,605137,2018,148,583,501,131,31,4,12,77,104,0,5,0.261,0.357,0.411,0.768,0.15,0.305,0.1321,0.1784,0.6895,0.353,114.7,3.0,26.0,1.3504920514761545,0.8216
Unknown_518614,AZ,518614,2018,138,423,350,83,22,4,13,64,110,2,7,0.237,0.352,0.434,0.787,0.197,0.299,0.1513,0.26,0.5816,0.353,114.7,2.2,32.0,1.7184401850627893,0.74
Unknown_614173,SD,614173,2018,38,154,139,33,5,1,7,14,55,0,0,0.237,0.307,0.439,0.746,0.201,0.338,0.0909,0.3571,0.5455,0.353,114.7,0.8,24.0,3.9284928492849285,0.6429
Unknown_435062,WSH,435062,2018,40,160,152,46,14,0,4,5,29,2,1,0.303,0.331,0.474,0.805,0.171,0.35,0.0312,0.1812,0.775,0.353,114.7,0.8,35.0,5.807692307692308,0.8188
Unknown_454560,SD,454560,2018,64,183,151,41,8,0,1,26,37,1,2,0.272,0.378,0.344,0.722,0.073,0.348,0.1421,0.2022,0.6339,0.352,114.0,0.9,37.0,1.422941590429275,0.7978000000000001
Unknown_471865,COL,471865,2018,136,518,475,130,32,5,16,39,118,1,3,0.274,0.328,0.463,0.791,0.189,0.331,0.0753,0.2278,0.695,0.351,113.4,2.6,33.0,3.0252324037184595,0.7722
Unknown_664023,CHC,664023,2018,135,463,387,90,19,2,15,71,167,3,2,0.233,0.354,0.408,0.762,0.176,0.362,0.1533,0.3607,0.4795,0.351,113.4,2.3,24.0,2.3529028049576,0.6393
Unknown_553869,PIT,553869,2018,81,277,252,72,12,0,10,21,40,1,3,0.286,0.339,0.452,0.792,0.167,0.302,0.0758,0.1444,0.7762,0.351,113.4,1.4,28.0,1.905013192612137,0.8556
Unknown_605119,MIA,605119,2018,156,670,590,161,34,4,11,62,129,16,2,0.273,0.357,0.4,0.757,0.127,0.332,0.0925,0.1925,0.691,0.351,113.4,3.4,25.0,2.081081081081081,0.8075
Unknown_448602,WSH,448602,2018,85,235,206,51,8,0,13,24,64,2,3,0.248,0.328,0.476,0.803,0.228,0.288,0.1021,0.2723,0.617,0.35,112.7,1.2,35.0,2.6669931439764936,0.7277
Unknown_595909,MIN,595909,2018,87,309,283,75,16,2,13,18,102,3,3,0.265,0.313,0.473,0.786,0.208,0.363,0.0583,0.3301,0.5955,0.35,112.7,1.5,26.0,5.6620926243567755,0.6698999999999999
Unknown_593871,MIN,593871,2018,77,333,302,87,18,3,6,25,62,2,1,0.288,0.345,0.427,0.773,0.139,0.345,0.0751,0.1862,0.7237,0.35,112.7,1.6,25.0,2.4793608521970705,0.8138
Unknown_594953,CWS,594953,2018,124,449,417,100,15,3,27,30,153,2,0,0.24,0.294,0.484,0.778,0.245,0.308,0.0668,0.3408,0.588,0.35,112.7,2.2,27.0,5.1017964071856285,0.6592
Unknown_606466,AZ,606466,2018,151,580,520,135,26,12,14,54,79,3,2,0.26,0.332,0.437,0.768,0.177,0.282,0.0931,0.1362,0.7638,0.35,112.7,2.9,25.0,1.4629430719656282,0.8638
Unknown_547989,CWS,547989,2018,128,553,499,132,36,1,22,37,109,11,6,0.265,0.325,0.473,0.798,0.208,0.294,0.0669,0.1971,0.7161,0.35,112.7,2.7,31.0,2.9461883408071747,0.8029
Unknown_640457,PIT,640457,2018,58,191,178,51,9,2,6,10,40,1,2,0.287,0.325,0.461,0.785,0.174,0.336,0.0524,0.2094,0.733,0.349,112.0,0.9,23.0,3.99618320610687,0.7906
Unknown_595777,TEX,595777,2018,145,594,524,133,35,6,20,54,88,12,4,0.254,0.335,0.458,0.793,0.204,0.269,0.0909,0.1481,0.7407,0.349,112.0,2.9,25.0,1.6292629262926295,0.8519
Unknown_664056,STL,664056,2018,128,427,379,100,20,2,12,31,125,11,4,0.264,0.334,0.422,0.756,0.158,0.358,0.0726,0.2927,0.6042,0.349,112.0,2.1,24.0,4.03168044077135,0.7073
Unknown_594988,CIN,594988,2018,106,430,380,97,19,0,17,39,99,9,2,0.255,0.337,0.439,0.777,0.184,0.301,0.0907,0.2302,0.6581,0.349,112.0,2.1,28.0,2.5380374862183017,0.7698
Unknown_467793,PHI,467793,2018,161,679,560,128,28,2,24,110,93,1,8,0.229,0.352,0.414,0.766,0.186,0.231,0.162,0.137,0.6996,0.349,112.0,3.3,32.0,0.8456790123456791,0.863
Unknown_516416,SEA,516416,2018,144,632,586,178,29,3,10,32,69,4,6,0.304,0.341,0.415,0.755,0.111,0.327,0.0506,0.1092,0.8275,0.349,112.0,3.1,28.0,2.158102766798419,0.8908
Unknown_643393,HOU,643393,2018,96,301,260,69,16,0,6,34,45,3,1,0.265,0.356,0.396,0.752,0.131,0.3,0.113,0.1495,0.7176,0.348,111.4,1.4,27.0,1.323008849557522,0.8505
Unknown_545341,TOR,545341,2018,117,462,424,104,32,1,25,27,122,8,3,0.245,0.301,0.502,0.803,0.257,0.282,0.0584,0.2641,0.6602,0.348,111.4,2.2,27.0,4.522260273972603,0.7359
Unknown_608336,TEX,608336,2018,148,577,500,103,24,1,40,74,207,3,0,0.206,0.312,0.498,0.81,0.292,0.249,0.1282,0.3588,0.5078,0.348,111.4,2.8,25.0,2.798751950078003,0.6412
Unknown_430832,NYM,430832,2018,122,399,325,66,18,0,13,67,111,6,1,0.203,0.348,0.378,0.727,0.175,0.262,0.1679,0.2782,0.5388,0.348,111.4,1.9,38.0,1.656938653960691,0.7218
Unknown_592743,LAA,592743,2018,146,600,554,162,26,5,11,35,44,5,5,0.292,0.337,0.417,0.754,0.125,0.3,0.0583,0.0733,0.8583,0.348,111.4,2.9,29.0,1.2572898799313894,0.9267
Unknown_547982,DET,547982,2018,83,353,318,81,15,3,11,30,77,3,2,0.255,0.323,0.425,0.747,0.17,0.302,0.085,0.2181,0.6884,0.348,111.4,1.7,30.0,2.565882352941176,0.7819
Unknown_493329,HOU,493329,2018,141,596,557,160,34,1,14,26,68,6,7,0.287,0.322,0.427,0.749,0.14,0.303,0.0436,0.1141,0.8322,0.347,110.7,2.8,34.0,2.61697247706422,0.8859
Unknown_514917,PHI,514917,2018,161,708,605,153,15,3,15,95,155,4,3,0.253,0.356,0.362,0.718,0.109,0.315,0.1342,0.2189,0.6398,0.347,110.7,3.3,28.0,1.6311475409836065,0.7811
Unknown_434158,TOR,434158,2018,123,406,346,83,22,2,13,54,107,4,1,0.24,0.348,0.428,0.776,0.188,0.308,0.133,0.2635,0.5911,0.346,110.0,1.9,37.0,1.981203007518797,0.7364999999999999
Unknown_572041,AZ,572041,2018,113,460,413,106,21,5,21,31,100,8,7,0.257,0.316,0.484,0.8,0.228,0.284,0.0674,0.2174,0.6957,0.346,110.0,2.1,31.0,3.225519287833828,0.7826
Unknown_455139,TEX,455139,2018,111,426,360,80,15,1,18,45,140,19,2,0.222,0.338,0.419,0.757,0.197,0.304,0.1056,0.3286,0.5211,0.346,110.0,2.0,34.0,3.1117424242424243,0.6714
Unknown_503556,HOU,503556,2018,146,575,510,129,27,3,17,54,132,4,2,0.253,0.328,0.418,0.746,0.165,0.309,0.0939,0.2296,0.6609,0.345,109.3,2.6,29.0,2.445154419595314,0.7704
Unknown_502517,WSH,502517,2018,92,356,332,98,15,0,12,21,41,0,3,0.295,0.334,0.449,0.783,0.154,0.305,0.059,0.1152,0.8258,0.345,109.3,1.6,33.0,1.952542372881356,0.8848
Unknown_640461,ATH,640461,2018,107,333,298,77,12,1,13,27,88,6,0,0.258,0.332,0.436,0.769,0.178,0.325,0.0811,0.2643,0.6306,0.345,109.3,1.5,26.0,3.258939580764488,0.7357
Unknown_641598,MIN,641598,2018,95,335,302,81,19,2,7,29,72,2,1,0.268,0.335,0.414,0.749,0.146,0.33,0.0866,0.2149,0.6896,0.345,109.3,1.5,27.0,2.481524249422633,0.7851
Unknown_571976,SD,571976,2018,83,343,312,79,25,1,11,30,94,0,1,0.253,0.318,0.446,0.763,0.192,0.327,0.0875,0.2741,0.6385,0.345,109.3,1.6,28.0,3.132571428571429,0.7259
Unknown_474832,SF,474832,2018,112,456,399,101,18,2,14,49,107,6,2,0.253,0.342,0.414,0.756,0.16,0.311,0.1075,0.2346,0.6447,0.345,109.3,2.1,30.0,2.182325581395349,0.7654
Unknown_596059,TEX,596059,2018,129,535,474,120,23,2,18,43,127,11,5,0.253,0.326,0.424,0.751,0.171,0.305,0.0804,0.2374,0.6579,0.344,108.7,2.4,24.0,2.9527363184079602,0.7626
Unknown_134181,TEX,134181,2018,119,481,433,118,23,1,15,34,96,6,8,0.273,0.328,0.434,0.763,0.162,0.312,0.0707,0.1996,0.7173,0.344,108.7,2.1,39.0,2.8231966053748234,0.8004
Unknown_571431,WSH,571431,2018,119,337,306,73,10,0,21,27,73,4,0,0.239,0.309,0.477,0.786,0.239,0.245,0.0801,0.2166,0.6914,0.344,108.7,1.5,30.0,2.7041198501872654,0.7834
Unknown_596748,PHI,596748,2018,131,465,433,117,17,1,22,29,62,0,3,0.27,0.314,0.467,0.78,0.196,0.27,0.0624,0.1333,0.8043,0.344,108.7,2.1,26.0,2.136217948717949,0.8667
Unknown_519346,MIL,519346,2018,94,278,247,54,10,3,16,29,97,2,0,0.219,0.306,0.478,0.783,0.259,0.284,0.1043,0.3489,0.5396,0.343,108.0,1.2,32.0,3.3451581975071907,0.6511
Unknown_570267,MIL,570267,2018,89,241,215,57,14,1,5,22,79,1,3,0.265,0.332,0.409,0.741,0.144,0.388,0.0913,0.3278,0.5768,0.342,107.3,1.0,26.0,3.590361445783132,0.6722
Unknown_518934,COL,518934,2018,132,599,548,150,34,2,15,40,85,2,7,0.274,0.322,0.425,0.747,0.151,0.297,0.0668,0.1419,0.7846,0.342,107.3,2.6,30.0,2.124251497005988,0.8581
Unknown_642715,TB,642715,2018,85,323,288,80,7,0,10,31,95,1,2,0.278,0.348,0.406,0.754,0.128,0.378,0.096,0.2941,0.6037,0.342,107.3,1.4,23.0,3.063541666666666,0.7059
Unknown_434778,TOR,434778,2018,130,471,413,103,15,0,21,50,95,3,5,0.249,0.331,0.438,0.769,0.189,0.272,0.1062,0.2017,0.6858,0.342,107.3,2.0,35.0,1.89924670433145,0.7983
Unknown_518626,TOR,518626,2018,55,231,198,47,14,0,8,32,58,0,1,0.237,0.342,0.429,0.771,0.192,0.293,0.1385,0.2511,0.6104,0.341,106.7,1.0,33.0,1.8129963898916965,0.7489
Unknown_543228,CLE,543228,2018,115,444,411,109,26,0,16,22,123,8,3,0.265,0.313,0.445,0.758,0.18,0.338,0.0495,0.277,0.6554,0.341,106.7,1.9,31.0,5.595959595959596,0.723
Unknown_467827,COL,467827,2018,139,452,409,118,17,0,6,33,76,5,3,0.289,0.347,0.374,0.721,0.086,0.339,0.073,0.1681,0.7434,0.341,106.7,1.9,31.0,2.302739726027397,0.8319
Unknown_606299,CIN,606299,2018,156,683,632,182,31,4,14,29,75,9,5,0.288,0.326,0.416,0.742,0.128,0.307,0.0425,0.1098,0.8228,0.341,106.7,2.9,24.0,2.5835294117647054,0.8902
Unknown_452678,NYM,452678,2018,147,592,546,143,36,1,23,41,119,3,2,0.262,0.316,0.458,0.774,0.196,0.296,0.0693,0.201,0.7247,0.341,106.7,2.5,33.0,2.9004329004329006,0.7989999999999999
Unknown_519058,KC,519058,2018,158,660,595,150,34,1,28,52,108,7,6,0.252,0.317,0.454,0.77,0.202,0.262,0.0788,0.1636,0.747,0.34,106.0,2.7,30.0,2.0761421319796955,0.8364
Unknown_460075,MIL,460075,2018,131,469,430,110,26,1,20,34,92,2,3,0.256,0.311,0.46,0.772,0.205,0.28,0.0725,0.1962,0.7271,0.34,106.0,1.9,35.0,2.7062068965517243,0.8038
Unknown_435559,ATL,435559,2018,105,396,355,96,24,0,12,22,44,13,6,0.27,0.331,0.439,0.77,0.169,0.275,0.0556,0.1111,0.8005,0.34,106.0,1.6,35.0,1.998201438848921,0.8889
Unknown_452655,SEA,452655,2018,135,501,437,114,22,7,11,51,79,6,7,0.261,0.341,0.419,0.76,0.158,0.291,0.1018,0.1577,0.7285,0.34,106.0,2.1,34.0,1.5491159135559922,0.8423
Unknown_516770,MIA,516770,2018,153,647,593,165,32,2,12,48,124,0,6,0.278,0.329,0.4,0.729,0.121,0.33,0.0742,0.1917,0.7342,0.34,106.0,2.7,28.0,2.58355795148248,0.8083
Unknown_542303,STL,542303,2018,148,628,583,163,16,2,23,38,110,3,4,0.28,0.325,0.432,0.757,0.153,0.308,0.0605,0.1752,0.758,0.34,106.0,2.6,28.0,2.8958677685950414,0.8248
Unknown_592567,PIT,592567,2018,144,465,415,115,19,1,11,39,82,4,7,0.277,0.34,0.407,0.747,0.13,0.316,0.0839,0.1763,0.7312,0.339,105.3,1.9,26.0,2.101311084624553,0.8237
Unknown_457763,SF,457763,2018,105,448,398,113,22,1,5,45,53,3,2,0.284,0.359,0.382,0.741,0.098,0.316,0.1004,0.1183,0.7746,0.339,105.3,1.8,31.0,1.1782868525896415,0.8817
Unknown_408045,MIN,408045,2018,127,543,486,137,27,1,6,51,86,2,3,0.282,0.351,0.379,0.729,0.097,0.33,0.0939,0.1584,0.7422,0.338,104.7,2.1,35.0,1.6869009584664538,0.8416
Unknown_576397,STL,576397,2018,117,402,351,92,19,1,11,44,77,3,4,0.262,0.346,0.416,0.762,0.154,0.303,0.1095,0.1915,0.6915,0.338,104.7,1.6,30.0,1.7488584474885844,0.8085
Unknown_519048,BOS,519048,2018,123,464,408,101,23,4,15,51,103,0,5,0.248,0.328,0.434,0.761,0.186,0.292,0.1099,0.222,0.6681,0.337,104.0,1.8,33.0,2.0200181983621475,0.778
Unknown_649557,TOR,649557,2018,125,452,422,111,26,0,18,23,62,3,4,0.263,0.303,0.453,0.756,0.19,0.269,0.0509,0.1372,0.8053,0.337,104.0,1.7,28.0,2.6954813359528487,0.8628
Unknown_606192,TOR,606192,2018,133,523,476,114,29,7,22,41,163,3,3,0.239,0.302,0.468,0.771,0.229,0.313,0.0784,0.3117,0.6042,0.337,104.0,2.0,26.0,3.9757653061224487,0.6883
Unknown_518618,MIA,518618,2018,149,551,499,132,26,2,16,29,140,21,2,0.265,0.33,0.421,0.751,0.156,0.336,0.0526,0.2541,0.6552,0.337,104.0,2.1,29.0,4.830798479087452,0.7459
Unknown_592348,DET,592348,2018,127,492,444,109,29,3,16,42,132,4,2,0.245,0.315,0.432,0.747,0.187,0.312,0.0854,0.2683,0.6382,0.337,104.0,1.9,26.0,3.141686182669789,0.7317
Unknown_622110,TB,622110,2018,131,560,503,148,22,1,4,47,93,7,2,0.294,0.361,0.366,0.727,0.072,0.353,0.0839,0.1661,0.7357,0.337,104.0,2.2,27.0,1.9797377830750893,0.8339
Unknown_666971,TOR,666971,2018,64,263,249,70,8,0,11,9,59,2,2,0.281,0.309,0.446,0.755,0.165,0.326,0.0342,0.2243,0.73,0.337,104.0,1.0,25.0,6.558479532163743,0.7757000000000001
Unknown_645277,ATL,645277,2018,161,699,654,170,40,5,24,36,117,5,3,0.26,0.302,0.446,0.749,0.187,0.283,0.0515,0.1674,0.7725,0.336,103.3,2.6,21.0,3.250485436893204,0.8326
Unknown_575929,CHC,575929,2018,138,549,477,118,27,5,10,55,121,13,2,0.247,0.34,0.388,0.728,0.14,0.31,0.1002,0.2204,0.6521,0.336,103.3,2.1,26.0,2.199600798403194,0.7796
Unknown_570799,SD,570799,2018,109,384,351,83,15,0,20,23,104,9,1,0.236,0.299,0.45,0.75,0.214,0.276,0.0599,0.2708,0.6458,0.336,103.3,1.4,27.0,4.520868113522537,0.7292000000000001
Unknown_444432,BAL,444432,2018,90,358,330,86,12,0,17,24,87,2,2,0.261,0.313,0.452,0.764,0.191,0.303,0.067,0.243,0.6844,0.336,103.3,1.3,32.0,3.6268656716417906,0.757
Unknown_600524,BAL,600524,2018,71,261,236,61,14,0,8,19,62,4,2,0.258,0.322,0.419,0.741,0.161,0.315,0.0728,0.2375,0.6743,0.335,102.7,1.0,24.0,3.262362637362637,0.7625
Unknown_571602,CWS,571602,2018,123,496,434,99,23,0,20,52,165,7,3,0.228,0.319,0.419,0.738,0.191,0.313,0.1048,0.3327,0.5484,0.335,102.7,1.8,27.0,3.174618320610687,0.6673
Unknown_571506,MIA,571506,2018,141,501,423,96,13,1,20,73,124,2,3,0.227,0.341,0.404,0.746,0.177,0.27,0.1457,0.2475,0.6028,0.335,102.7,1.8,30.0,1.6986959505833905,0.7525
Unknown_608577,TEX,608577,2018,128,536,489,126,25,1,20,40,116,4,3,0.258,0.317,0.436,0.753,0.178,0.298,0.0746,0.2164,0.7015,0.335,102.7,2.0,23.0,2.900804289544236,0.7836
Unknown_595751,PHI,595751,2018,107,377,344,90,16,2,10,18,138,14,1,0.262,0.324,0.407,0.731,0.145,0.406,0.0477,0.366,0.5491,0.335,102.7,1.4,25.0,7.672955974842767,0.634
Unknown_543939,STL,543939,2018,119,407,353,88,18,2,9,31,60,14,3,0.249,0.332,0.388,0.72,0.139,0.275,0.0762,0.1474,0.7273,0.335,102.7,1.5,28.0,1.9343832020997376,0.8526
Unknown_434670,BOS,434670,2018,44,195,177,45,7,0,6,14,35,2,2,0.254,0.313,0.395,0.708,0.141,0.283,0.0718,0.1795,0.7385,0.335,102.7,0.7,35.0,2.5,0.8205
Unknown_466320,CLE,466320,2018,81,286,258,71,17,0,6,20,38,3,5,0.275,0.329,0.411,0.74,0.136,0.297,0.0699,0.1329,0.7867,0.334,102.0,1.0,34.0,1.9012875536480685,0.8671
Unknown_657557,STL,657557,2018,114,490,437,105,25,1,19,36,123,12,5,0.24,0.312,0.432,0.745,0.192,0.287,0.0735,0.251,0.649,0.334,102.0,1.8,25.0,3.414965986394558,0.749
Unknown_430945,BAL,430945,2018,144,613,580,163,35,0,15,24,93,5,4,0.281,0.313,0.419,0.732,0.138,0.311,0.0392,0.1517,0.801,0.334,102.0,2.2,33.0,3.8698979591836737,0.8483
Unknown_425877,STL,425877,2018,123,503,459,120,20,0,20,29,66,9,6,0.261,0.314,0.436,0.75,0.174,0.264,0.0577,0.1312,0.7932,0.334,102.0,1.8,36.0,2.273830155979203,0.8688
Unknown_467055,SF,467055,2018,90,252,230,57,10,1,9,19,52,2,1,0.248,0.31,0.417,0.727,0.17,0.282,0.0754,0.2063,0.7103,0.334,102.0,0.9,32.0,2.7360742705570296,0.7937
Unknown_435622,COL,435622,2018,164,636,572,133,21,8,22,53,151,6,4,0.233,0.302,0.413,0.715,0.18,0.275,0.0833,0.2374,0.6682,0.332,100.7,2.2,33.0,2.849939975990396,0.7626
Unknown_475174,CLE,475174,2018,144,580,522,129,19,0,23,51,127,2,5,0.247,0.314,0.416,0.73,0.169,0.281,0.0879,0.219,0.6897,0.332,100.7,2.0,31.0,2.4914675767918086,0.781
Unknown_546318,PHI,546318,2018,147,597,550,140,19,3,22,38,122,7,1,0.255,0.31,0.42,0.73,0.165,0.29,0.0637,0.2044,0.7186,0.332,100.7,2.0,27.0,3.2087912087912085,0.7956
Unknown_592122,NYY,592122,2018,68,268,244,56,10,0,17,19,95,2,3,0.23,0.287,0.48,0.767,0.25,0.289,0.0709,0.3545,0.5672,0.332,100.7,0.9,27.0,4.999999999999999,0.6455
Unknown_608384,PHI,608384,2018,137,448,407,104,12,3,17,32,111,9,0,0.256,0.324,0.425,0.749,0.17,0.312,0.0714,0.2478,0.6607,0.332,100.7,1.5,25.0,3.4705882352941173,0.7522
Unknown_543543,TB,543543,2018,75,254,230,57,13,2,7,22,82,0,2,0.248,0.311,0.413,0.724,0.165,0.35,0.0866,0.3228,0.5906,0.332,100.7,0.9,29.0,3.727482678983834,0.6772
Unknown_542340,MIL,542340,2018,139,515,466,121,14,1,14,41,138,5,2,0.26,0.325,0.384,0.709,0.124,0.339,0.0796,0.268,0.6408,0.331,100.0,1.7,27.0,3.3668341708542715,0.732
Unknown_596146,MIN,596146,2018,156,611,532,119,30,4,20,71,96,5,3,0.224,0.319,0.408,0.727,0.184,0.236,0.1162,0.1571,0.7185,0.331,100.0,2.0,25.0,1.3519793459552496,0.8429
Unknown_502143,BAL,502143,2018,77,282,255,67,8,1,9,22,53,0,5,0.263,0.316,0.408,0.723,0.145,0.293,0.078,0.1879,0.734,0.331,100.0,0.9,34.0,2.4089743589743593,0.8121
Unknown_646240,BOS,646240,2018,123,501,460,112,24,0,21,39,122,0,2,0.243,0.301,0.433,0.734,0.189,0.285,0.0778,0.2435,0.6786,0.33,99.3,1.6,22.0,3.129820051413882,0.7565
Unknown_518792,CHC,518792,2018,126,491,443,119,23,4,8,42,61,2,2,0.269,0.333,0.393,0.726,0.124,0.295,0.0855,0.1242,0.7821,0.33,99.3,1.6,29.0,1.4526315789473683,0.8758
Unknown_623520,CHC,623520,2018,73,212,186,44,9,2,6,19,62,4,3,0.237,0.316,0.403,0.719,0.167,0.314,0.0896,0.2925,0.5991,0.33,99.3,0.7,25.0,3.2645089285714284,0.7075
Unknown_543333,SD,543333,2018,157,677,613,155,31,2,18,62,142,1,1,0.253,0.322,0.398,0.72,0.145,0.302,0.0916,0.2097,0.6972,0.33,99.3,2.2,29.0,2.289301310043668,0.7903
Unknown_607345,CWS,607345,2018,51,187,171,50,6,0,3,10,18,5,1,0.292,0.348,0.38,0.728,0.088,0.311,0.0535,0.0963,0.8235,0.33,99.3,0.6,30.0,1.8,0.9037
Unknown_592325,SEA,592325,2018,98,293,257,70,14,4,1,31,61,4,1,0.272,0.358,0.37,0.728,0.097,0.352,0.1058,0.2082,0.6724,0.329,98.7,0.9,26.0,1.9678638941398865,0.7918000000000001
Unknown_541645,CWS,541645,2018,91,385,356,84,11,2,19,20,102,4,5,0.236,0.281,0.438,0.719,0.202,0.271,0.0519,0.2649,0.6727,0.329,98.7,1.2,27.0,5.104046242774567,0.7351
Unknown_502210,HOU,502210,2018,135,503,450,110,13,2,18,50,79,0,2,0.244,0.319,0.402,0.721,0.158,0.259,0.0994,0.1571,0.7416,0.327,97.3,1.5,31.0,1.5804828973843057,0.8429
Unknown_546991,CHC,546991,2018,146,485,449,129,24,1,5,24,85,3,6,0.287,0.324,0.379,0.702,0.091,0.34,0.0495,0.1753,0.7629,0.327,97.3,1.5,24.0,3.5414141414141413,0.8247
Unknown_571718,KC,571718,2018,73,180,159,38,6,0,6,16,57,3,1,0.239,0.318,0.39,0.708,0.151,0.33,0.0889,0.3167,0.5722,0.327,97.3,0.5,28.0,3.5624296962879636,0.6833
Unknown_608671,SD,608671,2018,113,387,347,90,12,3,4,37,73,1,0,0.259,0.332,0.346,0.678,0.086,0.319,0.0956,0.1886,0.708,0.327,97.3,1.2,27.0,1.9728033472803346,0.8114
Unknown_527038,NYM,527038,2018,126,429,386,103,25,0,11,29,42,5,9,0.267,0.319,0.417,0.736,0.15,0.269,0.0676,0.0979,0.8228,0.327,97.3,1.3,27.0,1.4482248520710062,0.9021
Unknown_608597,TEX,608597,2018,117,428,387,91,18,2,16,33,121,7,1,0.235,0.306,0.416,0.722,0.181,0.299,0.0771,0.2827,0.6238,0.326,96.7,1.2,24.0,3.6666666666666665,0.7173
Unknown_543760,ATH,543760,2018,159,707,635,162,35,2,15,62,132,1,7,0.255,0.319,0.387,0.707,0.132,0.297,0.0877,0.1867,0.7214,0.325,96.0,2.0,28.0,2.12884834663626,0.8133
Unknown_462101,TEX,462101,2018,97,428,395,101,20,3,6,28,66,3,2,0.256,0.308,0.367,0.675,0.111,0.292,0.0654,0.1542,0.7734,0.325,96.0,1.2,30.0,2.3577981651376145,0.8458
Unknown_600869,DET,600869,2018,143,619,539,121,28,3,19,66,160,9,5,0.224,0.317,0.393,0.71,0.169,0.279,0.1066,0.2585,0.6204,0.325,96.0,1.7,25.0,2.424953095684803,0.7415
Unknown_608700,NYM,608700,2018,77,277,238,50,13,2,7,28,65,9,1,0.21,0.315,0.37,0.685,0.16,0.257,0.1011,0.2347,0.6282,0.325,96.0,0.8,27.0,2.321463897131553,0.7653
Unknown_621020,ATL,621020,2018,134,533,478,114,25,4,14,44,122,2,3,0.238,0.304,0.395,0.699,0.157,0.29,0.0826,0.2289,0.6735,0.325,96.0,1.5,24.0,2.771186440677966,0.7711
Unknown_578428,DET,578428,2018,123,464,432,116,31,3,5,19,47,8,2,0.269,0.31,0.389,0.699,0.12,0.291,0.0409,0.1013,0.8341,0.325,96.0,1.3,28.0,2.4767726161369192,0.8987
Unknown_594828,HOU,594828,2018,131,453,409,92,17,0,25,33,102,3,8,0.225,0.283,0.45,0.732,0.225,0.231,0.0728,0.2252,0.6954,0.324,95.3,1.2,32.0,3.0934065934065935,0.7747999999999999
Unknown_598265,BOS,598265,2018,144,557,492,114,35,4,13,50,142,11,4,0.232,0.314,0.398,0.713,0.167,0.296,0.0898,0.2549,0.6355,0.324,95.3,1.5,28.0,2.838530066815145,0.7451
Unknown_444489,MIL,444489,2018,97,345,311,79,13,2,9,24,62,5,4,0.254,0.314,0.395,0.709,0.141,0.287,0.0696,0.1797,0.7333,0.324,95.3,0.9,31.0,2.581896551724138,0.8203
Unknown_455104,COL,455104,2018,111,369,308,67,13,1,11,50,90,7,3,0.218,0.337,0.373,0.71,0.156,0.267,0.1355,0.2439,0.5989,0.324,95.3,1.0,35.0,1.7999999999999998,0.7561
Unknown_543063,SF,543063,2018,150,594,531,135,28,2,14,50,122,8,5,0.254,0.325,0.394,0.719,0.139,0.302,0.0842,0.2054,0.697,0.324,95.3,1.6,31.0,2.4394299287410925,0.7946
Unknown_543308,DET,543308,2018,81,312,288,75,12,1,9,22,84,0,1,0.26,0.312,0.403,0.715,0.142,0.337,0.0705,0.2692,0.6571,0.324,95.3,0.9,29.0,3.818439716312057,0.7308
Unknown_572821,MIN,572821,2018,155,637,558,120,30,2,21,70,131,4,5,0.215,0.305,0.389,0.693,0.174,0.241,0.1099,0.2057,0.6782,0.323,94.7,1.7,31.0,1.8717015468607825,0.7943
Unknown_541650,MIL,541650,2018,124,346,326,83,13,2,9,18,73,0,2,0.255,0.292,0.39,0.681,0.135,0.301,0.052,0.211,0.737,0.323,94.7,0.9,27.0,4.0576923076923075,0.789
Unknown_621043,HOU,621043,2018,115,490,419,99,20,1,16,58,115,2,11,0.236,0.324,0.403,0.728,0.167,0.278,0.1184,0.2347,0.6429,0.323,94.7,1.3,24.0,1.9822635135135134,0.7653
Unknown_543401,CLE,543401,2018,150,610,539,123,28,1,18,60,118,7,3,0.228,0.312,0.384,0.696,0.156,0.259,0.0984,0.1934,0.6951,0.323,94.7,1.6,31.0,1.9654471544715446,0.8066
Unknown_542255,ATL,542255,2018,160,674,610,161,27,6,10,49,90,6,4,0.264,0.323,0.377,0.7,0.113,0.294,0.0727,0.1335,0.7774,0.322,94.0,1.7,28.0,1.8363136176066026,0.8665
Unknown_607680,TOR,607680,2018,139,542,512,129,40,2,15,18,98,6,6,0.252,0.282,0.426,0.708,0.174,0.281,0.0332,0.1808,0.7749,0.322,94.0,1.4,29.0,5.44578313253012,0.8192
Unknown_545358,HOU,545358,2018,78,250,221,50,13,0,8,23,74,6,0,0.226,0.316,0.394,0.71,0.167,0.302,0.092,0.296,0.588,0.322,94.0,0.6,27.0,3.217391304347826,0.704
Unknown_660162,CWS,660162,2018,149,650,578,136,32,6,17,67,217,1,2,0.235,0.315,0.4,0.714,0.164,0.344,0.1031,0.3338,0.5585,0.322,94.0,1.7,23.0,3.2376333656644034,0.6662
Unknown_572073,BAL,572073,2018,68,230,213,52,10,1,8,15,55,2,0,0.244,0.3,0.413,0.713,0.169,0.293,0.0652,0.2391,0.687,0.322,94.0,0.6,27.0,3.6671779141104297,0.7609
Unknown_405395,LAA,405395,2018,117,498,465,114,20,0,19,28,65,2,3,0.245,0.289,0.411,0.7,0.166,0.247,0.0562,0.1305,0.8092,0.322,94.0,1.3,38.0,2.3220640569395017,0.8694999999999999
Unknown_446263,KC,446263,2018,108,370,331,79,14,1,14,28,103,8,3,0.239,0.311,0.414,0.725,0.175,0.3,0.0757,0.2784,0.6243,0.321,93.3,0.9,32.0,3.6776750330250985,0.7216
Unknown_600303,CHC,600303,2018,120,190,171,45,8,0,1,17,27,2,0,0.263,0.337,0.327,0.664,0.064,0.308,0.0895,0.1421,0.7474,0.321,93.3,0.5,29.0,1.587709497206704,0.8579
Unknown_656775,BAL,656775,2018,44,191,170,40,9,0,4,17,37,2,0,0.235,0.312,0.359,0.671,0.124,0.279,0.089,0.1937,0.6963,0.321,93.3,0.5,24.0,2.1764044943820227,0.8063
Unknown_571466,CIN,571466,2018,134,522,460,114,21,3,10,54,96,2,3,0.248,0.328,0.372,0.699,0.124,0.291,0.1034,0.1839,0.7031,0.321,93.3,1.3,27.0,1.7785299806576402,0.8161
Unknown_519222,NYY,519222,2018,74,265,242,59,12,0,10,17,67,2,3,0.244,0.295,0.417,0.713,0.174,0.292,0.0642,0.2528,0.6717,0.321,93.3,0.7,30.0,3.937694704049845,0.7472
Unknown_640447,CIN,640447,2018,75,247,218,55,10,1,7,20,60,5,4,0.252,0.324,0.404,0.728,0.151,0.31,0.081,0.2429,0.6559,0.32,92.7,0.6,26.0,2.9987654320987653,0.7571
Unknown_456078,CWS,456078,2018,48,181,170,44,7,0,6,9,46,2,0,0.259,0.304,0.406,0.71,0.147,0.322,0.0497,0.2541,0.6851,0.32,92.7,0.4,31.0,5.112676056338028,0.7459
Unknown_431145,TOR,431145,2018,89,352,289,56,8,0,10,56,82,7,0,0.194,0.338,0.325,0.663,0.131,0.234,0.1591,0.233,0.5881,0.32,92.7,0.8,35.0,1.4644877435575112,0.767
Unknown_458731,NYY,458731,2018,144,621,538,125,20,7,12,68,108,5,6,0.232,0.321,0.362,0.683,0.13,0.267,0.1095,0.1739,0.7021,0.319,92.0,1.4,35.0,1.5881278538812784,0.8261000000000001
Unknown_452095,ATL,452095,2018,80,304,258,58,9,0,8,36,79,9,1,0.225,0.339,0.353,0.692,0.128,0.291,0.1184,0.2599,0.5921,0.319,92.0,0.7,32.0,2.1951013513513513,0.7401
Unknown_641820,BAL,641820,2018,154,636,582,141,23,3,24,44,153,5,5,0.242,0.299,0.416,0.715,0.174,0.285,0.0692,0.2406,0.6824,0.319,92.0,1.5,26.0,3.4768786127167632,0.7594
Unknown_595978,SD,595978,2018,91,326,303,70,14,2,14,21,90,1,1,0.231,0.282,0.429,0.711,0.198,0.28,0.0644,0.2761,0.6564,0.319,92.0,0.8,26.0,4.287267080745342,0.7239
Unknown_534606,MIN,534606,2018,65,180,165,46,11,0,2,10,53,2,3,0.279,0.322,0.382,0.704,0.103,0.389,0.0556,0.2944,0.6389,0.319,92.0,0.4,30.0,5.294964028776978,0.7056
Unknown_571912,TOR,571912,2018,62,231,202,50,13,1,3,25,67,2,2,0.248,0.333,0.366,0.7,0.119,0.351,0.1082,0.29,0.5931,0.318,91.3,0.5,27.0,2.6802218114602585,0.71
Unknown_453943,NYM,453943,2018,115,472,408,87,18,0,18,48,112,8,8,0.213,0.303,0.39,0.693,0.176,0.241,0.1017,0.2373,0.6441,0.318,91.3,1.1,32.0,2.3333333333333335,0.7626999999999999
Unknown_445055,AZ,445055,2018,143,586,527,141,19,7,3,33,95,18,3,0.268,0.33,0.347,0.678,0.08,0.319,0.0563,0.1621,0.7423,0.318,91.3,1.3,33.0,2.8792184724689163,0.8379
Unknown_544725,CWS,544725,2018,77,275,258,70,7,4,4,9,69,3,1,0.271,0.303,0.376,0.679,0.105,0.355,0.0327,0.2509,0.6909,0.317,90.7,0.6,27.0,7.672782874617737,0.7491
Unknown_605512,ATL,605512,2018,92,184,166,38,11,0,6,13,43,4,1,0.229,0.299,0.404,0.703,0.175,0.271,0.0707,0.2337,0.6739,0.317,90.7,0.4,28.0,3.3055162659123054,0.7663
Unknown_520471,SD,520471,2018,162,656,602,149,31,5,13,45,147,2,6,0.248,0.299,0.38,0.68,0.133,0.304,0.0686,0.2241,0.7027,0.317,90.7,1.4,29.0,3.2667638483965016,0.7759
Unknown_446308,WSH,446308,2018,76,271,235,56,8,0,8,30,45,3,2,0.238,0.33,0.374,0.704,0.136,0.261,0.1107,0.1661,0.7085,0.317,90.7,0.6,32.0,1.5004516711833784,0.8339
Unknown_571875,AZ,571875,2018,56,238,207,46,8,0,6,26,65,1,4,0.222,0.307,0.348,0.655,0.126,0.286,0.1092,0.2731,0.6134,0.317,90.7,0.5,28.0,2.500915750915751,0.7269
Unknown_628338,SEA,628338,2018,106,337,292,69,14,1,5,32,52,4,2,0.236,0.318,0.342,0.661,0.106,0.27,0.095,0.1543,0.7181,0.316,90.0,0.7,27.0,1.6242105263157893,0.8457
Unknown_521692,KC,521692,2018,129,544,510,120,23,0,27,17,108,12,5,0.235,0.274,0.439,0.713,0.204,0.245,0.0312,0.1985,0.7482,0.316,90.0,1.1,28.0,6.362179487179488,0.8015
Unknown_643396,TEX,643396,2018,104,396,356,93,18,2,4,28,62,6,1,0.261,0.325,0.357,0.682,0.096,0.306,0.0707,0.1566,0.7449,0.316,90.0,0.8,23.0,2.214992927864215,0.8434
Unknown_460086,KC,460086,2018,141,568,506,124,24,0,13,50,124,10,2,0.245,0.324,0.37,0.694,0.125,0.299,0.088,0.2183,0.6761,0.316,90.0,1.2,34.0,2.4806818181818184,0.7817000000000001
Unknown_621453,SF,621453,2018,40,152,141,36,11,1,2,10,44,0,1,0.255,0.303,0.39,0.693,0.135,0.354,0.0658,0.2895,0.6447,0.316,90.0,0.3,25.0,4.399696048632219,0.7105
Unknown_571980,CLE,571980,2018,58,183,174,46,7,0,3,6,42,2,1,0.264,0.295,0.356,0.651,0.092,0.331,0.0328,0.2295,0.7268,0.316,90.0,0.4,27.0,6.996951219512195,0.7705
Unknown_570560,CWS,570560,2018,155,662,600,145,34,10,8,49,138,8,3,0.242,0.306,0.372,0.678,0.13,0.3,0.074,0.2085,0.7024,0.315,89.3,1.3,26.0,2.8175675675675675,0.7915
Unknown_605113,AZ,605113,2018,148,564,516,121,33,5,16,40,109,2,5,0.234,0.29,0.411,0.7,0.176,0.265,0.0709,0.1933,0.7305,0.315,89.3,1.1,28.0,2.7263751763046544,0.8067
Unknown_605486,SD,605486,2018,113,329,298,70,9,4,7,25,108,2,0,0.235,0.298,0.362,0.661,0.128,0.344,0.076,0.3283,0.5775,0.315,89.3,0.7,27.0,4.319736842105263,0.6717
Unknown_593700,SF,593700,2018,104,310,294,74,17,5,8,9,71,1,3,0.252,0.274,0.425,0.699,0.173,0.303,0.029,0.229,0.729,0.315,89.3,0.6,26.0,7.896551724137931,0.771
Unknown_605131,LAD,605131,2018,94,242,203,41,5,0,4,32,68,6,0,0.202,0.328,0.286,0.614,0.084,0.282,0.1322,0.281,0.5579,0.314,88.7,0.5,29.0,2.1255673222390317,0.719
Unknown_446386,CLE,446386,2018,89,223,196,40,11,0,7,15,49,11,0,0.204,0.297,0.367,0.665,0.163,0.236,0.0673,0.2197,0.6592,0.314,88.7,0.4,32.0,3.264487369985141,0.7803
Unknown_641343,TB,641343,2018,95,388,323,65,22,2,11,54,104,3,6,0.201,0.316,0.384,0.7,0.183,0.252,0.1392,0.268,0.5799,0.314,88.7,0.7,23.0,1.9252873563218393,0.732
Unknown_502226,BAL,502226,2018,50,169,156,42,5,2,1,11,31,1,0,0.269,0.321,0.346,0.668,0.077,0.331,0.0651,0.1834,0.7396,0.314,88.7,0.3,35.0,2.8172043010752685,0.8166
Unknown_457727,MIA,457727,2018,126,384,342,85,14,2,4,38,75,2,2,0.249,0.326,0.336,0.662,0.088,0.306,0.099,0.1953,0.7005,0.313,88.0,0.7,31.0,1.9727272727272727,0.8047
Unknown_459964,ATH,459964,2018,80,246,207,43,9,0,7,35,53,1,2,0.208,0.322,0.353,0.675,0.145,0.242,0.1423,0.2154,0.6341,0.313,88.0,0.4,34.0,1.5137034434293746,0.7846
Unknown_474568,PIT,474568,2018,116,436,394,99,29,2,6,32,87,6,3,0.251,0.315,0.381,0.696,0.129,0.306,0.0734,0.1995,0.711,0.313,88.0,0.8,32.0,2.717983651226158,0.8005
Unknown_460026,SF,460026,2018,96,305,282,68,13,2,10,22,85,1,0,0.241,0.298,0.408,0.706,0.167,0.31,0.0721,0.2787,0.6459,0.312,87.3,0.5,35.0,3.8654646324549238,0.7213
Unknown_446334,SF,446334,2018,124,512,480,117,25,4,16,22,101,5,5,0.244,0.281,0.412,0.694,0.169,0.274,0.043,0.1973,0.75,0.312,87.3,0.9,33.0,4.588372093023256,0.8027
Unknown_519023,NYM,519023,2018,84,274,244,54,10,0,11,25,52,4,1,0.221,0.303,0.398,0.7,0.176,0.236,0.0912,0.1898,0.7044,0.312,87.3,0.5,30.0,2.081140350877193,0.8102
Unknown_596142,NYY,596142,2018,94,394,341,63,18,0,20,47,99,3,3,0.185,0.287,0.413,0.7,0.229,0.191,0.1193,0.2513,0.6218,0.311,86.7,0.6,26.0,2.1064543168482817,0.7486999999999999
Unknown_501303,MIN,501303,2018,108,366,335,84,23,1,6,24,82,1,2,0.251,0.301,0.379,0.68,0.128,0.313,0.0656,0.224,0.6967,0.311,86.7,0.6,29.0,3.4146341463414633,0.776
Unknown_664058,LAA,664058,2018,79,306,283,78,18,2,1,15,34,3,2,0.276,0.317,0.364,0.681,0.088,0.308,0.049,0.1111,0.8203,0.311,86.7,0.5,24.0,2.26734693877551,0.8889
Unknown_642708,NYM,642708,2018,153,592,554,142,26,8,9,29,119,3,3,0.256,0.295,0.381,0.676,0.125,0.31,0.049,0.201,0.7399,0.31,86.0,0.9,23.0,4.1020408163265305,0.7989999999999999
Unknown_593528,KC,593528,2018,68,270,236,53,16,2,4,29,71,2,2,0.225,0.312,0.36,0.672,0.136,0.301,0.1074,0.263,0.6185,0.31,86.0,0.4,25.0,2.4487895716945998,0.737
Unknown_641313,CWS,641313,2018,153,606,567,136,28,3,20,30,149,4,3,0.24,0.281,0.406,0.687,0.166,0.289,0.0495,0.2459,0.6947,0.31,86.0,0.9,25.0,4.9676767676767675,0.7541
Unknown_456488,BOS,456488,2018,131,518,494,129,24,3,10,18,71,2,3,0.261,0.288,0.383,0.671,0.121,0.286,0.0347,0.1371,0.8224,0.309,85.3,0.8,31.0,3.951008645533141,0.8629
Unknown_435522,NYY,435522,2018,112,403,351,77,12,1,11,42,89,6,4,0.219,0.31,0.353,0.663,0.134,0.259,0.1042,0.2208,0.66,0.309,85.3,0.6,33.0,2.1190019193857963,0.7792
Unknown_545350,HOU,545350,2018,83,235,214,45,8,1,10,15,85,4,1,0.21,0.274,0.397,0.671,0.187,0.292,0.0638,0.3617,0.5532,0.309,85.3,0.3,27.0,5.669278996865205,0.6383
Unknown_595281,TB,595281,2018,87,367,332,72,12,9,7,25,91,6,2,0.217,0.282,0.37,0.653,0.154,0.275,0.0681,0.248,0.6621,0.309,85.3,0.5,28.0,3.641703377386197,0.752
Unknown_608654,TB,608654,2018,74,233,221,49,13,0,9,7,72,3,1,0.222,0.254,0.403,0.657,0.181,0.284,0.03,0.309,0.6438,0.308,84.7,0.3,26.0,10.3,0.6910000000000001
Unknown_608365,CHC,608365,2018,124,465,420,105,21,1,5,40,99,2,2,0.25,0.317,0.34,0.657,0.09,0.314,0.086,0.2129,0.6946,0.308,84.7,0.6,24.0,2.4755813953488373,0.7871
Unknown_593934,MIN,593934,2018,71,299,266,53,14,0,13,31,115,0,2,0.199,0.281,0.398,0.679,0.199,0.286,0.1037,0.3846,0.5117,0.308,84.7,0.4,25.0,3.70877531340405,0.6154
Unknown_435079,LAA,435079,2018,133,552,504,121,28,0,14,41,74,4,3,0.24,0.301,0.379,0.68,0.139,0.255,0.0743,0.1341,0.7844,0.307,84.0,0.7,36.0,1.8048452220726783,0.8659
Unknown_656185,CLE,656185,2018,84,292,266,68,11,3,2,14,58,7,1,0.256,0.309,0.342,0.651,0.086,0.319,0.0479,0.1986,0.7158,0.307,84.0,0.4,25.0,4.146137787056367,0.8014
Unknown_592261,TEX,592261,2018,100,393,334,72,14,1,2,43,83,3,1,0.216,0.31,0.281,0.591,0.066,0.28,0.1094,0.2112,0.6412,0.307,84.0,0.5,26.0,1.9305301645338209,0.7888
Unknown_592387,SEA,592387,2018,133,524,493,116,15,0,24,27,113,2,2,0.235,0.277,0.412,0.688,0.176,0.257,0.0515,0.2156,0.729,0.307,84.0,0.7,26.0,4.186407766990292,0.7844
Unknown_500743,MIA,500743,2018,148,528,489,123,13,0,11,24,69,9,4,0.252,0.297,0.346,0.642,0.094,0.271,0.0455,0.1307,0.803,0.307,84.0,0.7,29.0,2.872527472527473,0.8693
Unknown_641857,COL,641857,2018,92,206,184,42,9,1,5,19,65,2,1,0.228,0.306,0.37,0.675,0.141,0.322,0.0922,0.3155,0.5825,0.306,83.3,0.3,24.0,3.4219088937093276,0.6845
Unknown_491676,SF,491676,2018,135,451,414,97,16,2,15,27,113,4,4,0.234,0.285,0.391,0.676,0.157,0.283,0.0599,0.2506,0.6763,0.306,83.3,0.5,31.0,4.18363939899833,0.7494000000000001
Unknown_622534,SD,622534,2018,138,519,477,117,26,8,8,32,88,2,7,0.245,0.292,0.384,0.675,0.138,0.281,0.0617,0.1696,0.763,0.306,83.3,0.6,24.0,2.7487844408427877,0.8304
Unknown_519306,AZ,519306,2018,71,272,241,53,15,3,5,28,75,3,0,0.22,0.309,0.369,0.678,0.149,0.298,0.1029,0.2757,0.6103,0.306,83.3,0.3,29.0,2.6793002915451893,0.7242999999999999
Unknown_596103,SF,596103,2018,74,225,199,50,6,1,1,20,69,5,1,0.251,0.333,0.307,0.64,0.055,0.377,0.0889,0.3067,0.5822,0.305,82.7,0.3,26.0,3.4499437570303706,0.6933
Unknown_446359,LAA,446359,2018,58,253,224,49,13,2,5,19,42,7,3,0.219,0.296,0.362,0.658,0.143,0.244,0.0751,0.166,0.7312,0.305,82.7,0.3,33.0,2.210386151797603,0.834
Unknown_457803,NYM,457803,2018,94,361,319,71,18,1,9,41,75,0,1,0.223,0.31,0.37,0.68,0.147,0.263,0.1136,0.2078,0.6787,0.304,82.0,0.4,31.0,1.829225352112676,0.7922
Unknown_543829,SEA,543829,2018,140,588,556,149,17,8,4,9,80,9,5,0.268,0.288,0.349,0.637,0.081,0.304,0.0153,0.1361,0.818,0.304,82.0,0.6,30.0,8.895424836601308,0.8639
Unknown_542921,BAL,542921,2018,96,402,369,85,17,0,12,27,100,3,2,0.23,0.287,0.374,0.661,0.144,0.282,0.0672,0.2488,0.6741,0.302,80.7,0.4,28.0,3.7023809523809526,0.7512
Unknown_543281,PIT,543281,2018,96,374,344,86,13,1,8,18,68,5,5,0.25,0.293,0.363,0.656,0.113,0.286,0.0481,0.1818,0.7513,0.302,80.7,0.3,31.0,3.7796257796257797,0.8182
Unknown_400121,DET,400121,2018,133,508,467,117,21,0,9,32,49,2,7,0.251,0.297,0.353,0.651,0.103,0.26,0.063,0.0965,0.8366,0.302,80.7,0.4,40.0,1.5317460317460319,0.9035
Unknown_570731,BAL,570731,2018,130,503,475,110,22,1,21,19,116,4,4,0.232,0.265,0.415,0.68,0.183,0.26,0.0378,0.2306,0.7217,0.301,80.0,0.4,27.0,6.1005291005291005,0.7694
Unknown_594694,WSH,594694,2018,139,456,408,94,14,7,7,39,82,2,4,0.23,0.298,0.35,0.649,0.12,0.269,0.0855,0.1798,0.7237,0.301,80.0,0.4,26.0,2.102923976608187,0.8202
Unknown_400284,LAD,400284,2018,83,187,164,35,10,1,1,17,34,5,1,0.213,0.305,0.305,0.61,0.091,0.262,0.0909,0.1818,0.7005,0.301,80.0,0.1,40.0,2.0,0.8182
Unknown_581527,TOR,581527,2018,100,378,357,83,14,3,11,16,64,5,0,0.232,0.275,0.381,0.656,0.148,0.255,0.0423,0.1693,0.7751,0.301,80.0,0.3,27.0,4.002364066193854,0.8307
Unknown_547170,CWS,547170,2018,88,318,284,61,11,5,8,27,80,6,1,0.215,0.296,0.373,0.669,0.158,0.269,0.0849,0.2516,0.6447,0.299,78.7,0.2,26.0,2.963486454652532,0.7484
Unknown_641531,KC,641531,2018,102,388,362,83,19,4,11,24,109,1,1,0.229,0.278,0.395,0.673,0.166,0.296,0.0619,0.2809,0.6546,0.299,78.7,0.2,27.0,4.537964458804524,0.7191000000000001
Unknown_408236,NYM,408236,2018,53,187,169,40,5,0,6,15,34,1,2,0.237,0.299,0.373,0.672,0.136,0.26,0.0802,0.1818,0.7326,0.299,78.7,0.1,36.0,2.266832917705736,0.8182
Unknown_572191,WSH,572191,2018,121,385,353,80,22,3,6,29,116,1,0,0.227,0.287,0.357,0.644,0.13,0.32,0.0753,0.3013,0.6156,0.298,78.0,0.2,27.0,4.00132802124834,0.6987
Unknown_456124,MIL,456124,2018,67,235,218,54,8,0,6,7,43,7,2,0.248,0.291,0.367,0.658,0.119,0.281,0.0298,0.183,0.7532,0.297,77.3,0.1,38.0,6.140939597315436,0.817
Unknown_527043,LAA,527043,2018,78,209,194,42,7,1,7,13,41,2,0,0.216,0.273,0.371,0.644,0.155,0.24,0.0622,0.1962,0.7321,0.297,77.3,0.1,27.0,3.154340836012862,0.8038
Unknown_451192,DET,451192,2018,56,185,176,47,8,2,3,6,45,0,1,0.267,0.29,0.386,0.676,0.119,0.341,0.0324,0.2432,0.7135,0.297,77.3,0.1,33.0,7.506172839506173,0.7568
Unknown_460576,TB,460576,2018,111,408,360,75,15,2,9,25,103,21,0,0.208,0.298,0.336,0.634,0.128,0.266,0.0613,0.2525,0.6299,0.297,77.3,0.2,33.0,4.1190864600326265,0.7475
Unknown_572122,SEA,572122,2018,155,630,583,129,36,1,22,38,138,5,4,0.221,0.273,0.4,0.673,0.178,0.251,0.0603,0.219,0.7127,0.296,76.7,0.2,31.0,3.6318407960199006,0.781
Unknown_543484,DET,543484,2018,66,250,223,45,4,2,9,21,66,3,3,0.202,0.276,0.359,0.635,0.157,0.238,0.084,0.264,0.64,0.296,76.7,0.1,29.0,3.142857142857143,0.736
Unknown_500208,TOR,500208,2018,122,506,468,106,20,0,17,31,72,3,3,0.226,0.277,0.378,0.655,0.152,0.233,0.0613,0.1423,0.7885,0.296,76.7,0.2,31.0,2.3213703099510603,0.8577
Unknown_605412,SF,605412,2018,101,392,358,91,14,1,4,26,30,3,4,0.254,0.307,0.332,0.639,0.078,0.265,0.0663,0.0765,0.8469,0.295,76.0,0.1,28.0,1.153846153846154,0.9235
Unknown_594807,CIN,594807,2018,135,427,384,75,20,0,15,37,117,5,1,0.195,0.274,0.365,0.639,0.169,0.237,0.0867,0.274,0.6276,0.295,76.0,0.1,30.0,3.160322952710496,0.726
Unknown_595885,NYY,595885,2018,81,311,272,54,16,1,11,30,78,5,4,0.199,0.286,0.386,0.672,0.188,0.23,0.0965,0.2508,0.6367,0.295,76.0,0.1,26.0,2.5989637305699484,0.7492
Unknown_435263,HOU,435263,2018,63,219,192,40,3,0,7,19,42,6,2,0.208,0.297,0.333,0.63,0.125,0.228,0.0868,0.1918,0.6941,0.294,75.3,0.0,34.0,2.2096774193548385,0.8082
Unknown_595375,MIA,595375,2018,96,332,308,71,10,4,9,20,67,0,1,0.231,0.277,0.377,0.653,0.146,0.266,0.0602,0.2018,0.7289,0.294,75.3,0.1,27.0,3.3521594684385385,0.7982
Unknown_517369,SD,517369,2018,145,473,438,109,23,2,5,30,89,3,2,0.249,0.3,0.345,0.645,0.096,0.301,0.0634,0.1882,0.7421,0.294,75.3,0.1,29.0,2.968454258675079,0.8118
Unknown_572287,SEA,572287,2018,109,405,373,75,18,0,20,24,150,6,2,0.201,0.259,0.41,0.669,0.209,0.268,0.0593,0.3704,0.5556,0.294,75.3,0.1,27.0,6.246205733558179,0.6295999999999999
Unknown_605170,CHC,605170,2018,75,201,182,42,7,0,2,12,42,4,1,0.231,0.291,0.302,0.594,0.071,0.288,0.0597,0.209,0.7015,0.293,74.7,0.0,25.0,3.500837520938023,0.791
Unknown_489149,MIN,489149,2018,93,359,318,59,13,0,15,34,80,6,1,0.186,0.276,0.368,0.644,0.182,0.196,0.0947,0.2228,0.6657,0.293,74.7,0.0,31.0,2.3526927138331573,0.7772
Unknown_595284,PHI,595284,2018,84,215,187,37,6,2,4,24,75,2,1,0.198,0.294,0.316,0.61,0.118,0.303,0.1116,0.3488,0.5256,0.292,74.0,0.0,27.0,3.125448028673835,0.6512
Unknown_607054,BAL,607054,2018,77,246,210,42,13,2,3,31,58,3,1,0.2,0.31,0.324,0.634,0.124,0.26,0.126,0.2358,0.622,0.292,74.0,0.0,28.0,1.8714285714285714,0.7642
Unknown_594824,STL,594824,2018,104,208,181,40,6,0,3,20,37,4,2,0.221,0.309,0.304,0.613,0.083,0.259,0.0962,0.1779,0.7019,0.291,73.3,-0.0,29.0,1.8492723492723495,0.8221
Unknown_594777,LAA,594777,2018,137,551,491,102,18,2,19,53,133,1,6,0.208,0.283,0.369,0.652,0.161,0.241,0.0962,0.2414,0.6606,0.291,73.3,-0.0,31.0,2.5093555093555096,0.7585999999999999
Unknown_457706,SF,457706,2018,115,375,347,85,17,1,3,26,133,1,1,0.245,0.299,0.326,0.624,0.081,0.387,0.0693,0.3547,0.5733,0.291,73.3,-0.0,31.0,5.118326118326118,0.6453
Unknown_445988,MIA,445988,2018,54,209,197,48,9,0,1,11,35,1,0,0.244,0.287,0.305,0.592,0.061,0.292,0.0526,0.1675,0.7751,0.29,72.6,-0.0,35.0,3.1844106463878328,0.8325
Unknown_571740,CIN,571740,2018,149,556,504,119,16,9,4,46,132,1,4,0.236,0.299,0.327,0.626,0.091,0.309,0.0827,0.2374,0.6763,0.289,72.0,-0.1,28.0,2.870616686819831,0.7626
Unknown_641553,CWS,641553,2018,130,463,429,101,17,4,6,18,129,8,1,0.235,0.279,0.336,0.614,0.1,0.322,0.0389,0.2786,0.6501,0.289,72.0,-0.1,27.0,7.161953727506428,0.7214
Unknown_455117,LAA,455117,2018,118,420,387,86,19,1,10,16,104,12,2,0.222,0.273,0.354,0.627,0.132,0.276,0.0381,0.2476,0.6786,0.288,71.3,-0.1,32.0,6.498687664041994,0.7524
Unknown_592444,DET,592444,2018,124,467,429,89,22,6,11,24,142,11,2,0.207,0.266,0.364,0.63,0.156,0.281,0.0514,0.3041,0.6188,0.288,71.3,-0.1,26.0,5.916342412451361,0.6959
Unknown_571437,PHI,571437,2018,104,285,243,44,11,1,8,36,91,4,2,0.181,0.295,0.333,0.628,0.152,0.247,0.1263,0.3193,0.5404,0.288,71.3,-0.1,27.0,2.5281076801266824,0.6807000000000001
Unknown_444876,KC,444876,2018,139,531,485,112,22,3,4,29,74,5,4,0.231,0.279,0.313,0.593,0.082,0.263,0.0546,0.1394,0.7815,0.287,70.6,-0.2,32.0,2.553113553113553,0.8606
Unknown_588751,TB,588751,2018,91,325,299,73,11,0,6,17,58,0,7,0.244,0.279,0.341,0.62,0.097,0.277,0.0523,0.1785,0.7631,0.286,70.0,-0.2,29.0,3.413001912045889,0.8215
Unknown_596119,BOS,596119,2018,74,208,193,44,10,0,3,15,58,0,0,0.228,0.284,0.326,0.61,0.098,0.311,0.0721,0.2788,0.649,0.286,70.0,-0.1,26.0,3.866851595006935,0.7212000000000001
Unknown_523253,MIN,523253,2018,115,416,371,86,16,0,2,41,83,3,1,0.232,0.312,0.291,0.604,0.059,0.293,0.0986,0.1995,0.6947,0.285,69.3,-0.2,31.0,2.0233265720081137,0.8005
Unknown_606115,MIL,606115,2018,117,386,368,88,16,0,6,15,90,1,1,0.239,0.27,0.332,0.602,0.092,0.3,0.0389,0.2332,0.7228,0.284,68.6,-0.3,24.0,5.994858611825193,0.7668
Unknown_547172,COL,547172,2018,70,219,185,33,4,4,3,26,33,6,2,0.178,0.297,0.292,0.589,0.114,0.199,0.1187,0.1507,0.7032,0.284,68.6,-0.1,26.0,1.2695871946082562,0.8492999999999999
Unknown_518960,ATH,518960,2018,127,458,419,101,21,1,4,29,67,3,6,0.241,0.291,0.325,0.616,0.084,0.274,0.0633,0.1463,0.7817,0.283,68.0,-0.3,32.0,2.3112164296998423,0.8537
Unknown_594011,KC,594011,2018,84,302,278,65,14,3,1,19,57,2,2,0.234,0.286,0.317,0.602,0.083,0.288,0.0629,0.1887,0.7384,0.283,68.0,-0.2,26.0,3.0,0.8113
Unknown_452254,SF,452254,2018,97,248,235,53,11,1,4,11,59,0,2,0.226,0.258,0.332,0.59,0.106,0.282,0.0444,0.2379,0.7177,0.282,67.3,-0.2,35.0,5.358108108108108,0.7621
Unknown_488671,AZ,488671,2018,79,234,194,32,6,0,7,37,90,1,2,0.165,0.299,0.304,0.603,0.139,0.253,0.1581,0.3846,0.453,0.282,67.3,-0.2,31.0,2.4326375711574952,0.6154
Unknown_571974,AZ,571974,2018,77,223,208,42,9,0,9,11,71,1,1,0.202,0.244,0.375,0.619,0.173,0.256,0.0493,0.3184,0.6188,0.281,66.6,-0.2,27.0,6.458417849898581,0.6816
Unknown_641319,SD,641319,2018,72,218,189,37,8,1,2,24,46,1,3,0.196,0.286,0.28,0.566,0.085,0.243,0.1101,0.211,0.6697,0.28,66.0,-0.2,27.0,1.916439600363306,0.789
Unknown_572008,AZ,572008,2018,105,309,281,58,15,0,4,24,75,2,2,0.206,0.272,0.302,0.574,0.096,0.265,0.0777,0.2427,0.6731,0.277,64.0,-0.4,27.0,3.1235521235521233,0.7573
Unknown_641583,ATH,641583,2018,61,203,192,43,3,2,6,8,47,1,2,0.224,0.256,0.354,0.61,0.13,0.262,0.0394,0.2315,0.7241,0.276,63.3,-0.3,24.0,5.875634517766498,0.7685
Unknown_664068,PHI,664068,2018,137,484,452,102,23,2,8,24,126,3,5,0.226,0.267,0.338,0.605,0.113,0.291,0.0496,0.2603,0.6839,0.275,62.6,-0.7,24.0,5.247983870967742,0.7397
Unknown_434658,CLE,434658,2018,74,216,196,44,6,1,1,11,48,4,1,0.224,0.278,0.281,0.559,0.056,0.291,0.0509,0.2222,0.6898,0.273,61.3,-0.3,38.0,4.365422396856582,0.7778
Unknown_500135,DET,500135,2018,59,206,191,42,7,0,5,10,42,0,2,0.22,0.256,0.335,0.591,0.115,0.253,0.0485,0.2039,0.733,0.273,61.3,-0.3,26.0,4.204123711340206,0.7961
Unknown_502481,AZ,502481,2018,64,237,206,39,4,2,2,27,34,0,1,0.189,0.282,0.257,0.539,0.068,0.216,0.1139,0.1435,0.73,0.273,61.3,-0.4,34.0,1.259877085162423,0.8565
Unknown_453923,SF,453923,2018,66,203,189,41,7,3,2,12,58,0,1,0.217,0.262,0.317,0.58,0.101,0.3,0.0591,0.2857,0.6502,0.272,60.6,-0.3,35.0,4.834179357021997,0.7142999999999999
Unknown_446481,PIT,446481,2018,62,173,150,25,5,1,5,22,60,1,0,0.167,0.277,0.313,0.591,0.147,0.235,0.1272,0.3468,0.5202,0.272,60.6,-0.3,33.0,2.7264150943396226,0.6532
Unknown_451594,STL,451594,2018,90,334,289,52,10,0,8,38,75,3,4,0.18,0.278,0.298,0.576,0.118,0.21,0.1138,0.2246,0.6527,0.271,60.0,-0.6,32.0,1.9736379613356767,0.7754
Unknown_475247,ATL,475247,2018,81,184,163,35,6,0,2,18,41,1,1,0.215,0.295,0.288,0.583,0.074,0.273,0.0978,0.2228,0.6685,0.27,59.3,-0.3,32.0,2.278118609406953,0.7772
Unknown_460077,KC,460077,2018,58,185,165,31,9,0,3,16,39,2,2,0.188,0.265,0.297,0.562,0.109,0.224,0.0865,0.2108,0.6919,0.27,59.3,-0.3,35.0,2.436994219653179,0.7892
Unknown_408314,NYM,408314,2018,100,251,228,43,12,3,4,22,39,0,0,0.189,0.26,0.32,0.58,0.132,0.211,0.0876,0.1554,0.753,0.269,58.6,-0.5,35.0,1.7739726027397262,0.8446
Unknown_543510,DET,543510,2018,117,457,427,94,16,0,8,26,116,2,2,0.22,0.267,0.314,0.581,0.094,0.282,0.0569,0.2538,0.6849,0.269,58.6,-0.9,28.0,4.460456942003516,0.7462
Unknown_547379,CLE,547379,2018,62,210,179,30,9,1,2,21,70,1,2,0.168,0.256,0.263,0.519,0.095,0.257,0.1,0.3333,0.5286,0.267,57.3,-0.4,30.0,3.3329999999999997,0.6667000000000001
Unknown_472528,LAA,472528,2018,92,288,266,53,9,0,9,19,100,1,2,0.199,0.253,0.335,0.588,0.135,0.277,0.066,0.3472,0.5833,0.267,57.3,-0.6,33.0,5.260606060606061,0.6528
Unknown_621446,MIA,621446,2018,108,405,382,76,10,5,11,17,120,4,2,0.199,0.24,0.338,0.577,0.139,0.257,0.042,0.2963,0.6519,0.265,56.0,-0.9,24.0,7.054761904761905,0.7037
Unknown_543376,BAL,543376,2018,80,280,265,58,14,2,3,10,68,3,1,0.219,0.254,0.321,0.575,0.102,0.282,0.0357,0.2429,0.7071,0.265,56.0,-0.6,32.0,6.803921568627451,0.7571
Unknown_571595,COL,571595,2018,67,153,146,34,4,1,2,6,24,1,0,0.233,0.268,0.315,0.583,0.082,0.267,0.0392,0.1569,0.7974,0.263,54.6,-0.4,27.0,4.002551020408164,0.8431
Unknown_553988,DET,553988,2018,64,233,214,44,13,1,1,14,41,3,1,0.206,0.263,0.29,0.553,0.084,0.249,0.0601,0.176,0.7468,0.263,54.6,-0.6,26.0,2.9284525790349414,0.8240000000000001
Unknown_425772,AZ,425772,2018,67,218,195,39,9,1,1,20,66,0,2,0.2,0.272,0.272,0.544,0.072,0.292,0.0917,0.3028,0.6009,0.261,53.3,-0.6,35.0,3.302071973827699,0.6972
Unknown_642082,BAL,642082,2018,62,184,160,29,8,0,2,13,66,11,0,0.181,0.288,0.269,0.557,0.088,0.293,0.0707,0.3587,0.5109,0.26,52.6,-0.5,23.0,5.073550212164074,0.6413
Unknown_605509,SF,605509,2018,61,152,140,29,4,2,0,9,35,2,0,0.207,0.265,0.264,0.529,0.057,0.276,0.0592,0.2303,0.6908,0.259,52.0,-0.4,28.0,3.8902027027027026,0.7697
Unknown_622682,DET,622682,2018,75,219,212,47,5,3,1,5,46,0,1,0.222,0.239,0.288,0.526,0.066,0.277,0.0228,0.21,0.7626,0.259,52.0,-0.6,24.0,9.210526315789473,0.79
Unknown_501659,KC,501659,2018,47,151,134,24,1,2,3,15,36,0,1,0.179,0.26,0.284,0.544,0.104,0.219,0.0993,0.2384,0.6556,0.258,51.3,-0.4,29.0,2.400805639476334,0.7616
Unknown_543877,BOS,543877,2018,81,283,264,55,10,0,4,14,44,4,0,0.208,0.259,0.292,0.551,0.083,0.236,0.0495,0.1555,0.7774,0.256,50.0,-0.9,28.0,3.1414141414141414,0.8445
Unknown_448801,BAL,448801,2018,128,522,470,79,12,0,16,41,192,7,4,0.168,0.243,0.296,0.539,0.128,0.237,0.0785,0.3678,0.5402,0.252,47.3,-1.8,32.0,4.685350318471338,0.6322
Unknown_435064,MIN,435064,2018,47,151,135,24,8,0,2,12,37,0,2,0.178,0.242,0.281,0.523,0.104,0.224,0.0795,0.245,0.6623,0.25,46.0,-0.5,35.0,3.081761006289308,0.755
Unknown_506702,BOS,506702,2018,89,295,271,47,12,0,5,15,76,4,1,0.173,0.227,0.273,0.5,0.1,0.22,0.0508,0.2576,0.6644,0.245,42.6,-1.2,29.0,5.070866141732283,0.7424
Unknown_592407,MIA,592407,2018,59,166,151,31,5,0,1,10,29,2,2,0.205,0.261,0.258,0.519,0.053,0.244,0.0602,0.1747,0.747,0.243,41.3,-0.7,31.0,2.9019933554817277,0.8253
Unknown_592680,MIA,592680,2018,83,160,139,24,3,0,1,19,51,0,2,0.173,0.269,0.216,0.485,0.043,0.258,0.1188,0.3188,0.5625,0.237,37.3,-0.7,26.0,2.6835016835016834,0.6812
Unknown_600474,WSH,600474,2018,62,213,190,32,9,0,2,18,47,4,1,0.168,0.254,0.247,0.501,0.079,0.211,0.0845,0.2207,0.6761,0.237,37.3,-1.0,25.0,2.611834319526627,0.7793
Unknown_491696,TB,491696,2018,63,198,182,38,5,0,1,9,29,1,2,0.209,0.247,0.253,0.5,0.044,0.24,0.0455,0.1465,0.7828,0.235,35.9,-1.0,30.0,3.21978021978022,0.8535
Unknown_642423,MIA,642423,2018,50,156,147,28,3,0,0,6,39,0,0,0.19,0.222,0.211,0.433,0.02,0.259,0.0385,0.25,0.6923,0.232,33.9,-0.8,22.0,6.4935064935064934,0.75
Unknown_592885,MIL,592885,2019,134,591,499,165,30,3,45,80,120,9,3,0.331,0.43,0.673,1.103,0.343,0.356,0.1354,0.203,0.6464,0.487,191.3,8.8,28.0,1.4992614475627772,0.7969999999999999
Unknown_545361,LAA,545361,2019,139,614,484,141,28,2,46,110,123,16,4,0.291,0.435,0.643,1.077,0.351,0.298,0.1792,0.2003,0.5945,0.477,184.6,8.6,28.0,1.1177455357142858,0.7997
Unknown_641355,LAD,641355,2019,166,700,591,177,36,3,48,101,121,3,5,0.299,0.401,0.614,1.016,0.315,0.302,0.1443,0.1729,0.6786,0.456,170.6,8.6,24.0,1.1981981981981982,0.8271
Unknown_443558,MIN,443558,2019,127,548,478,147,27,0,43,60,136,7,3,0.308,0.391,0.634,1.024,0.326,0.344,0.1095,0.2482,0.6277,0.451,167.2,6.5,39.0,2.2666666666666666,0.7518
Unknown_608324,HOU,608324,2019,170,741,593,174,39,2,43,130,92,10,8,0.293,0.424,0.583,1.007,0.29,0.281,0.1754,0.1242,0.6869,0.449,165.9,8.7,25.0,0.7080957810718358,0.8758
Unknown_670541,HOU,670541,2019,99,410,351,105,29,0,27,55,109,2,2,0.299,0.395,0.613,1.008,0.313,0.359,0.1341,0.2659,0.5951,0.447,164.6,4.7,22.0,1.9828486204325133,0.7341
Unknown_543685,WSH,543685,2019,160,702,588,190,48,3,37,89,94,12,13,0.323,0.415,0.604,1.018,0.281,0.326,0.1268,0.1339,0.7222,0.445,163.2,8.0,29.0,1.055993690851735,0.8661
Unknown_571448,COL,571448,2019,159,674,599,193,33,2,44,63,94,4,8,0.322,0.386,0.604,0.99,0.282,0.318,0.0935,0.1395,0.7611,0.442,161.2,7.5,28.0,1.4919786096256686,0.8605
Unknown_501896,LAD,501896,2019,84,198,173,56,14,0,11,24,48,1,0,0.324,0.409,0.595,1.004,0.272,0.395,0.1212,0.2424,0.6313,0.44,159.9,2.2,36.0,2.0,0.7576
Unknown_665487,SD,665487,2019,90,387,347,108,13,6,22,32,113,5,3,0.311,0.375,0.573,0.948,0.262,0.4,0.0827,0.292,0.6124,0.436,157.2,4.1,20.0,3.5308343409915355,0.708
Unknown_624413,NYM,624413,2019,165,715,618,162,31,3,53,73,185,21,3,0.262,0.358,0.579,0.937,0.317,0.285,0.1021,0.2587,0.6098,0.428,151.9,7.1,25.0,2.533790401567091,0.7413000000000001
Unknown_606466,AZ,606466,2019,149,643,584,190,37,9,32,53,90,4,2,0.325,0.384,0.584,0.968,0.259,0.341,0.0824,0.14,0.7714,0.428,151.9,6.4,26.0,1.6990291262135924,0.86
Unknown_593428,BOS,593428,2019,160,711,626,196,53,1,33,76,122,2,7,0.313,0.385,0.559,0.944,0.246,0.341,0.1069,0.1716,0.7187,0.425,149.9,6.9,27.0,1.6052385406922358,0.8284
Unknown_543807,HOU,543807,2019,135,607,526,147,22,3,41,71,126,6,4,0.279,0.369,0.567,0.936,0.287,0.292,0.117,0.2076,0.6656,0.424,149.2,5.8,30.0,1.7743589743589743,0.7924
Unknown_656669,CLE,656669,2019,87,274,237,67,16,1,16,34,63,2,1,0.283,0.376,0.561,0.937,0.278,0.321,0.1241,0.2299,0.6387,0.424,149.2,2.6,26.0,1.8525382755842061,0.7701
Unknown_643446,NYM,643446,2019,137,586,527,169,39,1,25,37,78,21,1,0.321,0.387,0.541,0.928,0.22,0.339,0.0631,0.1331,0.7679,0.424,149.2,5.6,27.0,2.109350237717908,0.8669
Unknown_435062,WSH,435062,2019,131,411,372,126,27,1,18,30,56,4,5,0.339,0.389,0.562,0.951,0.223,0.356,0.073,0.1363,0.781,0.422,147.9,3.9,36.0,1.8671232876712331,0.8637
Unknown_519203,CHC,519203,2019,151,628,526,157,32,3,28,71,86,28,3,0.298,0.408,0.53,0.938,0.232,0.311,0.1131,0.1369,0.7054,0.421,147.2,5.9,30.0,1.2104332449160033,0.8631
Unknown_467793,CLE,467793,2019,165,709,596,171,32,1,35,108,110,3,2,0.287,0.398,0.52,0.918,0.233,0.3,0.1523,0.1551,0.6883,0.42,146.5,6.6,33.0,1.0183847669074195,0.8449
Unknown_608336,TEX,608336,2019,72,302,246,61,15,1,22,52,116,2,1,0.248,0.382,0.585,0.967,0.337,0.358,0.1722,0.3841,0.4338,0.42,146.5,2.8,26.0,2.2305458768873403,0.6159
Unknown_514888,HOU,514888,2019,137,597,545,164,30,3,36,45,90,3,3,0.301,0.356,0.565,0.921,0.264,0.303,0.0754,0.1508,0.7672,0.419,145.9,5.5,29.0,2.0,0.8492
Unknown_641598,MIN,641598,2019,97,381,330,88,16,1,31,43,94,5,3,0.267,0.357,0.603,0.96,0.336,0.274,0.1129,0.2467,0.6273,0.419,145.9,3.5,28.0,2.1851195748449954,0.7533
Unknown_592192,ATH,592192,2019,129,509,421,115,18,3,27,68,112,18,2,0.273,0.395,0.523,0.917,0.249,0.31,0.1336,0.22,0.611,0.418,145.2,4.6,30.0,1.6467065868263473,0.78
Unknown_660162,CWS,660162,2019,137,579,528,168,36,5,26,43,157,4,3,0.318,0.372,0.553,0.925,0.235,0.408,0.0743,0.2712,0.6459,0.418,145.2,5.3,24.0,3.6500672947510093,0.7288
Unknown_665742,WSH,665742,2019,165,718,590,164,35,5,36,117,147,4,7,0.278,0.397,0.537,0.934,0.259,0.309,0.163,0.2047,0.6267,0.417,144.5,6.5,21.0,1.2558282208588956,0.7953
Unknown_453568,COL,453568,2019,144,648,593,185,43,8,32,41,106,9,5,0.312,0.363,0.573,0.936,0.261,0.333,0.0633,0.1636,0.7593,0.417,144.5,5.8,33.0,2.5845181674565563,0.8364
Unknown_502110,BOS,502110,2019,151,673,591,178,34,2,36,73,142,4,5,0.301,0.379,0.548,0.927,0.247,0.34,0.1085,0.211,0.6731,0.417,144.5,6.1,32.0,1.944700460829493,0.789
Unknown_571970,LAD,571970,2019,152,631,524,133,26,1,38,95,158,8,4,0.254,0.374,0.525,0.899,0.271,0.286,0.1506,0.2504,0.5864,0.416,143.9,5.6,29.0,1.6626826029216466,0.7496
Unknown_553993,CIN,553993,2019,163,680,593,161,24,2,50,70,193,11,6,0.272,0.356,0.572,0.928,0.3,0.312,0.1029,0.2838,0.5971,0.416,143.9,6.1,28.0,2.75801749271137,0.7162
Unknown_592450,NYY,592450,2019,111,483,406,110,18,1,28,73,150,3,1,0.271,0.385,0.527,0.912,0.256,0.358,0.1511,0.3106,0.528,0.415,143.2,4.3,27.0,2.0555923229649236,0.6894
Unknown_457759,LAD,457759,2019,146,593,517,152,27,0,31,54,95,16,6,0.294,0.374,0.526,0.9,0.232,0.305,0.0911,0.1602,0.7218,0.415,143.2,5.2,35.0,1.7585071350164656,0.8398
Unknown_669374,MIL,669374,2019,90,364,330,98,25,2,19,25,113,8,1,0.297,0.36,0.558,0.917,0.261,0.397,0.0687,0.3104,0.5989,0.414,142.5,3.2,23.0,4.518195050946143,0.6896
Unknown_646240,BOS,646240,2019,161,717,661,206,54,5,32,49,121,4,2,0.312,0.362,0.554,0.915,0.242,0.341,0.0683,0.1688,0.7559,0.414,142.5,6.3,23.0,2.471449487554905,0.8311999999999999
Unknown_518692,ATL,518692,2019,168,726,628,183,35,2,39,89,135,7,2,0.291,0.384,0.54,0.924,0.248,0.316,0.1226,0.186,0.6818,0.413,141.9,6.3,30.0,1.5171288743882545,0.8140000000000001
Unknown_605204,NYM,605204,2019,143,463,418,129,22,1,23,39,99,4,2,0.309,0.371,0.531,0.903,0.222,0.356,0.0842,0.2138,0.6933,0.413,141.9,4.0,26.0,2.539192399049881,0.7862
Unknown_605137,PIT,605137,2019,148,629,542,149,38,3,37,75,121,5,7,0.275,0.364,0.561,0.925,0.286,0.286,0.1192,0.1924,0.6804,0.413,141.9,5.4,27.0,1.6140939597315436,0.8076
Unknown_660670,ATL,660670,2019,167,755,661,187,25,3,43,83,197,10,1,0.283,0.371,0.525,0.896,0.242,0.341,0.1099,0.2609,0.6119,0.412,141.2,6.5,22.0,2.373976342129209,0.7391
Unknown_543543,PHI,543543,2019,83,184,167,43,6,1,13,16,48,1,0,0.257,0.326,0.539,0.865,0.281,0.283,0.087,0.2609,0.6467,0.411,140.5,1.6,30.0,2.998850574712644,0.7391
Unknown_543760,ATH,543760,2019,166,761,670,191,44,7,33,88,104,2,1,0.285,0.369,0.519,0.889,0.234,0.296,0.1156,0.1367,0.7451,0.409,139.2,6.3,29.0,1.1825259515570934,0.8633
Unknown_452254,TEX,452254,2019,87,328,297,87,17,1,18,27,72,2,2,0.293,0.354,0.539,0.892,0.246,0.33,0.0823,0.2195,0.6921,0.408,138.5,2.7,36.0,2.667071688942892,0.7805
Unknown_624585,KC,624585,2019,166,691,603,157,33,1,49,74,183,10,4,0.26,0.349,0.562,0.911,0.302,0.288,0.1071,0.2648,0.6093,0.406,137.2,5.6,27.0,2.472455648926237,0.7352000000000001
Unknown_605141,BOS,605141,2019,153,717,608,178,40,5,29,97,105,3,9,0.293,0.388,0.518,0.906,0.225,0.308,0.1353,0.1464,0.7141,0.406,137.2,5.8,27.0,1.082039911308204,0.8536
Unknown_572816,PIT,572816,2019,82,297,277,82,29,2,13,17,59,0,3,0.296,0.333,0.556,0.889,0.26,0.332,0.0572,0.1987,0.7441,0.406,137.2,2.4,30.0,3.4737762237762233,0.8013
Unknown_642086,NYM,642086,2019,85,210,190,53,10,0,12,19,46,1,0,0.279,0.348,0.521,0.869,0.242,0.311,0.0905,0.219,0.6857,0.405,136.5,1.7,24.0,2.419889502762431,0.781
Unknown_668804,PIT,668804,2019,136,553,498,157,37,4,16,46,122,6,3,0.315,0.378,0.502,0.88,0.187,0.388,0.0832,0.2206,0.6854,0.405,136.5,4.4,24.0,2.6514423076923075,0.7794
Unknown_608385,CIN,608385,2019,119,405,355,95,18,2,18,41,62,9,0,0.268,0.358,0.482,0.84,0.214,0.28,0.1012,0.1531,0.7235,0.405,136.5,3.2,26.0,1.5128458498023718,0.8469
Unknown_547180,PHI,547180,2019,161,695,582,153,37,1,37,103,183,6,4,0.263,0.377,0.521,0.898,0.258,0.317,0.1482,0.2633,0.5799,0.403,135.2,5.4,27.0,1.7766531713900133,0.7367
Unknown_596115,COL,596115,2019,149,670,600,174,38,5,35,60,177,7,3,0.29,0.36,0.545,0.905,0.255,0.355,0.0896,0.2642,0.6358,0.403,135.2,5.2,27.0,2.9486607142857144,0.7358
Unknown_518934,NYY,518934,2019,154,692,635,208,35,2,27,50,95,2,4,0.328,0.376,0.517,0.893,0.189,0.35,0.0723,0.1373,0.7861,0.402,134.5,5.3,31.0,1.8990318118948823,0.8627
Unknown_592178,CHC,592178,2019,151,647,554,153,35,1,31,75,146,16,2,0.276,0.377,0.511,0.888,0.235,0.322,0.1159,0.2257,0.6337,0.402,134.5,5.0,27.0,1.9473684210526316,0.7743
Unknown_518626,ATL,518626,2019,163,694,579,146,35,0,38,104,164,9,2,0.252,0.373,0.509,0.883,0.257,0.285,0.1499,0.2363,0.6009,0.401,133.9,5.3,34.0,1.5763842561707806,0.7637
Unknown_641820,BAL,641820,2019,159,694,617,178,38,2,36,63,148,9,5,0.288,0.36,0.532,0.892,0.243,0.324,0.0908,0.2133,0.683,0.401,133.9,5.3,27.0,2.3491189427312773,0.7867
Unknown_666182,TOR,666182,2019,48,215,199,62,18,0,11,14,51,1,1,0.312,0.358,0.568,0.926,0.256,0.37,0.0651,0.2372,0.693,0.4,133.2,1.6,21.0,3.6436251920122884,0.7628
Unknown_457705,PHI,457705,2019,63,274,230,61,13,1,11,44,56,0,0,0.265,0.383,0.474,0.857,0.209,0.307,0.1606,0.2044,0.635,0.4,133.2,2.1,33.0,1.2727272727272727,0.7956
Unknown_621043,HOU,621043,2019,85,357,316,85,18,1,23,35,90,2,4,0.269,0.342,0.551,0.892,0.282,0.3,0.098,0.2521,0.6443,0.399,132.5,2.7,25.0,2.5724489795918366,0.7479
Unknown_640457,TB,640457,2019,149,634,566,160,32,7,33,61,144,7,0,0.283,0.36,0.539,0.898,0.256,0.326,0.0962,0.2271,0.6656,0.399,132.5,4.7,24.0,2.360706860706861,0.7729
Unknown_593934,MIN,593934,2019,107,451,392,95,19,2,35,55,167,3,1,0.242,0.339,0.569,0.908,0.327,0.314,0.122,0.3703,0.5011,0.399,132.5,3.4,26.0,3.0352459016393443,0.6296999999999999
Unknown_621566,ATH,621566,2019,128,551,486,130,26,0,36,52,139,12,1,0.267,0.352,0.543,0.895,0.276,0.301,0.0944,0.2523,0.6316,0.399,132.5,4.1,25.0,2.672669491525424,0.7477
Unknown_621311,COL,621311,2019,104,428,388,119,28,5,15,29,113,4,5,0.307,0.357,0.521,0.877,0.214,0.392,0.0678,0.264,0.6542,0.399,132.5,3.2,25.0,3.8938053097345136,0.736
Unknown_493329,HOU,493329,2019,156,659,607,180,42,2,32,40,66,5,7,0.297,0.341,0.53,0.872,0.234,0.287,0.0607,0.1002,0.8316,0.398,131.9,4.9,35.0,1.6507413509060955,0.8998
Unknown_666971,TOR,666971,2019,88,356,326,92,21,2,22,21,88,5,3,0.282,0.332,0.561,0.894,0.279,0.32,0.059,0.2472,0.677,0.398,131.9,2.6,26.0,4.189830508474577,0.7528
Unknown_607043,NYM,607043,2019,72,271,213,49,11,3,10,49,76,5,3,0.23,0.381,0.451,0.832,0.221,0.3,0.1808,0.2804,0.5166,0.397,131.2,2.0,26.0,1.5508849557522124,0.7196
Unknown_650402,NYY,650402,2019,154,641,577,165,32,0,42,54,134,3,6,0.286,0.347,0.56,0.907,0.274,0.302,0.0842,0.209,0.7005,0.396,130.5,4.6,23.0,2.482185273159145,0.791
Unknown_575929,CHC,575929,2019,105,422,371,102,19,2,24,40,103,9,2,0.275,0.358,0.531,0.889,0.256,0.317,0.0948,0.2441,0.6398,0.396,130.5,3.0,27.0,2.5748945147679327,0.7559
Unknown_641313,CWS,641313,2019,128,536,515,172,32,0,18,16,111,3,2,0.334,0.356,0.501,0.857,0.167,0.397,0.0299,0.2071,0.7575,0.395,129.9,3.8,26.0,6.926421404682275,0.7928999999999999
Unknown_518735,MIL,518735,2019,159,649,528,131,27,2,31,111,143,5,5,0.248,0.381,0.483,0.864,0.235,0.279,0.171,0.2203,0.6009,0.394,129.2,4.6,31.0,1.2883040935672514,0.7797000000000001
Unknown_645801,NYY,645801,2019,50,163,143,37,7,0,12,17,28,3,0,0.259,0.35,0.559,0.909,0.301,0.243,0.1043,0.1718,0.7055,0.393,128.5,1.1,27.0,1.6471716203259827,0.8282
Unknown_606157,CIN,606157,2019,60,231,211,55,8,0,19,16,62,2,2,0.261,0.316,0.569,0.885,0.308,0.273,0.0693,0.2684,0.6537,0.393,128.5,1.6,25.0,3.8730158730158735,0.7316
Unknown_502054,TB,502054,2019,156,697,606,169,33,3,24,85,129,5,1,0.279,0.372,0.462,0.834,0.183,0.319,0.122,0.1851,0.6858,0.392,127.9,4.8,31.0,1.5172131147540984,0.8149
Unknown_488726,HOU,488726,2019,161,686,621,189,41,2,23,54,74,7,4,0.304,0.364,0.488,0.852,0.184,0.314,0.0787,0.1079,0.8032,0.391,127.2,4.7,32.0,1.3710292249047011,0.8921
Unknown_592626,LAD,592626,2019,158,542,475,118,19,3,37,53,118,12,2,0.248,0.338,0.535,0.872,0.286,0.252,0.0978,0.2177,0.6624,0.391,127.2,3.7,27.0,2.2259713701431494,0.7823
Unknown_664023,CHC,664023,2019,60,165,148,37,7,1,11,16,44,0,1,0.25,0.321,0.534,0.855,0.284,0.277,0.097,0.2667,0.6364,0.391,127.2,1.1,25.0,2.7494845360824742,0.7333000000000001
Unknown_641531,KC,641531,2019,144,599,534,150,30,10,29,57,151,3,5,0.281,0.351,0.537,0.888,0.257,0.337,0.0952,0.2521,0.6477,0.391,127.2,4.1,28.0,2.648109243697479,0.7479
Unknown_669242,STL,669242,2019,105,401,374,111,21,8,11,20,71,7,0,0.297,0.344,0.484,0.828,0.187,0.342,0.0499,0.1771,0.7556,0.39,126.5,2.7,24.0,3.549098196392786,0.8229
Unknown_570482,NYY,570482,2019,138,511,476,147,37,0,22,26,93,5,4,0.309,0.348,0.525,0.874,0.216,0.342,0.0509,0.182,0.7573,0.39,126.5,3.4,28.0,3.5756385068762278,0.8180000000000001
Unknown_649557,HOU,649557,2019,78,271,232,59,12,1,9,27,34,6,6,0.254,0.339,0.431,0.771,0.177,0.256,0.0996,0.1255,0.7528,0.389,125.9,1.8,29.0,1.2600401606425704,0.8745
Unknown_459964,ATL,459964,2019,138,267,226,63,10,0,7,40,51,0,1,0.279,0.386,0.416,0.802,0.137,0.331,0.1498,0.191,0.6592,0.389,125.9,1.8,35.0,1.2750333778371163,0.8089999999999999
Unknown_519346,MIL,519346,2019,155,480,415,103,24,2,27,52,147,11,2,0.248,0.346,0.511,0.857,0.263,0.313,0.1083,0.3062,0.5625,0.389,125.9,3.2,33.0,2.8273314866112655,0.6938
Unknown_656941,CHC,656941,2019,160,625,544,136,29,3,39,70,160,5,6,0.25,0.338,0.529,0.867,0.279,0.276,0.112,0.256,0.624,0.389,125.9,4.1,26.0,2.2857142857142856,0.744
Unknown_592206,DET,592206,2019,156,677,626,180,58,3,27,42,147,5,4,0.288,0.335,0.519,0.854,0.232,0.336,0.062,0.2171,0.7134,0.389,125.9,4.5,27.0,3.5016129032258063,0.7829
Unknown_664040,TB,664040,2019,92,361,329,90,19,2,19,26,128,5,1,0.274,0.335,0.517,0.852,0.243,0.388,0.072,0.3546,0.5596,0.388,125.2,2.4,25.0,4.925000000000001,0.6454
Unknown_425783,TEX,425783,2019,155,675,574,151,31,2,24,82,166,18,1,0.263,0.372,0.449,0.821,0.186,0.33,0.1215,0.2459,0.6059,0.388,125.2,4.4,37.0,2.0238683127572017,0.7541
Unknown_623520,CHC,623520,2019,120,371,317,84,18,0,12,45,96,7,2,0.265,0.367,0.435,0.802,0.17,0.341,0.1213,0.2588,0.6011,0.388,125.2,2.4,26.0,2.133553173948887,0.7412000000000001
Unknown_527038,AZ,527038,2019,94,300,278,86,19,0,9,17,34,4,1,0.309,0.357,0.475,0.831,0.165,0.326,0.0567,0.1133,0.8167,0.388,125.2,2.0,28.0,1.998236331569665,0.8867
Unknown_488671,AZ,488671,2019,64,208,169,37,8,0,11,38,68,1,0,0.219,0.365,0.462,0.827,0.243,0.289,0.1827,0.3269,0.4856,0.388,125.2,1.4,32.0,1.7892720306513412,0.6731
Unknown_467055,SF,467055,2019,114,312,287,78,25,0,14,18,70,2,3,0.272,0.316,0.505,0.821,0.233,0.311,0.0577,0.2244,0.7051,0.388,125.2,2.0,33.0,3.889081455805892,0.7756000000000001
Unknown_657656,ATH,657656,2019,123,492,443,128,29,0,25,28,127,11,9,0.289,0.34,0.524,0.864,0.235,0.343,0.0569,0.2581,0.6606,0.387,124.5,3.2,25.0,4.536028119507908,0.7419
Unknown_645277,ATL,645277,2019,171,741,676,200,45,8,25,56,120,4,5,0.296,0.351,0.497,0.848,0.201,0.326,0.0756,0.1619,0.7571,0.386,123.9,4.7,22.0,2.141534391534391,0.8381000000000001
Unknown_593871,MIN,593871,2019,158,725,648,191,40,7,23,62,119,5,7,0.295,0.357,0.485,0.842,0.19,0.327,0.0855,0.1641,0.7393,0.386,123.9,4.6,26.0,1.9192982456140348,0.8359
Unknown_663993,TB,663993,2019,51,178,161,44,10,0,9,13,52,2,2,0.273,0.331,0.503,0.835,0.23,0.343,0.073,0.2921,0.6236,0.386,123.9,1.1,24.0,4.001369863013699,0.7079
Unknown_572228,NYY,572228,2019,122,523,440,116,21,1,21,72,144,9,2,0.264,0.377,0.459,0.836,0.195,0.343,0.1377,0.2753,0.5698,0.386,123.9,3.3,28.0,1.9992737835875092,0.7247
Unknown_457727,NYY,457727,2019,84,278,246,70,17,0,12,32,76,0,0,0.285,0.367,0.5,0.867,0.215,0.367,0.1151,0.2734,0.6115,0.385,123.2,1.7,32.0,2.375325803649001,0.7266
Unknown_656305,ATH,656305,2019,156,682,591,147,37,3,36,76,148,12,3,0.249,0.345,0.504,0.849,0.255,0.271,0.1114,0.217,0.654,0.385,123.2,4.3,26.0,1.947935368043088,0.783
Unknown_519058,MIL,519058,2019,146,600,538,139,31,1,35,53,101,6,3,0.258,0.33,0.515,0.845,0.257,0.257,0.0883,0.1683,0.7333,0.385,123.2,3.8,31.0,1.9060022650056625,0.8317
Unknown_605170,CHC,605170,2019,99,293,255,70,12,0,12,30,60,4,4,0.275,0.355,0.463,0.818,0.188,0.31,0.1024,0.2048,0.6792,0.385,123.2,1.8,26.0,2.0,0.7952
Unknown_456781,SF,456781,2019,86,237,223,72,13,1,5,11,52,1,2,0.323,0.354,0.457,0.812,0.135,0.399,0.0464,0.2194,0.73,0.385,123.2,1.5,32.0,4.728448275862069,0.7806
Unknown_624424,NYM,624424,2019,154,661,562,144,29,1,34,84,151,10,5,0.256,0.36,0.493,0.853,0.237,0.288,0.1271,0.2284,0.6293,0.385,123.2,4.2,26.0,1.797010228166798,0.7716000000000001
Unknown_643565,NYY,643565,2019,87,304,267,73,18,1,13,35,73,1,1,0.273,0.359,0.494,0.853,0.221,0.33,0.1151,0.2401,0.6414,0.385,123.2,1.9,29.0,2.0860121633362296,0.7599
Unknown_595879,CHC,595879,2019,138,574,543,153,38,4,31,29,159,0,2,0.282,0.317,0.538,0.855,0.256,0.344,0.0505,0.277,0.6725,0.384,122.5,3.6,27.0,5.485148514851486,0.723
Unknown_519299,TOR,519299,2019,118,460,412,121,25,2,14,39,67,3,3,0.294,0.357,0.466,0.823,0.172,0.32,0.0848,0.1457,0.7565,0.383,121.9,2.8,33.0,1.7181603773584906,0.8543000000000001
Unknown_596146,MIN,596146,2019,138,623,546,135,32,0,37,65,104,8,4,0.247,0.334,0.509,0.843,0.262,0.24,0.1043,0.1669,0.7159,0.382,121.2,3.8,26.0,1.6001917545541706,0.8331
Unknown_595909,MIN,595909,2019,74,244,210,54,12,2,8,25,74,8,1,0.257,0.357,0.448,0.804,0.19,0.357,0.1025,0.3033,0.5615,0.382,121.2,1.5,27.0,2.959024390243903,0.6967
Unknown_460075,MIL,460075,2019,147,519,472,134,31,2,22,35,106,9,3,0.284,0.343,0.498,0.841,0.214,0.323,0.0674,0.2042,0.7033,0.382,121.2,3.1,36.0,3.029673590504451,0.7958000000000001
Unknown_600303,LAA,600303,2019,84,335,312,88,8,0,16,20,30,3,0,0.282,0.331,0.462,0.793,0.179,0.271,0.0597,0.0896,0.8239,0.382,121.2,2.0,30.0,1.5008375209380234,0.9104
Unknown_516782,PIT,516782,2019,132,593,545,160,32,6,23,25,96,16,5,0.294,0.34,0.501,0.841,0.207,0.318,0.0422,0.1619,0.7656,0.382,121.2,3.6,31.0,3.8364928909952605,0.8381000000000001
Unknown_527049,MIA,527049,2019,50,165,141,35,5,0,4,11,45,12,0,0.248,0.354,0.369,0.722,0.121,0.337,0.0667,0.2727,0.5818,0.382,121.2,1.0,28.0,4.088455772113943,0.7273000000000001
Unknown_502671,STL,502671,2019,174,736,650,169,30,2,38,80,180,3,3,0.26,0.342,0.488,0.83,0.228,0.301,0.1087,0.2446,0.6399,0.381,120.5,4.4,32.0,2.250229990800368,0.7554
Unknown_621028,PIT,621028,2019,132,541,502,154,20,7,13,29,64,7,1,0.307,0.353,0.452,0.805,0.145,0.331,0.0536,0.1183,0.8115,0.381,120.5,3.2,26.0,2.207089552238806,0.8817
Unknown_542303,STL,542303,2019,142,599,529,133,29,1,33,65,128,3,2,0.251,0.336,0.497,0.833,0.246,0.27,0.1085,0.2137,0.6728,0.38,119.9,3.5,29.0,1.9695852534562213,0.7863
Unknown_607208,WSH,607208,2019,136,627,570,168,40,5,20,51,123,3,2,0.295,0.355,0.488,0.842,0.193,0.345,0.0813,0.1962,0.7161,0.38,119.9,3.7,26.0,2.4132841328413286,0.8038
Unknown_660271,LAA,660271,2019,106,425,386,110,20,5,18,33,110,2,4,0.285,0.341,0.503,0.844,0.218,0.351,0.0776,0.2588,0.6541,0.38,119.9,2.5,25.0,3.3350515463917523,0.7412000000000001
Unknown_650333,MIN,650333,2019,93,377,337,114,24,1,4,36,31,1,3,0.338,0.401,0.451,0.852,0.113,0.361,0.0955,0.0822,0.8196,0.379,119.2,2.2,22.0,0.8607329842931937,0.9178
Unknown_518618,CIN,518618,2019,115,316,262,50,9,3,20,28,79,25,1,0.191,0.326,0.477,0.803,0.286,0.183,0.0886,0.25,0.5791,0.379,119.2,1.8,30.0,2.8216704288939054,0.75
Unknown_429665,NYY,429665,2019,116,515,444,107,21,0,34,61,113,7,3,0.241,0.34,0.518,0.858,0.277,0.243,0.1184,0.2194,0.6485,0.378,118.5,2.9,36.0,1.8530405405405406,0.7806
Unknown_547989,CWS,547989,2019,165,714,654,186,41,1,33,36,157,14,10,0.284,0.331,0.502,0.832,0.217,0.323,0.0504,0.2199,0.7101,0.378,118.5,4.1,32.0,4.363095238095238,0.7801
Unknown_542454,TEX,542454,2019,130,521,485,136,23,6,29,25,153,6,5,0.28,0.321,0.532,0.852,0.252,0.347,0.048,0.2937,0.6449,0.378,118.5,3.0,29.0,6.11875,0.7062999999999999
Unknown_543939,STL,543939,2019,158,602,522,146,29,4,11,52,91,14,7,0.28,0.356,0.414,0.77,0.134,0.316,0.0864,0.1512,0.7276,0.377,117.9,3.4,29.0,1.75,0.8488
Unknown_455139,HOU,455139,2019,120,467,393,92,23,1,18,54,134,13,5,0.234,0.342,0.435,0.777,0.201,0.301,0.1156,0.2869,0.5653,0.376,117.2,2.6,35.0,2.4818339100346023,0.7131000000000001
Unknown_596847,TB,596847,2019,136,521,435,114,21,2,21,73,121,6,7,0.262,0.37,0.464,0.835,0.202,0.31,0.1401,0.2322,0.6161,0.376,117.2,2.9,28.0,1.6573875802997857,0.7678
Unknown_573262,SF,573262,2019,107,412,372,101,22,3,21,32,108,4,3,0.272,0.333,0.516,0.849,0.245,0.325,0.0777,0.2621,0.6481,0.376,117.2,2.3,29.0,3.373230373230373,0.7379
Unknown_621439,MIN,621439,2019,82,306,281,74,30,4,10,20,69,2,1,0.263,0.316,0.505,0.821,0.242,0.315,0.0654,0.2255,0.6961,0.376,117.2,1.7,26.0,3.4480122324159024,0.7745
Unknown_669257,LAD,669257,2019,60,215,186,44,9,0,15,21,59,5,3,0.237,0.326,0.527,0.852,0.29,0.252,0.0977,0.2744,0.6047,0.375,116.5,1.2,24.0,2.8085977482088023,0.7256
Unknown_650490,TB,650490,2019,88,377,334,88,21,1,16,38,66,1,4,0.263,0.337,0.476,0.813,0.213,0.281,0.1008,0.1751,0.7215,0.375,116.5,2.0,28.0,1.7371031746031746,0.8249
Unknown_572233,AZ,572233,2019,158,616,539,141,27,2,29,70,157,6,1,0.262,0.352,0.481,0.833,0.219,0.316,0.1136,0.2549,0.6218,0.375,116.5,3.3,28.0,2.243838028169014,0.7451
Unknown_596019,CLE,596019,2019,143,654,598,170,40,2,32,46,98,3,6,0.284,0.335,0.518,0.854,0.234,0.291,0.0703,0.1498,0.7737,0.374,115.9,3.5,26.0,2.130867709815078,0.8502000000000001
Unknown_641933,STL,641933,2019,61,165,155,42,8,0,5,10,58,0,0,0.271,0.315,0.419,0.735,0.148,0.402,0.0606,0.3515,0.5879,0.374,115.9,0.9,24.0,5.8003300330033,0.6485000000000001
Unknown_608348,AZ,608348,2019,112,369,318,77,19,0,18,48,82,2,1,0.242,0.344,0.472,0.816,0.23,0.269,0.1301,0.2222,0.6423,0.374,115.9,2.0,25.0,1.7079169869331285,0.7778
Unknown_621035,LAD,621035,2019,134,443,387,100,30,4,13,45,122,4,5,0.258,0.338,0.457,0.795,0.199,0.339,0.1016,0.2754,0.6095,0.373,115.2,2.3,29.0,2.7106299212598426,0.7246
Unknown_650391,CWS,650391,2019,125,516,479,130,18,2,32,31,136,4,2,0.271,0.32,0.518,0.838,0.246,0.313,0.0601,0.2636,0.6686,0.373,115.2,2.7,23.0,4.386023294509151,0.7363999999999999
Unknown_519048,BOS,519048,2019,95,347,310,77,17,1,19,34,79,1,2,0.248,0.323,0.494,0.816,0.245,0.271,0.098,0.2277,0.6715,0.373,115.2,1.8,34.0,2.323469387755102,0.7723
Unknown_444482,AZ,444482,2019,104,438,395,107,29,3,13,37,91,5,1,0.271,0.34,0.458,0.798,0.187,0.322,0.0845,0.2078,0.6963,0.373,115.2,2.3,32.0,2.459171597633136,0.7922
Unknown_605119,MIA,605119,2019,130,533,469,123,33,2,20,46,116,15,3,0.262,0.345,0.469,0.814,0.207,0.307,0.0863,0.2176,0.6679,0.373,115.2,2.8,26.0,2.5214368482039395,0.7824
Unknown_641432,TEX,641432,2019,85,339,311,83,14,1,21,23,53,3,2,0.267,0.322,0.521,0.842,0.254,0.259,0.0678,0.1563,0.767,0.372,114.5,1.8,25.0,2.3053097345132745,0.8437
Unknown_593160,KC,593160,2019,165,744,690,209,42,10,16,45,128,5,4,0.303,0.348,0.462,0.81,0.159,0.351,0.0605,0.172,0.7608,0.372,114.5,3.9,30.0,2.84297520661157,0.8280000000000001
Unknown_608596,SEA,608596,2019,76,284,263,73,12,1,18,19,87,1,1,0.278,0.327,0.536,0.864,0.259,0.346,0.0669,0.3063,0.6232,0.372,114.5,1.5,28.0,4.57847533632287,0.6937
Unknown_458015,CIN,458015,2019,146,622,534,138,32,1,15,81,125,4,3,0.258,0.359,0.406,0.765,0.148,0.31,0.1302,0.201,0.6624,0.371,113.8,3.2,36.0,1.5437788018433178,0.7989999999999999
Unknown_657077,LAD,657077,2019,110,391,355,104,24,2,12,28,52,2,6,0.293,0.343,0.473,0.816,0.18,0.31,0.0716,0.133,0.7903,0.37,113.2,2.0,23.0,1.8575418994413408,0.867
Unknown_500871,AZ,500871,2019,163,714,650,175,29,11,35,51,132,3,10,0.269,0.321,0.509,0.83,0.24,0.284,0.0714,0.1849,0.7395,0.368,111.8,3.5,30.0,2.589635854341737,0.8150999999999999
Unknown_640447,CIN,640447,2019,94,267,241,65,11,7,7,20,64,4,2,0.27,0.333,0.461,0.794,0.191,0.337,0.0749,0.2397,0.6704,0.368,111.8,1.3,27.0,3.2002670226969294,0.7603
Unknown_608577,TEX,608577,2019,121,482,442,121,28,1,20,28,112,6,6,0.274,0.322,0.477,0.799,0.204,0.32,0.0581,0.2324,0.6971,0.368,111.8,2.3,24.0,4.0,0.7676000000000001
Unknown_594809,WSH,594809,2019,165,713,614,170,30,8,15,71,117,14,4,0.277,0.363,0.425,0.788,0.148,0.319,0.0996,0.1641,0.7027,0.367,111.2,3.4,31.0,1.6475903614457832,0.8359
Unknown_592663,PHI,592663,2019,149,605,551,150,36,3,26,41,127,5,8,0.272,0.324,0.49,0.814,0.218,0.305,0.0678,0.2099,0.7124,0.367,111.2,2.9,28.0,3.0958702064896757,0.7901
Unknown_608369,LAD,608369,2019,142,579,520,138,45,1,20,50,109,4,5,0.265,0.332,0.471,0.803,0.206,0.298,0.0864,0.1883,0.7185,0.366,110.5,2.7,25.0,2.179398148148148,0.8117
Unknown_624415,TOR,624415,2019,103,435,358,84,17,2,17,72,123,3,2,0.235,0.366,0.436,0.801,0.201,0.305,0.1655,0.2828,0.5425,0.366,110.5,2.0,24.0,1.7087613293051358,0.7172000000000001
Unknown_488771,MIN,488771,2019,77,281,242,58,11,0,14,34,90,3,1,0.24,0.339,0.459,0.798,0.219,0.317,0.121,0.3203,0.5445,0.366,110.5,1.3,32.0,2.647107438016529,0.6797
Unknown_592518,SD,592518,2019,161,675,601,156,24,2,33,65,130,6,3,0.26,0.336,0.471,0.807,0.211,0.279,0.0963,0.1926,0.7022,0.366,110.5,3.2,27.0,2.0,0.8074
Unknown_571718,LAA,571718,2019,132,467,422,110,30,4,17,38,130,3,3,0.261,0.324,0.472,0.796,0.211,0.335,0.0814,0.2784,0.6317,0.366,110.5,2.2,29.0,3.42014742014742,0.7216
Unknown_594777,LAA,594777,2019,156,645,566,132,31,1,34,70,165,7,2,0.233,0.324,0.472,0.796,0.239,0.266,0.1085,0.2558,0.6233,0.366,110.5,3.0,32.0,2.357603686635945,0.7442
Unknown_571980,CLE,571980,2019,93,311,290,83,21,0,10,15,67,2,2,0.286,0.324,0.462,0.786,0.176,0.34,0.0482,0.2154,0.7235,0.366,110.5,1.5,28.0,4.468879668049793,0.7846
Unknown_656555,PHI,656555,2019,160,707,574,129,33,5,29,116,174,11,6,0.225,0.362,0.451,0.813,0.226,0.265,0.1641,0.2461,0.5714,0.365,109.8,3.2,26.0,1.4996953077391835,0.7539
Unknown_624577,CIN,624577,2019,153,623,565,151,31,2,24,45,134,8,5,0.267,0.327,0.457,0.784,0.189,0.308,0.0722,0.2151,0.6998,0.365,109.8,2.9,29.0,2.979224376731302,0.7848999999999999
Unknown_553882,SEA,553882,2019,132,484,430,119,12,0,22,47,93,4,3,0.277,0.351,0.458,0.809,0.181,0.305,0.0971,0.1921,0.7025,0.364,109.2,2.2,27.0,1.9783728115345003,0.8079000000000001
Unknown_593643,BAL,593643,2019,139,562,535,163,21,2,12,16,52,4,4,0.305,0.327,0.419,0.746,0.114,0.318,0.0285,0.0925,0.8665,0.364,109.2,2.5,27.0,3.245614035087719,0.9075
Unknown_547379,CLE,547379,2019,122,464,399,96,9,1,24,49,130,5,4,0.241,0.328,0.449,0.777,0.208,0.289,0.1056,0.2802,0.5884,0.364,109.2,2.1,31.0,2.653409090909091,0.7198
Unknown_643265,MIA,643265,2019,110,432,392,111,16,1,15,33,112,5,2,0.283,0.345,0.444,0.789,0.161,0.36,0.0764,0.2593,0.6528,0.364,109.2,1.9,29.0,3.393979057591623,0.7407
Unknown_501303,MIN,501303,2019,79,246,214,56,9,3,5,20,44,6,4,0.262,0.336,0.402,0.738,0.14,0.302,0.0813,0.1789,0.6992,0.364,109.2,1.1,30.0,2.2004920049200494,0.8210999999999999
Unknown_571745,SEA,571745,2019,64,287,250,55,13,1,15,30,83,5,2,0.22,0.314,0.46,0.774,0.24,0.26,0.1045,0.2892,0.5889,0.364,109.2,1.3,29.0,2.7674641148325363,0.7108
Unknown_458731,NYY,458731,2019,147,585,523,130,27,7,29,54,119,5,3,0.249,0.323,0.493,0.816,0.245,0.267,0.0923,0.2034,0.6957,0.363,108.5,2.6,36.0,2.2036836403033586,0.7966
Unknown_541645,TB,541645,2019,134,562,521,149,26,2,21,31,134,7,3,0.286,0.333,0.464,0.797,0.179,0.347,0.0552,0.2384,0.694,0.363,108.5,2.5,28.0,4.3188405797101455,0.7616
Unknown_543068,MIN,543068,2019,128,518,475,122,26,0,26,31,112,10,2,0.257,0.315,0.476,0.79,0.219,0.283,0.0598,0.2162,0.7046,0.363,108.5,2.3,29.0,3.6153846153846154,0.7838
Unknown_624428,PIT,624428,2019,155,625,569,159,34,7,10,41,76,10,1,0.279,0.338,0.417,0.755,0.137,0.308,0.0656,0.1216,0.7904,0.363,108.5,2.8,28.0,1.8536585365853657,0.8784
Unknown_502517,COL,502517,2019,137,494,456,126,37,1,15,32,76,2,4,0.276,0.324,0.461,0.784,0.184,0.301,0.0648,0.1538,0.7733,0.363,108.5,2.2,34.0,2.373456790123457,0.8462000000000001
Unknown_435622,COL,435622,2019,143,496,456,120,34,4,20,35,122,2,2,0.263,0.317,0.487,0.804,0.224,0.316,0.0706,0.246,0.6774,0.363,108.5,2.2,34.0,3.4844192634560907,0.754
Unknown_664068,PHI,664068,2019,130,514,469,123,34,5,20,37,149,5,2,0.262,0.322,0.484,0.806,0.222,0.341,0.072,0.2899,0.6265,0.363,108.5,2.3,25.0,4.0263888888888895,0.7101
Unknown_446481,PHI,446481,2019,74,155,125,25,5,0,4,21,46,4,1,0.2,0.331,0.336,0.667,0.136,0.276,0.1355,0.2968,0.5161,0.362,107.8,0.7,34.0,2.1904059040590407,0.7032
Unknown_543105,SF,543105,2019,68,190,174,48,13,3,6,13,42,2,1,0.276,0.332,0.489,0.82,0.213,0.331,0.0684,0.2211,0.7,0.362,107.8,0.8,29.0,3.232456140350877,0.7789
Unknown_614177,SD,614177,2019,156,561,507,127,19,0,39,47,162,0,7,0.25,0.31,0.519,0.829,0.268,0.281,0.0838,0.2888,0.6275,0.362,107.8,2.4,24.0,3.4463007159904535,0.7112
Unknown_596142,NYY,596142,2019,115,480,426,95,13,1,34,43,136,10,1,0.223,0.308,0.498,0.806,0.275,0.237,0.0896,0.2833,0.6062,0.361,107.2,2.0,27.0,3.161830357142857,0.7167
Unknown_608070,CLE,608070,2019,132,554,494,124,33,3,23,52,77,2,6,0.251,0.321,0.47,0.791,0.219,0.252,0.0939,0.139,0.7635,0.361,107.2,2.4,27.0,1.4802981895633656,0.861
Unknown_455104,COL,455104,2019,56,175,152,35,10,0,7,19,55,3,1,0.23,0.326,0.434,0.76,0.204,0.308,0.1086,0.3143,0.56,0.361,107.2,0.7,36.0,2.894106813996317,0.6857
Unknown_408234,DET,408234,2019,142,565,507,146,23,0,15,50,112,3,5,0.288,0.352,0.422,0.774,0.134,0.34,0.0885,0.1982,0.708,0.36,106.5,2.4,36.0,2.23954802259887,0.8018000000000001
Unknown_640449,NYY,640449,2019,70,256,234,61,15,0,12,17,74,2,3,0.261,0.312,0.479,0.791,0.218,0.325,0.0664,0.2891,0.6367,0.36,106.5,1.1,25.0,4.353915662650603,0.7109
Unknown_571788,BOS,571788,2019,91,308,272,80,15,2,3,28,59,4,4,0.294,0.364,0.397,0.761,0.103,0.36,0.0909,0.1916,0.7045,0.36,106.5,1.3,31.0,2.1078107810781077,0.8084
Unknown_643217,BOS,643217,2019,142,629,555,150,40,5,15,59,143,7,5,0.27,0.345,0.441,0.786,0.171,0.336,0.0938,0.2273,0.663,0.36,106.5,2.6,25.0,2.4232409381663116,0.7726999999999999
Unknown_592325,MIL,592325,2019,131,376,330,84,19,0,9,41,107,3,2,0.255,0.34,0.394,0.734,0.139,0.347,0.109,0.2846,0.5984,0.359,105.8,1.5,27.0,2.611009174311927,0.7154
Unknown_467092,NYM,467092,2019,145,534,482,140,21,0,14,44,69,4,4,0.29,0.352,0.421,0.773,0.131,0.313,0.0824,0.1292,0.7809,0.359,105.8,2.2,32.0,1.5679611650485439,0.8708
Unknown_455976,ATL,455976,2019,125,502,444,124,26,2,9,50,64,2,6,0.279,0.351,0.408,0.758,0.128,0.305,0.0996,0.1275,0.7689,0.358,105.2,2.0,36.0,1.280120481927711,0.8725
Unknown_622682,DET,622682,2019,70,295,277,85,16,5,3,16,64,0,2,0.307,0.342,0.433,0.776,0.126,0.387,0.0542,0.2169,0.7288,0.358,105.2,1.2,25.0,4.001845018450185,0.7831
Unknown_542340,BAL,542340,2019,165,726,654,178,34,5,24,62,177,4,4,0.272,0.337,0.45,0.787,0.177,0.337,0.0854,0.2438,0.6612,0.358,105.2,2.9,28.0,2.8548009367681497,0.7562
Unknown_645302,WSH,645302,2019,164,649,574,147,35,4,18,37,147,26,5,0.256,0.327,0.425,0.752,0.169,0.312,0.057,0.2265,0.6656,0.357,104.5,2.5,22.0,3.973684210526316,0.7735
Unknown_572041,LAD,572041,2019,96,373,336,87,16,1,16,26,88,7,4,0.259,0.322,0.455,0.777,0.196,0.301,0.0697,0.2359,0.6756,0.357,104.5,1.5,32.0,3.3845050215208037,0.7641
Unknown_570731,MIN,570731,2019,125,479,448,119,25,1,24,20,121,10,1,0.266,0.311,0.487,0.798,0.221,0.312,0.0418,0.2526,0.6848,0.357,104.5,1.9,28.0,6.043062200956938,0.7474000000000001
Unknown_608597,TEX,608597,2019,89,305,265,62,21,0,12,32,90,4,4,0.234,0.321,0.449,0.77,0.215,0.299,0.1049,0.2951,0.5869,0.357,104.5,1.2,25.0,2.813155386081983,0.7049000000000001
Unknown_571976,SD,571976,2019,155,510,455,111,25,1,20,51,174,2,1,0.244,0.322,0.435,0.757,0.191,0.347,0.1,0.3412,0.5529,0.357,104.5,2.0,29.0,3.412,0.6588
Unknown_543510,CWS,543510,2019,119,488,451,120,26,1,18,30,141,6,0,0.266,0.32,0.448,0.768,0.182,0.349,0.0615,0.2889,0.6352,0.357,104.5,1.9,29.0,4.697560975609756,0.7111000000000001
Unknown_621020,ATL,621020,2019,136,581,517,135,30,3,19,52,134,6,5,0.261,0.333,0.441,0.774,0.18,0.314,0.0895,0.2306,0.6678,0.356,103.8,2.2,25.0,2.576536312849162,0.7694
Unknown_431145,LAD,431145,2019,85,264,220,49,7,0,7,34,65,8,2,0.223,0.345,0.35,0.695,0.127,0.28,0.1288,0.2462,0.5947,0.356,103.8,1.0,36.0,1.9114906832298137,0.7538
Unknown_542932,MIA,542932,2019,75,291,260,71,14,1,6,24,74,6,1,0.273,0.347,0.404,0.751,0.131,0.359,0.0825,0.2543,0.6426,0.356,103.8,1.1,29.0,3.0824242424242425,0.7457
Unknown_475253,TOR,475253,2019,126,514,425,90,17,0,23,82,110,6,1,0.212,0.346,0.414,0.76,0.202,0.229,0.1595,0.214,0.6148,0.356,103.8,2.0,33.0,1.341692789968652,0.786
Unknown_608700,CLE,608700,2019,59,188,170,42,12,1,5,14,35,3,1,0.247,0.314,0.418,0.731,0.171,0.282,0.0745,0.1862,0.7234,0.356,103.8,0.7,28.0,2.499328859060403,0.8138
Unknown_641857,COL,641857,2019,144,553,493,124,24,1,24,57,166,1,1,0.252,0.33,0.45,0.78,0.199,0.329,0.1031,0.3002,0.5931,0.356,103.8,2.1,25.0,2.9117361784675078,0.6998
Unknown_519390,SF,519390,2019,100,283,258,68,24,2,10,20,67,1,4,0.264,0.314,0.488,0.803,0.225,0.314,0.0707,0.2367,0.689,0.356,103.8,1.1,35.0,3.3479490806223478,0.7633
Unknown_643418,SEA,643418,2019,42,168,152,40,12,1,5,16,40,0,0,0.263,0.333,0.454,0.787,0.191,0.327,0.0952,0.2381,0.6667,0.355,103.2,0.6,24.0,2.5010504201680672,0.7619
Unknown_642708,NYM,642708,2019,162,675,633,183,31,7,15,32,124,4,3,0.289,0.326,0.431,0.757,0.142,0.338,0.0474,0.1837,0.7585,0.355,103.2,2.5,24.0,3.8755274261603376,0.8163
Unknown_543877,BOS,543877,2019,139,530,491,134,26,1,24,33,103,0,3,0.273,0.317,0.477,0.793,0.204,0.3,0.0623,0.1943,0.7377,0.355,103.2,2.0,29.0,3.118780096308186,0.8057
Unknown_570267,SEA,570267,2019,123,511,456,115,21,1,21,51,166,2,2,0.252,0.329,0.441,0.77,0.189,0.347,0.0998,0.3249,0.5675,0.355,103.2,1.9,27.0,3.2555110220440886,0.6751
Unknown_518792,CHC,518792,2019,150,601,524,129,20,4,21,69,114,5,3,0.246,0.338,0.42,0.758,0.174,0.276,0.1148,0.1897,0.6872,0.355,103.2,2.2,30.0,1.652439024390244,0.8103
Unknown_572821,WSH,572821,2019,143,501,433,101,20,0,21,62,113,5,1,0.233,0.335,0.425,0.76,0.192,0.267,0.1238,0.2255,0.6407,0.354,102.5,1.8,32.0,1.821486268174475,0.7745
Unknown_608365,CHC,608365,2019,79,252,224,57,5,2,9,22,58,3,2,0.254,0.327,0.415,0.742,0.161,0.302,0.0873,0.2302,0.6667,0.354,102.5,0.9,25.0,2.6368843069873997,0.7698
Unknown_605113,AZ,605113,2019,162,640,569,145,33,6,19,54,116,4,12,0.255,0.318,0.434,0.752,0.179,0.283,0.0844,0.1812,0.7266,0.354,102.5,2.3,29.0,2.146919431279621,0.8188
Unknown_642082,BAL,642082,2019,59,206,173,39,8,0,8,24,63,9,0,0.225,0.35,0.41,0.76,0.185,0.304,0.1165,0.3058,0.534,0.354,102.5,0.8,24.0,2.624892703862661,0.6941999999999999
Unknown_592696,MIN,592696,2019,143,616,588,161,29,1,33,22,90,0,6,0.274,0.297,0.495,0.792,0.221,0.272,0.0357,0.1461,0.8182,0.353,101.8,2.2,28.0,4.092436974789916,0.8539
Unknown_578428,CIN,578428,2019,149,547,520,151,22,4,13,21,71,3,2,0.29,0.321,0.423,0.744,0.133,0.315,0.0384,0.1298,0.8245,0.353,101.8,2.0,29.0,3.3802083333333335,0.8702
Unknown_596105,BAL,596105,2019,105,408,373,93,17,3,17,26,85,4,4,0.249,0.302,0.448,0.75,0.198,0.276,0.0637,0.2083,0.7157,0.353,101.8,1.5,27.0,3.270015698587127,0.7917
Unknown_500874,STL,500874,2019,140,400,360,97,15,2,10,36,88,2,2,0.269,0.338,0.406,0.743,0.136,0.33,0.09,0.22,0.685,0.352,101.2,1.4,31.0,2.4444444444444446,0.78
Unknown_606192,TOR,606192,2019,128,482,431,97,19,2,27,49,161,1,1,0.225,0.305,0.466,0.771,0.241,0.287,0.1017,0.334,0.5622,0.352,101.2,1.7,27.0,3.28416912487709,0.6659999999999999
Unknown_553902,MIN,553902,2019,62,218,203,58,10,0,4,6,8,5,4,0.286,0.317,0.394,0.711,0.108,0.277,0.0275,0.0367,0.9128,0.352,101.2,0.8,28.0,1.3345454545454547,0.9633
Unknown_598265,BOS,598265,2019,150,582,507,117,29,3,22,57,156,13,2,0.231,0.323,0.43,0.753,0.199,0.287,0.0979,0.268,0.6065,0.352,101.2,2.0,29.0,2.7374872318692547,0.732
Unknown_474568,DET,474568,2019,78,284,269,71,18,0,9,13,61,2,0,0.264,0.303,0.431,0.734,0.167,0.312,0.0458,0.2148,0.7324,0.351,100.5,1.0,33.0,4.689956331877729,0.7852
Unknown_596103,SF,596103,2019,67,192,168,40,9,3,5,22,59,2,0,0.238,0.333,0.417,0.75,0.179,0.337,0.1146,0.3073,0.5677,0.351,100.5,0.7,27.0,2.6815008726003495,0.6927
Unknown_649966,SD,649966,2019,75,266,228,51,8,1,6,29,60,9,0,0.224,0.335,0.346,0.681,0.123,0.278,0.109,0.2256,0.6316,0.351,100.5,0.9,22.0,2.069724770642202,0.7744
Unknown_475582,WSH,475582,2019,64,231,210,55,12,0,8,19,49,0,2,0.262,0.32,0.433,0.754,0.171,0.303,0.0823,0.2121,0.7056,0.35,99.8,0.8,35.0,2.5771567436208995,0.7879
Unknown_663757,MIL,663757,2019,54,192,164,39,7,2,6,21,51,4,3,0.238,0.333,0.415,0.748,0.177,0.3,0.1094,0.2656,0.6042,0.35,99.8,0.6,23.0,2.4277879341864717,0.7343999999999999
Unknown_446334,SF,446334,2019,135,526,471,118,19,2,20,43,118,7,5,0.251,0.319,0.427,0.746,0.176,0.29,0.0817,0.2243,0.6806,0.35,99.8,1.7,34.0,2.7454100367197065,0.7757000000000001
Unknown_596129,SEA,596129,2019,146,564,467,96,17,0,30,93,152,2,2,0.206,0.339,0.435,0.773,0.229,0.23,0.1649,0.2695,0.5621,0.35,99.8,1.9,27.0,1.634323832625834,0.7304999999999999
Unknown_502273,CLE,502273,2019,70,213,177,49,8,0,4,22,61,4,4,0.277,0.362,0.39,0.752,0.113,0.388,0.1033,0.2864,0.5634,0.35,99.8,0.7,32.0,2.7725072604065826,0.7136
Unknown_664058,LAA,664058,2019,153,665,607,177,31,4,6,56,66,0,1,0.292,0.351,0.386,0.736,0.094,0.319,0.0842,0.0992,0.815,0.35,99.8,2.2,25.0,1.178147268408551,0.9008
Unknown_542255,ATL,542255,2019,67,244,212,53,11,2,5,26,43,4,2,0.25,0.34,0.392,0.732,0.142,0.289,0.1066,0.1762,0.7008,0.35,99.8,0.8,29.0,1.6529080675422139,0.8238
Unknown_657557,STL,657557,2019,172,711,627,146,35,1,30,65,165,13,6,0.233,0.315,0.435,0.75,0.203,0.265,0.0914,0.2321,0.6582,0.349,99.2,2.3,26.0,2.539387308533917,0.7679
Unknown_452678,TEX,452678,2019,141,538,469,118,25,1,18,58,106,3,8,0.252,0.333,0.424,0.757,0.173,0.283,0.1078,0.197,0.6896,0.349,99.2,1.7,34.0,1.8274582560296846,0.8029999999999999
Unknown_607461,LAD,607461,2019,105,280,259,69,19,1,9,19,35,2,0,0.266,0.321,0.452,0.773,0.185,0.279,0.0679,0.125,0.8,0.349,99.2,0.9,26.0,1.840942562592047,0.875
Unknown_572122,SEA,572122,2019,106,443,393,94,19,1,23,44,86,4,2,0.239,0.321,0.468,0.789,0.229,0.248,0.0993,0.1941,0.6975,0.349,99.2,1.4,32.0,1.9546827794561934,0.8059000000000001
Unknown_600524,BAL,600524,2019,155,612,553,135,25,0,33,45,147,10,4,0.244,0.31,0.468,0.779,0.224,0.271,0.0735,0.2402,0.6699,0.349,99.2,2.0,25.0,3.268027210884354,0.7598
Unknown_642336,SD,642336,2019,82,254,236,63,11,2,8,13,58,4,1,0.267,0.315,0.432,0.747,0.165,0.322,0.0512,0.2283,0.7047,0.349,99.2,0.8,24.0,4.458984375,0.7717
Unknown_518586,ATL,518586,2019,96,155,145,35,5,2,5,7,47,1,1,0.241,0.279,0.407,0.686,0.166,0.319,0.0452,0.3032,0.6387,0.349,99.2,0.5,30.0,6.707964601769913,0.6968
Unknown_435559,WSH,435559,2019,95,346,312,78,12,0,17,23,45,7,4,0.25,0.312,0.452,0.764,0.202,0.24,0.0665,0.1301,0.7832,0.348,98.5,1.1,36.0,1.9563909774436088,0.8699
Unknown_623912,MIA,623912,2019,122,455,431,119,21,4,11,18,93,5,1,0.276,0.312,0.42,0.732,0.144,0.329,0.0396,0.2044,0.7429,0.348,98.5,1.4,25.0,5.161616161616161,0.7956
Unknown_450314,CHC,450314,2019,52,194,166,43,5,0,2,25,24,1,2,0.259,0.356,0.325,0.681,0.066,0.289,0.1289,0.1237,0.7423,0.348,98.5,0.6,38.0,0.9596586501163694,0.8763
Unknown_543592,SEA,543592,2019,73,272,242,64,12,1,10,23,66,4,2,0.264,0.336,0.446,0.782,0.182,0.321,0.0846,0.2426,0.6544,0.348,98.5,0.9,30.0,2.8676122931442083,0.7574
Unknown_592200,CIN,592200,2019,83,243,214,53,10,0,8,25,59,1,3,0.248,0.325,0.407,0.732,0.159,0.3,0.1029,0.2428,0.6502,0.348,98.5,0.8,31.0,2.3595724003887266,0.7572
Unknown_571875,AZ,571875,2019,82,237,197,40,8,2,8,33,58,5,2,0.203,0.329,0.386,0.715,0.183,0.241,0.1392,0.2447,0.5949,0.348,98.5,0.7,29.0,1.7579022988505748,0.7553
Unknown_641856,TOR,641856,2019,88,294,267,58,14,1,13,21,77,2,2,0.217,0.277,0.423,0.701,0.206,0.251,0.0714,0.2619,0.6531,0.348,98.5,0.9,25.0,3.668067226890756,0.7381
Unknown_669222,CIN,669222,2019,102,418,384,97,21,4,12,30,102,3,1,0.253,0.311,0.422,0.733,0.169,0.314,0.0718,0.244,0.6651,0.348,98.5,1.3,24.0,3.398328690807799,0.756
Unknown_514917,PHI,514917,2019,166,683,627,176,33,3,14,46,104,6,4,0.281,0.334,0.41,0.744,0.129,0.316,0.0673,0.1523,0.7716,0.347,97.8,2.1,29.0,2.263001485884101,0.8477
Unknown_474832,SF,474832,2019,161,635,542,127,33,3,19,85,130,4,4,0.234,0.34,0.411,0.752,0.177,0.272,0.1339,0.2047,0.6551,0.347,97.8,1.9,31.0,1.5287528005974609,0.7953
Unknown_466320,PIT,466320,2019,138,410,390,108,22,1,8,18,44,1,0,0.277,0.311,0.4,0.711,0.123,0.296,0.0439,0.1073,0.8439,0.347,97.8,1.3,35.0,2.4441913439635536,0.8927
Unknown_453943,NYM,453943,2019,130,499,447,112,19,2,21,40,106,12,0,0.251,0.329,0.443,0.772,0.192,0.284,0.0802,0.2124,0.6834,0.347,97.8,1.5,33.0,2.648379052369078,0.7876
Unknown_665489,TOR,665489,2019,123,514,464,126,26,2,15,46,91,2,2,0.272,0.339,0.433,0.772,0.162,0.308,0.0895,0.177,0.7296,0.347,97.8,1.6,20.0,1.9776536312849162,0.823
Unknown_592567,PIT,592567,2019,151,521,481,133,30,1,13,32,121,3,4,0.277,0.323,0.424,0.747,0.148,0.342,0.0614,0.2322,0.6987,0.347,97.8,1.6,27.0,3.7817589576547226,0.7678
Unknown_588751,NYM,588751,2019,84,228,209,50,13,1,9,14,51,3,2,0.239,0.294,0.44,0.734,0.201,0.272,0.0614,0.2237,0.7018,0.346,97.2,0.7,30.0,3.6433224755700326,0.7763
Unknown_591741,PIT,591741,2019,98,293,269,70,20,0,10,18,51,1,5,0.26,0.304,0.446,0.75,0.186,0.282,0.0614,0.1741,0.7577,0.346,97.2,0.9,27.0,2.8355048859934855,0.8259
Unknown_571657,CIN,571657,2019,98,213,199,46,7,0,10,10,65,3,1,0.231,0.277,0.417,0.694,0.186,0.288,0.0469,0.3052,0.6338,0.346,97.2,0.6,29.0,6.507462686567165,0.6948
Unknown_429664,NYM,429664,2019,110,443,409,107,29,0,13,26,72,5,3,0.262,0.312,0.428,0.739,0.166,0.287,0.0587,0.1625,0.7675,0.346,97.2,1.3,37.0,2.7683134582623508,0.8375
Unknown_640458,CLE,640458,2019,112,482,438,118,25,3,15,28,84,5,4,0.269,0.318,0.443,0.761,0.174,0.3,0.0581,0.1743,0.7427,0.346,97.2,1.4,25.0,3.0000000000000004,0.8257
Unknown_642715,TB,642715,2019,159,615,558,141,26,1,22,50,162,3,1,0.253,0.317,0.421,0.738,0.168,0.317,0.0813,0.2634,0.6455,0.345,96.5,1.8,24.0,3.2398523985239858,0.7365999999999999
Unknown_465041,PIT,465041,2019,53,172,151,34,9,1,5,15,42,5,0,0.225,0.316,0.397,0.713,0.172,0.279,0.0872,0.2442,0.6337,0.345,96.5,0.5,33.0,2.80045871559633,0.7558
Unknown_435522,MIA,435522,2019,118,391,347,90,19,1,10,42,80,1,1,0.259,0.34,0.406,0.746,0.147,0.31,0.1074,0.2046,0.6854,0.345,96.5,1.1,34.0,1.905027932960894,0.7954
Unknown_444489,MIL,444489,2019,76,189,167,39,8,0,8,17,53,4,1,0.234,0.317,0.425,0.743,0.192,0.29,0.0899,0.2804,0.6085,0.345,96.5,0.5,32.0,3.1190211345939933,0.7196
Unknown_594824,SD,594824,2019,137,381,318,78,13,4,4,55,85,5,2,0.245,0.363,0.349,0.712,0.104,0.32,0.1444,0.2231,0.6168,0.345,96.5,1.1,30.0,1.5450138504155124,0.7769
Unknown_592444,DET,592444,2019,90,343,307,71,20,3,11,28,96,6,1,0.231,0.307,0.423,0.73,0.192,0.299,0.0816,0.2799,0.6181,0.345,96.5,1.0,27.0,3.430147058823529,0.7201
Unknown_467827,WSH,467827,2019,126,314,286,71,14,3,9,20,59,5,2,0.248,0.307,0.413,0.719,0.164,0.282,0.0637,0.1879,0.7293,0.344,95.8,0.9,32.0,2.9497645211930923,0.8121
Unknown_460086,KC,460086,2019,152,637,559,149,31,1,13,51,101,20,6,0.267,0.346,0.395,0.741,0.129,0.302,0.0801,0.1586,0.7284,0.344,95.8,1.8,35.0,1.9800249687890135,0.8414
Unknown_622534,SD,622534,2019,153,456,413,99,21,4,14,38,91,2,0,0.24,0.307,0.412,0.718,0.172,0.276,0.0833,0.1996,0.7061,0.344,95.8,1.3,25.0,2.3961584633853543,0.8004
Unknown_623993,BAL,623993,2019,93,405,380,99,20,1,20,19,86,2,3,0.261,0.297,0.476,0.773,0.216,0.285,0.0469,0.2123,0.7333,0.344,95.8,1.1,25.0,4.526652452025586,0.7877000000000001
Unknown_592348,DET,592348,2019,118,488,436,109,28,5,12,47,141,2,3,0.25,0.324,0.42,0.743,0.17,0.339,0.0963,0.2889,0.6107,0.344,95.8,1.4,27.0,3.0,0.7111000000000001
Unknown_451594,STL,451594,2019,161,625,534,121,25,1,21,78,157,8,4,0.227,0.332,0.395,0.727,0.169,0.278,0.1248,0.2512,0.6096,0.343,95.2,1.7,33.0,2.0128205128205128,0.7488
Unknown_543305,NYY,543305,2019,60,260,224,52,10,0,12,33,73,0,3,0.232,0.327,0.438,0.764,0.205,0.282,0.1269,0.2808,0.5923,0.343,95.2,0.7,30.0,2.212765957446808,0.7192000000000001
Unknown_592669,SD,592669,2019,144,511,456,98,21,1,33,47,159,2,6,0.215,0.288,0.482,0.77,0.268,0.241,0.092,0.3112,0.593,0.343,95.2,1.4,27.0,3.382608695652174,0.6888000000000001
Unknown_457803,SEA,457803,2019,99,335,312,67,17,0,26,19,84,1,3,0.215,0.26,0.519,0.779,0.304,0.2,0.0567,0.2507,0.6896,0.343,95.2,0.9,32.0,4.421516754850088,0.7493000000000001
Unknown_641553,CWS,641553,2019,85,266,243,58,11,2,7,16,79,6,0,0.239,0.302,0.387,0.689,0.148,0.325,0.0602,0.297,0.6165,0.342,94.5,0.7,28.0,4.9335548172757475,0.7030000000000001
Unknown_642136,LAA,642136,2019,57,176,158,35,9,0,8,18,54,0,0,0.222,0.301,0.43,0.732,0.209,0.281,0.1023,0.3068,0.5909,0.342,94.5,0.5,24.0,2.9990224828934506,0.6932
Unknown_430945,AZ,430945,2019,138,540,497,128,25,1,17,31,105,9,3,0.258,0.311,0.414,0.726,0.157,0.294,0.0574,0.1944,0.7296,0.342,94.5,1.4,34.0,3.386759581881533,0.8056
Unknown_607345,LAA,607345,2019,63,225,205,52,14,0,5,16,43,3,1,0.254,0.316,0.395,0.711,0.141,0.297,0.0711,0.1911,0.7244,0.342,94.5,0.6,31.0,2.6877637130801686,0.8089
Unknown_656308,BOS,656308,2019,95,382,347,88,10,1,18,31,127,4,0,0.254,0.322,0.444,0.766,0.19,0.347,0.0812,0.3325,0.5759,0.342,94.5,1.0,24.0,4.094827586206897,0.6675
Unknown_542921,SEA,542921,2019,88,332,308,72,21,1,15,21,105,3,0,0.234,0.289,0.455,0.744,0.221,0.303,0.0633,0.3163,0.6114,0.342,94.5,0.9,29.0,4.9968404423380735,0.6837
Unknown_542583,MIL,542583,2019,136,384,330,78,13,0,12,45,82,2,7,0.236,0.326,0.385,0.71,0.148,0.272,0.1172,0.2135,0.6562,0.341,93.8,1.0,29.0,1.8216723549488054,0.7865
Unknown_520471,TOR,520471,2019,153,605,571,149,28,1,23,30,150,1,2,0.261,0.298,0.434,0.732,0.173,0.315,0.0496,0.2479,0.6992,0.341,93.8,1.5,30.0,4.997983870967742,0.7521
Unknown_545350,HOU,545350,2019,109,331,301,70,16,3,11,21,99,6,0,0.233,0.296,0.415,0.711,0.183,0.309,0.0634,0.2991,0.6103,0.34,93.2,0.8,28.0,4.717665615141955,0.7009000000000001
Unknown_663586,ATL,663586,2019,85,308,283,64,11,1,19,18,110,5,2,0.226,0.282,0.473,0.756,0.247,0.288,0.0584,0.3571,0.5682,0.34,93.2,0.8,22.0,6.11472602739726,0.6429
Unknown_405395,LAA,405395,2019,136,557,502,122,22,0,24,44,69,3,8,0.243,0.303,0.43,0.734,0.187,0.235,0.079,0.1239,0.7917,0.34,93.2,1.4,39.0,1.5683544303797468,0.8761
Unknown_544725,CWS,544725,2019,141,630,588,168,27,3,10,22,140,6,3,0.286,0.317,0.393,0.709,0.107,0.358,0.0349,0.2222,0.7159,0.34,93.2,1.6,28.0,6.36676217765043,0.7778
Unknown_516416,PHI,516416,2019,149,633,591,165,37,4,12,30,75,8,3,0.279,0.321,0.416,0.737,0.137,0.302,0.0474,0.1185,0.8199,0.34,93.2,1.6,29.0,2.5,0.8815
Unknown_545121,AZ,545121,2019,87,225,215,57,10,1,6,9,24,0,1,0.265,0.293,0.405,0.698,0.14,0.274,0.04,0.1067,0.8533,0.34,93.2,0.6,28.0,2.6675,0.8933
Unknown_628356,PIT,628356,2019,69,199,184,35,9,1,12,13,62,1,1,0.19,0.246,0.446,0.692,0.255,0.207,0.0653,0.3116,0.6181,0.34,93.2,0.5,32.0,4.771822358346095,0.6884
Unknown_592387,SEA,592387,2019,48,191,173,41,16,0,7,13,40,1,4,0.237,0.288,0.451,0.739,0.214,0.262,0.0681,0.2094,0.7173,0.34,93.2,0.5,27.0,3.07488986784141,0.7906
Unknown_571431,WSH,571431,2019,118,348,325,74,14,0,23,20,120,2,1,0.228,0.276,0.483,0.759,0.255,0.279,0.0575,0.3448,0.592,0.339,92.5,0.8,31.0,5.996521739130435,0.6552
Unknown_607732,PIT,607732,2019,73,216,197,51,6,0,6,16,42,2,0,0.259,0.321,0.381,0.702,0.122,0.302,0.0741,0.1944,0.7176,0.339,92.5,0.5,30.0,2.623481781376518,0.8056
Unknown_592122,SF,592122,2019,93,188,161,30,6,1,9,26,69,0,1,0.186,0.298,0.404,0.702,0.217,0.25,0.1383,0.367,0.4947,0.339,92.5,0.4,28.0,2.6536514822848876,0.633
Unknown_664056,STL,664056,2019,133,431,370,77,16,3,12,48,124,10,2,0.208,0.314,0.365,0.679,0.157,0.275,0.1114,0.2877,0.5754,0.338,91.8,1.0,25.0,2.5825852782764813,0.7122999999999999
Unknown_596748,PHI,596748,2019,125,441,402,95,19,0,18,36,65,0,3,0.236,0.297,0.418,0.715,0.182,0.239,0.0816,0.1474,0.771,0.338,91.8,1.0,27.0,1.8063725490196076,0.8526
Unknown_592261,TEX,592261,2019,110,420,368,91,17,4,4,38,104,4,2,0.247,0.323,0.348,0.671,0.101,0.332,0.0905,0.2476,0.6333,0.338,91.8,1.0,27.0,2.735911602209945,0.7524
Unknown_643393,HOU,643393,2019,112,292,256,58,11,4,9,25,50,6,4,0.227,0.306,0.406,0.712,0.18,0.244,0.0856,0.1712,0.7192,0.338,91.8,0.7,28.0,2.0,0.8288
Unknown_572073,BAL,572073,2019,67,201,180,40,11,2,3,18,53,3,0,0.222,0.303,0.356,0.659,0.133,0.298,0.0896,0.2637,0.6318,0.338,91.8,0.5,28.0,2.943080357142857,0.7363
Unknown_642165,CIN,642165,2019,97,267,235,55,13,1,8,29,58,2,1,0.234,0.322,0.4,0.722,0.166,0.276,0.1086,0.2172,0.6667,0.338,91.8,0.6,24.0,2.0,0.7827999999999999
Unknown_571466,CIN,571466,2019,118,375,325,74,14,0,11,46,87,2,1,0.228,0.326,0.372,0.699,0.145,0.276,0.1227,0.232,0.6373,0.338,91.8,0.9,28.0,1.8907905460472698,0.768
Unknown_641658,COL,641658,2019,105,335,306,76,9,5,9,25,89,0,2,0.248,0.303,0.399,0.702,0.15,0.319,0.0746,0.2657,0.6537,0.337,91.2,0.7,25.0,3.5616621983914207,0.7343
Unknown_571506,LAA,571506,2019,57,188,165,29,5,0,9,21,55,1,1,0.176,0.271,0.37,0.641,0.194,0.196,0.1117,0.2926,0.5904,0.337,91.2,0.4,31.0,2.619516562220233,0.7074
Unknown_595751,MIA,595751,2019,130,470,436,114,14,1,18,22,157,10,2,0.261,0.311,0.422,0.733,0.161,0.365,0.0468,0.334,0.5979,0.337,91.2,1.0,26.0,7.136752136752137,0.6659999999999999
Unknown_462101,TEX,462101,2019,152,660,611,168,28,4,12,34,98,5,10,0.275,0.314,0.393,0.706,0.118,0.305,0.0515,0.1485,0.7924,0.336,90.5,1.4,31.0,2.883495145631068,0.8515
Unknown_519222,NYY,519222,2019,71,246,233,65,12,0,8,11,51,0,1,0.279,0.31,0.433,0.744,0.155,0.326,0.0447,0.2073,0.7439,0.336,90.5,0.5,31.0,4.63758389261745,0.7927
Unknown_600474,BAL,600474,2019,96,345,309,76,13,0,13,29,73,4,2,0.246,0.317,0.414,0.731,0.168,0.28,0.0841,0.2116,0.6899,0.336,90.5,0.7,26.0,2.5160523186682524,0.7884
Unknown_650859,LAA,650859,2019,108,410,360,87,18,3,7,41,93,5,3,0.242,0.325,0.367,0.692,0.125,0.304,0.1,0.2268,0.6585,0.336,90.5,0.9,22.0,2.268,0.7732
Unknown_543228,WSH,543228,2019,106,385,338,76,17,0,12,41,95,5,1,0.225,0.317,0.382,0.699,0.157,0.276,0.1065,0.2468,0.6338,0.335,89.8,0.8,32.0,2.317370892018779,0.7532
Unknown_502210,HOU,502210,2019,148,574,526,140,19,3,15,38,75,0,9,0.266,0.311,0.399,0.71,0.133,0.281,0.0662,0.1307,0.7962,0.335,89.8,1.2,32.0,1.9743202416918433,0.8693
Unknown_452095,ATL,452095,2019,86,318,277,64,11,3,11,32,107,7,2,0.231,0.324,0.412,0.735,0.181,0.329,0.1006,0.3365,0.5409,0.335,89.8,0.6,33.0,3.3449304174950303,0.6635
Unknown_596059,TEX,596059,2019,149,595,535,110,30,1,31,53,182,5,1,0.206,0.283,0.439,0.722,0.234,0.245,0.0891,0.3059,0.595,0.335,89.8,1.2,25.0,3.4332210998877666,0.6940999999999999
Unknown_570481,PIT,570481,2019,54,172,155,37,4,1,1,12,37,1,1,0.239,0.296,0.297,0.593,0.058,0.305,0.0698,0.2151,0.6919,0.335,89.8,0.4,28.0,3.0816618911174785,0.7848999999999999
Unknown_641796,AZ,641796,2019,82,250,212,53,12,2,1,14,44,22,1,0.25,0.357,0.34,0.697,0.09,0.31,0.056,0.176,0.676,0.335,89.8,0.5,27.0,3.142857142857143,0.8240000000000001
Unknown_572365,CWS,572365,2019,55,171,152,38,6,1,3,17,45,1,0,0.25,0.329,0.362,0.691,0.112,0.337,0.0994,0.2632,0.6257,0.334,89.2,0.3,31.0,2.647887323943662,0.7368
Unknown_545341,TOR,545341,2019,155,644,599,138,29,5,33,38,167,5,2,0.23,0.281,0.461,0.742,0.23,0.262,0.059,0.2593,0.6739,0.334,89.2,1.3,28.0,4.394915254237288,0.7407
Unknown_543333,SD,543333,2019,165,683,633,166,30,2,22,42,166,3,5,0.262,0.309,0.42,0.729,0.158,0.32,0.0615,0.243,0.6911,0.334,89.2,1.3,30.0,3.951219512195122,0.757
Unknown_425877,STL,425877,2019,124,500,462,122,26,0,11,25,62,7,6,0.264,0.308,0.392,0.7,0.128,0.281,0.05,0.124,0.812,0.333,88.5,0.9,37.0,2.48,0.876
Unknown_595777,ATH,595777,2019,140,532,471,105,24,3,21,49,77,9,3,0.223,0.306,0.42,0.727,0.197,0.223,0.0921,0.1447,0.7462,0.333,88.5,1.0,26.0,1.5711183496199783,0.8553
Unknown_640461,ATH,640461,2019,121,375,346,84,22,0,13,20,88,5,3,0.243,0.291,0.419,0.711,0.176,0.286,0.0533,0.2347,0.696,0.333,88.5,0.7,27.0,4.4033771106941835,0.7653
Unknown_457708,LAA,457708,2019,66,266,225,47,8,0,12,34,81,2,5,0.209,0.312,0.404,0.716,0.196,0.255,0.1278,0.3045,0.5602,0.333,88.5,0.5,32.0,2.3826291079812205,0.6955
Unknown_656185,CLE,656185,2019,86,271,245,55,11,3,4,12,55,9,1,0.224,0.285,0.343,0.628,0.118,0.273,0.0443,0.203,0.7048,0.332,87.8,0.5,26.0,4.582392776523703,0.7969999999999999
Unknown_609275,KC,609275,2019,105,452,423,112,22,10,9,20,134,0,6,0.265,0.294,0.428,0.722,0.163,0.36,0.0442,0.2965,0.6527,0.332,87.8,0.8,24.0,6.70814479638009,0.7035
Unknown_595956,KC,595956,2019,46,150,132,31,7,0,4,12,30,3,1,0.235,0.311,0.379,0.69,0.144,0.273,0.08,0.2,0.6867,0.332,87.8,0.3,27.0,2.5,0.8
Unknown_503556,MIN,503556,2019,120,484,445,117,20,0,15,32,108,6,1,0.263,0.32,0.409,0.729,0.146,0.316,0.0661,0.2231,0.6983,0.331,87.2,0.8,30.0,3.3751891074130103,0.7769
Unknown_622569,PIT,622569,2019,74,177,160,36,9,2,2,15,36,1,1,0.225,0.294,0.344,0.638,0.119,0.276,0.0847,0.2034,0.7062,0.331,87.2,0.3,26.0,2.4014167650531286,0.7966
Unknown_475174,CWS,475174,2019,126,355,308,63,15,0,11,43,73,2,2,0.205,0.304,0.36,0.665,0.156,0.23,0.1211,0.2056,0.6676,0.331,87.2,0.6,32.0,1.6977704376548308,0.7944
Unknown_607752,BOS,607752,2019,63,167,154,34,5,1,7,11,37,1,1,0.221,0.275,0.403,0.678,0.182,0.243,0.0659,0.2216,0.7066,0.331,87.2,0.3,26.0,3.3626707132018208,0.7784
Unknown_572039,ATH,572039,2019,96,401,365,91,17,1,14,29,87,3,3,0.249,0.308,0.416,0.724,0.167,0.288,0.0723,0.217,0.7007,0.33,86.5,0.6,28.0,3.0013831258644537,0.783
Unknown_547172,COL,547172,2019,120,416,363,96,18,2,1,37,69,8,6,0.264,0.341,0.333,0.674,0.069,0.318,0.0889,0.1659,0.7212,0.33,86.5,0.7,27.0,1.8661417322834644,0.8341000000000001
Unknown_547004,BAL,547004,2019,126,430,386,90,16,2,13,41,91,0,2,0.233,0.305,0.386,0.691,0.153,0.271,0.0953,0.2116,0.6907,0.33,86.5,0.7,25.0,2.220356768100735,0.7884
Unknown_435263,ATL,435263,2019,94,343,302,74,12,0,12,33,56,2,6,0.245,0.318,0.404,0.722,0.159,0.258,0.0962,0.1633,0.7347,0.329,85.8,0.5,35.0,1.6975051975051976,0.8367
Unknown_456715,MIL,456715,2019,150,639,578,149,30,0,11,50,110,7,4,0.258,0.322,0.367,0.689,0.109,0.299,0.0782,0.1721,0.7371,0.329,85.8,1.0,33.0,2.20076726342711,0.8279
Unknown_641343,CLE,641343,2019,121,442,388,89,16,2,12,48,119,3,3,0.229,0.317,0.374,0.69,0.144,0.296,0.1086,0.2692,0.6154,0.329,85.8,0.7,24.0,2.4788213627992635,0.7308
Unknown_606132,COL,606132,2019,143,456,435,119,23,5,9,21,103,0,0,0.274,0.307,0.411,0.719,0.138,0.341,0.0461,0.2259,0.7281,0.329,85.8,0.7,25.0,4.900216919739696,0.7741
Unknown_571771,LAD,571771,2019,138,485,437,102,20,1,18,38,105,6,4,0.233,0.301,0.407,0.708,0.174,0.264,0.0784,0.2165,0.6928,0.328,85.2,0.7,28.0,2.7614795918367347,0.7835
Unknown_607680,SF,607680,2019,165,659,624,161,37,3,22,18,91,10,7,0.258,0.287,0.433,0.719,0.175,0.268,0.0273,0.1381,0.8194,0.328,85.2,1.0,30.0,5.058608058608058,0.8619
Unknown_546991,CHC,546991,2019,120,379,354,86,12,1,13,17,65,1,2,0.243,0.278,0.393,0.671,0.15,0.263,0.0449,0.1715,0.7678,0.328,85.2,0.5,25.0,3.819599109131403,0.8285
Unknown_543401,CLE,543401,2019,122,512,459,112,23,1,17,40,88,2,6,0.244,0.304,0.41,0.713,0.166,0.264,0.0781,0.1719,0.7363,0.328,85.2,0.7,32.0,2.201024327784891,0.8281000000000001
Unknown_572761,STL,572761,2019,138,510,430,95,20,2,15,66,136,7,6,0.221,0.33,0.381,0.711,0.16,0.281,0.1294,0.2667,0.5882,0.327,84.5,0.7,34.0,2.061051004636785,0.7333000000000001
Unknown_455117,KC,455117,2019,107,392,349,78,21,0,12,34,90,6,1,0.223,0.303,0.387,0.689,0.163,0.266,0.0867,0.2296,0.6633,0.327,84.5,0.5,33.0,2.648212226066897,0.7704
Unknown_656514,PHI,656514,2019,66,242,222,59,14,0,5,14,60,5,0,0.266,0.324,0.396,0.72,0.131,0.344,0.0579,0.2479,0.6694,0.327,84.5,0.3,23.0,4.281519861830743,0.7521
Unknown_500743,MIA,500743,2019,133,535,492,140,29,1,5,32,63,5,5,0.285,0.331,0.378,0.71,0.093,0.315,0.0598,0.1178,0.8112,0.327,84.5,0.7,30.0,1.9698996655518395,0.8822
Unknown_523253,TEX,523253,2019,102,376,327,74,17,1,8,44,102,3,2,0.226,0.322,0.358,0.68,0.131,0.301,0.117,0.2713,0.6011,0.327,84.5,0.5,32.0,2.3188034188034186,0.7287
Unknown_546318,PHI,546318,2019,43,151,137,32,10,1,3,12,35,1,1,0.234,0.298,0.387,0.685,0.153,0.29,0.0795,0.2318,0.6821,0.327,84.5,0.2,28.0,2.915723270440252,0.7682
Unknown_516770,MIA,516770,2019,165,686,646,175,32,4,22,28,115,3,9,0.271,0.3,0.435,0.735,0.164,0.295,0.0408,0.1676,0.7872,0.326,83.8,0.9,29.0,4.107843137254902,0.8324
Unknown_642133,TOR,642133,2019,114,413,374,85,19,0,22,29,117,7,3,0.227,0.293,0.455,0.748,0.227,0.265,0.0702,0.2833,0.6295,0.326,83.8,0.5,24.0,4.035612535612536,0.7167
Unknown_541650,MIL,541650,2019,91,263,247,57,13,0,8,12,70,0,2,0.231,0.264,0.381,0.645,0.15,0.287,0.0456,0.2662,0.6806,0.325,83.2,0.3,28.0,5.837719298245614,0.7338
Unknown_647304,SD,647304,2019,95,280,253,63,15,0,8,26,64,0,1,0.249,0.318,0.403,0.721,0.154,0.302,0.0929,0.2286,0.6786,0.325,83.2,0.3,22.0,2.4607104413347685,0.7714
Unknown_622110,TB,622110,2019,47,177,155,40,8,0,1,19,32,2,1,0.258,0.345,0.329,0.674,0.071,0.317,0.1073,0.1808,0.7006,0.324,82.5,0.2,28.0,1.6849953401677538,0.8192
Unknown_664034,SD,664034,2019,74,209,191,44,8,1,7,10,50,7,1,0.23,0.292,0.393,0.685,0.162,0.274,0.0478,0.2392,0.6794,0.324,82.5,0.2,25.0,5.00418410041841,0.7608
Unknown_518595,TB,518595,2019,110,417,373,91,16,0,16,33,93,4,7,0.244,0.307,0.416,0.723,0.172,0.277,0.0791,0.223,0.6882,0.323,81.8,0.4,30.0,2.8192161820480406,0.777
Unknown_543257,ATH,543257,2019,138,496,434,104,21,3,6,59,88,1,2,0.24,0.331,0.343,0.674,0.104,0.287,0.119,0.1774,0.7016,0.323,81.8,0.5,30.0,1.4907563025210084,0.8226
Unknown_641525,DET,641525,2019,112,422,393,98,20,4,15,21,137,4,4,0.249,0.291,0.435,0.727,0.186,0.339,0.0498,0.3246,0.6161,0.323,81.8,0.4,27.0,6.518072289156627,0.6754
Unknown_621453,SF,621453,2019,78,300,277,66,14,2,4,19,82,1,3,0.238,0.287,0.347,0.633,0.108,0.32,0.0633,0.2733,0.66,0.323,81.8,0.3,26.0,4.317535545023697,0.7267
Unknown_547982,CLE,547982,2019,71,284,252,53,7,0,9,25,80,4,0,0.21,0.292,0.345,0.637,0.135,0.27,0.088,0.2817,0.6056,0.323,81.8,0.3,31.0,3.2011363636363637,0.7182999999999999
Unknown_570256,PIT,570256,2019,42,167,154,37,8,1,6,12,49,1,0,0.24,0.299,0.422,0.721,0.182,0.313,0.0719,0.2934,0.6228,0.323,81.8,0.2,28.0,4.080667593880389,0.7066
Unknown_622168,STL,622168,2019,87,195,184,49,7,1,2,8,40,1,2,0.266,0.297,0.348,0.645,0.082,0.326,0.041,0.2051,0.7487,0.321,80.5,0.2,24.0,5.0024390243902435,0.7948999999999999
Unknown_572033,ATH,572033,2019,105,345,317,75,18,0,12,15,65,6,5,0.237,0.28,0.407,0.687,0.17,0.257,0.0435,0.1884,0.7449,0.32,79.8,0.3,31.0,4.331034482758621,0.8116
Unknown_600869,DET,600869,2019,96,394,342,73,17,2,10,44,99,7,1,0.213,0.315,0.363,0.677,0.149,0.269,0.1117,0.2513,0.6193,0.32,79.8,0.3,26.0,2.249776186213071,0.7486999999999999
Unknown_456078,CWS,456078,2019,73,257,236,51,13,0,12,16,75,3,2,0.216,0.272,0.424,0.696,0.208,0.258,0.0623,0.2918,0.6342,0.32,79.8,0.2,32.0,4.683788121990369,0.7081999999999999
Unknown_595284,PHI,595284,2019,75,164,140,30,9,0,3,18,53,3,0,0.214,0.317,0.343,0.66,0.129,0.321,0.1098,0.3232,0.5305,0.319,79.2,0.1,28.0,2.9435336976320583,0.6768000000000001
Unknown_457763,SF,457763,2019,118,459,418,107,26,0,7,35,73,4,1,0.256,0.319,0.368,0.687,0.112,0.295,0.0763,0.159,0.7538,0.319,79.2,0.3,32.0,2.0838794233289644,0.841
Unknown_628338,TB,628338,2019,80,241,212,47,14,0,5,20,62,6,1,0.222,0.305,0.358,0.664,0.137,0.288,0.083,0.2573,0.6266,0.318,78.5,0.1,28.0,3.0999999999999996,0.7427
Unknown_641487,SEA,641487,2019,92,396,345,78,21,4,7,43,83,2,3,0.226,0.313,0.371,0.684,0.145,0.275,0.1086,0.2096,0.6692,0.318,78.5,0.2,24.0,1.9300184162062615,0.7904
Unknown_435079,SD,435079,2019,92,296,272,60,12,0,11,20,58,3,1,0.221,0.28,0.386,0.666,0.165,0.24,0.0676,0.1959,0.7264,0.318,78.5,0.2,37.0,2.8979289940828403,0.8041
Unknown_543063,SF,543063,2019,152,578,514,119,25,2,11,56,120,4,4,0.232,0.31,0.352,0.662,0.121,0.279,0.0969,0.2076,0.6886,0.317,77.8,0.3,32.0,2.1424148606811144,0.7924
Unknown_544369,NYY,544369,2019,87,368,346,82,14,2,17,19,57,1,2,0.237,0.277,0.436,0.714,0.199,0.237,0.0516,0.1549,0.7908,0.316,77.1,0.2,29.0,3.001937984496124,0.8451
Unknown_605131,LAD,605131,2019,79,256,223,46,12,1,5,26,58,5,2,0.206,0.301,0.336,0.637,0.13,0.253,0.1016,0.2266,0.6523,0.316,77.1,0.1,30.0,2.2303149606299213,0.7734
Unknown_596144,KC,596144,2019,92,339,317,80,15,0,9,20,68,2,0,0.252,0.301,0.385,0.686,0.132,0.296,0.059,0.2006,0.7345,0.316,77.1,0.1,27.0,3.4000000000000004,0.7994
Unknown_570560,CWS,570560,2019,152,571,510,126,20,4,2,46,120,5,3,0.247,0.314,0.314,0.628,0.067,0.317,0.0806,0.2102,0.6883,0.315,76.5,0.2,27.0,2.6079404466501237,0.7898000000000001
Unknown_605412,SF,605412,2019,145,506,453,112,22,2,5,43,49,4,4,0.247,0.315,0.338,0.653,0.091,0.266,0.085,0.0968,0.8063,0.315,76.5,0.2,29.0,1.1388235294117646,0.9032
Unknown_621514,DET,621514,2019,108,427,380,87,26,1,10,34,110,7,6,0.229,0.3,0.382,0.681,0.153,0.289,0.0796,0.2576,0.6464,0.314,75.8,0.1,26.0,3.236180904522613,0.7424
Unknown_592743,LAA,592743,2019,107,437,411,107,19,0,7,24,40,2,0,0.26,0.304,0.358,0.662,0.097,0.275,0.0549,0.0915,0.849,0.314,75.8,0.1,30.0,1.6666666666666667,0.9085
Unknown_622666,ATL,622666,2019,99,259,242,57,13,1,7,16,44,0,0,0.236,0.283,0.384,0.667,0.149,0.262,0.0618,0.1699,0.7645,0.314,75.8,0.1,26.0,2.749190938511327,0.8301000000000001
Unknown_445055,CWS,445055,2019,47,185,168,44,8,0,0,8,31,3,1,0.262,0.306,0.31,0.615,0.048,0.319,0.0432,0.1676,0.7459,0.314,75.8,0.0,34.0,3.8796296296296293,0.8324
Unknown_501981,ATH,501981,2019,137,544,491,106,11,0,23,48,151,3,2,0.216,0.289,0.379,0.667,0.163,0.26,0.0882,0.2776,0.6287,0.313,75.1,0.1,32.0,3.1473922902494333,0.7223999999999999
Unknown_518960,LAA,518960,2019,98,335,300,71,12,1,8,27,51,5,3,0.237,0.307,0.363,0.671,0.127,0.258,0.0806,0.1522,0.7522,0.313,75.1,0.1,33.0,1.8883374689826302,0.8478
Unknown_621002,TB,621002,2019,76,250,219,47,9,1,3,25,62,6,0,0.215,0.312,0.306,0.618,0.091,0.286,0.1,0.248,0.628,0.312,74.5,0.0,25.0,2.48,0.752
Unknown_605612,DET,605612,2019,95,370,355,103,10,4,5,9,86,0,4,0.29,0.304,0.383,0.687,0.093,0.366,0.0243,0.2324,0.7378,0.312,74.5,0.0,26.0,9.563786008230453,0.7676000000000001
Unknown_543829,SEA,543829,2019,113,422,394,108,12,6,3,18,61,1,6,0.274,0.303,0.358,0.661,0.084,0.312,0.0427,0.1445,0.8033,0.311,73.8,0.0,31.0,3.38407494145199,0.8555
Unknown_641477,CWS,641477,2019,82,248,218,49,8,1,7,19,69,3,2,0.225,0.293,0.367,0.66,0.142,0.292,0.0766,0.2782,0.6089,0.31,73.1,-0.0,27.0,3.631853785900783,0.7218
Unknown_446308,STL,446308,2019,71,196,180,37,4,0,11,13,52,1,2,0.206,0.26,0.411,0.671,0.206,0.218,0.0663,0.2653,0.6633,0.309,72.5,-0.0,33.0,4.001508295625943,0.7347
Unknown_595281,TB,595281,2019,138,514,480,108,22,8,16,27,113,5,1,0.225,0.273,0.404,0.677,0.179,0.261,0.0525,0.2198,0.716,0.308,71.8,-0.1,29.0,4.1866666666666665,0.7802
Unknown_434158,MIA,434158,2019,138,374,327,60,17,1,12,42,103,3,2,0.183,0.281,0.352,0.632,0.168,0.224,0.1123,0.2754,0.6043,0.308,71.8,-0.1,38.0,2.4523597506678536,0.7246
Unknown_501571,NYM,501571,2019,106,297,270,58,12,1,6,22,78,2,1,0.215,0.278,0.333,0.611,0.119,0.278,0.0741,0.2626,0.6498,0.308,71.8,-0.1,30.0,3.543859649122807,0.7374
Unknown_606115,MIL,606115,2019,154,566,514,117,16,2,15,43,114,1,6,0.228,0.285,0.354,0.64,0.126,0.261,0.076,0.2014,0.7173,0.307,71.1,-0.2,25.0,2.65,0.7986
Unknown_606299,CIN,606299,2019,139,416,389,93,19,3,6,17,62,8,2,0.239,0.284,0.35,0.633,0.111,0.269,0.0409,0.149,0.7909,0.307,71.1,-0.1,25.0,3.643031784841076,0.851
Unknown_594694,WSH,594694,2019,47,153,138,34,2,0,2,13,33,0,0,0.246,0.311,0.304,0.616,0.058,0.311,0.085,0.2157,0.6863,0.307,71.1,-0.1,27.0,2.5376470588235294,0.7843
Unknown_621563,TB,621563,2019,76,285,258,60,15,2,3,16,53,8,3,0.233,0.295,0.341,0.636,0.109,0.278,0.0561,0.186,0.7298,0.306,70.5,-0.1,29.0,3.3155080213903743,0.8140000000000001
Unknown_500135,DET,500135,2019,87,301,283,62,12,3,14,13,85,0,5,0.219,0.249,0.431,0.68,0.212,0.254,0.0432,0.2824,0.6744,0.306,70.5,-0.1,27.0,6.537037037037036,0.7176
Unknown_664238,SEA,664238,2019,92,287,252,51,14,2,9,25,96,9,0,0.202,0.297,0.381,0.678,0.179,0.286,0.0871,0.3345,0.5436,0.306,70.5,-0.1,27.0,3.840413318025259,0.6655
Unknown_605480,SEA,605480,2019,133,572,516,116,19,9,6,42,143,11,1,0.225,0.296,0.331,0.628,0.107,0.299,0.0734,0.25,0.6538,0.305,69.8,-0.3,26.0,3.4059945504087192,0.75
Unknown_643603,HOU,643603,2019,85,293,254,54,14,0,4,36,82,0,3,0.213,0.307,0.315,0.622,0.102,0.292,0.1229,0.2799,0.5973,0.305,69.8,-0.1,29.0,2.277461350691619,0.7201
Unknown_593523,BOS,593523,2019,55,155,148,37,7,0,2,3,42,3,0,0.25,0.279,0.338,0.617,0.088,0.337,0.0194,0.271,0.6839,0.304,69.1,-0.1,27.0,13.969072164948454,0.729
Unknown_502481,AZ,502481,2019,124,466,414,96,11,2,7,47,88,2,2,0.232,0.312,0.319,0.631,0.087,0.277,0.1009,0.1888,0.7039,0.303,68.5,-0.3,35.0,1.8711595639246779,0.8112
Unknown_592273,TOR,592273,2019,125,466,435,95,21,1,16,27,119,1,3,0.218,0.264,0.382,0.646,0.163,0.261,0.0579,0.2554,0.6845,0.302,67.8,-0.4,27.0,4.411053540587219,0.7445999999999999
Unknown_605233,TOR,605233,2019,48,167,146,27,4,1,7,21,57,0,0,0.185,0.287,0.37,0.657,0.185,0.244,0.1257,0.3413,0.5329,0.301,67.1,-0.1,26.0,2.7151949085123306,0.6587000000000001
Unknown_543308,DET,543308,2019,97,345,330,73,18,0,13,14,111,0,1,0.221,0.252,0.394,0.646,0.173,0.29,0.0406,0.3217,0.6377,0.299,65.8,-0.3,30.0,7.9236453201970445,0.6783
Unknown_621573,MIA,621573,2019,64,190,178,40,14,0,6,10,47,0,1,0.225,0.265,0.404,0.669,0.18,0.27,0.0526,0.2474,0.6947,0.299,65.8,-0.2,26.0,4.7034220532319395,0.7525999999999999
Unknown_643376,TOR,643376,2019,111,395,356,74,12,1,13,33,80,4,1,0.208,0.282,0.357,0.638,0.149,0.231,0.0835,0.2025,0.7013,0.299,65.8,-0.4,24.0,2.4251497005988023,0.7975
Unknown_592859,BAL,592859,2019,104,361,329,74,18,2,10,22,108,7,2,0.225,0.286,0.383,0.669,0.158,0.3,0.0609,0.2992,0.6177,0.297,64.5,-0.4,27.0,4.912972085385879,0.7008
Unknown_448801,BAL,448801,2019,106,370,323,58,9,0,14,41,147,3,3,0.18,0.276,0.337,0.613,0.158,0.267,0.1108,0.3973,0.4838,0.296,63.8,-0.5,33.0,3.585740072202166,0.6027
Unknown_602922,CWS,602922,2019,60,165,151,32,6,0,3,11,42,2,0,0.212,0.274,0.311,0.586,0.099,0.274,0.0667,0.2545,0.6606,0.296,63.8,-0.2,25.0,3.8155922038980514,0.7455
Unknown_608475,DET,608475,2019,75,290,275,67,11,4,6,8,59,3,4,0.244,0.269,0.378,0.647,0.135,0.285,0.0276,0.2034,0.7586,0.295,63.1,-0.4,25.0,7.369565217391305,0.7966
Unknown_656811,KC,656811,2019,108,380,337,66,13,1,14,40,102,1,2,0.196,0.282,0.365,0.647,0.169,0.233,0.1053,0.2684,0.6237,0.294,62.5,-0.5,26.0,2.548907882241216,0.7316
Unknown_668942,AZ,668942,2019,41,157,138,30,7,0,2,18,41,1,0,0.217,0.312,0.312,0.624,0.094,0.295,0.1146,0.2611,0.6178,0.292,61.1,-0.3,25.0,2.2783595113438047,0.7389
Unknown_493596,DET,493596,2019,75,247,229,48,13,2,6,14,71,4,0,0.21,0.267,0.362,0.63,0.153,0.276,0.0567,0.2874,0.6397,0.292,61.1,-0.4,33.0,5.068783068783069,0.7126
Unknown_641513,DET,641513,2019,49,187,170,39,7,2,3,14,63,1,1,0.229,0.29,0.347,0.637,0.118,0.343,0.0749,0.3369,0.5775,0.29,59.8,-0.3,25.0,4.497997329773031,0.6631
Unknown_643396,TEX,643396,2019,62,227,207,50,13,1,1,14,50,4,1,0.242,0.301,0.329,0.629,0.087,0.312,0.0617,0.2203,0.696,0.29,59.8,-0.4,24.0,3.5705024311183147,0.7797000000000001
Unknown_456488,BOS,456488,2019,62,187,180,43,7,0,2,4,27,0,2,0.239,0.253,0.311,0.564,0.072,0.268,0.0214,0.1444,0.8289,0.289,59.1,-0.3,32.0,6.747663551401869,0.8556
Unknown_543768,MIL,543768,2019,90,285,244,40,6,0,9,37,95,4,0,0.164,0.284,0.299,0.583,0.135,0.221,0.1298,0.3333,0.5228,0.288,58.5,-0.6,29.0,2.5677966101694913,0.6667000000000001
Unknown_650619,KC,650619,2019,43,153,136,29,8,0,1,12,44,0,4,0.213,0.27,0.294,0.564,0.081,0.295,0.0784,0.2876,0.6275,0.287,57.8,-0.3,22.0,3.668367346938776,0.7123999999999999
Unknown_434778,ATH,434778,2019,58,216,184,35,2,1,2,27,27,4,1,0.19,0.306,0.245,0.55,0.054,0.212,0.125,0.125,0.7315,0.287,57.8,-0.4,36.0,1.0,0.875
Unknown_553869,PIT,553869,2019,98,332,303,73,14,0,2,23,56,2,3,0.241,0.296,0.307,0.603,0.066,0.286,0.0693,0.1687,0.753,0.286,57.1,-0.7,29.0,2.4343434343434343,0.8313
Unknown_448602,COL,448602,2019,83,176,148,24,8,0,4,23,63,2,3,0.162,0.278,0.297,0.576,0.135,0.238,0.1307,0.358,0.5,0.286,57.1,-0.4,36.0,2.7390971690895176,0.642
Unknown_657061,PIT,657061,2019,56,159,147,31,10,3,2,10,40,1,0,0.211,0.266,0.361,0.626,0.15,0.276,0.0629,0.2516,0.673,0.285,56.5,-0.3,23.0,4.0,0.7484
Unknown_670032,KC,670032,2019,102,402,379,91,22,2,2,18,51,1,0,0.24,0.276,0.325,0.601,0.084,0.273,0.0448,0.1269,0.8159,0.283,55.1,-1.0,24.0,2.832589285714286,0.8731
Unknown_621006,BAL,621006,2019,102,322,295,60,8,3,6,15,86,6,1,0.203,0.256,0.312,0.567,0.108,0.265,0.0466,0.2671,0.6522,0.282,54.5,-0.8,25.0,5.73175965665236,0.7329
Unknown_506702,BOS,506702,2019,63,196,175,34,3,0,5,15,47,1,1,0.194,0.26,0.297,0.558,0.103,0.234,0.0765,0.2398,0.6582,0.282,54.5,-0.5,30.0,3.1346405228758174,0.7602
Unknown_605508,CWS,605508,2019,48,160,147,34,5,0,1,10,38,3,0,0.231,0.294,0.286,0.579,0.054,0.306,0.0625,0.2375,0.6813,0.282,54.5,-0.4,27.0,3.8,0.7625
Unknown_571740,KC,571740,2019,110,363,325,70,15,2,0,33,89,0,2,0.215,0.286,0.274,0.56,0.058,0.294,0.0909,0.2452,0.6556,0.281,53.8,-0.9,29.0,2.6974697469746975,0.7548
Unknown_595978,SD,595978,2019,106,359,323,59,9,0,12,28,113,5,1,0.183,0.258,0.322,0.58,0.139,0.236,0.078,0.3148,0.5877,0.278,51.8,-1.0,27.0,4.035897435897437,0.6852
Unknown_543281,DET,543281,2019,39,162,150,29,10,1,2,8,31,2,2,0.193,0.241,0.313,0.554,0.12,0.227,0.0494,0.1914,0.7469,0.273,48.5,-0.5,32.0,3.874493927125506,0.8086
Unknown_445988,MIA,445988,2019,107,269,254,60,10,0,2,12,42,0,3,0.236,0.268,0.299,0.567,0.063,0.272,0.0446,0.1561,0.7993,0.272,47.8,-0.9,36.0,3.4999999999999996,0.8439
Unknown_607776,SF,607776,2019,44,161,144,23,1,0,4,14,50,3,0,0.16,0.248,0.25,0.498,0.09,0.211,0.087,0.3106,0.5839,0.272,47.8,-0.5,29.0,3.5701149425287357,0.6894
Unknown_471865,CLE,471865,2019,45,166,145,29,3,0,3,18,52,1,2,0.2,0.289,0.283,0.572,0.083,0.283,0.1084,0.3133,0.5723,0.269,45.8,-0.6,34.0,2.8902214022140225,0.6867
Unknown_621512,NYM,621512,2019,49,154,146,29,5,0,4,7,39,0,0,0.199,0.235,0.315,0.55,0.116,0.243,0.0455,0.2532,0.6948,0.268,45.1,-0.6,25.0,5.564835164835165,0.7468
Unknown_656371,MIA,656371,2019,49,201,179,31,5,2,5,19,59,2,1,0.173,0.259,0.307,0.566,0.134,0.224,0.0945,0.2935,0.602,0.267,44.5,-0.7,23.0,3.1058201058201056,0.7065
Unknown_542979,BAL,542979,2019,80,242,216,38,6,0,6,21,109,2,2,0.176,0.253,0.287,0.54,0.111,0.311,0.0868,0.4504,0.4504,0.266,43.8,-0.9,29.0,5.188940092165899,0.5496
Unknown_606988,DET,606988,2019,60,230,213,42,5,1,5,14,72,1,1,0.197,0.249,0.3,0.549,0.103,0.27,0.0609,0.313,0.6174,0.261,40.4,-1.0,27.0,5.139573070607553,0.687
Unknown_572287,TB,572287,2019,88,299,276,45,10,1,10,20,102,3,0,0.163,0.227,0.315,0.543,0.152,0.213,0.0669,0.3411,0.5819,0.258,38.4,-1.3,28.0,5.098654708520179,0.6589
Unknown_605490,KC,605490,2019,53,197,186,40,7,0,4,9,56,1,0,0.215,0.255,0.317,0.572,0.102,0.286,0.0457,0.2843,0.6599,0.258,38.4,-0.9,27.0,6.2210065645514225,0.7157
Unknown_518614,CHC,518614,2019,80,198,172,29,5,1,2,24,58,0,1,0.169,0.269,0.244,0.513,0.076,0.239,0.1212,0.2929,0.5758,0.257,37.8,-0.9,33.0,2.4166666666666665,0.7071000000000001
Unknown_572008,KC,572008,2019,61,208,190,28,6,1,5,16,79,2,0,0.147,0.221,0.268,0.49,0.121,0.217,0.0769,0.3798,0.5337,0.244,29.1,-1.2,28.0,4.93888166449935,0.6202
Unknown_621446,MIA,621446,2019,77,260,238,42,10,1,0,13,79,6,1,0.176,0.236,0.227,0.463,0.05,0.262,0.05,0.3038,0.6154,0.237,24.4,-1.6,25.0,6.076,0.6961999999999999
Unknown_425772,TEX,425772,2019,79,253,236,38,10,0,2,15,87,1,1,0.161,0.213,0.229,0.442,0.068,0.243,0.0593,0.3439,0.5929,0.215,9.8,-2.1,36.0,5.799325463743676,0.6561
Unknown_545358,HOU,545358,2019,54,159,144,21,1,0,1,12,50,1,2,0.146,0.214,0.174,0.387,0.028,0.211,0.0755,0.3145,0.6038,0.209,5.7,-1.4,28.0,4.1655629139072845,0.6855
Unknown_665742,WSH,665742,2020,47,196,154,54,14,0,13,41,28,1,0,0.351,0.49,0.695,1.185,0.344,0.363,0.2092,0.1429,0.6429,0.523,224.9,3.8,22.0,0.6830783938814532,0.8571
Unknown_518692,ATL,518692,2020,69,303,246,82,24,1,15,52,40,5,0,0.333,0.459,0.622,1.081,0.289,0.351,0.1716,0.132,0.6799,0.475,192.8,4.6,31.0,0.7692307692307693,0.868
Unknown_542303,ATL,542303,2020,69,308,268,88,17,0,21,39,74,0,1,0.328,0.412,0.627,1.039,0.299,0.385,0.1266,0.2403,0.6331,0.441,170.1,3.8,30.0,1.898104265402844,0.7597
Unknown_521692,KC,521692,2020,37,156,150,50,12,0,11,3,36,2,1,0.333,0.353,0.633,0.986,0.3,0.375,0.0192,0.2308,0.7372,0.438,168.1,1.9,30.0,12.020833333333334,0.7692
Unknown_443558,MIN,443558,2020,55,222,191,58,8,0,16,27,59,4,0,0.304,0.401,0.597,0.998,0.293,0.362,0.1216,0.2658,0.5946,0.436,166.8,2.6,40.0,2.1858552631578947,0.7342
Unknown_608070,CLE,608070,2020,60,263,226,67,19,1,17,33,44,3,1,0.296,0.392,0.615,1.007,0.319,0.301,0.1255,0.1673,0.6958,0.436,166.8,3.1,28.0,1.3330677290836654,0.8327
Unknown_545361,LAA,545361,2020,53,241,199,56,9,2,17,35,56,3,4,0.281,0.39,0.603,0.993,0.322,0.3,0.1452,0.2324,0.61,0.435,166.1,2.8,29.0,1.600550964187328,0.7676000000000001
Unknown_474832,SF,474832,2020,48,179,149,46,13,1,9,30,36,0,0,0.309,0.425,0.591,1.015,0.282,0.356,0.1676,0.2011,0.6313,0.434,165.5,2.1,32.0,1.1998806682577565,0.7988999999999999
Unknown_607208,WSH,607208,2020,59,259,233,78,15,4,12,22,36,2,2,0.335,0.394,0.588,0.982,0.253,0.353,0.0849,0.139,0.7683,0.43,162.8,2.9,27.0,1.6372202591283864,0.861
Unknown_547989,CWS,547989,2020,63,276,254,80,16,0,20,18,60,3,1,0.315,0.366,0.614,0.98,0.299,0.343,0.0652,0.2174,0.7065,0.428,161.5,3.1,33.0,3.3343558282208594,0.7826
Unknown_573262,SF,573262,2020,54,225,192,57,14,4,10,30,55,3,0,0.297,0.4,0.568,0.968,0.271,0.37,0.1333,0.2444,0.6089,0.427,160.8,2.5,30.0,1.8334583645911477,0.7556
Unknown_547180,PHI,547180,2020,58,244,190,51,9,2,13,49,43,2,2,0.268,0.42,0.542,0.962,0.274,0.279,0.2008,0.1762,0.6107,0.426,160.1,2.7,28.0,0.8774900398406374,0.8238
Unknown_518934,NYY,518934,2020,57,252,227,80,10,2,10,21,25,2,2,0.352,0.409,0.546,0.955,0.194,0.361,0.0833,0.0992,0.8095,0.425,159.5,2.7,32.0,1.190876350540216,0.9008
Unknown_608369,LAD,608369,2020,61,272,246,76,16,1,18,22,43,1,3,0.309,0.364,0.602,0.966,0.293,0.309,0.0809,0.1581,0.7574,0.421,156.8,2.9,26.0,1.954264524103832,0.8419
Unknown_624424,NYM,624424,2020,54,233,202,65,12,0,9,24,57,7,0,0.322,0.412,0.515,0.927,0.193,0.412,0.103,0.2446,0.6223,0.42,156.1,2.4,27.0,2.374757281553398,0.7554
Unknown_640449,NYY,640449,2020,42,167,138,37,6,1,9,25,49,3,1,0.268,0.389,0.522,0.911,0.254,0.346,0.1497,0.2934,0.5389,0.419,155.5,1.7,26.0,1.9599198396793587,0.7066
Unknown_642086,NYM,642086,2020,50,199,177,56,21,1,10,14,45,5,3,0.316,0.377,0.616,0.993,0.299,0.368,0.0704,0.2261,0.6784,0.418,154.8,2.0,25.0,3.211647727272727,0.7739
Unknown_660670,ATL,660670,2020,55,244,195,49,14,0,15,44,77,5,0,0.251,0.402,0.554,0.955,0.303,0.33,0.1803,0.3156,0.4836,0.415,152.8,2.4,23.0,1.7504159733777038,0.6844
Unknown_578428,BAL,578428,2020,39,150,142,53,17,0,3,3,17,4,1,0.373,0.4,0.556,0.956,0.183,0.407,0.02,0.1133,0.84,0.415,152.8,1.5,30.0,5.665,0.8867
Unknown_605141,LAD,605141,2020,62,286,252,73,14,1,16,30,46,2,2,0.29,0.367,0.544,0.911,0.254,0.297,0.1049,0.1608,0.7273,0.411,150.1,2.8,28.0,1.5328884652049573,0.8392
Unknown_543105,SF,543105,2020,52,170,151,45,10,1,10,16,30,2,1,0.298,0.371,0.576,0.947,0.278,0.312,0.0941,0.1765,0.7176,0.411,150.1,1.6,30.0,1.875664187035069,0.8235
Unknown_571976,SD,571976,2020,61,244,220,62,15,2,17,22,64,2,0,0.282,0.352,0.6,0.952,0.318,0.324,0.0902,0.2623,0.6393,0.409,148.8,2.3,30.0,2.907982261640798,0.7377
Unknown_656555,PHI,656555,2020,41,185,151,37,9,0,10,29,43,5,0,0.245,0.384,0.503,0.887,0.258,0.276,0.1568,0.2324,0.5838,0.409,148.8,1.8,27.0,1.4821428571428572,0.7676000000000001
Unknown_543685,LAA,543685,2020,52,232,189,54,11,1,9,38,31,5,0,0.286,0.418,0.497,0.915,0.212,0.302,0.1638,0.1336,0.681,0.408,148.1,2.2,30.0,0.8156288156288156,0.8664000000000001
Unknown_572228,NYY,572228,2020,63,263,238,64,8,0,23,21,61,3,1,0.269,0.335,0.592,0.927,0.324,0.265,0.0798,0.2319,0.6768,0.407,147.4,2.5,29.0,2.906015037593985,0.7681
Unknown_665487,SD,665487,2020,65,284,246,69,13,2,19,32,68,5,1,0.28,0.373,0.581,0.955,0.301,0.312,0.1127,0.2394,0.6303,0.405,146.1,2.6,21.0,2.1242236024844723,0.7605999999999999
Unknown_641313,CWS,641313,2020,52,235,222,76,13,1,10,10,50,2,1,0.342,0.374,0.545,0.92,0.203,0.405,0.0426,0.2128,0.7362,0.405,146.1,2.2,27.0,4.995305164319249,0.7872
Unknown_518595,ATL,518595,2020,53,222,196,62,10,0,11,23,59,2,1,0.316,0.392,0.536,0.928,0.219,0.402,0.1036,0.2658,0.6216,0.402,144.1,2.0,31.0,2.5656370656370657,0.7342
Unknown_592518,SD,592518,2020,66,281,250,72,12,1,18,27,41,0,4,0.288,0.352,0.56,0.912,0.272,0.277,0.0961,0.1459,0.758,0.401,143.4,2.5,28.0,1.5182101977107179,0.8541
Unknown_608385,CIN,608385,2020,56,191,155,39,7,0,12,29,48,6,1,0.252,0.387,0.529,0.916,0.277,0.281,0.1518,0.2513,0.5654,0.401,143.4,1.7,27.0,1.6554677206851123,0.7486999999999999
Unknown_429664,NYM,429664,2020,49,182,171,54,9,0,10,9,24,1,1,0.316,0.352,0.544,0.896,0.228,0.319,0.0495,0.1319,0.8132,0.399,142.1,1.6,38.0,2.6646464646464643,0.8681
Unknown_543807,HOU,543807,2020,61,273,240,64,7,2,18,25,50,6,2,0.267,0.348,0.538,0.885,0.271,0.264,0.0916,0.1832,0.696,0.398,141.4,2.3,31.0,2.0,0.8168
Unknown_519048,SD,519048,2020,46,160,144,40,10,0,10,15,34,1,0,0.278,0.35,0.556,0.906,0.278,0.3,0.0938,0.2125,0.6875,0.397,140.8,1.4,35.0,2.26545842217484,0.7875
Unknown_502671,STL,502671,2020,61,245,205,61,14,0,8,38,45,1,1,0.298,0.408,0.483,0.891,0.185,0.346,0.1551,0.1837,0.6531,0.394,138.8,2.0,33.0,1.1843971631205674,0.8163
Unknown_650391,CWS,650391,2020,55,228,215,64,15,0,14,12,56,0,1,0.298,0.333,0.563,0.896,0.265,0.342,0.0526,0.2456,0.7018,0.394,138.8,1.9,24.0,4.669201520912548,0.7544
Unknown_666971,TOR,666971,2020,58,232,216,66,15,0,11,14,49,0,2,0.306,0.345,0.528,0.873,0.222,0.348,0.0603,0.2112,0.7284,0.394,138.8,1.9,27.0,3.5024875621890548,0.7888
Unknown_607043,NYM,607043,2020,51,225,186,52,8,3,8,33,43,6,0,0.28,0.404,0.484,0.888,0.204,0.326,0.1467,0.1911,0.6356,0.394,138.8,1.9,27.0,1.3026584867075663,0.8089
Unknown_664023,CHC,664023,2020,58,239,206,55,11,1,13,30,64,2,0,0.267,0.366,0.519,0.885,0.252,0.326,0.1255,0.2678,0.5941,0.393,138.1,2.0,26.0,2.1338645418326694,0.7322
Unknown_606192,TOR,606192,2020,52,215,198,56,7,0,16,15,67,1,1,0.283,0.335,0.561,0.895,0.278,0.345,0.0698,0.3116,0.6093,0.393,138.1,1.8,28.0,4.464183381088825,0.6884
Unknown_669257,LAD,669257,2020,45,174,147,40,12,0,8,24,32,2,1,0.272,0.379,0.517,0.896,0.245,0.296,0.1379,0.1839,0.6667,0.392,137.4,1.4,25.0,1.3335750543872373,0.8161
Unknown_630105,SD,630105,2020,59,216,190,56,15,4,5,22,35,3,1,0.295,0.375,0.495,0.87,0.2,0.338,0.1019,0.162,0.7222,0.391,136.8,1.7,26.0,1.5897939156035328,0.838
Unknown_664761,PHI,664761,2020,44,180,160,54,11,0,4,16,36,2,2,0.338,0.4,0.481,0.881,0.144,0.41,0.0889,0.2,0.7,0.391,136.8,1.4,24.0,2.249718785151856,0.8
Unknown_500743,MIA,500743,2020,44,163,143,41,10,1,5,17,21,3,0,0.287,0.374,0.476,0.85,0.189,0.308,0.1043,0.1288,0.7485,0.389,135.4,1.3,31.0,1.2348993288590604,0.8712
Unknown_596115,COL,596115,2020,59,259,235,68,13,4,11,24,63,0,0,0.289,0.355,0.519,0.874,0.23,0.354,0.0927,0.2432,0.6641,0.389,135.4,2.0,28.0,2.623516720604099,0.7568
Unknown_518792,CHC,518792,2020,52,189,154,41,7,2,6,30,38,3,2,0.266,0.392,0.455,0.846,0.188,0.312,0.1587,0.2011,0.6243,0.386,133.4,1.4,31.0,1.2671707624448645,0.7988999999999999
Unknown_488726,HOU,488726,2020,57,237,215,66,17,0,8,21,35,1,0,0.307,0.371,0.498,0.869,0.191,0.337,0.0886,0.1477,0.7595,0.385,132.8,1.8,33.0,1.6670428893905191,0.8523000000000001
Unknown_657077,BOS,657077,2020,52,221,201,62,16,0,6,17,45,2,1,0.308,0.367,0.478,0.844,0.169,0.371,0.0769,0.2036,0.7104,0.385,132.8,1.7,24.0,2.6475942782834854,0.7964
Unknown_600869,DET,600869,2020,52,206,185,55,11,3,7,20,49,1,0,0.297,0.369,0.503,0.872,0.205,0.372,0.0971,0.2379,0.6602,0.384,132.1,1.5,27.0,2.45005149330587,0.7621
Unknown_664238,SEA,664238,2020,36,159,137,35,9,0,8,14,43,8,0,0.255,0.358,0.496,0.855,0.241,0.314,0.0881,0.2704,0.5912,0.384,132.1,1.2,28.0,3.069239500567537,0.7296
Unknown_650490,TB,650490,2020,41,168,136,38,3,0,2,31,23,1,0,0.279,0.417,0.346,0.762,0.066,0.324,0.1845,0.1369,0.6726,0.383,131.4,1.2,29.0,0.7420054200542006,0.8631
Unknown_643446,NYM,643446,2020,51,209,183,57,14,0,4,20,24,3,3,0.311,0.383,0.454,0.836,0.142,0.335,0.0957,0.1148,0.7751,0.383,131.4,1.5,28.0,1.199582027168234,0.8852
Unknown_623993,BAL,623993,2020,37,165,153,40,13,1,11,10,25,2,0,0.261,0.315,0.575,0.89,0.314,0.248,0.0606,0.1515,0.7758,0.381,130.1,1.2,26.0,2.5,0.8485
Unknown_593428,BOS,593428,2020,56,225,203,61,8,0,11,21,41,0,1,0.3,0.364,0.502,0.867,0.202,0.329,0.0933,0.1822,0.7244,0.378,128.1,1.6,28.0,1.9528403001071812,0.8178
Unknown_594777,AZ,594777,2020,54,228,190,43,9,0,16,28,50,6,4,0.226,0.338,0.526,0.864,0.3,0.211,0.1228,0.2193,0.6316,0.378,128.1,1.6,33.0,1.785830618892508,0.7807
Unknown_457759,LAD,457759,2020,51,215,184,53,10,1,4,21,32,8,2,0.288,0.381,0.418,0.8,0.13,0.327,0.0977,0.1488,0.7163,0.377,127.4,1.5,36.0,1.5230296827021494,0.8512
Unknown_645277,ATL,645277,2020,38,164,155,44,7,0,8,7,35,1,1,0.284,0.317,0.484,0.801,0.2,0.319,0.0427,0.2134,0.7378,0.377,127.4,1.1,23.0,4.9976580796252925,0.7866
Unknown_456781,SF,456781,2020,51,203,190,62,15,1,3,10,39,2,1,0.326,0.365,0.463,0.828,0.137,0.396,0.0493,0.1921,0.7488,0.377,127.4,1.4,33.0,3.896551724137931,0.8079000000000001
Unknown_598265,BOS,598265,2020,54,217,191,54,11,0,7,23,48,2,1,0.283,0.364,0.45,0.814,0.168,0.343,0.106,0.2212,0.6636,0.376,126.8,1.5,30.0,2.086792452830189,0.7787999999999999
Unknown_621035,LAD,621035,2020,64,246,213,54,11,2,8,30,66,2,0,0.254,0.351,0.437,0.788,0.183,0.331,0.122,0.2683,0.5976,0.374,125.4,1.6,30.0,2.199180327868852,0.7317
Unknown_650402,NYY,650402,2020,49,190,159,43,8,0,5,29,34,2,0,0.27,0.389,0.415,0.805,0.145,0.317,0.1526,0.1789,0.6579,0.373,124.8,1.2,24.0,1.172346002621232,0.8210999999999999
Unknown_592663,PHI,592663,2020,47,195,173,46,6,0,11,16,48,6,0,0.266,0.349,0.491,0.84,0.225,0.307,0.0821,0.2462,0.641,0.373,124.8,1.3,29.0,2.9987819732034104,0.7538
Unknown_643265,MIA,643265,2020,39,154,138,37,9,0,7,14,36,2,0,0.268,0.344,0.486,0.83,0.217,0.316,0.0909,0.2338,0.6623,0.371,123.4,1.0,30.0,2.572057205720572,0.7662
Unknown_453568,COL,453568,2020,59,247,221,67,12,1,6,19,44,2,5,0.303,0.356,0.448,0.804,0.145,0.347,0.0769,0.1781,0.7368,0.371,123.4,1.6,34.0,2.315994798439532,0.8219
Unknown_664034,SEA,664034,2020,43,155,141,43,9,1,4,11,37,3,0,0.305,0.368,0.468,0.836,0.163,0.39,0.071,0.2387,0.671,0.369,122.1,1.0,26.0,3.3619718309859157,0.7613
Unknown_543543,STL,543543,2020,49,172,143,33,8,1,7,25,46,3,1,0.231,0.355,0.448,0.802,0.217,0.286,0.1453,0.2674,0.5698,0.368,121.4,1.0,31.0,1.8403303509979354,0.7325999999999999
Unknown_570731,DET,570731,2020,44,177,163,45,4,2,8,8,39,4,2,0.276,0.322,0.472,0.794,0.196,0.314,0.0452,0.2203,0.7062,0.368,121.4,1.1,29.0,4.873893805309735,0.7797000000000001
Unknown_621043,HOU,621043,2020,69,267,239,66,9,0,11,24,56,3,1,0.276,0.348,0.452,0.8,0.176,0.318,0.0899,0.2097,0.6891,0.367,120.8,1.6,26.0,2.332591768631813,0.7903
Unknown_621020,ATL,621020,2020,69,303,272,73,17,1,12,25,85,4,2,0.268,0.337,0.471,0.807,0.202,0.345,0.0825,0.2805,0.6238,0.366,120.1,1.8,26.0,3.4000000000000004,0.7195
Unknown_570482,NYY,570482,2020,50,205,179,50,11,0,7,20,32,1,5,0.279,0.346,0.458,0.804,0.179,0.297,0.0976,0.1561,0.7415,0.366,120.1,1.2,29.0,1.599385245901639,0.8439
Unknown_600303,ATH,600303,2020,62,259,224,63,15,2,6,29,15,3,2,0.281,0.368,0.446,0.815,0.165,0.278,0.112,0.0579,0.8108,0.366,120.1,1.5,31.0,0.5169642857142857,0.9421
Unknown_572041,LAD,572041,2020,63,237,221,60,10,0,16,13,48,1,2,0.271,0.312,0.534,0.846,0.262,0.277,0.0549,0.2025,0.7384,0.365,119.4,1.4,33.0,3.6885245901639347,0.7975
Unknown_543257,ATH,543257,2020,57,212,183,43,14,2,8,24,42,5,0,0.235,0.34,0.464,0.804,0.23,0.263,0.1132,0.1981,0.6651,0.365,119.4,1.2,31.0,1.75,0.8019000000000001
Unknown_543305,NYY,543305,2020,61,244,195,46,11,3,6,47,43,1,1,0.236,0.385,0.415,0.801,0.179,0.272,0.1926,0.1762,0.627,0.364,118.8,1.4,31.0,0.9148494288681205,0.8238
Unknown_624415,TOR,624415,2020,61,273,229,56,17,0,8,41,67,3,0,0.245,0.366,0.424,0.79,0.179,0.312,0.1502,0.2454,0.5897,0.364,118.8,1.6,25.0,1.6338215712383488,0.7545999999999999
Unknown_664058,LAA,664058,2020,49,230,207,66,13,0,3,20,25,0,2,0.319,0.376,0.425,0.801,0.106,0.348,0.087,0.1087,0.8,0.364,118.8,1.3,26.0,1.249425287356322,0.8913
Unknown_516782,AZ,516782,2020,62,255,232,66,15,1,6,12,41,10,1,0.284,0.345,0.435,0.78,0.151,0.323,0.0471,0.1608,0.7529,0.363,118.1,1.4,32.0,3.414012738853503,0.8392
Unknown_624413,NYM,624413,2020,57,239,208,48,6,0,16,24,61,6,1,0.231,0.326,0.49,0.817,0.26,0.242,0.1004,0.2552,0.6192,0.363,118.1,1.3,26.0,2.541832669322709,0.7448
Unknown_663656,HOU,663656,2020,69,272,252,69,12,6,9,19,51,0,1,0.274,0.324,0.476,0.8,0.202,0.311,0.0699,0.1875,0.739,0.361,116.8,1.5,23.0,2.6824034334763946,0.8125
Unknown_669221,ATH,669221,2020,48,165,138,32,5,0,9,26,41,0,1,0.232,0.352,0.464,0.815,0.232,0.258,0.1576,0.2485,0.5939,0.361,116.8,0.9,26.0,1.576776649746193,0.7515000000000001
Unknown_543877,BOS,543877,2020,46,189,173,49,9,0,7,16,43,0,0,0.283,0.344,0.457,0.801,0.173,0.341,0.0847,0.2275,0.6878,0.361,116.8,1.0,30.0,2.6859504132231407,0.7725
Unknown_607680,BOS,607680,2020,54,223,208,60,12,3,6,13,41,2,0,0.288,0.336,0.462,0.798,0.173,0.335,0.0583,0.1839,0.7489,0.36,116.1,1.2,31.0,3.154373927958834,0.8161
Unknown_641355,LAD,641355,2020,65,283,248,60,10,2,14,35,53,0,0,0.242,0.336,0.468,0.803,0.226,0.254,0.1237,0.1873,0.689,0.359,115.4,1.5,25.0,1.5141471301535974,0.8127
Unknown_663757,SD,663757,2020,65,279,238,57,9,3,10,35,75,4,1,0.239,0.345,0.429,0.774,0.189,0.305,0.1254,0.2688,0.5842,0.359,115.4,1.5,24.0,2.143540669856459,0.7312000000000001
Unknown_592567,PIT,592567,2020,52,200,178,44,10,0,10,19,52,2,1,0.247,0.325,0.472,0.797,0.225,0.291,0.095,0.26,0.635,0.359,115.4,1.1,28.0,2.736842105263158,0.74
Unknown_641786,SEA,641786,2020,58,242,206,54,3,0,11,34,71,0,2,0.262,0.364,0.437,0.801,0.175,0.341,0.1405,0.2934,0.5661,0.359,115.4,1.3,25.0,2.088256227758007,0.7066
Unknown_544369,PHI,544369,2020,60,237,215,61,10,2,10,15,28,4,2,0.284,0.339,0.488,0.827,0.205,0.285,0.0633,0.1181,0.7975,0.359,115.4,1.3,30.0,1.8657187993680886,0.8819
Unknown_664040,TB,664040,2020,68,273,238,56,9,2,15,29,74,4,2,0.235,0.326,0.479,0.805,0.244,0.272,0.1062,0.2711,0.6081,0.358,114.8,1.4,26.0,2.5527306967984935,0.7289
Unknown_458731,NYY,458731,2020,49,182,149,36,6,1,6,30,45,2,1,0.242,0.374,0.416,0.79,0.174,0.303,0.1648,0.2473,0.5769,0.358,114.8,0.9,37.0,1.5006067961165048,0.7527
Unknown_527038,SF,527038,2020,55,213,198,53,11,1,12,13,36,1,1,0.268,0.315,0.515,0.83,0.247,0.272,0.061,0.169,0.7653,0.358,114.8,1.1,29.0,2.7704918032786887,0.831
Unknown_606132,COL,606132,2020,49,206,186,59,8,2,1,14,38,2,3,0.317,0.366,0.398,0.764,0.081,0.387,0.068,0.1845,0.7233,0.358,114.8,1.1,26.0,2.7132352941176467,0.8155
Unknown_592192,ATH,592192,2020,66,271,216,51,12,2,6,39,61,10,6,0.236,0.369,0.394,0.763,0.157,0.29,0.1439,0.2251,0.5941,0.357,114.1,1.4,31.0,1.5642807505211953,0.7749
Unknown_642162,BAL,642162,2020,51,150,141,39,4,0,8,8,34,0,0,0.277,0.315,0.475,0.791,0.199,0.313,0.0533,0.2267,0.7133,0.357,114.1,0.8,28.0,4.25328330206379,0.7733
Unknown_458015,CIN,458015,2020,56,233,195,44,8,0,11,38,46,0,0,0.226,0.352,0.436,0.788,0.21,0.239,0.1631,0.1974,0.6395,0.356,113.4,1.2,37.0,1.2103004291845494,0.8026
Unknown_605204,NYM,605204,2020,56,229,190,47,9,0,6,31,56,7,1,0.247,0.371,0.389,0.761,0.142,0.318,0.1354,0.2445,0.5895,0.356,113.4,1.2,27.0,1.8057607090103398,0.7555000000000001
Unknown_592885,MIL,592885,2020,60,256,209,43,8,1,12,46,80,1,0,0.206,0.352,0.426,0.777,0.22,0.265,0.1797,0.3125,0.5039,0.355,112.7,1.3,29.0,1.7390094602114636,0.6875
Unknown_665489,TOR,665489,2020,62,251,228,59,13,2,9,20,42,3,0,0.259,0.327,0.452,0.778,0.193,0.282,0.0797,0.1673,0.741,0.355,112.7,1.2,21.0,2.0991217063989964,0.8327
Unknown_600524,BAL,600524,2020,52,216,195,50,10,0,12,17,64,3,1,0.256,0.324,0.492,0.816,0.236,0.317,0.0787,0.2963,0.6111,0.355,112.7,1.1,26.0,3.7649301143583225,0.7037
Unknown_594807,ATL,594807,2020,59,230,210,47,9,0,17,16,65,3,1,0.224,0.287,0.51,0.796,0.286,0.233,0.0696,0.2826,0.6348,0.354,112.1,1.1,32.0,4.060344827586207,0.7174
Unknown_572233,AZ,572233,2020,57,243,218,59,18,1,7,19,50,3,3,0.271,0.333,0.459,0.792,0.188,0.317,0.0782,0.2058,0.7037,0.354,112.1,1.2,29.0,2.631713554987212,0.7942
Unknown_605119,MIA,605119,2020,64,250,219,55,8,1,11,23,73,7,1,0.251,0.34,0.447,0.787,0.196,0.324,0.092,0.292,0.588,0.353,111.4,1.2,27.0,3.1739130434782608,0.708
Unknown_572122,SEA,572122,2020,60,248,203,49,12,0,9,32,33,7,6,0.241,0.355,0.433,0.788,0.192,0.24,0.129,0.1331,0.7097,0.353,111.4,1.2,33.0,1.031782945736434,0.8669
Unknown_606466,AZ,606466,2020,45,195,181,52,14,1,2,7,21,4,3,0.287,0.323,0.409,0.732,0.122,0.311,0.0359,0.1077,0.8359,0.353,111.4,0.9,27.0,3.0,0.8923
Unknown_642715,TB,642715,2020,65,249,219,52,16,1,8,29,89,1,0,0.237,0.329,0.429,0.759,0.192,0.361,0.1165,0.3574,0.5221,0.352,110.7,1.2,25.0,3.0678111587982833,0.6426000000000001
Unknown_575929,CHC,575929,2020,59,233,193,47,11,0,7,21,57,17,2,0.244,0.365,0.409,0.774,0.166,0.305,0.0901,0.2446,0.5923,0.352,110.7,1.1,28.0,2.714761376248613,0.7554
Unknown_545341,TOR,545341,2020,57,239,223,60,9,0,12,14,54,0,2,0.269,0.31,0.471,0.78,0.202,0.302,0.0586,0.2259,0.7155,0.352,110.7,1.1,29.0,3.854948805460751,0.7741
Unknown_518735,CWS,518735,2020,49,208,171,39,7,0,10,34,61,1,2,0.228,0.356,0.444,0.8,0.216,0.284,0.1635,0.2933,0.5385,0.351,110.1,1.0,32.0,1.7938837920489297,0.7067
Unknown_643376,TOR,643376,2020,43,152,125,24,3,0,8,21,31,2,1,0.192,0.315,0.408,0.723,0.216,0.184,0.1382,0.2039,0.625,0.35,109.4,0.7,25.0,1.475397973950796,0.7961
Unknown_516416,PHI,516416,2020,54,217,192,51,5,2,7,23,45,1,0,0.266,0.347,0.422,0.769,0.156,0.314,0.106,0.2074,0.6774,0.35,109.4,1.0,30.0,1.9566037735849058,0.7926
Unknown_596847,TB,596847,2020,52,179,149,35,14,0,5,26,42,1,3,0.235,0.346,0.43,0.776,0.195,0.286,0.1453,0.2346,0.6145,0.349,108.7,0.8,29.0,1.6145905024088092,0.7654
Unknown_543592,SD,543592,2020,54,207,178,46,9,1,7,22,41,3,4,0.258,0.343,0.438,0.781,0.18,0.291,0.1063,0.1981,0.6812,0.349,108.7,0.9,31.0,1.863593603010348,0.8019000000000001
Unknown_457705,PHI,457705,2020,57,241,217,55,9,0,10,22,48,1,1,0.253,0.324,0.433,0.757,0.18,0.281,0.0913,0.1992,0.7054,0.349,108.7,1.1,34.0,2.1818181818181817,0.8008
Unknown_646240,BOS,646240,2020,57,248,232,61,16,1,11,13,67,3,0,0.263,0.31,0.483,0.793,0.22,0.325,0.0524,0.2702,0.6653,0.349,108.7,1.1,24.0,5.15648854961832,0.7298
Unknown_543333,SD,543333,2020,44,183,168,45,7,0,10,10,33,2,3,0.268,0.311,0.488,0.8,0.22,0.273,0.0546,0.1803,0.7541,0.348,108.1,0.8,31.0,3.302197802197802,0.8197
Unknown_543063,SF,543063,2020,53,193,172,44,12,0,8,15,47,4,2,0.256,0.326,0.465,0.792,0.209,0.303,0.0777,0.2435,0.658,0.348,108.1,0.8,33.0,3.1338481338481334,0.7565
Unknown_542583,MIA,542583,2020,56,238,209,56,11,0,9,23,47,2,4,0.268,0.34,0.45,0.79,0.182,0.299,0.0966,0.1975,0.6975,0.347,107.4,1.0,30.0,2.0445134575569357,0.8025
Unknown_596146,MIN,596146,2020,49,204,176,39,9,0,9,25,37,2,1,0.222,0.324,0.426,0.75,0.205,0.229,0.1225,0.1814,0.6863,0.347,107.4,0.9,27.0,1.4808163265306122,0.8186
Unknown_614177,CLE,614177,2020,61,250,218,58,10,0,9,26,74,1,5,0.266,0.34,0.436,0.776,0.17,0.35,0.104,0.296,0.596,0.347,107.4,1.1,25.0,2.8461538461538463,0.704
Unknown_514917,CLE,514917,2020,60,270,242,69,21,0,3,25,60,2,0,0.285,0.357,0.409,0.766,0.124,0.369,0.0926,0.2222,0.6704,0.347,107.4,1.2,30.0,2.3995680345572357,0.7778
Unknown_608324,HOU,608324,2020,53,228,194,47,13,1,7,29,29,4,1,0.242,0.351,0.428,0.779,0.186,0.252,0.1272,0.1272,0.7281,0.345,106.1,0.9,26.0,1.0,0.8728
Unknown_592206,CIN,592206,2020,62,252,228,52,12,2,14,19,73,4,1,0.228,0.298,0.482,0.78,0.254,0.268,0.0754,0.2897,0.619,0.345,106.1,1.0,28.0,3.842175066312998,0.7102999999999999
Unknown_596748,KC,596748,2020,60,243,223,62,16,0,8,16,38,0,4,0.278,0.321,0.457,0.778,0.179,0.298,0.0658,0.1564,0.7778,0.345,106.1,1.0,28.0,2.3768996960486324,0.8436
Unknown_621566,ATH,621566,2020,67,273,233,44,4,1,16,39,87,1,0,0.189,0.308,0.421,0.728,0.232,0.215,0.1429,0.3187,0.5348,0.344,105.4,1.1,26.0,2.2302309307207837,0.6813
Unknown_542932,MIA,542932,2020,42,170,137,34,5,0,2,25,42,5,1,0.248,0.381,0.328,0.709,0.08,0.34,0.1471,0.2471,0.5647,0.344,105.4,0.7,30.0,1.6798096532970765,0.7529
Unknown_519203,CHC,519203,2020,60,251,211,45,6,0,11,28,41,10,2,0.213,0.331,0.398,0.729,0.185,0.211,0.1116,0.1633,0.6853,0.344,105.4,1.0,31.0,1.4632616487455197,0.8367
Unknown_553993,CIN,553993,2020,59,241,207,42,8,0,15,31,71,2,1,0.203,0.311,0.459,0.77,0.256,0.221,0.1286,0.2946,0.5685,0.344,105.4,1.0,29.0,2.2908242612752723,0.7054
Unknown_592696,MIN,592696,2020,59,238,217,54,7,0,13,19,35,0,2,0.249,0.307,0.461,0.768,0.212,0.24,0.0798,0.1471,0.7731,0.344,105.4,1.0,29.0,1.843358395989975,0.8529
Unknown_624585,KC,624585,2020,43,174,151,34,8,0,8,19,60,3,1,0.225,0.322,0.437,0.759,0.212,0.31,0.1092,0.3448,0.5172,0.344,105.4,0.7,28.0,3.1575091575091574,0.6552
Unknown_656305,ATH,656305,2020,36,152,142,33,9,2,10,8,54,1,1,0.232,0.276,0.535,0.812,0.303,0.291,0.0526,0.3553,0.5855,0.344,105.4,0.6,27.0,6.754752851711027,0.6447
Unknown_595777,SD,595777,2020,60,217,195,54,6,0,7,15,30,4,2,0.277,0.338,0.415,0.753,0.138,0.294,0.0691,0.1382,0.7696,0.343,104.7,0.9,27.0,2.0,0.8618
Unknown_593160,KC,593160,2020,60,265,248,70,12,0,9,12,33,4,1,0.282,0.325,0.44,0.764,0.157,0.295,0.0453,0.1245,0.8151,0.343,104.7,1.0,31.0,2.748344370860927,0.8755
Unknown_641531,KC,641531,2020,44,186,158,36,4,2,6,27,48,1,0,0.228,0.344,0.392,0.736,0.165,0.288,0.1452,0.2581,0.5914,0.342,104.1,0.7,29.0,1.7775482093663912,0.7419
Unknown_444482,AZ,444482,2020,54,218,203,61,10,1,5,13,45,0,2,0.3,0.339,0.433,0.773,0.133,0.361,0.0596,0.2064,0.7339,0.341,103.4,0.8,33.0,3.4630872483221475,0.7936
Unknown_571970,LAD,571970,2020,67,289,231,45,6,0,14,52,71,4,2,0.195,0.349,0.403,0.752,0.208,0.209,0.1799,0.2457,0.5606,0.34,102.7,1.1,30.0,1.3657587548638133,0.7543
Unknown_572816,MIA,572816,2020,57,231,214,54,5,1,8,17,40,0,0,0.252,0.307,0.397,0.705,0.145,0.277,0.0736,0.1732,0.7489,0.339,102.1,0.8,31.0,2.3532608695652173,0.8268
Unknown_622534,TB,622534,2020,54,195,178,47,9,0,4,15,33,0,1,0.264,0.32,0.382,0.702,0.118,0.303,0.0769,0.1692,0.7487,0.337,100.7,0.7,26.0,2.200260078023407,0.8308
Unknown_543760,ATH,543760,2020,60,267,238,58,10,1,9,29,51,0,0,0.244,0.326,0.408,0.733,0.164,0.275,0.1086,0.191,0.7004,0.337,100.7,0.9,30.0,1.7587476979742174,0.8089999999999999
Unknown_519058,CIN,519058,2020,46,172,147,32,9,0,8,19,38,4,2,0.218,0.32,0.442,0.762,0.224,0.233,0.1105,0.2209,0.6453,0.336,100.1,0.6,32.0,1.9990950226244344,0.7791
Unknown_643396,TEX,643396,2020,58,228,211,59,4,3,3,14,32,2,1,0.28,0.329,0.37,0.699,0.09,0.316,0.0614,0.1404,0.7895,0.336,100.1,0.8,25.0,2.286644951140065,0.8596
Unknown_514888,HOU,514888,2020,59,261,233,56,10,0,10,26,46,2,0,0.24,0.322,0.412,0.734,0.172,0.26,0.0996,0.1762,0.7165,0.335,99.4,0.9,30.0,1.7690763052208835,0.8238
Unknown_459964,MIA,459964,2020,51,161,138,34,5,0,2,22,44,0,1,0.246,0.348,0.326,0.674,0.08,0.344,0.1366,0.2733,0.5901,0.335,99.4,0.5,36.0,2.000732064421669,0.7267
Unknown_408234,DET,408234,2020,57,231,204,51,4,0,10,24,51,1,2,0.25,0.329,0.417,0.746,0.167,0.283,0.1039,0.2208,0.671,0.335,99.4,0.8,37.0,2.12512030798845,0.7792
Unknown_605113,AZ,605113,2020,57,217,199,53,10,1,5,18,46,0,0,0.266,0.327,0.402,0.729,0.136,0.324,0.0829,0.212,0.7051,0.334,98.7,0.7,30.0,2.55729794933655,0.788
Unknown_600474,BAL,600474,2020,48,178,160,40,5,1,5,16,40,1,0,0.25,0.322,0.388,0.71,0.138,0.304,0.0899,0.2247,0.6742,0.334,98.7,0.6,27.0,2.4994438264738603,0.7753
Unknown_621563,TB,621563,2020,58,220,200,56,9,2,4,13,44,6,1,0.28,0.341,0.405,0.746,0.125,0.34,0.0591,0.2,0.7136,0.333,98.1,0.7,30.0,3.3840947546531304,0.8
Unknown_592626,LAD,592626,2020,50,156,139,30,4,0,8,12,36,5,0,0.216,0.301,0.417,0.719,0.201,0.232,0.0769,0.2308,0.6538,0.333,98.1,0.5,28.0,3.001300390117035,0.7692
Unknown_452678,WSH,452678,2020,52,213,190,46,9,3,8,19,40,0,4,0.242,0.305,0.447,0.753,0.205,0.26,0.0892,0.1878,0.723,0.333,98.1,0.7,35.0,2.1053811659192823,0.8122
Unknown_673357,CWS,673357,2020,59,240,217,51,8,0,12,20,77,1,2,0.235,0.3,0.438,0.738,0.203,0.3,0.0833,0.3208,0.5833,0.332,97.4,0.7,23.0,3.8511404561824727,0.6792
Unknown_641857,COL,641857,2020,52,193,172,37,6,1,9,18,66,2,1,0.215,0.295,0.419,0.714,0.203,0.286,0.0933,0.342,0.5544,0.332,97.4,0.6,26.0,3.665594855305467,0.6579999999999999
Unknown_596019,CLE,596019,2020,62,275,244,62,14,0,8,25,44,4,2,0.254,0.331,0.41,0.741,0.156,0.278,0.0909,0.16,0.7345,0.331,96.7,0.8,27.0,1.7601760176017602,0.84
Unknown_622682,DET,622682,2020,55,213,202,56,7,2,4,9,45,2,0,0.277,0.315,0.391,0.706,0.114,0.34,0.0423,0.2113,0.7371,0.329,95.4,0.6,26.0,4.995271867612293,0.7887
Unknown_656775,BAL,656775,2020,40,153,140,38,4,3,3,8,37,1,0,0.271,0.315,0.407,0.723,0.136,0.35,0.0523,0.2418,0.6732,0.328,94.7,0.4,26.0,4.623326959847036,0.7582
Unknown_656941,CHC,656941,2020,61,231,195,36,6,0,11,33,67,3,0,0.185,0.312,0.385,0.696,0.2,0.214,0.1429,0.29,0.5541,0.327,94.1,0.6,27.0,2.0293911826452065,0.71
Unknown_606115,MIL,606115,2020,58,196,180,46,10,1,6,14,36,1,1,0.256,0.311,0.422,0.733,0.167,0.288,0.0714,0.1837,0.7398,0.326,93.4,0.5,26.0,2.572829131652661,0.8163
Unknown_643289,SF,643289,2020,50,177,158,43,4,1,4,15,36,1,2,0.272,0.335,0.386,0.721,0.114,0.325,0.0847,0.2034,0.6949,0.326,93.4,0.4,26.0,2.4014167650531286,0.7966
Unknown_593643,BAL,593643,2020,54,231,219,62,15,0,3,5,30,3,2,0.283,0.306,0.393,0.698,0.11,0.314,0.0216,0.1299,0.8268,0.326,93.4,0.6,28.0,6.013888888888888,0.8701
Unknown_455117,HOU,455117,2020,58,200,167,35,6,0,7,29,67,2,0,0.21,0.333,0.371,0.705,0.162,0.301,0.145,0.335,0.5,0.325,92.7,0.5,34.0,2.3103448275862073,0.665
Unknown_520471,CIN,520471,2020,48,163,144,32,5,0,7,14,31,5,0,0.222,0.313,0.403,0.716,0.181,0.236,0.0859,0.1902,0.6933,0.324,92.1,0.4,31.0,2.2142025611175784,0.8098
Unknown_609275,KC,609275,2020,59,233,219,56,11,3,6,11,70,1,0,0.256,0.294,0.416,0.71,0.16,0.35,0.0472,0.3004,0.6395,0.324,92.1,0.5,25.0,6.364406779661017,0.6996
Unknown_547004,BAL,547004,2020,53,204,185,41,11,0,9,17,46,0,1,0.222,0.286,0.427,0.713,0.205,0.244,0.0833,0.2255,0.6863,0.324,92.1,0.5,26.0,2.7070828331332533,0.7745
Unknown_571448,COL,571448,2020,48,201,182,46,9,0,8,15,20,0,4,0.253,0.303,0.434,0.738,0.181,0.241,0.0746,0.0995,0.8259,0.322,90.7,0.4,29.0,1.333780160857909,0.9005
Unknown_592669,TB,592669,2020,43,151,134,21,6,0,9,14,44,2,1,0.157,0.245,0.403,0.648,0.246,0.146,0.0927,0.2914,0.6026,0.321,90.1,0.3,28.0,3.1434735706580366,0.7086
Unknown_571771,LAD,571771,2020,53,161,150,34,8,1,6,7,36,3,1,0.227,0.273,0.413,0.687,0.187,0.257,0.0435,0.2236,0.7143,0.319,88.7,0.3,29.0,5.1402298850574715,0.7764
Unknown_502054,SD,502054,2020,37,150,133,32,4,0,3,16,32,1,0,0.241,0.327,0.338,0.665,0.098,0.296,0.1067,0.2133,0.6733,0.319,88.7,0.3,32.0,1.9990627928772258,0.7867
Unknown_593934,MIN,593934,2020,55,213,193,39,12,0,13,19,91,1,0,0.202,0.277,0.466,0.743,0.264,0.292,0.0892,0.4272,0.4789,0.319,88.7,0.4,27.0,4.7892376681614355,0.5728
Unknown_425877,STL,425877,2020,45,169,157,44,4,0,4,7,22,3,1,0.28,0.321,0.382,0.704,0.102,0.303,0.0414,0.1302,0.8047,0.318,88.1,0.3,38.0,3.1449275362318843,0.8698
Unknown_467793,CLE,467793,2020,62,264,214,41,7,0,8,48,46,1,1,0.192,0.341,0.336,0.677,0.145,0.205,0.1818,0.1742,0.6402,0.318,88.1,0.5,34.0,0.9581958195819582,0.8258
Unknown_641487,SEA,641487,2020,53,232,204,52,7,2,2,23,39,3,2,0.255,0.336,0.338,0.674,0.083,0.303,0.0991,0.1681,0.7198,0.317,87.4,0.4,25.0,1.696266397578204,0.8319
Unknown_608336,TEX,608336,2020,57,226,193,35,8,0,10,29,79,4,0,0.181,0.301,0.378,0.679,0.197,0.24,0.1283,0.3496,0.5044,0.316,86.7,0.4,27.0,2.724863600935308,0.6504
Unknown_543939,STL,543939,2020,55,223,195,51,5,2,2,20,30,4,2,0.262,0.339,0.338,0.678,0.077,0.297,0.0897,0.1345,0.7489,0.315,86.1,0.3,30.0,1.499442586399108,0.8654999999999999
Unknown_541645,MIL,541645,2020,55,215,189,47,10,0,2,20,52,6,0,0.249,0.34,0.333,0.673,0.085,0.333,0.093,0.2419,0.6372,0.315,86.1,0.3,29.0,2.6010752688172043,0.7581
Unknown_669374,MIL,669374,2020,61,253,223,47,4,0,13,17,87,11,2,0.211,0.296,0.404,0.7,0.193,0.272,0.0672,0.3439,0.5455,0.315,86.1,0.4,24.0,5.117559523809524,0.6561
Unknown_657656,ATH,657656,2020,61,249,209,44,9,1,8,25,65,12,3,0.211,0.325,0.378,0.703,0.167,0.259,0.1004,0.261,0.5904,0.314,85.4,0.4,26.0,2.599601593625498,0.739
Unknown_571718,LAA,571718,2020,49,165,145,31,9,1,6,17,54,1,2,0.214,0.297,0.414,0.711,0.2,0.287,0.103,0.3273,0.5636,0.314,85.4,0.2,30.0,3.1776699029126214,0.6727000000000001
Unknown_457708,LAA,457708,2020,42,166,147,30,5,0,9,11,43,7,1,0.204,0.289,0.422,0.711,0.218,0.219,0.0663,0.259,0.6325,0.314,85.4,0.2,33.0,3.906485671191554,0.741
Unknown_663586,ATL,663586,2020,60,243,221,51,7,1,9,19,62,2,1,0.231,0.296,0.394,0.69,0.163,0.278,0.0782,0.2551,0.6584,0.313,84.7,0.3,23.0,3.2621483375959075,0.7449
Unknown_446334,SF,446334,2020,51,209,193,49,10,1,7,11,39,2,3,0.254,0.297,0.425,0.722,0.171,0.28,0.0526,0.1866,0.7512,0.313,84.7,0.3,35.0,3.547528517110266,0.8134
Unknown_453943,TEX,453943,2020,43,172,157,37,9,1,4,11,42,4,0,0.236,0.302,0.382,0.684,0.146,0.297,0.064,0.2442,0.6686,0.313,84.7,0.2,34.0,3.815625,0.7558
Unknown_669242,STL,669242,2020,58,241,218,54,7,1,5,16,51,5,2,0.248,0.311,0.358,0.669,0.11,0.299,0.0664,0.2116,0.7012,0.311,83.4,0.3,25.0,3.1867469879518073,0.7884
Unknown_543768,TOR,543768,2020,49,184,167,40,10,0,6,16,51,0,1,0.24,0.304,0.407,0.712,0.168,0.306,0.087,0.2772,0.6359,0.311,83.4,0.2,30.0,3.1862068965517243,0.7228
Unknown_660162,CWS,660162,2020,55,245,213,46,8,3,6,29,76,1,2,0.216,0.31,0.366,0.676,0.15,0.301,0.1184,0.3102,0.5673,0.31,82.7,0.3,25.0,2.619932432432432,0.6898
Unknown_502110,BOS,502110,2020,54,237,211,45,16,0,7,22,59,2,2,0.213,0.291,0.389,0.68,0.175,0.259,0.0928,0.2489,0.6498,0.31,82.7,0.3,33.0,2.6821120689655173,0.7511
Unknown_594809,WSH,594809,2020,41,176,159,36,11,1,4,12,32,1,0,0.226,0.285,0.384,0.669,0.157,0.26,0.0682,0.1818,0.7216,0.31,82.7,0.2,32.0,2.665689149560117,0.8182
Unknown_502210,HOU,502210,2020,67,242,219,53,11,1,4,22,50,0,1,0.242,0.31,0.356,0.666,0.114,0.295,0.0909,0.2066,0.6983,0.309,82.1,0.3,33.0,2.272827282728273,0.7934
Unknown_673451,CIN,673451,2020,54,187,160,38,6,1,0,25,36,2,0,0.238,0.348,0.288,0.635,0.05,0.306,0.1337,0.1925,0.6578,0.309,82.1,0.2,32.0,1.4397905759162302,0.8075
Unknown_660271,LAA,660271,2020,43,175,153,29,6,0,7,22,50,0,0,0.19,0.291,0.366,0.657,0.176,0.229,0.1257,0.2857,0.5886,0.309,82.1,0.2,26.0,2.272871917263325,0.7142999999999999
Unknown_669256,TEX,669256,2020,58,233,209,56,10,0,2,18,42,2,4,0.268,0.326,0.344,0.671,0.077,0.32,0.0773,0.1803,0.7339,0.309,82.1,0.2,25.0,2.332470892626132,0.8197
Unknown_455976,ATL,455976,2020,44,171,159,39,17,0,1,11,33,1,0,0.245,0.298,0.371,0.669,0.126,0.304,0.0643,0.193,0.7368,0.308,81.4,0.2,37.0,3.001555209953344,0.8069999999999999
Unknown_572761,STL,572761,2020,53,183,149,28,7,0,4,26,52,7,1,0.188,0.333,0.315,0.649,0.128,0.255,0.1421,0.2842,0.5355,0.308,81.4,0.2,35.0,2.0,0.7158
Unknown_595281,TB,595281,2020,58,193,171,37,9,3,4,20,50,2,0,0.216,0.306,0.374,0.68,0.158,0.282,0.1036,0.2591,0.6269,0.307,80.7,0.2,30.0,2.500965250965251,0.7409
Unknown_660294,TB,660294,2020,55,197,169,32,5,1,8,26,52,1,1,0.189,0.299,0.373,0.672,0.183,0.218,0.132,0.264,0.599,0.304,78.7,0.1,29.0,2.0,0.736
Unknown_657557,STL,657557,2020,48,188,162,40,7,0,3,20,52,2,4,0.247,0.33,0.346,0.675,0.099,0.333,0.1064,0.2766,0.6064,0.304,78.7,0.1,27.0,2.599624060150376,0.7234
Unknown_641933,STL,641933,2020,47,157,139,24,5,0,7,15,43,2,1,0.173,0.261,0.36,0.621,0.187,0.189,0.0955,0.2739,0.6178,0.304,78.7,0.1,25.0,2.8680628272251307,0.7261
Unknown_605137,PIT,605137,2020,57,223,195,44,3,0,8,22,59,2,4,0.226,0.305,0.364,0.669,0.138,0.273,0.0987,0.2646,0.6278,0.301,76.7,0.1,28.0,2.6808510638297873,0.7354
Unknown_467092,NYM,467092,2020,45,155,142,34,6,0,5,10,31,2,1,0.239,0.297,0.387,0.684,0.148,0.271,0.0645,0.2,0.7226,0.301,76.7,0.1,33.0,3.10077519379845,0.8
Unknown_624428,PIT,624428,2020,57,230,209,48,7,0,7,17,35,3,0,0.23,0.297,0.364,0.661,0.134,0.246,0.0739,0.1522,0.7565,0.3,76.0,0.1,29.0,2.0595399188092016,0.8478
Unknown_593871,MIN,593871,2020,57,234,216,55,8,0,4,14,37,1,1,0.255,0.302,0.347,0.649,0.093,0.29,0.0598,0.1581,0.7692,0.299,75.4,0.0,27.0,2.6438127090301,0.8419
Unknown_641658,COL,641658,2020,49,184,167,39,4,3,5,13,60,0,1,0.234,0.287,0.383,0.671,0.15,0.33,0.0707,0.3261,0.587,0.299,75.4,0.0,26.0,4.612446958981613,0.6738999999999999
Unknown_429665,CWS,429665,2020,45,183,162,25,5,0,10,16,55,4,1,0.154,0.246,0.37,0.616,0.216,0.153,0.0874,0.3005,0.5847,0.298,74.7,0.0,37.0,3.4382151029748282,0.6995
Unknown_592178,CHC,592178,2020,36,155,139,27,5,1,4,12,42,4,0,0.194,0.277,0.331,0.608,0.137,0.247,0.0774,0.271,0.6258,0.296,73.4,-0.0,28.0,3.5012919896640833,0.729
Unknown_621005,SEA,621005,2020,45,151,143,34,12,0,2,6,34,2,0,0.238,0.278,0.364,0.642,0.126,0.299,0.0397,0.2252,0.7219,0.294,72.0,-0.0,26.0,5.672544080604534,0.7747999999999999
Unknown_405395,LAA,405395,2020,39,163,152,34,8,0,6,9,25,1,1,0.224,0.27,0.395,0.665,0.171,0.23,0.0552,0.1534,0.7853,0.294,72.0,-0.0,40.0,2.778985507246377,0.8466
Unknown_542340,MIA,542340,2020,52,209,187,43,5,0,2,19,55,0,2,0.23,0.298,0.289,0.587,0.059,0.311,0.0909,0.2632,0.6411,0.293,71.4,-0.1,29.0,2.8954895489548957,0.7368
Unknown_460086,KC,460086,2020,50,184,163,34,4,0,4,18,37,3,0,0.209,0.299,0.307,0.606,0.098,0.246,0.0978,0.2011,0.6848,0.292,70.7,-0.1,36.0,2.056237218813906,0.7988999999999999
Unknown_668804,PIT,668804,2020,55,208,186,35,6,2,7,21,57,1,0,0.188,0.274,0.355,0.629,0.167,0.23,0.101,0.274,0.6154,0.291,70.0,-0.1,25.0,2.712871287128713,0.726
Unknown_656308,BOS,656308,2020,42,158,146,31,5,2,5,8,50,2,2,0.212,0.259,0.377,0.636,0.164,0.28,0.0506,0.3165,0.6203,0.291,70.0,-0.1,25.0,6.254940711462451,0.6835
Unknown_621028,PIT,621028,2020,44,172,156,35,5,0,1,12,21,1,2,0.224,0.281,0.276,0.556,0.051,0.25,0.0698,0.1221,0.7965,0.288,68.0,-0.1,27.0,1.7492836676217765,0.8779
Unknown_640457,TB,640457,2020,44,184,162,31,8,1,6,19,60,1,2,0.191,0.277,0.364,0.641,0.173,0.255,0.1033,0.3261,0.5652,0.286,66.7,-0.2,25.0,3.1568247821878024,0.6738999999999999
Unknown_645302,WSH,645302,2020,52,189,168,37,5,1,3,9,53,9,2,0.22,0.293,0.315,0.608,0.095,0.298,0.0476,0.2804,0.619,0.285,66.0,-0.2,23.0,5.890756302521008,0.7196
Unknown_572039,ATH,572039,2020,47,178,166,37,6,0,5,9,54,1,1,0.223,0.266,0.349,0.615,0.127,0.296,0.0506,0.3034,0.6348,0.282,64.0,-0.2,29.0,5.99604743083004,0.6966
Unknown_608577,CWS,608577,2020,44,156,142,34,7,0,1,11,47,3,0,0.239,0.308,0.31,0.618,0.07,0.351,0.0705,0.3013,0.609,0.282,64.0,-0.2,25.0,4.273758865248228,0.6987
Unknown_493329,HOU,493329,2020,68,274,249,53,12,1,6,15,30,4,6,0.213,0.263,0.341,0.604,0.129,0.215,0.0547,0.1095,0.8212,0.28,62.7,-0.4,36.0,2.0018281535648996,0.8905
Unknown_595879,CHC,595879,2020,60,243,230,46,9,1,8,7,78,4,2,0.2,0.235,0.352,0.587,0.152,0.26,0.0288,0.321,0.6337,0.28,62.7,-0.3,28.0,11.145833333333334,0.679
Unknown_503556,MIN,503556,2020,55,205,180,38,4,0,5,18,41,3,4,0.211,0.288,0.317,0.604,0.106,0.239,0.0878,0.2,0.6976,0.277,60.7,-0.3,31.0,2.277904328018223,0.8
Unknown_570481,PIT,570481,2020,50,193,181,41,13,1,3,8,51,0,3,0.227,0.255,0.359,0.614,0.133,0.292,0.0415,0.2642,0.6891,0.273,58.0,-0.4,29.0,6.366265060240964,0.7358
Unknown_500871,AZ,500871,2020,54,222,203,43,7,3,4,15,41,2,2,0.212,0.27,0.335,0.605,0.123,0.244,0.0676,0.1847,0.7387,0.273,58.0,-0.4,31.0,2.7322485207100593,0.8153
Unknown_596142,NYY,596142,2020,51,187,164,24,4,0,11,18,68,4,1,0.146,0.246,0.372,0.618,0.226,0.151,0.0963,0.3636,0.5187,0.272,57.4,-0.4,28.0,3.7757009345794392,0.6364000000000001
Unknown_657108,SEA,657108,2020,54,202,182,32,7,0,8,18,84,1,1,0.176,0.252,0.346,0.599,0.17,0.264,0.0891,0.4158,0.4901,0.269,55.4,-0.5,24.0,4.666666666666667,0.5842
Unknown_592348,DET,592348,2020,43,179,158,29,7,1,5,18,69,0,3,0.184,0.263,0.335,0.598,0.152,0.276,0.1006,0.3855,0.514,0.265,52.7,-0.5,28.0,3.8320079522862827,0.6145
Unknown_670032,KC,670032,2020,55,192,169,34,8,0,1,18,41,2,0,0.201,0.286,0.266,0.552,0.065,0.26,0.0938,0.2135,0.6667,0.265,52.7,-0.5,25.0,2.2761194029850746,0.7865
Unknown_570256,PIT,570256,2020,50,174,158,24,6,0,7,13,65,0,3,0.152,0.213,0.323,0.535,0.171,0.191,0.0747,0.3736,0.546,0.237,34.0,-0.9,29.0,5.001338688085676,0.6264000000000001
Unknown_545361,LAA,545361,2021,44,168,136,46,10,1,8,30,47,2,0,0.338,0.464,0.603,1.067,0.265,0.469,0.1786,0.2798,0.5298,0.538,228.8,3.3,30.0,1.566629339305711,0.7202
Unknown_547180,PHI,547180,2021,148,621,504,159,44,1,37,106,137,5,4,0.315,0.436,0.627,1.063,0.312,0.365,0.1707,0.2206,0.5974,0.476,187.5,9.0,29.0,1.2923257176332748,0.7794
Unknown_665742,WSH,665742,2021,156,669,514,158,20,2,29,148,96,2,5,0.307,0.46,0.523,0.984,0.216,0.327,0.2212,0.1435,0.6323,0.455,173.5,8.5,23.0,0.6487341772151898,0.8565
Unknown_621439,MIN,621439,2021,68,273,252,74,24,1,19,15,66,6,0,0.294,0.348,0.623,0.971,0.329,0.329,0.0549,0.2418,0.6813,0.449,169.4,3.3,28.0,4.404371584699454,0.7582
Unknown_665489,TOR,665489,2021,168,717,621,192,31,1,49,88,113,6,2,0.309,0.399,0.599,0.998,0.29,0.31,0.1227,0.1576,0.7113,0.447,168.1,8.6,22.0,1.2844335778321108,0.8424
Unknown_673357,CWS,673357,2021,80,343,315,103,23,1,13,18,74,8,2,0.327,0.376,0.53,0.906,0.203,0.391,0.0525,0.2157,0.7085,0.446,167.4,4.1,24.0,4.1085714285714285,0.7843
Unknown_643524,CHC,643524,2021,70,267,249,82,20,1,15,17,43,1,0,0.329,0.375,0.598,0.973,0.269,0.351,0.0637,0.161,0.7715,0.445,166.8,3.2,29.0,2.5274725274725274,0.839
Unknown_665487,SD,665487,2021,137,564,494,140,33,0,43,64,159,2,4,0.283,0.365,0.611,0.977,0.328,0.328,0.1135,0.2819,0.6011,0.438,162.1,6.3,22.0,2.4837004405286343,0.7181
Unknown_660670,ATL,660670,2021,89,380,314,86,19,1,26,51,90,10,5,0.274,0.387,0.589,0.976,0.315,0.296,0.1342,0.2368,0.6026,0.438,162.1,4.3,24.0,1.7645305514157972,0.7632
Unknown_660271,LAA,660271,2021,160,651,548,143,26,8,47,97,191,4,2,0.261,0.375,0.595,0.97,0.334,0.308,0.149,0.2934,0.5515,0.436,160.8,7.2,27.0,1.9691275167785236,0.7066
Unknown_608385,CIN,608385,2021,117,507,441,133,32,1,26,56,80,10,0,0.302,0.393,0.556,0.948,0.254,0.319,0.1105,0.1578,0.712,0.433,158.8,5.5,28.0,1.428054298642534,0.8422000000000001
Unknown_656941,WSH,656941,2021,126,521,441,119,22,0,36,72,135,6,2,0.27,0.378,0.565,0.943,0.295,0.305,0.1382,0.2591,0.5912,0.432,158.1,5.6,28.0,1.8748191027496384,0.7409
Unknown_518735,CWS,518735,2021,102,414,312,75,9,0,24,90,87,4,7,0.24,0.409,0.5,0.909,0.26,0.245,0.2174,0.2101,0.5604,0.427,154.8,4.3,33.0,0.9664213431462741,0.7899
Unknown_606466,AZ,606466,2021,96,394,356,112,32,1,15,35,64,2,1,0.315,0.378,0.537,0.915,0.222,0.349,0.0888,0.1624,0.7437,0.423,152.1,3.9,28.0,1.8288288288288286,0.8376
Unknown_474832,SF,474832,2021,101,390,331,90,14,2,29,51,105,7,1,0.272,0.379,0.589,0.969,0.317,0.308,0.1308,0.2692,0.5821,0.423,152.1,3.9,33.0,2.058103975535168,0.7308
Unknown_668804,PIT,668804,2021,166,667,578,175,35,8,25,77,125,8,4,0.303,0.39,0.521,0.911,0.218,0.347,0.1154,0.1874,0.6852,0.422,151.4,6.6,26.0,1.6239168110918545,0.8126
Unknown_543068,COL,543068,2021,149,566,485,138,32,1,31,64,118,13,4,0.285,0.38,0.546,0.926,0.262,0.315,0.1131,0.2085,0.6537,0.421,150.8,5.5,31.0,1.8435013262599467,0.7915
Unknown_608369,LAD,608369,2021,109,456,396,118,25,3,19,52,73,5,3,0.298,0.384,0.52,0.904,0.222,0.322,0.114,0.1601,0.7149,0.42,150.1,4.4,27.0,1.4043859649122805,0.8399
Unknown_663538,CHC,663538,2021,52,191,169,52,10,2,1,17,28,3,2,0.308,0.377,0.408,0.785,0.101,0.359,0.089,0.1466,0.7487,0.42,150.1,1.9,24.0,1.6471910112359551,0.8533999999999999
Unknown_643265,MIA,643265,2021,77,268,232,69,13,1,10,31,70,4,1,0.297,0.388,0.491,0.879,0.194,0.386,0.1157,0.2612,0.6082,0.419,149.4,2.6,31.0,2.257562662057044,0.7388
Unknown_592206,CIN,592206,2021,145,605,550,169,39,1,35,42,129,7,6,0.307,0.36,0.573,0.933,0.265,0.342,0.0694,0.2132,0.7058,0.416,147.4,5.7,29.0,3.072046109510086,0.7867999999999999
Unknown_605204,NYM,605204,2021,78,231,194,54,12,0,6,28,73,7,2,0.278,0.385,0.433,0.818,0.155,0.41,0.1212,0.316,0.5325,0.415,146.8,2.1,28.0,2.607260726072607,0.6839999999999999
Unknown_656582,COL,656582,2021,72,229,196,57,11,0,8,27,46,3,3,0.291,0.38,0.469,0.849,0.179,0.338,0.1179,0.2009,0.6681,0.415,146.8,2.1,29.0,1.7039864291772688,0.7991
Unknown_518692,ATL,518692,2021,171,734,634,188,28,2,33,90,120,8,2,0.297,0.39,0.503,0.893,0.207,0.321,0.1226,0.1635,0.703,0.414,146.1,6.7,32.0,1.333605220228385,0.8365
Unknown_458015,CIN,458015,2021,132,543,457,121,23,1,36,78,129,4,4,0.265,0.374,0.556,0.93,0.291,0.287,0.1436,0.2376,0.6114,0.412,144.8,4.9,38.0,1.6545961002785514,0.7624
Unknown_592450,NYY,592450,2021,154,654,569,163,25,0,40,77,164,3,5,0.286,0.372,0.541,0.913,0.255,0.332,0.1177,0.2508,0.6269,0.41,143.4,5.8,29.0,2.1308411214953273,0.7492
Unknown_663656,HOU,663656,2021,148,609,547,159,39,3,32,56,95,1,5,0.291,0.355,0.548,0.903,0.258,0.299,0.092,0.156,0.7471,0.409,142.8,5.3,24.0,1.6956521739130435,0.844
Unknown_608070,CLE,608070,2021,159,659,572,152,32,5,38,75,91,7,5,0.266,0.355,0.538,0.894,0.273,0.254,0.1138,0.1381,0.7375,0.408,142.1,5.7,29.0,1.2135325131810193,0.8619
Unknown_621566,ATH,621566,2021,163,696,586,159,37,0,41,89,119,9,12,0.271,0.369,0.544,0.914,0.273,0.269,0.1279,0.171,0.6882,0.407,141.4,6.0,27.0,1.3369820172009381,0.829
Unknown_606192,TOR,606192,2021,150,620,572,167,31,0,34,39,157,7,2,0.292,0.344,0.524,0.868,0.233,0.347,0.0629,0.2532,0.6726,0.407,141.4,5.3,29.0,4.02543720190779,0.7468
Unknown_543063,SF,543063,2021,147,588,518,154,33,3,26,59,112,5,6,0.297,0.371,0.523,0.894,0.226,0.332,0.1003,0.1905,0.7007,0.406,140.8,5.0,34.0,1.8993020937188434,0.8095
Unknown_573131,SF,573131,2021,124,335,282,72,13,2,17,48,96,3,2,0.255,0.367,0.496,0.864,0.241,0.322,0.1433,0.2866,0.5612,0.406,140.8,2.9,35.0,2.0,0.7134
Unknown_572041,LAD,572041,2021,128,458,414,120,29,1,22,35,94,7,2,0.29,0.354,0.524,0.878,0.234,0.327,0.0764,0.2052,0.7031,0.406,140.8,3.9,34.0,2.6858638743455496,0.7948
Unknown_663586,ATL,663586,2021,172,700,626,189,34,1,36,54,176,12,8,0.302,0.364,0.532,0.896,0.23,0.363,0.0771,0.2514,0.6543,0.406,140.8,6.0,24.0,3.2607003891050583,0.7485999999999999
Unknown_571970,LAD,571970,2021,151,613,515,129,26,2,38,86,127,11,1,0.25,0.369,0.53,0.899,0.28,0.259,0.1403,0.2072,0.6346,0.406,140.8,5.2,31.0,1.4768353528153955,0.7928
Unknown_502110,BOS,502110,2021,160,679,610,178,46,3,30,61,158,3,5,0.292,0.356,0.525,0.881,0.233,0.347,0.0898,0.2327,0.6716,0.405,140.1,5.7,34.0,2.5913140311804006,0.7673
Unknown_641933,STL,641933,2021,143,558,501,141,26,2,34,40,176,13,4,0.281,0.348,0.545,0.893,0.263,0.363,0.0717,0.3154,0.5896,0.404,139.4,4.7,26.0,4.3988842398884245,0.6846
Unknown_669257,LAD,669257,2021,141,545,452,120,22,2,29,64,106,18,11,0.265,0.371,0.515,0.886,0.25,0.277,0.1174,0.1945,0.655,0.402,138.1,4.5,26.0,1.6567291311754684,0.8055
Unknown_593428,BOS,593428,2021,157,654,574,168,35,1,26,68,123,5,7,0.293,0.369,0.493,0.862,0.2,0.329,0.104,0.1881,0.7003,0.401,137.4,5.3,29.0,1.8086538461538462,0.8119000000000001
Unknown_502671,STL,502671,2021,166,705,627,184,37,2,32,69,138,4,5,0.293,0.365,0.512,0.877,0.219,0.329,0.0979,0.1957,0.7007,0.401,137.4,5.7,34.0,1.9989785495403474,0.8043
Unknown_605141,LAD,605141,2021,135,597,509,138,29,3,26,71,94,11,6,0.271,0.369,0.493,0.862,0.222,0.284,0.1189,0.1575,0.7052,0.4,136.7,4.8,29.0,1.3246425567703952,0.8425
Unknown_607043,NYM,607043,2021,97,410,348,100,17,4,9,55,87,5,0,0.287,0.392,0.437,0.829,0.149,0.361,0.1341,0.2122,0.6366,0.4,136.7,3.3,28.0,1.5824011931394482,0.7878000000000001
Unknown_457763,SF,457763,2021,123,484,424,129,27,0,19,57,94,1,2,0.304,0.386,0.502,0.889,0.198,0.351,0.1178,0.1942,0.686,0.399,136.1,3.8,34.0,1.6485568760611207,0.8058
Unknown_519317,NYY,519317,2021,145,600,528,146,20,0,36,65,163,4,3,0.277,0.358,0.519,0.877,0.242,0.331,0.1083,0.2717,0.6133,0.399,136.1,4.7,32.0,2.5087719298245617,0.7283
Unknown_542364,CHC,542364,2021,109,347,311,92,16,3,11,32,75,2,0,0.296,0.365,0.473,0.838,0.177,0.36,0.0922,0.2161,0.6801,0.399,136.1,2.7,30.0,2.3438177874186548,0.7839
Unknown_663611,CWS,663611,2021,59,234,217,67,11,4,2,13,18,3,1,0.309,0.355,0.424,0.779,0.115,0.328,0.0556,0.0769,0.8547,0.399,136.1,1.9,24.0,1.3830935251798562,0.9231
Unknown_646240,BOS,646240,2021,170,715,637,178,38,1,40,67,154,7,4,0.279,0.352,0.531,0.883,0.251,0.309,0.0937,0.2154,0.6811,0.398,135.4,5.6,25.0,2.2988260405549625,0.7846
Unknown_621043,HOU,621043,2021,158,678,586,167,38,1,28,82,120,4,6,0.285,0.373,0.497,0.87,0.212,0.313,0.1209,0.177,0.6962,0.397,134.7,5.3,27.0,1.4640198511166254,0.823
Unknown_516782,MIA,516782,2021,125,542,481,150,29,4,12,44,99,13,3,0.312,0.383,0.464,0.846,0.152,0.37,0.0812,0.1827,0.7103,0.397,134.7,4.2,33.0,2.25,0.8173
Unknown_656555,PHI,656555,2021,114,465,408,101,31,0,27,49,113,6,2,0.248,0.335,0.522,0.858,0.275,0.274,0.1054,0.243,0.6387,0.397,134.7,3.6,28.0,2.3055028462998104,0.757
Unknown_641313,CWS,641313,2021,135,596,571,183,34,2,18,23,129,1,1,0.32,0.347,0.482,0.829,0.161,0.388,0.0386,0.2164,0.7433,0.396,134.1,4.6,28.0,5.60621761658031,0.7836
Unknown_543807,TOR,543807,2021,80,348,305,80,19,1,22,38,80,4,1,0.262,0.351,0.548,0.898,0.285,0.284,0.1092,0.2299,0.6466,0.396,134.1,2.7,32.0,2.105311355311355,0.7701
Unknown_607208,WSH,607208,2021,161,697,643,203,37,3,28,44,118,6,4,0.316,0.363,0.513,0.876,0.198,0.349,0.0631,0.1693,0.759,0.395,133.4,5.3,28.0,2.683042789223455,0.8307
Unknown_656775,BAL,656775,2021,163,696,621,178,38,5,30,61,128,9,4,0.287,0.357,0.509,0.866,0.222,0.317,0.0876,0.1839,0.7126,0.395,133.4,5.3,27.0,2.099315068493151,0.8161
Unknown_624413,NYM,624413,2021,158,658,581,152,28,3,38,61,130,12,4,0.262,0.342,0.516,0.858,0.255,0.273,0.0927,0.1976,0.6915,0.393,132.1,4.9,27.0,2.1316073354908305,0.8024
Unknown_663697,CIN,663697,2021,157,652,550,148,36,2,22,74,145,23,4,0.269,0.376,0.462,0.838,0.193,0.326,0.1135,0.2224,0.6273,0.393,132.1,4.8,25.0,1.9594713656387663,0.7776000000000001
Unknown_605137,WSH,605137,2021,150,589,515,137,25,1,29,68,108,2,4,0.266,0.351,0.487,0.839,0.221,0.283,0.1154,0.1834,0.6978,0.393,132.1,4.4,29.0,1.589254766031196,0.8166
Unknown_614177,CLE,614177,2021,123,492,442,113,18,3,32,45,156,2,3,0.256,0.325,0.527,0.852,0.271,0.315,0.0915,0.3171,0.5874,0.392,131.4,3.6,26.0,3.4655737704918033,0.6829000000000001
Unknown_501303,ATL,501303,2021,121,234,206,55,13,2,6,22,44,2,3,0.267,0.339,0.437,0.776,0.17,0.308,0.094,0.188,0.7051,0.391,130.7,1.7,32.0,2.0,0.812
Unknown_665120,LAA,665120,2021,149,609,551,152,35,1,29,51,158,4,3,0.276,0.34,0.501,0.841,0.225,0.335,0.0837,0.2594,0.6502,0.391,130.7,4.4,28.0,3.0991636798088416,0.7405999999999999
Unknown_592178,CHC,592178,2021,155,622,546,146,32,2,27,64,144,10,2,0.267,0.354,0.482,0.835,0.214,0.316,0.1029,0.2315,0.6495,0.39,130.1,4.4,29.0,2.249757045675413,0.7685
Unknown_677551,TB,677551,2021,82,342,313,91,21,5,9,25,44,3,1,0.291,0.348,0.476,0.824,0.185,0.314,0.0731,0.1287,0.7895,0.39,130.1,2.4,20.0,1.7606019151846788,0.8713
Unknown_670541,HOU,670541,2021,155,640,569,156,37,1,35,59,158,8,4,0.274,0.348,0.527,0.876,0.253,0.318,0.0922,0.2469,0.6484,0.389,129.4,4.5,24.0,2.677874186550976,0.7531
Unknown_446334,SF,446334,2021,90,320,280,70,18,0,15,37,74,1,2,0.25,0.338,0.475,0.812,0.225,0.285,0.1156,0.2312,0.65,0.387,128.1,2.2,36.0,2.0,0.7688
Unknown_642715,MIL,642715,2021,149,591,532,143,34,1,29,58,169,0,1,0.269,0.34,0.5,0.84,0.231,0.34,0.0981,0.286,0.6159,0.387,128.1,4.1,26.0,2.91539245667686,0.714
Unknown_663886,CIN,663886,2021,137,422,368,106,21,0,10,43,84,6,5,0.288,0.367,0.427,0.794,0.139,0.344,0.1019,0.1991,0.6848,0.387,128.1,2.9,25.0,1.9538763493621196,0.8009
Unknown_666182,TOR,666182,2021,168,718,665,202,33,1,31,43,145,6,4,0.304,0.35,0.496,0.846,0.192,0.347,0.0599,0.2019,0.7298,0.387,128.1,5.0,23.0,3.370617696160267,0.7981
Unknown_543760,TOR,543760,2021,170,748,674,178,40,2,47,68,156,3,3,0.264,0.333,0.539,0.871,0.274,0.276,0.0909,0.2086,0.6965,0.387,128.1,5.2,31.0,2.294829482948295,0.7914
Unknown_547989,CWS,547989,2021,164,708,607,159,30,2,31,66,154,25,10,0.262,0.353,0.471,0.824,0.209,0.296,0.0932,0.2175,0.654,0.386,127.4,4.8,34.0,2.3336909871244633,0.7825
Unknown_669289,TOR,669289,2021,86,262,238,75,14,1,3,22,32,1,0,0.315,0.375,0.42,0.796,0.105,0.355,0.084,0.1221,0.7863,0.386,127.4,1.8,27.0,1.4535714285714285,0.8779
Unknown_457759,LAD,457759,2021,165,660,574,157,25,0,29,67,107,13,6,0.274,0.359,0.469,0.828,0.195,0.288,0.1015,0.1621,0.7167,0.385,126.7,4.4,37.0,1.5970443349753694,0.8379
Unknown_643393,ATH,643393,2021,123,412,342,98,18,4,8,54,53,6,6,0.287,0.387,0.433,0.82,0.146,0.314,0.1311,0.1286,0.716,0.385,126.7,2.8,30.0,0.9809305873379099,0.8714
Unknown_571771,BOS,571771,2021,149,642,560,150,40,3,26,65,117,9,8,0.268,0.349,0.489,0.838,0.221,0.292,0.1012,0.1822,0.7025,0.384,126.1,4.3,30.0,1.800395256916996,0.8178
Unknown_514888,HOU,514888,2021,157,725,640,177,34,1,34,72,103,5,7,0.277,0.351,0.492,0.843,0.216,0.28,0.0993,0.1421,0.7503,0.384,126.1,4.8,31.0,1.4310171198388721,0.8579
Unknown_488771,HOU,488771,2021,71,195,163,36,7,0,8,27,60,3,0,0.221,0.342,0.411,0.753,0.19,0.295,0.1385,0.3077,0.5282,0.383,125.4,1.3,34.0,2.221660649819494,0.6923
Unknown_641645,NYM,641645,2021,66,169,142,39,5,0,1,26,25,0,0,0.275,0.387,0.331,0.718,0.056,0.328,0.1538,0.1479,0.6923,0.382,124.7,1.1,27.0,0.9616384915474643,0.8521
Unknown_641598,MIN,641598,2021,73,255,219,54,15,0,13,31,74,3,2,0.247,0.345,0.493,0.838,0.247,0.306,0.1216,0.2902,0.5765,0.382,124.7,1.7,30.0,2.386513157894737,0.7098
Unknown_621550,CHC,621550,2021,116,391,353,84,14,0,30,34,157,4,0,0.238,0.312,0.533,0.845,0.295,0.325,0.087,0.4015,0.4987,0.382,124.7,2.5,30.0,4.614942528735633,0.5985
Unknown_607461,LAD,607461,2021,126,257,223,59,4,1,8,23,50,10,1,0.265,0.358,0.399,0.757,0.135,0.307,0.0895,0.1946,0.677,0.381,124.1,1.6,28.0,2.1743016759776537,0.8054
Unknown_642180,NYY,642180,2021,63,166,147,40,7,1,0,18,41,1,0,0.272,0.355,0.333,0.689,0.061,0.377,0.1084,0.247,0.6325,0.381,124.1,1.1,27.0,2.2785977859778597,0.753
Unknown_608671,PHI,608671,2021,72,164,135,34,6,2,1,26,31,1,0,0.252,0.377,0.348,0.725,0.096,0.32,0.1585,0.189,0.628,0.38,123.4,1.0,30.0,1.1924290220820188,0.8109999999999999
Unknown_664034,SEA,664034,2021,159,672,590,169,33,1,19,48,108,28,6,0.286,0.365,0.442,0.807,0.156,0.32,0.0714,0.1607,0.7262,0.38,123.4,4.2,27.0,2.250700280112045,0.8392999999999999
Unknown_475582,WSH,475582,2021,115,288,269,69,17,0,17,17,81,0,2,0.257,0.299,0.509,0.808,0.253,0.301,0.059,0.2812,0.6597,0.38,123.4,1.8,37.0,4.766101694915254,0.7188
Unknown_668227,TB,668227,2021,151,638,559,154,34,3,21,60,177,14,5,0.275,0.357,0.46,0.817,0.184,0.363,0.094,0.2774,0.6066,0.378,122.1,3.9,26.0,2.951063829787234,0.7226
Unknown_572287,TB,572287,2021,115,402,359,77,13,2,34,35,144,7,1,0.214,0.296,0.546,0.842,0.331,0.236,0.0871,0.3582,0.5373,0.378,122.1,2.5,30.0,4.112514351320322,0.6417999999999999
Unknown_521692,KC,521692,2021,166,678,633,172,26,0,48,28,177,13,4,0.272,0.314,0.54,0.854,0.269,0.301,0.0413,0.2611,0.6785,0.378,122.1,4.2,31.0,6.322033898305084,0.7389
Unknown_621493,LAA,621493,2021,67,246,217,56,15,1,10,20,58,6,1,0.258,0.336,0.475,0.811,0.217,0.307,0.0813,0.2358,0.6504,0.377,121.4,1.5,28.0,2.900369003690037,0.7642
Unknown_493329,HOU,493329,2021,152,645,566,177,32,0,15,62,75,5,12,0.313,0.378,0.449,0.827,0.136,0.332,0.0961,0.1163,0.7798,0.376,120.7,3.8,37.0,1.210197710718002,0.8837
Unknown_649966,MIL,649966,2021,159,603,519,131,29,1,23,68,118,12,3,0.252,0.35,0.445,0.796,0.193,0.283,0.1128,0.1957,0.665,0.376,120.7,3.6,24.0,1.7349290780141846,0.8043
Unknown_571980,CIN,571980,2021,130,468,423,116,26,2,20,36,108,5,4,0.274,0.335,0.487,0.822,0.213,0.321,0.0769,0.2308,0.6816,0.376,120.7,2.8,30.0,3.001300390117035,0.7692
Unknown_518626,MIN,518626,2021,142,563,476,117,27,0,27,75,119,4,8,0.246,0.348,0.473,0.821,0.227,0.266,0.1332,0.2114,0.6483,0.375,120.1,3.3,36.0,1.587087087087087,0.7886
Unknown_593871,MIN,593871,2021,158,665,608,163,36,2,34,46,122,5,6,0.268,0.322,0.502,0.823,0.234,0.282,0.0692,0.1835,0.7398,0.375,120.1,3.9,28.0,2.651734104046243,0.8165
Unknown_630105,SD,630105,2021,159,664,590,155,35,7,21,58,95,10,3,0.263,0.337,0.453,0.79,0.19,0.281,0.0873,0.1431,0.7425,0.375,120.1,3.9,27.0,1.6391752577319587,0.8569
Unknown_541645,MIL,541645,2021,145,554,496,128,18,0,31,40,134,12,6,0.258,0.325,0.482,0.807,0.224,0.288,0.0722,0.2419,0.6643,0.374,119.4,3.2,30.0,3.350415512465374,0.7581
Unknown_443558,MIN,443558,2021,151,622,553,143,21,1,34,53,138,7,9,0.259,0.326,0.485,0.811,0.226,0.279,0.0852,0.2219,0.6752,0.374,119.4,3.6,41.0,2.6044600938967135,0.7781
Unknown_592518,SD,592518,2021,160,660,580,160,31,2,28,66,105,2,12,0.276,0.345,0.481,0.826,0.205,0.288,0.1,0.1591,0.7379,0.374,119.4,3.8,29.0,1.5909999999999997,0.8409
Unknown_488726,HOU,488726,2021,132,554,513,159,35,3,8,34,62,5,1,0.31,0.358,0.437,0.795,0.127,0.34,0.0614,0.1119,0.8159,0.373,118.7,3.2,34.0,1.8224755700325732,0.8881
Unknown_660162,CWS,660162,2021,156,659,560,149,37,2,15,86,168,11,2,0.266,0.373,0.42,0.793,0.154,0.354,0.1305,0.2549,0.5979,0.373,118.7,3.8,26.0,1.953256704980843,0.7451
Unknown_595879,CHC,595879,2021,145,567,522,134,19,2,31,29,191,13,3,0.257,0.31,0.479,0.789,0.222,0.34,0.0511,0.3369,0.5873,0.373,118.7,3.2,29.0,6.592954990215264,0.6631
Unknown_606213,CWS,606213,2021,76,283,258,69,9,1,7,23,50,1,1,0.267,0.329,0.391,0.72,0.124,0.307,0.0813,0.1767,0.7385,0.373,118.7,1.6,28.0,2.1734317343173433,0.8233
Unknown_624414,BOS,624414,2021,69,225,206,54,13,0,7,9,53,7,0,0.262,0.315,0.427,0.742,0.165,0.322,0.04,0.2356,0.6756,0.372,118.1,1.3,26.0,5.89,0.7644
Unknown_664040,TB,664040,2021,160,652,571,135,31,0,39,69,180,9,3,0.236,0.327,0.496,0.822,0.259,0.27,0.1058,0.2761,0.6043,0.372,118.1,3.7,27.0,2.609640831758034,0.7239
Unknown_621438,MIL,621438,2021,100,287,259,64,9,3,13,20,65,7,1,0.247,0.317,0.456,0.773,0.208,0.28,0.0697,0.2265,0.6794,0.372,118.1,1.6,27.0,3.2496413199426115,0.7735
Unknown_575929,CHC,575929,2021,133,502,428,102,21,1,22,54,145,16,4,0.238,0.343,0.446,0.789,0.208,0.302,0.1076,0.2888,0.5717,0.372,118.1,2.8,29.0,2.684014869888476,0.7112
Unknown_516416,PHI,516416,2021,137,584,529,157,28,3,14,40,79,9,5,0.297,0.353,0.44,0.794,0.144,0.324,0.0685,0.1353,0.7791,0.372,118.1,3.3,31.0,1.9751824817518246,0.8647
Unknown_602104,BAL,602104,2021,91,313,277,75,14,0,7,30,81,6,0,0.271,0.355,0.397,0.752,0.126,0.36,0.0958,0.2588,0.6262,0.372,118.1,1.8,27.0,2.7014613778705634,0.7412000000000001
Unknown_592669,BOS,592669,2021,155,618,562,148,35,0,32,49,137,1,6,0.263,0.32,0.496,0.817,0.233,0.291,0.0793,0.2217,0.6974,0.371,117.4,3.4,29.0,2.795712484237075,0.7783
Unknown_641584,SEA,641584,2021,83,281,228,51,9,0,9,48,76,2,2,0.224,0.361,0.382,0.742,0.158,0.29,0.1708,0.2705,0.548,0.371,117.4,1.6,26.0,1.5837236533957846,0.7295
Unknown_596129,MIL,596129,2021,102,280,232,51,9,0,10,48,64,0,0,0.22,0.354,0.388,0.742,0.168,0.259,0.1714,0.2286,0.6,0.37,116.7,1.5,29.0,1.3337222870478413,0.7714
Unknown_624428,PIT,624428,2021,161,661,598,184,40,5,7,48,70,11,1,0.308,0.369,0.426,0.796,0.119,0.339,0.0726,0.1059,0.8003,0.37,116.7,3.6,30.0,1.4586776859504131,0.8941
Unknown_546990,PIT,546990,2021,56,170,153,34,7,1,5,14,65,3,0,0.222,0.3,0.379,0.679,0.157,0.349,0.0824,0.3824,0.5176,0.37,116.7,0.9,27.0,4.640776699029126,0.6175999999999999
Unknown_456715,MIL,456715,2021,89,325,290,74,13,0,9,32,58,2,1,0.255,0.332,0.393,0.725,0.138,0.29,0.0985,0.1785,0.7169,0.369,116.1,1.7,35.0,1.812182741116751,0.8215
Unknown_571745,SEA,571745,2021,162,712,639,160,23,2,41,56,175,9,8,0.25,0.316,0.485,0.801,0.235,0.276,0.0787,0.2458,0.6629,0.369,116.1,3.8,31.0,3.123252858958068,0.7542
Unknown_666971,TOR,666971,2021,148,561,518,142,29,2,22,33,104,3,6,0.274,0.318,0.465,0.783,0.191,0.302,0.0588,0.1854,0.7487,0.369,116.1,3.0,28.0,3.153061224489796,0.8146
Unknown_608324,HOU,608324,2021,101,438,382,104,19,0,13,48,62,4,4,0.272,0.356,0.424,0.78,0.152,0.293,0.1096,0.1416,0.7397,0.368,115.4,2.3,27.0,1.2919708029197081,0.8584
Unknown_657757,CWS,657757,2021,57,191,172,44,9,0,12,16,45,2,1,0.256,0.325,0.517,0.842,0.262,0.276,0.0838,0.2356,0.6702,0.368,115.4,1.0,25.0,2.81145584725537,0.7644
Unknown_661388,ATL,661388,2021,62,198,175,40,7,1,9,20,58,2,1,0.229,0.313,0.434,0.747,0.206,0.284,0.101,0.2929,0.596,0.368,115.4,1.0,24.0,2.9,0.7071000000000001
Unknown_663993,TEX,663993,2021,165,667,576,152,24,3,19,86,166,2,3,0.264,0.36,0.415,0.775,0.151,0.338,0.1289,0.2489,0.6192,0.368,115.4,3.5,26.0,1.9309542280837861,0.7511
Unknown_600869,DET,600869,2021,156,645,575,156,42,4,16,66,137,4,0,0.271,0.35,0.442,0.792,0.17,0.332,0.1023,0.2124,0.6791,0.368,115.4,3.4,28.0,2.0762463343108504,0.7876
Unknown_543257,DET,543257,2021,162,690,573,138,26,3,25,100,159,9,6,0.241,0.359,0.428,0.787,0.187,0.286,0.1449,0.2304,0.6087,0.368,115.4,3.6,32.0,1.5900621118012421,0.7696000000000001
Unknown_543685,LAA,543685,2021,66,274,234,56,14,0,7,36,43,2,2,0.239,0.343,0.389,0.732,0.15,0.263,0.1314,0.1569,0.7044,0.368,115.4,1.4,31.0,1.1940639269406395,0.8431
Unknown_668942,AZ,668942,2021,147,579,514,137,33,4,12,61,144,0,3,0.267,0.343,0.416,0.759,0.15,0.346,0.1054,0.2487,0.6373,0.367,114.7,3.0,27.0,2.3595825426944974,0.7513
Unknown_571976,SD,571976,2021,153,521,462,121,24,2,19,55,147,0,4,0.262,0.338,0.446,0.784,0.184,0.34,0.1056,0.2821,0.6123,0.367,114.7,2.7,31.0,2.671401515151515,0.7179
Unknown_628451,TEX,628451,2021,85,292,273,77,16,2,8,15,38,2,1,0.282,0.323,0.443,0.766,0.161,0.303,0.0514,0.1301,0.8082,0.367,114.7,1.5,28.0,2.5311284046692606,0.8699
Unknown_657077,BOS,657077,2021,157,653,589,173,35,2,14,54,101,5,5,0.294,0.355,0.431,0.787,0.138,0.332,0.0827,0.1547,0.755,0.366,114.1,3.3,25.0,1.8706166868198308,0.8452999999999999
Unknown_621035,LAD,621035,2021,158,623,542,136,26,4,24,68,178,8,4,0.251,0.341,0.446,0.787,0.196,0.326,0.1091,0.2857,0.5907,0.366,114.1,3.2,31.0,2.618698441796517,0.7142999999999999
Unknown_596103,SF,596103,2021,126,327,291,72,13,1,15,31,88,5,0,0.247,0.33,0.454,0.784,0.206,0.303,0.0948,0.2691,0.6208,0.366,114.1,1.7,29.0,2.838607594936709,0.7309
Unknown_592663,PHI,592663,2021,137,555,490,129,26,4,18,51,130,12,2,0.263,0.346,0.443,0.789,0.18,0.323,0.0919,0.2342,0.6523,0.366,114.1,2.8,30.0,2.5484221980413495,0.7658
Unknown_608700,BOS,608700,2021,66,192,176,50,8,0,3,12,27,3,0,0.284,0.34,0.381,0.721,0.097,0.322,0.0625,0.1406,0.776,0.365,113.4,1.0,30.0,2.2496,0.8593999999999999
Unknown_608336,TEX,608336,2021,158,640,520,104,14,1,39,112,219,6,2,0.2,0.347,0.456,0.803,0.256,0.246,0.175,0.3422,0.4734,0.365,113.4,3.2,28.0,1.9554285714285715,0.6577999999999999
Unknown_592192,ATH,592192,2021,148,651,541,124,22,4,17,81,135,27,2,0.229,0.356,0.379,0.735,0.15,0.274,0.1244,0.2074,0.6267,0.365,113.4,3.3,32.0,1.667202572347267,0.7926
Unknown_596115,COL,596115,2021,149,617,546,134,34,5,25,55,145,11,5,0.245,0.324,0.463,0.788,0.218,0.286,0.0891,0.235,0.658,0.365,113.4,3.1,29.0,2.637485970819304,0.765
Unknown_572228,NYY,572228,2021,71,253,221,54,8,1,11,24,76,8,0,0.244,0.34,0.439,0.779,0.195,0.321,0.0949,0.3004,0.5731,0.365,113.4,1.3,30.0,3.1654373024236038,0.6996
Unknown_543939,MIL,543939,2021,126,528,477,129,34,2,16,34,90,14,3,0.27,0.335,0.451,0.786,0.18,0.302,0.0644,0.1705,0.7386,0.364,112.7,2.6,31.0,2.647515527950311,0.8295
Unknown_596019,NYM,596019,2021,132,552,477,115,18,3,22,61,97,5,3,0.241,0.332,0.43,0.761,0.189,0.258,0.1105,0.1757,0.6938,0.364,112.7,2.7,28.0,1.5900452488687782,0.8243
Unknown_622682,DET,622682,2021,78,241,228,61,13,4,5,10,58,0,1,0.268,0.297,0.425,0.723,0.158,0.337,0.0415,0.2407,0.7095,0.364,112.7,1.2,27.0,5.8,0.7593
Unknown_664774,SF,664774,2021,119,410,360,88,17,3,19,37,99,6,3,0.244,0.323,0.467,0.789,0.222,0.282,0.0902,0.2415,0.6439,0.363,112.1,2.0,27.0,2.6773835920177382,0.7585
Unknown_650391,CWS,650391,2021,63,259,241,63,12,0,11,16,63,1,1,0.261,0.309,0.448,0.757,0.187,0.31,0.0618,0.2432,0.6911,0.363,112.1,1.3,25.0,3.9352750809061487,0.7568
Unknown_666185,STL,666185,2021,156,642,563,150,31,4,20,59,157,11,8,0.266,0.343,0.442,0.785,0.176,0.33,0.0919,0.2445,0.6449,0.363,112.1,3.1,23.0,2.660500544069641,0.7555000000000001
Unknown_641857,COL,641857,2021,159,624,554,142,33,1,24,60,158,5,5,0.256,0.332,0.449,0.781,0.193,0.313,0.0962,0.2532,0.6426,0.363,112.1,3.0,27.0,2.632016632016632,0.7468
Unknown_657656,ATH,657656,2021,93,395,354,89,23,3,14,31,102,9,1,0.251,0.327,0.452,0.779,0.201,0.314,0.0785,0.2582,0.6405,0.363,112.1,1.9,27.0,3.2891719745222927,0.7418
Unknown_456781,SF,456781,2021,111,370,331,91,17,0,9,25,64,8,5,0.275,0.336,0.408,0.744,0.133,0.312,0.0676,0.173,0.7351,0.362,111.4,1.8,34.0,2.559171597633136,0.827
Unknown_571448,STL,571448,2021,165,679,615,155,36,3,35,54,98,3,7,0.252,0.312,0.491,0.803,0.239,0.245,0.0795,0.1443,0.7717,0.362,111.4,3.2,30.0,1.8150943396226416,0.8557
Unknown_542583,MIA,542583,2021,137,527,469,123,24,0,23,48,93,3,7,0.262,0.33,0.461,0.791,0.198,0.278,0.0911,0.1765,0.7173,0.362,111.4,2.5,31.0,1.9374313940724477,0.8235
Unknown_500871,AZ,500871,2021,157,631,579,145,28,5,29,50,135,1,1,0.25,0.311,0.466,0.777,0.216,0.279,0.0792,0.2139,0.7052,0.361,110.7,3.0,32.0,2.7007575757575757,0.7861
Unknown_624585,KC,624585,2021,159,636,554,125,32,0,29,71,150,6,5,0.226,0.318,0.44,0.758,0.215,0.253,0.1116,0.2358,0.6305,0.361,110.7,3.0,29.0,2.1129032258064515,0.7642
Unknown_656541,COL,656541,2021,87,263,236,49,7,2,14,26,100,1,0,0.208,0.289,0.432,0.721,0.225,0.287,0.0989,0.3802,0.5171,0.361,110.7,1.2,27.0,3.844287158746208,0.6198
Unknown_664023,CHC,664023,2021,154,555,481,111,23,1,26,65,160,6,1,0.231,0.329,0.445,0.774,0.214,0.287,0.1171,0.2883,0.5802,0.361,110.7,2.6,27.0,2.46199829205807,0.7117
Unknown_669720,BAL,669720,2021,137,551,508,133,27,5,24,29,112,10,1,0.262,0.314,0.476,0.79,0.215,0.292,0.0526,0.2033,0.7205,0.361,110.7,2.6,26.0,3.865019011406844,0.7967
Unknown_643376,TOR,643376,2021,69,219,197,42,13,0,11,18,46,3,0,0.213,0.289,0.447,0.736,0.234,0.221,0.0822,0.21,0.6895,0.361,110.7,1.0,26.0,2.5547445255474455,0.79
Unknown_650490,TB,650490,2021,145,579,498,129,20,2,14,73,90,3,5,0.259,0.354,0.392,0.746,0.133,0.288,0.1261,0.1554,0.7133,0.36,110.1,2.7,30.0,1.2323552735923873,0.8446
Unknown_624641,STL,624641,2021,117,341,303,81,8,4,7,18,65,17,2,0.267,0.341,0.389,0.731,0.122,0.318,0.0528,0.1906,0.7009,0.36,110.1,1.6,25.0,3.609848484848485,0.8094
Unknown_519203,CHC,519203,2021,149,600,518,126,24,3,23,53,95,24,5,0.243,0.338,0.434,0.773,0.191,0.254,0.0883,0.1583,0.7133,0.36,110.1,2.8,32.0,1.7927519818799547,0.8417
Unknown_643217,KC,643217,2021,141,558,509,140,28,2,17,39,102,2,6,0.275,0.326,0.438,0.764,0.163,0.311,0.0699,0.1828,0.7401,0.36,110.1,2.6,27.0,2.6151645207439196,0.8172
Unknown_663624,BAL,663624,2021,150,606,553,141,24,1,35,42,165,4,7,0.255,0.309,0.492,0.8,0.237,0.294,0.0693,0.2723,0.6518,0.36,110.1,2.8,24.0,3.929292929292929,0.7277
Unknown_657041,WSH,657041,2021,80,278,239,55,15,2,7,37,66,0,2,0.23,0.331,0.397,0.728,0.167,0.286,0.1331,0.2374,0.6295,0.36,110.1,1.3,26.0,1.7836213373403456,0.7626
Unknown_593934,MIN,593934,2021,143,555,490,109,25,0,31,62,192,2,1,0.222,0.312,0.463,0.775,0.241,0.291,0.1117,0.3459,0.5387,0.359,109.4,2.5,28.0,3.0966875559534466,0.6541
Unknown_592885,MIL,592885,2021,128,511,429,108,19,3,11,76,125,3,3,0.252,0.366,0.387,0.753,0.135,0.328,0.1487,0.2446,0.6008,0.358,108.7,2.3,30.0,1.644922663080027,0.7554
Unknown_656669,CLE,656669,2021,71,218,186,35,9,0,12,29,68,3,0,0.188,0.307,0.43,0.737,0.242,0.217,0.133,0.3119,0.5413,0.358,108.7,1.0,28.0,2.3451127819548874,0.6880999999999999
Unknown_457705,PHI,457705,2021,150,595,500,113,24,1,27,83,135,5,7,0.226,0.338,0.44,0.778,0.214,0.249,0.1395,0.2269,0.6252,0.358,108.7,2.6,35.0,1.6265232974910393,0.7731
Unknown_640461,ATH,640461,2021,79,252,233,60,17,2,7,16,65,2,1,0.258,0.31,0.438,0.747,0.18,0.327,0.0635,0.2579,0.6706,0.358,108.7,1.1,29.0,4.061417322834646,0.7421
Unknown_594694,PIT,594694,2021,122,260,235,63,8,3,4,24,58,0,1,0.268,0.335,0.379,0.713,0.111,0.339,0.0923,0.2231,0.6846,0.358,108.7,1.2,29.0,2.417118093174431,0.7769
Unknown_660821,MIA,660821,2021,64,251,227,57,8,2,14,20,78,3,1,0.251,0.319,0.489,0.808,0.238,0.316,0.0797,0.3108,0.5976,0.358,108.7,1.1,24.0,3.899623588456713,0.6892
Unknown_527038,SF,527038,2021,150,469,417,106,17,1,18,45,64,4,3,0.254,0.33,0.429,0.76,0.175,0.26,0.0959,0.1365,0.7591,0.357,108.1,2.0,30.0,1.4233576642335768,0.8634999999999999
Unknown_645277,ATL,645277,2021,167,723,664,172,43,7,31,48,135,4,7,0.259,0.31,0.485,0.795,0.226,0.279,0.0664,0.1867,0.7414,0.357,108.1,3.1,24.0,2.8117469879518073,0.8133
Unknown_650333,MIN,650333,2021,129,503,449,133,20,6,2,45,49,3,6,0.296,0.36,0.381,0.741,0.085,0.324,0.0895,0.0974,0.8072,0.357,108.1,2.2,24.0,1.088268156424581,0.9026
Unknown_622110,CHC,622110,2021,104,338,305,88,13,1,5,25,65,7,1,0.289,0.355,0.387,0.742,0.098,0.352,0.074,0.1923,0.713,0.357,108.1,1.5,30.0,2.598648648648649,0.8077
Unknown_650559,MIA,650559,2021,57,220,200,60,8,2,5,18,53,1,1,0.3,0.359,0.435,0.794,0.135,0.385,0.0818,0.2409,0.6727,0.356,107.4,0.9,25.0,2.944987775061125,0.7591
Unknown_545350,CHC,545350,2021,94,215,192,45,8,3,8,12,70,7,2,0.234,0.3,0.432,0.733,0.198,0.319,0.0558,0.3256,0.5767,0.356,107.4,0.9,30.0,5.835125448028673,0.6744
Unknown_628450,WSH,628450,2021,119,297,271,75,10,1,9,23,60,1,2,0.277,0.333,0.421,0.754,0.144,0.324,0.0774,0.202,0.7172,0.356,107.4,1.3,34.0,2.6098191214470288,0.798
Unknown_664056,STL,664056,2021,105,411,373,98,21,1,16,29,87,7,2,0.263,0.326,0.453,0.779,0.19,0.301,0.0706,0.2117,0.7007,0.355,106.7,1.7,27.0,2.9985835694050995,0.7883
Unknown_641820,BAL,641820,2021,154,640,579,150,33,1,22,52,152,8,1,0.259,0.328,0.434,0.762,0.174,0.315,0.0812,0.2375,0.6687,0.354,106.1,2.6,29.0,2.9248768472906406,0.7625
Unknown_545358,LAA,545358,2021,89,335,297,71,13,1,14,29,107,8,1,0.239,0.322,0.431,0.753,0.192,0.322,0.0866,0.3194,0.5701,0.354,106.1,1.4,30.0,3.6882217090069287,0.6806
Unknown_672386,TOR,672386,2021,61,197,173,41,9,0,8,19,26,3,2,0.237,0.32,0.428,0.748,0.191,0.234,0.0964,0.132,0.7563,0.354,106.1,0.8,23.0,1.3692946058091287,0.868
Unknown_600303,SF,600303,2021,87,269,244,62,11,1,8,21,29,3,1,0.254,0.32,0.406,0.725,0.152,0.26,0.0781,0.1078,0.7955,0.353,105.4,1.1,32.0,1.380281690140845,0.8922
Unknown_668731,DET,668731,2021,125,479,429,111,20,7,15,47,128,0,3,0.259,0.33,0.443,0.773,0.184,0.332,0.0981,0.2672,0.6347,0.353,105.4,1.9,23.0,2.7237512742099894,0.7328
Unknown_642133,MIL,642133,2021,117,356,327,78,14,2,14,23,76,5,1,0.239,0.298,0.422,0.72,0.183,0.269,0.0646,0.2135,0.7079,0.352,104.7,1.4,26.0,3.3049535603715166,0.7865
Unknown_553882,MIL,553882,2021,131,468,410,110,21,0,13,44,86,8,6,0.268,0.346,0.415,0.761,0.146,0.306,0.094,0.1838,0.7051,0.352,104.7,1.8,29.0,1.95531914893617,0.8162
Unknown_666915,BOS,666915,2021,139,482,444,105,22,5,27,30,166,7,1,0.236,0.295,0.491,0.786,0.255,0.31,0.0622,0.3444,0.5788,0.352,104.7,1.9,26.0,5.536977491961415,0.6556
Unknown_502054,SD,502054,2021,162,582,493,114,24,2,17,81,132,4,4,0.231,0.342,0.391,0.733,0.16,0.279,0.1392,0.2268,0.6271,0.352,104.7,2.3,33.0,1.6293103448275863,0.7732
Unknown_606157,CIN,606157,2021,90,222,190,38,8,1,11,28,81,2,2,0.2,0.306,0.426,0.733,0.226,0.27,0.1261,0.3649,0.5,0.352,104.7,0.9,27.0,2.8937351308485333,0.6351
Unknown_592626,CHC,592626,2021,146,504,452,109,20,3,23,39,122,8,5,0.241,0.31,0.451,0.761,0.21,0.276,0.0774,0.2421,0.6647,0.351,104.1,1.9,29.0,3.1279069767441863,0.7579
Unknown_621563,TB,621563,2021,142,523,482,128,35,4,12,28,116,10,3,0.266,0.317,0.429,0.747,0.164,0.325,0.0535,0.2218,0.7055,0.351,104.1,2.0,31.0,4.1457943925233645,0.7782
Unknown_663898,COL,663898,2021,102,415,387,110,21,3,15,19,84,7,2,0.284,0.328,0.47,0.798,0.186,0.328,0.0458,0.2024,0.7349,0.351,104.1,1.6,25.0,4.419213973799127,0.7976
Unknown_571657,CIN,571657,2021,151,547,496,133,24,2,17,26,97,19,5,0.268,0.326,0.427,0.753,0.159,0.3,0.0475,0.1773,0.7386,0.351,104.1,2.1,31.0,3.7326315789473687,0.8227
Unknown_621020,ATL,621020,2021,171,688,621,154,35,2,28,54,174,5,7,0.248,0.31,0.446,0.756,0.198,0.296,0.0785,0.2529,0.6599,0.35,103.4,2.6,27.0,3.221656050955414,0.7471
Unknown_640457,TB,640457,2021,153,624,548,126,31,3,28,62,128,6,8,0.23,0.311,0.451,0.762,0.221,0.245,0.0994,0.2051,0.6859,0.35,103.4,2.3,26.0,2.063380281690141,0.7948999999999999
Unknown_683734,CWS,683734,2021,137,499,444,106,25,1,15,42,109,7,6,0.239,0.311,0.401,0.712,0.162,0.279,0.0842,0.2184,0.6834,0.35,103.4,1.9,23.0,2.5938242280285038,0.7816
Unknown_543281,WSH,543281,2021,145,580,524,148,33,2,8,34,76,19,3,0.282,0.347,0.399,0.745,0.116,0.316,0.0586,0.131,0.7759,0.35,103.4,2.2,34.0,2.2354948805460753,0.869
Unknown_571875,CWS,571875,2021,60,186,159,32,5,0,8,23,59,2,2,0.201,0.306,0.384,0.69,0.182,0.255,0.1237,0.3172,0.5484,0.35,103.4,0.7,31.0,2.5642683912691995,0.6828000000000001
Unknown_670032,KC,670032,2021,151,573,504,150,21,6,2,50,76,4,3,0.298,0.364,0.375,0.739,0.077,0.345,0.0873,0.1326,0.7522,0.349,102.7,2.1,26.0,1.5189003436426116,0.8674
Unknown_608348,AZ,608348,2021,103,373,317,75,12,1,13,45,76,6,5,0.237,0.338,0.404,0.742,0.167,0.266,0.1206,0.2038,0.6595,0.349,102.7,1.4,27.0,1.689883913764511,0.7962
Unknown_622761,BAL,622761,2021,90,236,216,55,14,1,4,13,61,4,2,0.255,0.306,0.384,0.691,0.13,0.333,0.0551,0.2585,0.6653,0.349,102.7,0.9,26.0,4.6914700544464605,0.7415
Unknown_457708,LAA,457708,2021,97,385,342,75,15,0,18,39,112,1,3,0.219,0.299,0.421,0.72,0.202,0.265,0.1013,0.2909,0.6026,0.349,102.7,1.4,34.0,2.8716683119447186,0.7091000000000001
Unknown_573262,SF,573262,2021,149,563,498,111,29,4,28,52,140,9,3,0.223,0.306,0.466,0.772,0.243,0.249,0.0924,0.2487,0.6412,0.348,102.1,2.0,31.0,2.691558441558442,0.7513
Unknown_595281,TB,595281,2021,118,419,374,99,23,7,5,36,105,5,4,0.265,0.334,0.404,0.738,0.139,0.351,0.0859,0.2506,0.6516,0.348,102.1,1.5,31.0,2.917345750873108,0.7494000000000001
Unknown_453568,COL,453568,2021,156,600,532,142,26,4,13,54,98,11,3,0.267,0.345,0.404,0.749,0.137,0.304,0.09,0.1633,0.7283,0.348,102.1,2.2,35.0,1.8144444444444445,0.8367
Unknown_444482,AZ,444482,2021,156,561,507,129,33,8,8,48,97,3,3,0.254,0.321,0.398,0.719,0.144,0.299,0.0856,0.1729,0.7362,0.348,102.1,2.0,34.0,2.0198598130841123,0.8271
Unknown_656976,AZ,656976,2021,155,572,524,141,30,4,12,43,110,4,1,0.269,0.329,0.41,0.739,0.141,0.32,0.0752,0.1923,0.7255,0.348,102.1,2.1,25.0,2.55718085106383,0.8077
Unknown_543333,SD,543333,2021,157,583,527,144,28,0,12,48,102,5,2,0.273,0.338,0.395,0.733,0.121,0.318,0.0823,0.175,0.7324,0.348,102.1,2.1,32.0,2.12636695018226,0.825
Unknown_656308,BOS,656308,2021,49,151,146,34,8,1,4,1,52,2,2,0.233,0.245,0.384,0.629,0.151,0.326,0.0066,0.3444,0.6358,0.348,102.1,0.5,26.0,52.18181818181818,0.6556
Unknown_676801,HOU,676801,2021,99,342,303,78,12,0,14,27,111,4,8,0.257,0.319,0.436,0.754,0.178,0.344,0.0789,0.3246,0.5848,0.347,101.4,1.2,26.0,4.114068441064639,0.6754
Unknown_666158,LAD,666158,2021,112,415,367,89,14,4,8,43,95,3,2,0.243,0.325,0.368,0.693,0.125,0.305,0.1036,0.2289,0.6602,0.347,101.4,1.5,24.0,2.2094594594594597,0.7711
Unknown_621453,SF,621453,2021,112,312,281,70,15,5,8,29,95,2,0,0.249,0.324,0.423,0.747,0.174,0.348,0.0929,0.3045,0.5962,0.347,101.4,1.1,28.0,3.2777179763186224,0.6955
Unknown_647304,CLE,647304,2021,74,267,250,62,13,0,9,14,47,3,0,0.248,0.296,0.408,0.704,0.16,0.273,0.0524,0.176,0.7566,0.347,101.4,0.9,24.0,3.3587786259541983,0.8240000000000001
Unknown_594807,MIA,594807,2021,154,588,541,126,18,3,39,37,177,5,5,0.233,0.286,0.494,0.779,0.261,0.264,0.0629,0.301,0.6276,0.346,100.7,2.0,33.0,4.78537360890302,0.6990000000000001
Unknown_642336,TB,642336,2021,87,291,263,69,16,3,6,18,54,7,2,0.262,0.324,0.414,0.739,0.152,0.307,0.0619,0.1856,0.7251,0.346,100.7,1.0,26.0,2.998384491114701,0.8144
Unknown_624424,NYM,624424,2021,131,504,430,99,21,0,15,59,109,13,2,0.23,0.339,0.384,0.723,0.153,0.273,0.1171,0.2163,0.6409,0.346,100.7,1.7,28.0,1.8471391972672928,0.7837000000000001
Unknown_546318,PHI,546318,2021,131,516,474,122,28,2,14,30,82,6,5,0.257,0.307,0.414,0.72,0.156,0.282,0.0581,0.1589,0.7674,0.346,100.7,1.8,30.0,2.734939759036145,0.8411
Unknown_666969,TEX,666969,2021,157,641,598,148,28,2,33,33,197,5,5,0.247,0.29,0.467,0.757,0.219,0.308,0.0515,0.3073,0.6334,0.346,100.7,2.2,28.0,5.966990291262136,0.6927
Unknown_570731,DET,570731,2021,164,696,642,177,31,1,22,40,139,6,8,0.276,0.32,0.43,0.75,0.154,0.317,0.0575,0.1997,0.7342,0.346,100.7,2.4,30.0,3.4730434782608692,0.8003
Unknown_553902,MIN,553902,2021,78,238,230,57,11,0,10,3,13,4,1,0.248,0.269,0.426,0.695,0.178,0.226,0.0126,0.0546,0.916,0.346,100.7,0.8,30.0,4.333333333333334,0.9454
Unknown_501659,ATL,501659,2021,69,188,159,33,13,0,5,28,39,0,1,0.208,0.324,0.384,0.708,0.176,0.241,0.1489,0.2074,0.6436,0.346,100.7,0.6,32.0,1.3928811282740095,0.7926
Unknown_662139,AZ,662139,2021,95,321,290,72,17,2,11,30,69,0,0,0.248,0.319,0.434,0.753,0.186,0.29,0.0935,0.215,0.6885,0.345,100.0,1.1,25.0,2.299465240641711,0.785
Unknown_543543,PHI,543543,2021,142,385,338,76,10,3,20,46,117,1,0,0.225,0.319,0.45,0.769,0.225,0.279,0.1195,0.3039,0.574,0.345,100.0,1.3,32.0,2.5430962343096235,0.6960999999999999
Unknown_592325,PIT,592325,2021,127,421,357,84,18,3,8,55,110,3,4,0.235,0.339,0.37,0.709,0.134,0.313,0.1306,0.2613,0.5962,0.345,100.0,1.4,29.0,2.0007656967840735,0.7387
Unknown_553869,COL,553869,2021,112,390,355,85,18,1,18,32,65,2,1,0.239,0.305,0.448,0.753,0.208,0.245,0.0821,0.1667,0.7462,0.345,100.0,1.3,31.0,2.030450669914738,0.8333
Unknown_641786,SEA,641786,2021,38,155,138,34,5,0,5,16,38,1,0,0.246,0.329,0.391,0.72,0.145,0.305,0.1032,0.2452,0.6452,0.345,100.0,0.5,26.0,2.3759689922480622,0.7548
Unknown_676694,HOU,676694,2021,52,176,159,41,8,0,6,10,55,4,1,0.258,0.316,0.421,0.737,0.164,0.354,0.0568,0.3125,0.5966,0.344,99.4,0.6,25.0,5.501760563380281,0.6875
Unknown_606992,DET,606992,2021,104,388,358,83,12,1,24,26,121,2,2,0.232,0.286,0.472,0.758,0.24,0.274,0.067,0.3119,0.616,0.344,99.4,1.3,29.0,4.655223880597015,0.6880999999999999
Unknown_592567,PIT,592567,2021,104,374,333,87,12,0,11,36,89,2,3,0.261,0.334,0.396,0.731,0.135,0.322,0.0963,0.238,0.6604,0.344,99.4,1.2,29.0,2.4714434060228454,0.762
Unknown_669221,ATH,669221,2021,124,467,410,91,26,0,19,42,118,12,3,0.222,0.31,0.424,0.735,0.202,0.261,0.0899,0.2527,0.6317,0.344,99.4,1.5,27.0,2.810901001112347,0.7473000000000001
Unknown_605119,MIA,605119,2021,72,280,248,59,9,0,7,27,71,5,0,0.238,0.325,0.359,0.684,0.121,0.306,0.0964,0.2536,0.6321,0.344,99.4,0.9,28.0,2.6307053941908713,0.7464
Unknown_607054,MIL,607054,2021,101,314,268,67,13,1,6,40,71,4,2,0.25,0.354,0.373,0.727,0.123,0.316,0.1274,0.2261,0.6338,0.343,98.7,1.0,31.0,1.7747252747252744,0.7739
Unknown_665862,MIA,665862,2021,132,527,482,121,20,4,19,36,150,4,3,0.251,0.307,0.427,0.734,0.176,0.323,0.0683,0.2846,0.6357,0.343,98.7,1.7,23.0,4.166910688140557,0.7154
Unknown_593643,KC,593643,2021,103,270,256,71,21,3,2,4,28,4,2,0.277,0.297,0.406,0.703,0.129,0.303,0.0148,0.1037,0.8519,0.343,98.7,0.9,29.0,7.006756756756756,0.8963
Unknown_405395,LAD,405395,2021,118,324,301,72,4,0,18,15,46,6,2,0.239,0.287,0.432,0.719,0.193,0.226,0.0463,0.142,0.7932,0.342,98.0,1.0,41.0,3.0669546436285096,0.858
Unknown_596847,TB,596847,2021,85,312,265,61,14,0,12,45,89,2,0,0.23,0.346,0.419,0.765,0.189,0.299,0.1442,0.2853,0.5641,0.342,98.0,1.0,30.0,1.978502080443828,0.7147
Unknown_664913,ATH,664913,2021,110,317,291,63,14,1,22,23,93,1,2,0.216,0.274,0.498,0.773,0.282,0.23,0.0726,0.2934,0.6309,0.342,98.0,1.0,29.0,4.041322314049586,0.7066
Unknown_544725,CWS,544725,2021,133,506,446,116,23,4,6,42,107,4,5,0.26,0.326,0.37,0.696,0.11,0.325,0.083,0.2115,0.6798,0.341,97.4,1.5,30.0,2.548192771084337,0.7885
Unknown_606132,COL,606132,2021,140,555,509,141,27,2,6,40,74,1,4,0.277,0.329,0.373,0.702,0.096,0.312,0.0721,0.1333,0.791,0.341,97.4,1.7,27.0,1.8488210818307906,0.8667
Unknown_572816,MIA,572816,2021,114,384,351,94,18,5,6,29,70,3,1,0.268,0.328,0.399,0.727,0.131,0.319,0.0755,0.1823,0.7344,0.341,97.4,1.2,32.0,2.414569536423841,0.8177
Unknown_571718,CWS,571718,2021,75,287,249,57,12,1,8,35,60,1,1,0.229,0.325,0.382,0.707,0.153,0.269,0.122,0.2091,0.662,0.341,97.4,0.9,31.0,1.7139344262295082,0.7908999999999999
Unknown_592696,CLE,592696,2021,122,449,414,106,21,3,14,28,65,1,4,0.256,0.302,0.423,0.725,0.167,0.271,0.0624,0.1448,0.7862,0.34,96.7,1.3,30.0,2.3205128205128207,0.8552
Unknown_542340,NYM,542340,2021,143,510,458,114,18,2,18,47,134,3,0,0.249,0.323,0.415,0.738,0.166,0.314,0.0922,0.2627,0.6353,0.34,96.7,1.5,30.0,2.8492407809110625,0.7373000000000001
Unknown_602074,COL,602074,2021,114,346,314,88,12,2,2,23,61,2,1,0.28,0.332,0.35,0.683,0.07,0.341,0.0665,0.1763,0.7341,0.34,96.7,1.0,27.0,2.651127819548872,0.8237
Unknown_669256,TEX,669256,2021,134,532,476,118,19,2,12,37,109,15,2,0.248,0.321,0.372,0.693,0.124,0.297,0.0695,0.2049,0.6936,0.34,96.7,1.6,26.0,2.9482014388489204,0.7951
Unknown_444876,WSH,444876,2021,75,349,319,92,21,2,4,17,56,9,2,0.288,0.34,0.404,0.744,0.116,0.337,0.0487,0.1605,0.7593,0.34,96.7,1.0,35.0,3.295687885010267,0.8395
Unknown_500743,MIA,500743,2021,138,555,510,137,30,3,11,38,76,5,1,0.269,0.325,0.404,0.729,0.135,0.297,0.0685,0.1369,0.7838,0.34,96.7,1.6,32.0,1.9985401459854013,0.8631
Unknown_650402,NYY,650402,2021,135,542,480,123,23,0,12,55,108,1,4,0.256,0.331,0.379,0.711,0.123,0.305,0.1015,0.1993,0.6937,0.339,96.0,1.5,25.0,1.9635467980295567,0.8007
Unknown_572233,AZ,572233,2021,123,469,424,107,26,1,11,39,110,4,2,0.252,0.32,0.396,0.716,0.144,0.315,0.0832,0.2345,0.6738,0.339,96.0,1.3,30.0,2.8185096153846154,0.7655000000000001
Unknown_641470,CWS,641470,2021,82,252,216,45,14,0,6,34,73,1,0,0.208,0.319,0.356,0.675,0.148,0.285,0.1349,0.2897,0.5675,0.339,96.0,0.7,26.0,2.1475166790214977,0.7102999999999999
Unknown_620443,SEA,620443,2021,112,398,362,88,18,2,15,30,102,2,4,0.243,0.302,0.428,0.73,0.185,0.293,0.0754,0.2563,0.6633,0.339,96.0,1.1,25.0,3.39920424403183,0.7437
Unknown_623912,CLE,623912,2021,99,369,347,92,21,1,7,14,58,5,3,0.265,0.301,0.392,0.693,0.127,0.298,0.0379,0.1572,0.7913,0.339,96.0,1.0,27.0,4.147757255936675,0.8428
Unknown_663647,PIT,663647,2021,102,417,383,102,20,3,7,31,89,1,2,0.266,0.321,0.389,0.71,0.123,0.329,0.0743,0.2134,0.7098,0.339,96.0,1.2,24.0,2.8721399730820996,0.7866
Unknown_514917,CLE,514917,2021,160,675,603,144,22,2,23,63,142,5,4,0.239,0.314,0.396,0.71,0.158,0.274,0.0933,0.2104,0.6889,0.338,95.4,1.9,31.0,2.255091103965702,0.7896
Unknown_664702,HOU,664702,2021,157,652,577,157,30,1,4,68,122,2,4,0.272,0.349,0.348,0.697,0.076,0.336,0.1043,0.1871,0.704,0.338,95.4,1.8,27.0,1.7938638542665386,0.8129
Unknown_622534,TB,622534,2021,130,494,446,115,22,3,10,41,77,1,5,0.258,0.318,0.388,0.706,0.13,0.288,0.083,0.1559,0.7571,0.337,94.7,1.3,27.0,1.8783132530120483,0.8441
Unknown_642708,CLE,642708,2021,145,598,560,158,26,7,11,31,120,3,4,0.282,0.321,0.412,0.734,0.13,0.339,0.0518,0.2007,0.7425,0.337,94.7,1.6,26.0,3.8745173745173744,0.7993
Unknown_656305,ATH,656305,2021,158,645,541,113,16,3,28,91,205,4,9,0.209,0.322,0.405,0.727,0.196,0.268,0.1411,0.3178,0.5349,0.337,94.7,1.7,28.0,2.2523033309709426,0.6821999999999999
Unknown_607732,PIT,607732,2021,118,443,387,93,20,1,8,51,88,3,2,0.24,0.332,0.359,0.691,0.119,0.29,0.1151,0.1986,0.6795,0.336,94.0,1.1,32.0,1.7254561251086014,0.8014
Unknown_572039,ATH,572039,2021,73,207,189,42,9,0,7,14,53,3,1,0.222,0.285,0.381,0.666,0.159,0.269,0.0676,0.256,0.6618,0.336,94.0,0.5,30.0,3.7869822485207103,0.744
Unknown_670712,TB,670712,2021,63,192,171,32,10,0,6,17,60,2,2,0.187,0.266,0.351,0.617,0.164,0.243,0.0885,0.3125,0.5885,0.336,94.0,0.5,27.0,3.531073446327684,0.6875
Unknown_666135,MIN,666135,2021,60,235,218,54,11,1,8,14,52,2,1,0.248,0.298,0.417,0.715,0.17,0.289,0.0596,0.2213,0.7106,0.336,94.0,0.6,24.0,3.7130872483221475,0.7787
Unknown_476704,ATH,476704,2021,145,531,475,117,30,0,15,49,113,2,5,0.246,0.316,0.404,0.721,0.158,0.29,0.0923,0.2128,0.6911,0.335,93.4,1.3,37.0,2.305525460455038,0.7872
Unknown_570482,NYY,570482,2021,123,465,443,115,18,3,15,20,116,1,1,0.26,0.292,0.415,0.708,0.156,0.319,0.043,0.2495,0.7054,0.334,92.7,1.1,30.0,5.802325581395349,0.7505
Unknown_600474,BAL,600474,2021,115,434,393,100,20,0,12,35,110,1,5,0.254,0.313,0.397,0.71,0.142,0.319,0.0806,0.2535,0.6636,0.334,92.7,1.0,28.0,3.1451612903225805,0.7464999999999999
Unknown_543105,SF,543105,2021,120,333,303,69,13,2,13,23,84,7,0,0.228,0.297,0.413,0.71,0.185,0.272,0.0691,0.2523,0.6577,0.333,92.0,0.8,31.0,3.6512301013024606,0.7477
Unknown_649557,HOU,649557,2021,87,324,299,76,19,0,8,16,63,9,0,0.254,0.312,0.398,0.71,0.144,0.298,0.0494,0.1944,0.7284,0.333,92.0,0.8,31.0,3.935222672064777,0.8056
Unknown_543228,WSH,543228,2021,105,387,359,91,17,1,14,20,80,7,1,0.253,0.305,0.423,0.728,0.17,0.289,0.0517,0.2067,0.7235,0.333,92.0,0.9,34.0,3.9980657640232105,0.7933
Unknown_660294,PIT,660294,2021,88,283,249,55,12,1,9,31,80,1,1,0.221,0.309,0.386,0.694,0.165,0.286,0.1095,0.2827,0.6007,0.333,92.0,0.7,30.0,2.5817351598173515,0.7173
Unknown_644374,CLE,644374,2021,91,269,254,59,16,3,9,12,72,2,1,0.232,0.271,0.425,0.697,0.193,0.287,0.0446,0.2677,0.6803,0.333,92.0,0.6,26.0,6.002242152466367,0.7323
Unknown_518934,NYY,518934,2021,157,701,618,163,24,1,10,74,99,4,5,0.264,0.344,0.354,0.698,0.091,0.298,0.1056,0.1412,0.7475,0.333,92.0,1.6,33.0,1.3371212121212122,0.8588
Unknown_516770,WSH,516770,2021,89,352,322,90,20,0,3,26,62,0,4,0.28,0.33,0.37,0.699,0.09,0.333,0.0739,0.1761,0.7472,0.333,92.0,0.8,31.0,2.3829499323410017,0.8239
Unknown_647351,SEA,647351,2021,99,382,342,82,12,0,11,31,56,7,2,0.24,0.314,0.371,0.685,0.132,0.256,0.0812,0.1466,0.7539,0.332,91.4,0.9,25.0,1.805418719211823,0.8533999999999999
Unknown_595943,PIT,595943,2021,83,268,234,54,6,0,5,28,56,5,1,0.231,0.325,0.321,0.645,0.09,0.282,0.1045,0.209,0.6679,0.332,91.4,0.6,29.0,2.0,0.791
Unknown_592200,SF,592200,2021,81,245,212,44,13,1,5,27,70,5,0,0.208,0.311,0.349,0.661,0.142,0.285,0.1102,0.2857,0.5796,0.331,90.7,0.5,33.0,2.592558983666062,0.7142999999999999
Unknown_444489,MIL,444489,2021,80,224,196,38,7,0,13,22,42,5,1,0.194,0.29,0.429,0.719,0.235,0.176,0.0982,0.1875,0.692,0.331,90.7,0.5,34.0,1.909368635437882,0.8125
Unknown_520471,BAL,520471,2021,111,416,377,90,17,1,14,29,79,5,3,0.239,0.3,0.401,0.7,0.162,0.265,0.0697,0.1899,0.7212,0.331,90.7,0.9,32.0,2.7245337159253946,0.8101
Unknown_663757,SD,663757,2021,131,527,462,112,28,3,15,54,119,6,4,0.242,0.327,0.413,0.74,0.171,0.292,0.1025,0.2258,0.6584,0.331,90.7,1.1,25.0,2.202926829268293,0.7742
Unknown_408234,DET,408234,2021,136,543,487,126,16,0,17,41,121,5,10,0.259,0.317,0.396,0.713,0.138,0.304,0.0755,0.2228,0.6924,0.331,90.7,1.2,38.0,2.9509933774834436,0.7772
Unknown_607680,NYM,607680,2021,121,362,340,80,12,3,15,11,86,10,1,0.235,0.279,0.421,0.7,0.185,0.271,0.0304,0.2376,0.7044,0.331,90.7,0.8,32.0,7.815789473684211,0.7624
Unknown_671277,WSH,671277,2021,76,263,252,62,20,2,7,11,45,0,0,0.246,0.278,0.425,0.702,0.179,0.275,0.0418,0.1711,0.7871,0.331,90.7,0.6,21.0,4.0933014354066986,0.8289
Unknown_452678,AZ,452678,2021,118,376,331,78,22,0,8,37,85,3,5,0.236,0.314,0.375,0.688,0.139,0.288,0.0984,0.2261,0.6676,0.331,90.7,0.8,36.0,2.2977642276422765,0.7739
Unknown_656716,LAD,656716,2021,66,190,174,37,9,0,7,12,56,1,2,0.213,0.265,0.385,0.65,0.172,0.265,0.0632,0.2947,0.6316,0.331,90.7,0.4,26.0,4.662974683544304,0.7053
Unknown_596056,PIT,596056,2021,59,158,140,33,7,0,2,14,22,2,2,0.236,0.31,0.329,0.639,0.093,0.263,0.0886,0.1392,0.7595,0.331,90.7,0.3,28.0,1.5711060948081264,0.8608
Unknown_605612,DET,605612,2021,109,359,333,95,14,1,3,16,76,1,5,0.285,0.315,0.36,0.676,0.075,0.355,0.0446,0.2117,0.7298,0.33,90.0,0.7,28.0,4.746636771300448,0.7883
Unknown_595777,SD,595777,2021,146,438,375,84,17,2,4,54,70,6,2,0.224,0.33,0.312,0.642,0.088,0.264,0.1233,0.1598,0.6986,0.33,90.0,0.9,28.0,1.2960259529602594,0.8402000000000001
Unknown_624415,TOR,624415,2021,81,315,270,61,11,1,7,38,87,2,4,0.226,0.322,0.352,0.674,0.126,0.3,0.1206,0.2762,0.5905,0.33,90.0,0.7,26.0,2.2902155887230515,0.7238
Unknown_542303,ATL,542303,2021,56,230,208,46,8,0,8,21,50,1,0,0.221,0.296,0.375,0.671,0.154,0.253,0.0913,0.2174,0.687,0.33,90.0,0.5,31.0,2.3811610076670315,0.7826
Unknown_543768,MIL,543768,2021,91,274,242,49,12,0,10,25,75,4,1,0.202,0.287,0.376,0.663,0.174,0.247,0.0912,0.2737,0.6131,0.329,89.4,0.5,31.0,3.00109649122807,0.7263
Unknown_669242,STL,669242,2021,167,715,664,178,41,3,11,39,100,6,4,0.268,0.313,0.389,0.701,0.12,0.3,0.0545,0.1399,0.7944,0.329,89.4,1.4,26.0,2.56697247706422,0.8601
Unknown_596142,NYY,596142,2021,124,459,401,81,13,1,23,52,132,6,0,0.202,0.303,0.411,0.714,0.209,0.236,0.1133,0.2876,0.5861,0.329,89.4,0.9,29.0,2.5383936451897617,0.7123999999999999
Unknown_641487,SEA,641487,2021,165,703,633,170,37,0,9,60,116,5,4,0.269,0.335,0.37,0.704,0.101,0.314,0.0853,0.165,0.7411,0.329,89.4,1.4,26.0,1.9343493552168816,0.835
Unknown_572122,SEA,572122,2021,166,692,623,134,31,1,35,61,166,4,4,0.215,0.288,0.437,0.724,0.222,0.232,0.0882,0.2399,0.6662,0.329,89.4,1.4,34.0,2.7199546485260773,0.7601
Unknown_458731,NYY,458731,2021,137,477,403,90,18,4,10,60,104,3,6,0.223,0.324,0.362,0.686,0.139,0.271,0.1258,0.218,0.6394,0.328,88.7,0.9,38.0,1.7329093799682036,0.782
Unknown_593160,KC,593160,2021,169,740,683,190,43,3,10,40,107,4,13,0.278,0.316,0.394,0.71,0.116,0.311,0.0541,0.1446,0.7959,0.328,88.7,1.4,32.0,2.6728280961182995,0.8553999999999999
Unknown_656252,CLE,656252,2021,78,289,255,53,10,0,16,25,101,6,3,0.208,0.291,0.435,0.726,0.227,0.262,0.0865,0.3495,0.5433,0.328,88.7,0.5,25.0,4.040462427745664,0.6505000000000001
Unknown_519048,ATH,519048,2021,86,270,245,55,12,1,10,20,60,2,3,0.224,0.285,0.404,0.689,0.18,0.253,0.0741,0.2222,0.6963,0.328,88.7,0.5,36.0,2.998650472334683,0.7778
Unknown_519299,CHC,519299,2021,84,200,186,50,7,1,2,12,32,0,2,0.269,0.31,0.349,0.659,0.081,0.312,0.06,0.16,0.78,0.328,88.7,0.4,35.0,2.666666666666667,0.84
Unknown_467793,KC,467793,2021,165,680,578,125,15,0,21,92,107,5,5,0.216,0.326,0.351,0.678,0.135,0.229,0.1353,0.1574,0.7,0.327,88.0,1.2,35.0,1.163340724316334,0.8426
Unknown_643446,NYM,643446,2021,126,448,405,100,21,1,7,30,60,12,1,0.247,0.317,0.356,0.673,0.109,0.274,0.067,0.1339,0.7723,0.327,88.0,0.8,29.0,1.9985074626865669,0.8661
Unknown_542932,MIA,542932,2021,92,284,242,54,10,2,4,34,63,3,4,0.223,0.322,0.331,0.652,0.107,0.279,0.1197,0.2218,0.6444,0.327,88.0,0.5,31.0,1.8529657477025898,0.7782
Unknown_666211,SEA,666211,2021,56,196,172,30,8,0,10,19,80,3,0,0.174,0.268,0.395,0.663,0.221,0.244,0.0969,0.4082,0.4694,0.327,88.0,0.4,24.0,4.212590299277606,0.5918
Unknown_656811,KC,656811,2021,92,273,254,58,6,2,11,13,77,3,3,0.228,0.271,0.398,0.669,0.169,0.278,0.0476,0.2821,0.6593,0.326,87.4,0.5,28.0,5.926470588235294,0.7179
Unknown_594838,LAA,594838,2021,109,382,354,94,15,0,9,24,82,3,1,0.266,0.317,0.384,0.701,0.119,0.322,0.0628,0.2147,0.7147,0.326,87.4,0.7,33.0,3.418789808917198,0.7853
Unknown_643396,TEX,643396,2021,164,698,655,179,26,3,8,29,93,11,2,0.273,0.314,0.359,0.673,0.085,0.308,0.0415,0.1332,0.808,0.326,87.4,1.2,26.0,3.2096385542168675,0.8668
Unknown_605548,CLE,605548,2021,101,361,307,70,10,1,8,32,124,17,5,0.228,0.33,0.345,0.675,0.117,0.344,0.0886,0.3435,0.5208,0.326,87.4,0.6,29.0,3.876975169300226,0.6565
Unknown_578428,LAA,578428,2021,141,536,506,135,27,2,10,22,77,7,1,0.267,0.306,0.387,0.693,0.121,0.298,0.041,0.1437,0.8022,0.326,87.4,0.9,31.0,3.5048780487804874,0.8563000000000001
Unknown_543592,SD,543592,2021,53,194,173,47,12,0,2,14,19,5,2,0.272,0.34,0.376,0.716,0.104,0.292,0.0722,0.0979,0.8041,0.326,87.4,0.3,32.0,1.3559556786703602,0.9021
Unknown_571740,CWS,571740,2021,69,159,145,31,8,3,2,10,51,0,1,0.214,0.263,0.352,0.615,0.138,0.312,0.0629,0.3208,0.5975,0.325,86.7,0.3,31.0,5.100158982511924,0.6792
Unknown_596146,MIN,596146,2021,128,511,446,91,21,4,19,54,103,6,5,0.204,0.295,0.397,0.692,0.193,0.219,0.1057,0.2016,0.681,0.325,86.7,0.8,28.0,1.9072847682119205,0.7984
Unknown_670351,LAA,670351,2021,67,203,187,38,15,1,6,15,55,1,0,0.203,0.266,0.39,0.656,0.187,0.254,0.0739,0.2709,0.6502,0.325,86.7,0.3,28.0,3.665764546684709,0.7291000000000001
Unknown_658069,COL,658069,2021,99,309,296,72,15,2,8,12,73,0,1,0.243,0.272,0.389,0.66,0.145,0.296,0.0388,0.2362,0.7249,0.325,86.7,0.5,28.0,6.087628865979381,0.7638
Unknown_553993,CIN,553993,2021,152,596,524,103,25,0,32,59,183,8,5,0.197,0.285,0.427,0.713,0.231,0.226,0.099,0.307,0.5805,0.324,86.0,0.9,30.0,3.1010101010101008,0.6930000000000001
Unknown_545341,TOR,545341,2021,150,566,530,128,26,1,22,27,121,4,5,0.242,0.281,0.419,0.7,0.177,0.27,0.0477,0.2138,0.7314,0.324,86.0,0.9,30.0,4.482180293501048,0.7862
Unknown_623993,BAL,623993,2021,113,448,413,100,24,0,18,26,103,4,4,0.242,0.291,0.431,0.722,0.189,0.277,0.058,0.2299,0.7009,0.324,86.0,0.7,27.0,3.9637931034482756,0.7701
Unknown_624513,COL,624513,2021,86,280,243,46,15,3,10,36,97,0,1,0.189,0.293,0.399,0.692,0.21,0.263,0.1286,0.3464,0.525,0.323,85.4,0.4,26.0,2.6936236391912907,0.6536
Unknown_641531,KC,641531,2021,151,565,507,112,29,6,19,45,158,7,6,0.221,0.29,0.414,0.704,0.193,0.277,0.0796,0.2796,0.6283,0.323,85.4,0.8,30.0,3.512562814070352,0.7203999999999999
Unknown_640458,CLE,640458,2021,70,238,214,48,11,1,6,21,42,2,0,0.224,0.3,0.369,0.669,0.145,0.253,0.0882,0.1765,0.7227,0.323,85.4,0.4,27.0,2.0011337868480723,0.8235
Unknown_664057,WSH,664057,2021,107,229,205,48,7,0,5,15,63,6,1,0.234,0.304,0.341,0.645,0.107,0.312,0.0655,0.2751,0.6245,0.323,85.4,0.3,27.0,4.2,0.7249
Unknown_621433,TB,621433,2021,92,292,253,52,9,4,13,33,113,2,2,0.206,0.3,0.427,0.727,0.221,0.302,0.113,0.387,0.4863,0.323,85.4,0.4,27.0,3.424778761061947,0.613
Unknown_663616,MIN,663616,2021,86,309,268,61,12,0,9,31,105,8,2,0.228,0.324,0.373,0.697,0.146,0.333,0.1003,0.3398,0.534,0.323,85.4,0.5,24.0,3.387836490528415,0.6602
Unknown_571466,CIN,571466,2021,122,408,364,88,21,0,7,32,102,9,3,0.242,0.316,0.357,0.673,0.115,0.314,0.0784,0.25,0.6495,0.322,84.7,0.6,30.0,3.188775510204082,0.75
Unknown_518586,TEX,518586,2021,92,285,258,61,15,2,5,20,69,2,1,0.236,0.295,0.368,0.664,0.132,0.303,0.0702,0.2421,0.6667,0.322,84.7,0.4,32.0,3.448717948717949,0.7579
Unknown_621466,BAL,621466,2021,98,318,270,55,10,0,12,44,89,4,0,0.204,0.324,0.374,0.698,0.17,0.254,0.1384,0.2799,0.5692,0.322,84.7,0.4,28.0,2.022398843930636,0.7201
Unknown_641658,COL,641658,2021,148,521,474,111,21,6,12,37,124,3,3,0.234,0.292,0.38,0.672,0.146,0.29,0.071,0.238,0.6775,0.321,84.0,0.7,27.0,3.352112676056338,0.762
Unknown_669374,MIL,669374,2021,65,216,190,37,10,1,7,16,81,7,1,0.195,0.28,0.368,0.649,0.174,0.291,0.0741,0.375,0.5093,0.321,84.0,0.3,25.0,5.060728744939271,0.625
Unknown_643289,SF,643289,2021,72,203,190,46,10,0,5,10,47,1,2,0.242,0.281,0.374,0.654,0.132,0.293,0.0493,0.2315,0.7143,0.321,84.0,0.3,27.0,4.695740365111562,0.7685
Unknown_680777,MIN,680777,2021,88,307,281,57,10,1,15,22,111,4,0,0.203,0.27,0.406,0.676,0.203,0.271,0.0717,0.3616,0.5537,0.32,83.4,0.4,24.0,5.04323570432357,0.6384000000000001
Unknown_664761,PHI,664761,2021,121,436,396,99,16,0,7,34,116,2,4,0.25,0.31,0.343,0.653,0.093,0.332,0.078,0.2661,0.6514,0.318,82.0,0.5,25.0,3.4115384615384614,0.7339
Unknown_680911,CLE,680911,2021,67,220,208,47,10,0,5,10,56,1,1,0.226,0.264,0.346,0.61,0.12,0.284,0.0455,0.2545,0.6955,0.318,82.0,0.2,25.0,5.593406593406594,0.7455
Unknown_656537,DET,656537,2021,49,157,146,37,3,3,3,10,46,1,0,0.253,0.306,0.377,0.682,0.123,0.351,0.0637,0.293,0.6369,0.318,82.0,0.2,26.0,4.599686028257456,0.7070000000000001
Unknown_595909,MIN,595909,2021,71,200,180,36,6,2,3,16,66,3,0,0.2,0.276,0.306,0.582,0.106,0.297,0.08,0.33,0.57,0.317,81.4,0.2,29.0,4.125,0.6699999999999999
Unknown_621446,MIA,621446,2021,89,303,285,67,16,1,9,15,75,1,1,0.235,0.275,0.393,0.668,0.158,0.287,0.0495,0.2475,0.6964,0.317,81.4,0.3,27.0,5.0,0.7525
Unknown_664901,CWS,664901,2021,71,201,174,40,5,0,3,20,42,4,2,0.23,0.32,0.31,0.63,0.08,0.282,0.0995,0.209,0.6667,0.317,81.4,0.2,28.0,2.100502512562814,0.791
Unknown_467092,DET,467092,2021,49,180,169,35,6,0,8,10,38,0,1,0.207,0.25,0.385,0.635,0.178,0.218,0.0556,0.2111,0.7222,0.317,81.4,0.2,34.0,3.796762589928058,0.7888999999999999
Unknown_594809,CWS,594809,2021,85,308,273,59,13,2,6,22,76,8,1,0.216,0.293,0.344,0.637,0.128,0.276,0.0714,0.2468,0.6429,0.317,81.4,0.3,33.0,3.456582633053221,0.7532
Unknown_628338,ATL,628338,2021,110,356,311,68,26,0,5,33,82,11,1,0.219,0.315,0.35,0.665,0.132,0.28,0.0927,0.2303,0.6461,0.316,80.7,0.3,30.0,2.4843581445523193,0.7697
Unknown_594777,AZ,594777,2021,51,182,166,39,8,0,5,15,41,0,1,0.235,0.297,0.373,0.67,0.139,0.281,0.0824,0.2253,0.6923,0.316,80.7,0.2,34.0,2.7342233009708736,0.7746999999999999
Unknown_572191,KC,572191,2021,147,551,502,123,16,2,12,36,151,5,6,0.245,0.299,0.357,0.655,0.112,0.322,0.0653,0.274,0.6479,0.316,80.7,0.5,30.0,4.196018376722818,0.726
Unknown_518792,CHC,518792,2021,106,368,337,74,17,3,8,28,69,3,0,0.22,0.285,0.359,0.644,0.139,0.254,0.0761,0.1875,0.7283,0.316,80.7,0.3,32.0,2.463863337713535,0.8125
Unknown_642086,NYM,642086,2021,152,514,466,114,21,1,13,33,117,9,6,0.245,0.304,0.378,0.681,0.133,0.295,0.0642,0.2276,0.6907,0.315,80.0,0.4,26.0,3.545171339563863,0.7724
Unknown_592348,DET,592348,2021,98,347,311,66,12,2,10,30,115,4,2,0.212,0.288,0.36,0.648,0.148,0.298,0.0865,0.3314,0.5706,0.315,80.0,0.3,29.0,3.83121387283237,0.6686000000000001
Unknown_667670,MIN,667670,2021,66,231,207,39,10,0,9,15,82,9,0,0.188,0.273,0.367,0.64,0.179,0.259,0.0649,0.355,0.5411,0.315,80.0,0.2,27.0,5.469953775038521,0.645
Unknown_669016,LAA,669016,2021,68,263,237,61,12,3,2,21,91,3,1,0.257,0.324,0.359,0.683,0.101,0.407,0.0798,0.346,0.5589,0.315,80.0,0.2,24.0,4.335839598997493,0.654
Unknown_645302,WSH,645302,2021,112,394,337,70,24,1,2,34,92,17,2,0.208,0.31,0.303,0.613,0.095,0.278,0.0863,0.2335,0.6269,0.315,80.0,0.3,24.0,2.7056778679026654,0.7665
Unknown_657557,STL,657557,2021,120,423,374,74,10,1,19,38,109,9,2,0.198,0.286,0.382,0.668,0.184,0.222,0.0898,0.2577,0.6312,0.314,79.4,0.3,28.0,2.869710467706013,0.7423
Unknown_642165,AZ,642165,2021,120,332,294,62,18,2,6,34,91,1,3,0.211,0.292,0.347,0.639,0.136,0.28,0.1024,0.2741,0.6205,0.314,79.4,0.2,26.0,2.6767578125,0.7259
Unknown_608577,DET,608577,2021,58,205,188,39,6,2,4,16,51,0,1,0.207,0.268,0.324,0.593,0.117,0.261,0.078,0.2488,0.6732,0.314,79.4,0.1,26.0,3.1897435897435895,0.7512
Unknown_425877,STL,425877,2021,129,499,466,116,20,0,11,24,83,5,4,0.249,0.291,0.363,0.653,0.114,0.279,0.0481,0.1663,0.7735,0.313,78.7,0.3,39.0,3.4573804573804576,0.8337
Unknown_608686,LAA,608686,2021,86,295,271,60,16,0,10,17,70,3,1,0.221,0.274,0.391,0.665,0.17,0.26,0.0576,0.2373,0.6847,0.313,78.7,0.2,31.0,4.119791666666667,0.7626999999999999
Unknown_608596,SEA,608596,2021,101,341,294,58,8,0,11,41,108,3,3,0.197,0.299,0.337,0.636,0.139,0.264,0.1202,0.3167,0.5455,0.313,78.7,0.2,30.0,2.63477537437604,0.6833
Unknown_519390,AZ,519390,2021,84,255,223,44,6,1,8,27,60,2,2,0.197,0.287,0.341,0.628,0.143,0.229,0.1059,0.2353,0.6471,0.313,78.7,0.2,37.0,2.2219074598678,0.7646999999999999
Unknown_640449,NYY,640449,2021,73,242,205,37,10,0,5,34,73,3,0,0.18,0.306,0.302,0.608,0.122,0.252,0.1405,0.3017,0.5455,0.313,78.7,0.2,27.0,2.1473309608540925,0.6982999999999999
Unknown_518595,ATL,518595,2021,70,260,235,52,14,0,7,22,60,2,1,0.221,0.292,0.37,0.663,0.149,0.266,0.0846,0.2308,0.6769,0.312,78.0,0.1,32.0,2.728132387706856,0.7692
Unknown_665926,CLE,665926,2021,70,232,209,44,10,0,5,11,59,8,3,0.211,0.273,0.33,0.603,0.12,0.264,0.0474,0.2543,0.6595,0.312,78.0,0.1,23.0,5.364978902953587,0.7457
Unknown_641829,TEX,641829,2021,61,174,159,33,4,0,6,12,49,0,1,0.208,0.262,0.346,0.608,0.138,0.257,0.069,0.2816,0.6379,0.312,78.0,0.1,26.0,4.081159420289855,0.7183999999999999
Unknown_596059,NYY,596059,2021,105,378,338,67,12,0,16,28,105,11,0,0.198,0.281,0.376,0.657,0.178,0.235,0.0741,0.2778,0.6164,0.31,76.7,0.1,27.0,3.748987854251012,0.7222
Unknown_591720,PHI,591720,2021,118,364,338,83,10,1,7,19,45,1,1,0.246,0.287,0.343,0.63,0.098,0.265,0.0522,0.1236,0.8077,0.31,76.7,0.1,29.0,2.367816091954023,0.8764
Unknown_623520,CHC,623520,2021,104,345,309,64,10,2,10,27,78,5,3,0.207,0.279,0.35,0.629,0.142,0.241,0.0783,0.2261,0.6783,0.31,76.7,0.1,28.0,2.8876117496807154,0.7739
Unknown_673490,SD,673490,2021,122,322,286,58,12,2,8,27,77,4,3,0.203,0.278,0.343,0.621,0.14,0.245,0.0839,0.2391,0.6584,0.309,76.0,0.1,26.0,2.8498212157330154,0.7609
Unknown_501571,LAA,501571,2021,104,342,322,77,20,2,8,13,79,2,1,0.239,0.272,0.388,0.66,0.149,0.292,0.038,0.231,0.7135,0.309,76.0,0.1,32.0,6.078947368421053,0.769
Unknown_641432,TEX,641432,2021,74,284,260,65,10,3,6,21,34,2,1,0.25,0.31,0.381,0.691,0.131,0.267,0.0739,0.1197,0.7993,0.309,76.0,0.1,27.0,1.6197564276048717,0.8803
Unknown_643565,SF,643565,2021,71,203,173,32,5,0,5,28,60,1,0,0.185,0.302,0.301,0.603,0.116,0.25,0.1379,0.2956,0.5567,0.309,76.0,0.1,31.0,2.143582306018854,0.7044
Unknown_543877,BOS,543877,2021,141,528,485,124,23,1,7,35,89,2,4,0.256,0.306,0.351,0.657,0.095,0.298,0.0663,0.1686,0.7576,0.308,75.4,0.1,31.0,2.542986425339367,0.8314
Unknown_605170,SD,605170,2021,113,369,325,73,10,0,7,36,84,4,4,0.225,0.306,0.32,0.626,0.095,0.277,0.0976,0.2276,0.664,0.308,75.4,0.1,28.0,2.331967213114754,0.7724
Unknown_664789,PIT,664789,2021,55,157,127,19,3,2,2,21,42,6,3,0.15,0.293,0.252,0.545,0.102,0.198,0.1338,0.2675,0.5605,0.308,75.4,0.0,27.0,1.9992526158445443,0.7324999999999999
Unknown_543510,NYM,543510,2021,126,427,390,91,12,1,10,32,117,2,3,0.233,0.293,0.346,0.639,0.113,0.305,0.0749,0.274,0.6464,0.307,74.7,0.1,31.0,3.6582109479305744,0.726
Unknown_624512,TOR,624512,2021,74,225,204,50,15,0,1,17,46,2,1,0.245,0.308,0.333,0.641,0.088,0.31,0.0756,0.2044,0.7067,0.306,74.0,0.0,26.0,2.7037037037037037,0.7956
Unknown_519058,CIN,519058,2021,68,223,198,40,12,0,6,19,47,3,3,0.202,0.278,0.354,0.632,0.152,0.23,0.0852,0.2108,0.6906,0.306,74.0,0.0,33.0,2.4741784037558685,0.7892
Unknown_608701,MIN,608701,2021,51,164,146,35,7,0,2,17,43,0,1,0.24,0.317,0.329,0.646,0.089,0.324,0.1037,0.2622,0.6341,0.306,74.0,0.0,30.0,2.528447444551591,0.7378
Unknown_595751,MIA,595751,2021,97,326,309,75,15,1,4,12,107,5,0,0.243,0.282,0.337,0.619,0.094,0.359,0.0368,0.3282,0.6196,0.306,74.0,0.0,28.0,8.918478260869565,0.6718
Unknown_605131,LAD,605131,2021,83,238,210,43,8,0,6,23,60,4,0,0.205,0.295,0.329,0.624,0.124,0.257,0.0966,0.2521,0.6303,0.305,73.4,-0.0,32.0,2.6097308488612834,0.7479
Unknown_664058,LAA,664058,2021,165,687,647,170,28,3,2,31,66,1,1,0.263,0.297,0.325,0.622,0.062,0.29,0.0451,0.0961,0.8472,0.305,73.4,-0.0,27.0,2.130820399113082,0.9039
Unknown_544369,PHI,544369,2021,110,430,388,82,16,2,15,25,69,10,7,0.211,0.272,0.379,0.651,0.168,0.215,0.0581,0.1605,0.7581,0.304,72.7,-0.1,31.0,2.762478485370052,0.8395
Unknown_435559,LAA,435559,2021,74,258,228,51,8,0,6,13,45,12,3,0.224,0.297,0.338,0.635,0.114,0.25,0.0504,0.1744,0.7209,0.304,72.7,-0.0,38.0,3.4603174603174605,0.8256
Unknown_462101,ATH,462101,2021,149,561,515,126,26,3,3,33,86,6,4,0.245,0.296,0.324,0.62,0.08,0.286,0.0588,0.1533,0.7718,0.304,72.7,-0.1,33.0,2.607142857142857,0.8467
Unknown_641343,SEA,641343,2021,119,337,300,64,8,0,5,33,86,4,0,0.213,0.3,0.29,0.59,0.077,0.282,0.0979,0.2552,0.632,0.303,72.0,-0.1,26.0,2.6067415730337076,0.7448
Unknown_609280,NYY,609280,2021,44,162,154,39,2,0,6,7,28,0,1,0.253,0.284,0.383,0.667,0.13,0.273,0.0432,0.1728,0.784,0.303,72.0,-0.0,26.0,4.0,0.8271999999999999
Unknown_641796,AZ,641796,2021,62,180,160,30,8,0,2,7,38,12,1,0.188,0.272,0.275,0.547,0.088,0.231,0.0389,0.2111,0.6833,0.302,71.4,-0.1,29.0,5.426735218508998,0.7888999999999999
Unknown_656847,TEX,656847,2021,75,254,236,47,10,1,13,13,89,2,3,0.199,0.244,0.415,0.659,0.216,0.248,0.0512,0.3504,0.5906,0.3,70.0,-0.1,26.0,6.843749999999999,0.6496
Unknown_666198,WSH,666198,2021,67,265,231,46,7,0,6,27,69,5,2,0.199,0.294,0.307,0.602,0.108,0.253,0.1019,0.2604,0.6189,0.3,70.0,-0.1,24.0,2.5554465161923456,0.7396
Unknown_660829,PIT,660829,2021,48,153,131,25,5,2,3,19,40,1,1,0.191,0.296,0.328,0.624,0.137,0.247,0.1242,0.2614,0.5948,0.3,70.0,-0.1,25.0,2.104669887278583,0.7385999999999999
Unknown_641856,NYM,641856,2021,122,316,280,56,12,3,9,32,83,1,2,0.2,0.283,0.361,0.643,0.161,0.247,0.1013,0.2627,0.6297,0.299,69.4,-0.2,27.0,2.5932872655478776,0.7373000000000001
Unknown_663630,BAL,663630,2021,70,207,178,34,6,1,2,25,76,2,0,0.191,0.298,0.27,0.567,0.079,0.32,0.1208,0.3671,0.4928,0.299,69.4,-0.1,24.0,3.0389072847682117,0.6329
Unknown_614173,BOS,614173,2021,53,154,144,29,6,1,2,9,58,0,0,0.201,0.248,0.299,0.547,0.097,0.321,0.0584,0.3766,0.5584,0.299,69.4,-0.1,27.0,6.448630136986301,0.6234
Unknown_624503,MIN,624503,2021,66,216,200,48,9,1,4,12,55,3,1,0.24,0.292,0.355,0.647,0.115,0.31,0.0556,0.2546,0.6759,0.298,68.7,-0.1,26.0,4.579136690647482,0.7454000000000001
Unknown_605113,AZ,605113,2021,131,485,444,97,30,3,6,36,105,2,1,0.218,0.28,0.34,0.62,0.122,0.272,0.0742,0.2165,0.701,0.298,68.7,-0.3,31.0,2.917789757412399,0.7835
Unknown_502210,AZ,502210,2021,54,158,151,39,11,0,2,6,31,0,1,0.258,0.285,0.371,0.656,0.113,0.311,0.038,0.1962,0.7658,0.298,68.7,-0.1,34.0,5.163157894736843,0.8038
Unknown_621311,TEX,621311,2021,68,236,220,50,12,0,5,11,66,1,3,0.227,0.264,0.35,0.614,0.123,0.296,0.0466,0.2797,0.6653,0.297,68.0,-0.2,27.0,6.002145922746781,0.7202999999999999
Unknown_650489,DET,650489,2021,128,468,430,96,15,7,9,23,110,9,3,0.223,0.275,0.353,0.629,0.13,0.277,0.0491,0.235,0.6902,0.296,67.4,-0.4,24.0,4.786150712830957,0.765
Unknown_543309,NYY,543309,2021,70,227,208,37,10,0,10,18,64,0,1,0.178,0.242,0.37,0.612,0.192,0.2,0.0793,0.2819,0.6388,0.294,66.0,-0.2,31.0,3.5548549810844894,0.7181
Unknown_503556,BOS,503556,2021,98,333,301,62,15,0,6,21,83,9,1,0.206,0.277,0.316,0.593,0.11,0.263,0.0631,0.2492,0.6577,0.294,66.0,-0.3,32.0,3.9492868462757524,0.7508
Unknown_642727,CHC,642727,2021,84,255,220,45,6,3,5,30,74,2,2,0.205,0.303,0.327,0.63,0.123,0.28,0.1176,0.2902,0.5804,0.294,66.0,-0.3,25.0,2.467687074829932,0.7098
Unknown_624431,TEX,624431,2021,90,321,303,72,16,0,5,13,65,0,3,0.238,0.266,0.34,0.606,0.102,0.284,0.0405,0.2025,0.7508,0.294,66.0,-0.3,29.0,5.0,0.7975
Unknown_570256,PIT,570256,2021,114,404,356,72,13,2,11,38,110,2,8,0.202,0.277,0.343,0.62,0.14,0.251,0.0941,0.2723,0.6287,0.294,66.0,-0.4,30.0,2.8937300743889476,0.7277
Unknown_596748,BAL,596748,2021,109,424,396,82,23,0,12,22,73,3,3,0.207,0.252,0.356,0.608,0.149,0.223,0.0519,0.1722,0.7689,0.293,65.3,-0.5,29.0,3.3179190751445082,0.8278
Unknown_621028,PIT,621028,2021,155,575,536,128,27,3,5,28,41,1,4,0.239,0.276,0.328,0.604,0.09,0.249,0.0487,0.0713,0.8678,0.292,64.7,-0.7,28.0,1.4640657084188913,0.9287
Unknown_571788,TEX,571788,2021,80,274,246,52,14,1,2,26,53,1,1,0.211,0.288,0.301,0.589,0.089,0.26,0.0949,0.1934,0.708,0.292,64.7,-0.3,33.0,2.0379346680716544,0.8066
Unknown_656577,MIA,656577,2021,57,167,146,23,6,0,5,14,77,7,0,0.158,0.263,0.301,0.565,0.144,0.281,0.0838,0.4611,0.4132,0.291,64.0,-0.2,26.0,5.502386634844869,0.5388999999999999
Unknown_670764,TB,670764,2021,49,176,152,32,10,0,1,23,49,0,0,0.211,0.314,0.296,0.61,0.086,0.304,0.1307,0.2784,0.5852,0.291,64.0,-0.2,25.0,2.1300688599846973,0.7216
Unknown_570481,PIT,570481,2021,78,248,237,56,8,1,3,10,41,0,1,0.236,0.266,0.316,0.583,0.08,0.273,0.0403,0.1653,0.7944,0.291,64.0,-0.3,30.0,4.101736972704715,0.8347
Unknown_606299,NYM,606299,2021,67,162,150,29,7,0,6,9,27,3,0,0.193,0.253,0.36,0.613,0.167,0.197,0.0556,0.1667,0.7593,0.289,62.7,-0.2,27.0,2.9982014388489207,0.8333
Unknown_672284,SEA,672284,2021,96,388,345,63,14,1,15,38,106,4,1,0.183,0.271,0.359,0.63,0.177,0.213,0.0979,0.2732,0.6186,0.288,62.0,-0.6,22.0,2.790602655771195,0.7268
Unknown_664238,SEA,664238,2021,125,400,352,63,13,2,12,43,119,4,1,0.179,0.275,0.33,0.605,0.151,0.23,0.1075,0.2975,0.585,0.288,62.0,-0.6,29.0,2.7674418604651163,0.7025
Unknown_642721,BAL,642721,2021,81,295,272,63,8,3,3,19,76,4,0,0.232,0.292,0.316,0.608,0.085,0.311,0.0644,0.2576,0.6644,0.288,62.0,-0.4,27.0,4.0,0.7424
Unknown_572761,STL,572761,2021,133,263,220,36,11,1,3,36,80,6,1,0.164,0.297,0.264,0.56,0.1,0.239,0.1369,0.3042,0.5361,0.287,61.3,-0.4,36.0,2.2220598977355737,0.6958
Unknown_621512,NYM,621512,2021,56,171,162,35,5,1,3,6,49,3,0,0.216,0.257,0.315,0.572,0.099,0.291,0.0351,0.2865,0.6608,0.287,61.3,-0.3,27.0,8.162393162393162,0.7135
Unknown_641680,TEX,641680,2021,82,299,277,55,15,0,10,16,59,2,3,0.199,0.245,0.361,0.606,0.162,0.213,0.0535,0.1973,0.7391,0.284,59.3,-0.5,26.0,3.68785046728972,0.8027
Unknown_502481,KC,502481,2021,71,158,144,30,8,3,0,10,35,0,1,0.208,0.258,0.306,0.564,0.097,0.273,0.0633,0.2215,0.6962,0.283,58.7,-0.3,37.0,3.4992101105845186,0.7785
Unknown_547379,CLE,547379,2021,50,174,151,22,4,0,7,20,60,1,0,0.146,0.25,0.311,0.561,0.166,0.179,0.1149,0.3448,0.523,0.282,58.0,-0.3,33.0,3.000870322019147,0.6552
Unknown_642201,TEX,642201,2021,66,239,214,38,6,2,6,19,73,5,1,0.178,0.259,0.308,0.568,0.131,0.235,0.0795,0.3054,0.5941,0.282,58.0,-0.5,27.0,3.841509433962264,0.6946
Unknown_660634,TEX,660634,2021,47,176,152,31,5,0,0,18,38,4,1,0.204,0.303,0.237,0.54,0.033,0.27,0.1023,0.2159,0.6534,0.28,56.7,-0.4,23.0,2.110459433040078,0.7841
Unknown_547004,BAL,547004,2021,65,162,146,25,5,0,4,12,46,1,2,0.171,0.236,0.288,0.524,0.116,0.214,0.0741,0.284,0.6296,0.278,55.3,-0.4,27.0,3.8326585695006745,0.716
Unknown_656371,MIA,656371,2021,96,293,253,46,9,0,4,35,79,1,3,0.182,0.281,0.265,0.546,0.083,0.243,0.1195,0.2696,0.6041,0.278,55.3,-0.7,25.0,2.256066945606695,0.7303999999999999
Unknown_650859,LAA,650859,2021,59,201,182,35,1,0,6,11,40,3,2,0.192,0.247,0.297,0.544,0.104,0.21,0.0547,0.199,0.7164,0.276,54.0,-0.5,24.0,3.6380255941499087,0.8009999999999999
Unknown_605412,MIA,605412,2021,100,269,247,52,10,0,3,18,34,2,1,0.211,0.269,0.287,0.556,0.077,0.232,0.0669,0.1264,0.7955,0.275,53.3,-0.7,31.0,1.8893871449925264,0.8735999999999999
Unknown_455117,HOU,455117,2021,129,457,397,67,10,1,12,51,135,7,1,0.169,0.274,0.29,0.564,0.121,0.219,0.1116,0.2954,0.5755,0.274,52.7,-1.2,35.0,2.646953405017921,0.7046
Unknown_592743,MIN,592743,2021,137,470,430,95,12,0,4,33,64,3,1,0.221,0.281,0.277,0.557,0.056,0.251,0.0702,0.1362,0.7809,0.272,51.3,-1.3,32.0,1.94017094017094,0.8638
Unknown_641355,LAD,641355,2021,106,393,353,60,11,2,12,36,112,1,3,0.17,0.247,0.314,0.561,0.144,0.207,0.0916,0.285,0.6209,0.27,50.0,-1.2,26.0,3.1113537117903927,0.7150000000000001
Unknown_642162,BAL,642162,2021,94,300,275,56,10,0,6,19,81,2,3,0.204,0.258,0.305,0.563,0.102,0.262,0.0633,0.27,0.6567,0.269,49.3,-0.9,29.0,4.265402843601897,0.73
Unknown_673451,CIN,673451,2021,79,183,163,33,8,0,0,14,40,4,1,0.202,0.28,0.252,0.532,0.049,0.266,0.0765,0.2186,0.6721,0.269,49.3,-0.6,33.0,2.857516339869281,0.7814
Unknown_642423,MIA,642423,2021,108,240,222,48,6,1,0,17,55,0,0,0.216,0.272,0.252,0.524,0.036,0.287,0.0708,0.2292,0.6958,0.268,48.7,-0.8,25.0,3.23728813559322,0.7708
Unknown_670097,DET,670097,2021,65,200,168,24,6,0,6,25,63,1,6,0.143,0.25,0.286,0.536,0.143,0.171,0.125,0.315,0.555,0.267,48.0,-0.7,26.0,2.52,0.685
Unknown_663728,SEA,663728,2021,48,155,146,27,14,0,2,7,55,1,1,0.185,0.226,0.322,0.548,0.137,0.278,0.0452,0.3548,0.5935,0.262,44.7,-0.6,25.0,7.849557522123894,0.6452
Unknown_605421,PIT,605421,2021,73,241,219,33,9,1,7,20,70,2,0,0.151,0.228,0.297,0.525,0.146,0.183,0.083,0.2905,0.6183,0.257,41.3,-1.0,29.0,3.4999999999999996,0.7095
Unknown_668800,STL,668800,2021,64,192,168,29,7,0,1,20,39,4,0,0.173,0.276,0.232,0.508,0.06,0.219,0.1042,0.2031,0.6719,0.255,40.0,-0.8,26.0,1.9491362763915547,0.7968999999999999
Unknown_598265,MIL,598265,2021,134,445,401,67,15,3,6,31,135,10,3,0.167,0.243,0.264,0.507,0.097,0.232,0.0697,0.3034,0.6045,0.251,37.3,-2.1,31.0,4.352941176470589,0.6966
Unknown_665750,TEX,665750,2021,55,204,190,32,7,2,3,12,66,1,0,0.168,0.222,0.274,0.495,0.105,0.24,0.0588,0.3235,0.6078,0.251,37.3,-0.9,23.0,5.501700680272109,0.6765
Unknown_506702,MIA,506702,2021,85,226,207,39,6,0,4,13,67,3,2,0.188,0.244,0.275,0.52,0.087,0.254,0.0575,0.2965,0.6283,0.246,34.0,-1.1,32.0,5.156521739130434,0.7035
Unknown_595978,CLE,595978,2021,93,325,298,51,7,0,10,15,94,2,3,0.171,0.214,0.295,0.509,0.124,0.208,0.0462,0.2892,0.6369,0.246,34.0,-1.6,29.0,6.25974025974026,0.7108
Unknown_595284,PHI,595284,2021,62,176,162,24,3,0,2,10,67,2,1,0.148,0.206,0.204,0.409,0.056,0.234,0.0568,0.3807,0.5455,0.217,14.6,-1.3,30.0,6.702464788732394,0.6193
Unknown_572761,NYY,572761,2022,57,176,147,43,10,0,15,20,40,5,3,0.293,0.389,0.667,1.055,0.374,0.295,0.1136,0.2273,0.625,0.507,208.8,3.0,37.0,2.0008802816901405,0.7726999999999999
Unknown_592450,NYY,592450,2022,171,745,618,191,31,0,67,115,190,7,5,0.309,0.42,0.684,1.105,0.375,0.339,0.1544,0.255,0.5758,0.495,200.8,12.0,30.0,1.6515544041450776,0.745
Unknown_658668,KC,658668,2022,62,212,195,63,13,1,7,12,39,3,2,0.323,0.368,0.508,0.876,0.185,0.371,0.0566,0.184,0.7453,0.474,186.8,3.0,26.0,3.2508833922261484,0.8160000000000001
Unknown_663886,CIN,663886,2022,57,218,194,64,12,0,6,17,50,5,2,0.33,0.394,0.485,0.879,0.155,0.414,0.078,0.2294,0.6697,0.468,182.8,3.0,26.0,2.941025641025641,0.7706
Unknown_502671,STL,502671,2022,162,683,590,189,42,0,39,82,147,6,5,0.32,0.406,0.59,0.995,0.269,0.367,0.1201,0.2152,0.653,0.455,174.1,8.7,35.0,1.7918401332223148,0.7847999999999999
Unknown_547180,PHI,547180,2022,117,486,426,130,33,1,29,49,105,3,7,0.305,0.375,0.592,0.967,0.286,0.338,0.1008,0.216,0.6749,0.453,172.8,6.1,30.0,2.142857142857143,0.784
Unknown_670541,HOU,670541,2022,145,601,505,152,30,2,41,82,114,7,7,0.301,0.401,0.612,1.013,0.311,0.311,0.1364,0.1897,0.6622,0.448,169.4,7.3,25.0,1.3907624633431086,0.8103
Unknown_545361,LAA,545361,2022,126,521,454,126,28,2,40,59,144,6,2,0.278,0.367,0.612,0.979,0.335,0.316,0.1132,0.2764,0.5988,0.442,165.4,6.1,31.0,2.441696113074205,0.7236
Unknown_592178,COL,592178,2022,51,207,184,56,16,0,5,19,33,2,2,0.304,0.372,0.473,0.845,0.168,0.345,0.0918,0.1594,0.7391,0.435,160.8,2.3,30.0,1.7363834422657949,0.8406
Unknown_608701,BOS,608701,2022,67,203,176,52,13,0,7,18,55,6,3,0.295,0.374,0.489,0.863,0.193,0.385,0.0887,0.2709,0.6108,0.434,160.1,2.2,31.0,3.054114994363021,0.7291000000000001
Unknown_518692,LAD,518692,2022,172,750,646,211,50,3,23,91,107,6,7,0.327,0.411,0.52,0.931,0.193,0.359,0.1213,0.1427,0.728,0.431,158.1,8.0,33.0,1.176422093981863,0.8573
Unknown_686469,KC,686469,2022,84,322,281,85,12,0,12,36,41,3,2,0.302,0.385,0.473,0.858,0.171,0.317,0.1118,0.1273,0.7516,0.421,151.4,3.2,25.0,1.1386404293381038,0.8727
Unknown_650391,CWS,650391,2022,97,363,326,97,16,0,19,30,81,3,4,0.298,0.358,0.521,0.88,0.224,0.339,0.0826,0.2231,0.686,0.421,151.4,3.6,26.0,2.700968523002421,0.7769
Unknown_646240,BOS,646240,2022,152,644,580,173,43,1,33,53,120,7,4,0.298,0.362,0.547,0.908,0.248,0.325,0.0823,0.1863,0.7205,0.42,150.8,6.3,26.0,2.2636695018226,0.8137
Unknown_669374,MIL,669374,2022,88,296,260,64,11,1,18,26,121,9,1,0.246,0.334,0.504,0.838,0.258,0.377,0.0878,0.4088,0.473,0.419,150.1,2.9,26.0,4.6560364464692485,0.5912
Unknown_621439,MIN,621439,2022,101,413,368,89,18,3,33,35,121,9,1,0.242,0.322,0.576,0.898,0.334,0.26,0.0847,0.293,0.6005,0.419,150.1,4.0,29.0,3.45926800472255,0.7070000000000001
Unknown_677594,SEA,677594,2022,149,622,564,163,32,4,30,47,161,10,1,0.289,0.354,0.52,0.873,0.23,0.356,0.0756,0.2588,0.6495,0.413,146.1,5.7,22.0,3.423280423280423,0.7412000000000001
Unknown_592518,SD,592518,2022,165,698,626,186,40,1,36,69,147,1,2,0.297,0.367,0.537,0.904,0.24,0.337,0.0989,0.2106,0.6891,0.413,146.1,6.4,30.0,2.129423660262892,0.7894
Unknown_514888,HOU,514888,2022,152,646,566,166,40,0,29,68,97,10,2,0.293,0.378,0.518,0.895,0.224,0.31,0.1053,0.1502,0.7291,0.412,145.4,5.9,32.0,1.426400759734093,0.8498
Unknown_608841,WSH,608841,2022,59,244,226,74,14,0,14,15,52,1,2,0.327,0.369,0.575,0.944,0.248,0.37,0.0615,0.2131,0.7213,0.411,144.8,2.2,30.0,3.4650406504065043,0.7868999999999999
Unknown_660271,LAA,660271,2022,168,698,609,166,30,7,37,81,168,5,3,0.273,0.361,0.527,0.888,0.255,0.317,0.116,0.2407,0.6361,0.409,143.4,6.2,28.0,2.0749999999999997,0.7593
Unknown_665862,MIA,665862,2022,71,272,243,62,11,4,15,23,76,3,3,0.255,0.324,0.519,0.842,0.263,0.303,0.0846,0.2794,0.6213,0.408,142.8,2.4,24.0,3.3026004728132388,0.7206
Unknown_665742,WSH,665742,2022,170,727,578,142,28,2,29,144,104,4,0,0.246,0.399,0.452,0.851,0.206,0.254,0.1981,0.1431,0.6506,0.406,141.4,6.2,24.0,0.7223624432104998,0.8569
Unknown_641584,CIN,641584,2022,78,278,241,62,9,0,13,30,58,4,3,0.257,0.345,0.456,0.802,0.199,0.283,0.1079,0.2086,0.6691,0.404,140.1,2.3,27.0,1.9332715477293791,0.7914
Unknown_624413,NYM,624413,2022,174,733,637,172,31,0,42,75,139,12,9,0.27,0.353,0.516,0.87,0.246,0.28,0.1023,0.1896,0.6917,0.401,138.1,6.0,28.0,1.8533724340175952,0.8104
Unknown_664983,AZ,664983,2022,106,390,353,101,17,4,9,25,90,8,1,0.286,0.346,0.433,0.78,0.147,0.361,0.0641,0.2308,0.6769,0.398,136.1,3.1,25.0,3.6006240249609984,0.7692
Unknown_661388,ATL,661388,2022,111,412,365,98,15,1,21,44,115,1,2,0.268,0.347,0.488,0.835,0.219,0.333,0.1068,0.2791,0.6117,0.397,135.4,3.2,25.0,2.6132958801498125,0.7209
Unknown_621493,LAA,621493,2022,148,602,530,148,24,2,25,63,127,4,5,0.279,0.357,0.474,0.831,0.194,0.321,0.1047,0.211,0.6777,0.397,135.4,4.7,29.0,2.0152817574021014,0.789
Unknown_592626,SF,592626,2022,142,455,400,108,19,3,24,43,107,8,4,0.27,0.349,0.512,0.862,0.242,0.308,0.0945,0.2352,0.6527,0.397,135.4,3.6,30.0,2.488888888888889,0.7648
Unknown_663993,TEX,663993,2022,167,673,621,189,27,3,28,48,156,4,0,0.304,0.358,0.493,0.851,0.188,0.368,0.0713,0.2318,0.6909,0.396,134.8,5.2,27.0,3.2510518934081345,0.7682
Unknown_547989,CWS,547989,2022,168,713,628,192,44,0,16,69,114,12,4,0.306,0.383,0.452,0.835,0.146,0.351,0.0968,0.1599,0.7265,0.396,134.8,5.5,35.0,1.6518595041322313,0.8401000000000001
Unknown_643376,TOR,643376,2022,76,274,239,63,12,0,16,26,51,3,6,0.264,0.336,0.515,0.85,0.251,0.264,0.0949,0.1861,0.708,0.395,134.1,2.1,27.0,1.9610115911485773,0.8139000000000001
Unknown_571448,STL,571448,2022,159,650,587,171,44,1,31,52,79,7,4,0.291,0.354,0.528,0.882,0.237,0.291,0.08,0.1215,0.7877,0.394,133.4,4.9,31.0,1.5187499999999998,0.8785000000000001
Unknown_575929,CHC,575929,2022,122,512,433,104,23,2,24,52,110,25,2,0.24,0.354,0.469,0.822,0.229,0.266,0.1016,0.2148,0.6348,0.394,133.4,3.9,30.0,2.1141732283464565,0.7852
Unknown_663586,ATL,663586,2022,174,741,656,175,40,2,40,63,181,18,4,0.267,0.345,0.517,0.862,0.25,0.308,0.085,0.2443,0.6464,0.393,132.7,5.6,25.0,2.874117647058823,0.7557
Unknown_670712,MIL,670712,2022,74,188,167,41,5,0,7,16,57,5,0,0.246,0.33,0.401,0.731,0.156,0.33,0.0851,0.3032,0.5851,0.393,132.7,1.4,28.0,3.5628672150411287,0.6968
Unknown_608070,CLE,608070,2022,173,743,657,183,48,5,32,71,95,6,9,0.279,0.35,0.513,0.863,0.234,0.28,0.0956,0.1279,0.7685,0.392,132.1,5.5,30.0,1.337866108786611,0.8721
Unknown_592663,PHI,592663,2022,157,626,563,158,29,5,24,45,134,13,5,0.281,0.345,0.478,0.823,0.197,0.327,0.0719,0.2141,0.6933,0.392,132.1,4.6,31.0,2.977746870653686,0.7859
Unknown_405395,STL,405395,2022,114,366,322,88,14,0,24,28,56,10,6,0.273,0.344,0.54,0.885,0.267,0.258,0.0765,0.153,0.7432,0.392,132.1,2.7,42.0,2.0,0.847
Unknown_665926,CLE,665926,2022,159,607,532,157,28,4,18,40,125,27,3,0.295,0.372,0.464,0.836,0.169,0.355,0.0659,0.2059,0.6755,0.391,131.4,4.4,24.0,3.12443095599393,0.7941
Unknown_650490,TB,650490,2022,148,598,510,146,35,0,9,81,66,6,1,0.286,0.39,0.408,0.797,0.122,0.314,0.1355,0.1104,0.7441,0.391,131.4,4.4,31.0,0.814760147601476,0.8896
Unknown_543807,TOR,543807,2022,143,614,545,149,23,4,27,56,106,8,5,0.273,0.347,0.479,0.826,0.206,0.293,0.0912,0.1726,0.7166,0.391,131.4,4.5,33.0,1.8925438596491229,0.8274
Unknown_668804,PIT,668804,2022,156,650,576,153,22,5,30,57,152,14,3,0.266,0.345,0.477,0.822,0.212,0.31,0.0877,0.2338,0.6569,0.391,131.4,4.8,27.0,2.6659064994298745,0.7662
Unknown_643446,NYM,643446,2022,159,636,576,185,42,2,9,43,63,11,6,0.321,0.376,0.448,0.824,0.127,0.345,0.0676,0.0991,0.816,0.388,129.4,4.5,30.0,1.4659763313609468,0.9009
Unknown_621043,MIN,621043,2022,143,610,542,159,26,1,25,61,127,3,4,0.293,0.366,0.483,0.849,0.19,0.34,0.1,0.2082,0.6869,0.388,129.4,4.3,28.0,2.082,0.7918000000000001
Unknown_488726,HOU,488726,2022,72,304,268,75,14,1,7,32,36,2,1,0.28,0.36,0.418,0.778,0.138,0.301,0.1053,0.1184,0.7664,0.388,129.4,2.1,35.0,1.124406457739791,0.8815999999999999
Unknown_605141,LAD,605141,2022,153,680,609,160,41,3,35,58,113,8,5,0.263,0.332,0.512,0.845,0.25,0.268,0.0853,0.1662,0.7368,0.387,128.7,4.7,30.0,1.9484173505275497,0.8338
Unknown_650333,MIN,650333,2022,154,634,573,184,34,2,8,55,45,3,3,0.321,0.382,0.429,0.811,0.108,0.337,0.0868,0.071,0.8375,0.387,128.7,4.4,25.0,0.8179723502304147,0.929
Unknown_672386,TOR,672386,2022,149,577,501,144,21,0,15,68,61,4,4,0.287,0.374,0.419,0.794,0.132,0.301,0.1179,0.1057,0.7695,0.386,128.1,4.0,24.0,0.8965224766751484,0.8943
Unknown_673357,CWS,673357,2022,105,438,414,121,22,0,15,18,85,4,2,0.292,0.326,0.454,0.781,0.162,0.335,0.0411,0.1941,0.7557,0.386,128.1,3.0,25.0,4.7226277372262775,0.8059000000000001
Unknown_664238,SEA,664238,2022,105,293,238,53,12,2,9,40,91,13,1,0.223,0.363,0.403,0.766,0.181,0.317,0.1365,0.3106,0.5017,0.385,127.4,2.0,30.0,2.2754578754578754,0.6894
Unknown_680977,STL,680977,2022,134,508,429,118,22,1,6,62,77,14,2,0.275,0.383,0.373,0.756,0.098,0.322,0.122,0.1516,0.6969,0.384,126.7,3.4,25.0,1.2426229508196722,0.8484
Unknown_519203,NYY,519203,2022,143,596,504,115,22,1,34,65,109,25,2,0.228,0.344,0.478,0.822,0.25,0.223,0.1091,0.1829,0.6661,0.382,125.4,3.9,33.0,1.6764436296975251,0.8170999999999999
Unknown_656811,KC,656811,2022,75,174,162,43,8,1,3,9,39,2,1,0.265,0.31,0.383,0.693,0.117,0.331,0.0517,0.2241,0.7126,0.382,125.4,1.1,29.0,4.3346228239845255,0.7759
Unknown_607043,NYM,607043,2022,159,717,618,168,30,8,17,77,127,16,3,0.272,0.366,0.429,0.794,0.157,0.317,0.1074,0.1771,0.689,0.381,124.7,4.6,29.0,1.648975791433892,0.8229
Unknown_665489,TOR,665489,2022,173,748,677,185,37,0,33,61,123,6,4,0.273,0.337,0.474,0.811,0.201,0.29,0.0816,0.1644,0.746,0.381,124.7,4.8,23.0,2.014705882352941,0.8356
Unknown_669742,PHI,669742,2022,49,158,151,38,10,1,9,6,47,1,0,0.252,0.285,0.51,0.795,0.258,0.305,0.038,0.2975,0.6582,0.381,124.7,1.0,27.0,7.828947368421052,0.7025
Unknown_676701,COL,676701,2022,47,151,144,37,8,0,4,5,38,2,0,0.257,0.291,0.396,0.687,0.139,0.324,0.0331,0.2517,0.702,0.381,124.7,1.0,26.0,7.604229607250756,0.7483
Unknown_641313,CWS,641313,2022,91,386,366,115,17,0,6,14,60,6,0,0.314,0.35,0.41,0.76,0.096,0.363,0.0363,0.1554,0.7927,0.381,124.7,2.5,29.0,4.2809917355371905,0.8446
Unknown_596019,NYM,596019,2022,174,756,674,182,27,5,31,63,143,11,8,0.27,0.339,0.463,0.802,0.193,0.297,0.0833,0.1892,0.713,0.38,124.1,4.8,29.0,2.2713085234093637,0.8108
Unknown_593428,BOS,593428,2022,158,653,577,174,40,0,15,58,120,11,7,0.302,0.372,0.449,0.821,0.147,0.354,0.0888,0.1838,0.7106,0.38,124.1,4.2,30.0,2.0698198198198194,0.8162
Unknown_675656,ATH,675656,2022,59,190,175,37,12,2,5,10,49,0,2,0.211,0.251,0.389,0.64,0.177,0.26,0.0526,0.2579,0.6737,0.38,124.1,1.2,26.0,4.903041825095057,0.7421
Unknown_516782,NYM,516782,2022,126,535,492,144,27,5,16,30,100,13,0,0.293,0.35,0.465,0.815,0.173,0.34,0.0561,0.1869,0.7327,0.379,123.4,3.4,34.0,3.331550802139038,0.8130999999999999
Unknown_673548,CHC,673548,2022,117,466,414,108,22,2,16,44,117,5,3,0.261,0.337,0.44,0.777,0.179,0.324,0.0944,0.2511,0.6438,0.379,123.4,2.9,28.0,2.659957627118644,0.7489
Unknown_572233,AZ,572233,2022,171,700,614,152,28,2,39,71,135,8,7,0.248,0.33,0.49,0.82,0.243,0.253,0.1014,0.1929,0.6943,0.379,123.4,4.4,31.0,1.9023668639053253,0.8071
Unknown_543685,LAA,543685,2022,56,219,191,46,13,0,6,24,41,2,2,0.241,0.329,0.403,0.732,0.162,0.274,0.1096,0.1872,0.6941,0.379,123.4,1.4,32.0,1.7080291970802919,0.8128
Unknown_602074,COL,602074,2022,114,439,400,125,21,2,2,29,59,4,5,0.312,0.361,0.39,0.751,0.078,0.358,0.0661,0.1344,0.7882,0.379,123.4,2.8,28.0,2.0332829046898637,0.8656
Unknown_607208,LAD,607208,2022,175,757,700,209,44,4,23,48,138,3,6,0.299,0.343,0.471,0.815,0.173,0.341,0.0634,0.1823,0.7477,0.378,122.7,4.7,29.0,2.8753943217665614,0.8177
Unknown_518595,ATL,518595,2022,118,460,429,118,28,1,23,19,99,12,0,0.275,0.324,0.506,0.83,0.231,0.309,0.0413,0.2152,0.7174,0.377,122.1,2.8,33.0,5.210653753026634,0.7847999999999999
Unknown_671739,ATL,671739,2022,125,469,439,126,27,3,19,24,111,5,0,0.287,0.331,0.492,0.823,0.205,0.346,0.0512,0.2367,0.6994,0.377,122.1,2.9,21.0,4.623046875,0.7633
Unknown_628451,TEX,628451,2022,51,160,145,36,6,1,3,12,25,2,1,0.248,0.312,0.366,0.678,0.117,0.28,0.075,0.1562,0.7562,0.377,122.1,1.0,29.0,2.082666666666667,0.8438
Unknown_680757,CLE,680757,2022,167,692,615,188,28,7,7,64,62,7,4,0.306,0.375,0.408,0.783,0.102,0.329,0.0925,0.0896,0.8049,0.376,121.4,4.2,25.0,0.9686486486486486,0.9104
Unknown_621566,ATL,621566,2022,177,751,658,162,46,0,38,84,179,5,4,0.246,0.334,0.489,0.824,0.243,0.279,0.1119,0.2383,0.6431,0.376,121.4,4.5,28.0,2.129579982126899,0.7617
Unknown_640458,CLE,640458,2022,58,162,155,33,8,2,6,5,39,1,1,0.213,0.241,0.406,0.647,0.194,0.243,0.0309,0.2407,0.7222,0.376,121.4,1.0,28.0,7.789644012944984,0.7593
Unknown_606192,TOR,606192,2022,141,570,530,140,37,1,27,36,161,3,1,0.264,0.314,0.491,0.805,0.226,0.329,0.0632,0.2825,0.6491,0.375,120.7,3.4,30.0,4.469936708860758,0.7175
Unknown_643217,KC,643217,2022,135,548,483,145,23,3,7,57,81,2,5,0.3,0.373,0.404,0.777,0.104,0.345,0.104,0.1478,0.7427,0.375,120.7,3.3,28.0,1.421153846153846,0.8522000000000001
Unknown_608324,HOU,608324,2022,166,697,587,153,42,0,24,89,85,11,10,0.261,0.363,0.455,0.818,0.194,0.264,0.1277,0.122,0.7346,0.374,120.1,4.1,28.0,0.9553641346906812,0.878
Unknown_656941,PHI,656941,2022,172,733,626,133,21,3,49,96,219,7,4,0.212,0.322,0.49,0.812,0.278,0.232,0.131,0.2988,0.5607,0.374,120.1,4.3,29.0,2.280916030534351,0.7012
Unknown_572204,LAD,572204,2022,93,289,247,59,14,1,13,37,108,3,2,0.239,0.343,0.462,0.804,0.223,0.359,0.128,0.3737,0.4879,0.373,119.4,1.7,31.0,2.91953125,0.6263000000000001
Unknown_641598,TEX,641598,2022,62,240,213,47,8,0,12,23,56,2,2,0.221,0.3,0.427,0.727,0.207,0.238,0.0958,0.2333,0.6625,0.373,119.4,1.4,31.0,2.4352818371607516,0.7666999999999999
Unknown_545121,WSH,545121,2022,75,252,237,65,15,1,6,10,26,3,1,0.274,0.311,0.422,0.733,0.148,0.286,0.0397,0.1032,0.8413,0.372,118.7,1.4,31.0,2.5994962216624686,0.8968
Unknown_596103,SF,596103,2022,119,349,300,79,17,2,7,41,97,6,2,0.263,0.361,0.403,0.764,0.14,0.364,0.1175,0.2779,0.5874,0.372,118.7,2.0,30.0,2.3651063829787233,0.7221
Unknown_666971,TOR,666971,2022,132,526,482,144,34,1,6,35,87,7,2,0.299,0.354,0.411,0.764,0.112,0.353,0.0665,0.1654,0.7529,0.372,118.7,3.0,29.0,2.487218045112782,0.8346
Unknown_666179,AZ,666179,2022,52,159,140,32,7,0,2,12,41,6,1,0.229,0.314,0.321,0.636,0.093,0.306,0.0755,0.2579,0.6289,0.372,118.7,0.9,26.0,3.4158940397351,0.7421
Unknown_660757,CLE,660757,2022,105,426,404,118,28,0,13,16,86,4,2,0.292,0.324,0.458,0.782,0.166,0.342,0.0376,0.2019,0.7512,0.371,118.1,2.4,24.0,5.36968085106383,0.7981
Unknown_592273,CIN,592273,2022,149,605,551,145,34,2,30,41,138,9,4,0.263,0.322,0.495,0.818,0.232,0.297,0.0678,0.2281,0.6893,0.371,118.1,3.4,30.0,3.364306784660767,0.7719
Unknown_606115,ATL,606115,2022,81,279,250,62,10,0,10,25,56,2,2,0.248,0.319,0.408,0.727,0.16,0.28,0.0896,0.2007,0.7025,0.371,118.1,1.6,28.0,2.239955357142857,0.7993
Unknown_518934,NYY,518934,2022,135,572,495,131,20,0,13,70,73,4,2,0.265,0.359,0.384,0.743,0.119,0.287,0.1224,0.1276,0.7413,0.371,118.1,3.2,34.0,1.042483660130719,0.8724000000000001
Unknown_663697,CIN,663697,2022,114,469,414,103,16,2,14,38,101,17,0,0.249,0.337,0.399,0.735,0.15,0.298,0.081,0.2154,0.6674,0.371,118.1,2.6,26.0,2.6592592592592594,0.7846
Unknown_521692,KC,521692,2022,124,502,473,124,26,1,25,19,112,7,3,0.262,0.299,0.48,0.779,0.218,0.292,0.0378,0.2231,0.7251,0.371,118.1,2.8,32.0,5.902116402116402,0.7769
Unknown_543309,NYY,543309,2022,88,278,256,63,7,0,17,15,59,1,4,0.246,0.286,0.473,0.759,0.227,0.25,0.054,0.2122,0.723,0.37,117.4,1.5,32.0,3.9296296296296296,0.7878000000000001
Unknown_669257,LAD,669257,2022,151,624,550,140,29,4,26,58,103,10,6,0.255,0.333,0.464,0.797,0.209,0.267,0.0929,0.1651,0.726,0.37,117.4,3.5,27.0,1.7771797631862218,0.8349
Unknown_666182,TOR,666182,2022,172,739,690,198,46,1,24,44,165,3,2,0.287,0.332,0.461,0.792,0.174,0.346,0.0595,0.2233,0.7131,0.37,117.4,4.1,24.0,3.7529411764705882,0.7767
Unknown_660766,STL,660766,2022,85,303,277,71,15,0,13,20,64,2,4,0.256,0.307,0.451,0.758,0.195,0.284,0.066,0.2112,0.7162,0.37,117.4,1.7,24.0,3.1999999999999997,0.7888
Unknown_663457,STL,663457,2022,111,379,315,71,17,4,14,57,80,2,5,0.225,0.343,0.438,0.781,0.213,0.252,0.1504,0.2111,0.6332,0.37,117.4,2.1,25.0,1.403590425531915,0.7888999999999999
Unknown_571745,SEA,571745,2022,73,304,275,66,14,0,11,23,77,4,2,0.24,0.306,0.411,0.717,0.171,0.291,0.0757,0.2533,0.6579,0.369,116.7,1.7,32.0,3.3461030383091153,0.7466999999999999
Unknown_606992,DET,606992,2022,119,376,346,89,20,1,16,26,101,1,3,0.257,0.309,0.46,0.768,0.202,0.315,0.0691,0.2686,0.6596,0.369,116.7,2.1,30.0,3.8871201157742408,0.7314
Unknown_605137,WSH,605137,2022,170,700,605,154,30,3,19,84,116,5,6,0.255,0.347,0.408,0.755,0.154,0.284,0.12,0.1657,0.7029,0.368,116.1,3.8,30.0,1.3808333333333334,0.8343
Unknown_543068,COL,543068,2022,162,665,606,159,32,3,30,45,174,9,5,0.262,0.32,0.474,0.794,0.211,0.317,0.0677,0.2617,0.6556,0.368,116.1,3.6,32.0,3.8655834564254064,0.7383
Unknown_543939,MIL,543939,2022,143,528,457,116,24,4,16,50,98,14,5,0.254,0.342,0.429,0.771,0.175,0.287,0.0947,0.1856,0.6894,0.368,116.1,2.8,32.0,1.95987328405491,0.8144
Unknown_605204,NYM,605204,2022,124,390,338,85,17,1,12,41,127,9,2,0.251,0.346,0.414,0.76,0.163,0.363,0.1051,0.3256,0.5462,0.367,115.4,2.1,29.0,3.098001902949572,0.6744
Unknown_516416,PHI,516416,2022,116,445,404,109,11,1,11,31,63,8,1,0.27,0.333,0.384,0.717,0.114,0.296,0.0697,0.1416,0.7685,0.366,114.7,2.3,32.0,2.0315638450502154,0.8584
Unknown_592192,NYM,592192,2022,149,586,504,130,25,0,14,50,104,28,4,0.258,0.355,0.391,0.746,0.133,0.297,0.0853,0.1775,0.6894,0.366,114.7,3.0,33.0,2.0808909730363423,0.8225
Unknown_502110,BOS,502110,2022,151,634,569,154,43,1,16,54,158,5,6,0.271,0.336,0.434,0.77,0.163,0.344,0.0852,0.2492,0.6562,0.366,114.7,3.3,35.0,2.9248826291079815,0.7508
Unknown_664247,MIN,664247,2022,73,189,173,36,3,0,9,11,54,4,1,0.208,0.27,0.382,0.651,0.173,0.243,0.0582,0.2857,0.6349,0.366,114.7,1.0,30.0,4.90893470790378,0.7142999999999999
Unknown_666135,MIN,666135,2022,54,184,169,44,9,0,3,7,44,4,4,0.26,0.299,0.367,0.666,0.107,0.325,0.038,0.2391,0.6957,0.366,114.7,1.0,25.0,6.292105263157895,0.7609
Unknown_669394,CWS,669394,2022,57,199,184,46,10,1,10,10,61,3,1,0.25,0.298,0.478,0.776,0.228,0.316,0.0503,0.3065,0.6231,0.366,114.7,1.0,26.0,6.093439363817097,0.6935
Unknown_663656,HOU,663656,2022,161,648,584,149,28,1,31,60,107,2,2,0.255,0.326,0.466,0.791,0.211,0.263,0.0926,0.1651,0.7346,0.365,114.1,3.3,25.0,1.7829373650107991,0.8349
Unknown_596129,PIT,596129,2022,143,503,425,98,20,1,19,75,125,1,2,0.231,0.346,0.416,0.762,0.186,0.279,0.1491,0.2485,0.6004,0.365,114.1,2.6,30.0,1.6666666666666665,0.7515000000000001
Unknown_664023,CHC,664023,2022,166,665,594,159,43,2,18,61,154,6,4,0.268,0.34,0.438,0.778,0.17,0.331,0.0917,0.2316,0.6677,0.365,114.1,3.4,28.0,2.525627044711014,0.7684
Unknown_669221,ATH,669221,2022,158,645,566,146,42,2,20,60,129,13,6,0.258,0.34,0.445,0.785,0.187,0.298,0.093,0.2,0.6853,0.365,114.1,3.3,28.0,2.1505376344086025,0.8
Unknown_453568,COL,453568,2022,147,614,561,151,23,6,18,37,117,8,4,0.269,0.321,0.428,0.749,0.159,0.309,0.0603,0.1906,0.7296,0.365,114.1,3.1,36.0,3.1608623548922057,0.8094
Unknown_664874,CWS,664874,2022,65,217,188,51,14,0,3,21,66,3,2,0.271,0.35,0.394,0.744,0.122,0.397,0.0968,0.3041,0.5714,0.365,114.1,1.1,29.0,3.1415289256198347,0.6959
Unknown_592567,CIN,592567,2022,52,162,141,29,6,0,5,17,39,1,3,0.206,0.29,0.355,0.645,0.149,0.24,0.1049,0.2407,0.6481,0.365,114.1,0.8,30.0,2.2945662535748332,0.7593
Unknown_553993,SEA,553993,2022,166,681,589,139,27,2,34,79,211,8,5,0.236,0.332,0.462,0.794,0.226,0.301,0.116,0.3098,0.5624,0.364,113.4,3.4,31.0,2.670689655172414,0.6901999999999999
Unknown_656555,PHI,656555,2022,174,736,649,156,35,2,34,77,183,6,4,0.24,0.325,0.458,0.782,0.217,0.28,0.1046,0.2486,0.6372,0.364,113.4,3.7,29.0,2.3766730401529634,0.7514000000000001
Unknown_656582,COL,656582,2022,122,503,434,108,22,4,9,60,101,8,1,0.249,0.35,0.38,0.73,0.131,0.305,0.1193,0.2008,0.664,0.364,113.4,2.5,30.0,1.683151718357083,0.7992
Unknown_640457,DET,640457,2022,44,170,149,37,8,2,0,18,20,3,0,0.248,0.341,0.329,0.67,0.081,0.287,0.1059,0.1176,0.7588,0.364,113.4,0.9,27.0,1.1104815864022664,0.8824
Unknown_664034,SEA,664034,2022,156,672,609,164,28,1,21,36,103,22,5,0.269,0.33,0.422,0.752,0.153,0.292,0.0536,0.1533,0.7589,0.363,112.7,3.3,28.0,2.8600746268656714,0.8467
Unknown_668227,TB,668227,2022,164,681,619,165,43,3,20,49,163,11,2,0.267,0.33,0.443,0.773,0.176,0.331,0.072,0.2394,0.6725,0.363,112.7,3.4,27.0,3.325,0.7605999999999999
Unknown_668939,BAL,668939,2022,113,470,398,101,35,1,13,65,86,4,3,0.254,0.362,0.445,0.806,0.191,0.291,0.1383,0.183,0.6702,0.363,112.7,2.3,24.0,1.3232104121475052,0.817
Unknown_592669,MIL,592669,2022,133,548,498,127,23,1,29,41,128,4,3,0.255,0.315,0.48,0.795,0.225,0.285,0.0748,0.2336,0.6807,0.363,112.7,2.7,30.0,3.1229946524064167,0.7664
Unknown_519317,NYY,519317,2022,123,493,433,92,8,0,34,57,148,0,3,0.212,0.302,0.467,0.769,0.254,0.228,0.1156,0.3002,0.5822,0.362,112.1,2.4,33.0,2.596885813148789,0.6998
Unknown_457759,LAD,457759,2022,143,580,511,137,37,0,14,54,95,6,9,0.268,0.34,0.423,0.762,0.155,0.299,0.0931,0.1638,0.7328,0.362,112.1,2.8,38.0,1.7593984962406015,0.8362
Unknown_663616,MIN,663616,2022,58,195,173,42,14,0,7,20,61,0,2,0.243,0.318,0.445,0.763,0.202,0.327,0.1026,0.3128,0.5846,0.362,112.1,0.9,25.0,3.048732943469786,0.6872
Unknown_624414,BOS,624414,2022,94,330,305,86,17,1,6,16,50,5,2,0.282,0.326,0.403,0.729,0.121,0.319,0.0485,0.1515,0.7788,0.361,111.4,1.6,27.0,3.1237113402061856,0.8485
Unknown_543333,SD,543333,2022,112,447,405,107,21,0,8,40,69,1,1,0.264,0.331,0.375,0.706,0.111,0.301,0.0895,0.1544,0.7539,0.36,110.7,2.1,33.0,1.7251396648044695,0.8456
Unknown_650402,NYY,650402,2022,154,618,570,146,28,1,27,41,141,3,3,0.256,0.308,0.451,0.759,0.195,0.294,0.0663,0.2282,0.699,0.359,110.1,2.8,26.0,3.4419306184012064,0.7718
Unknown_664040,TB,664040,2022,76,297,260,60,12,2,9,33,66,3,1,0.231,0.323,0.396,0.719,0.165,0.274,0.1111,0.2222,0.6566,0.359,110.1,1.4,28.0,2.0,0.7778
Unknown_663898,COL,663898,2022,146,612,554,149,34,3,14,49,106,4,5,0.269,0.33,0.417,0.747,0.148,0.308,0.0801,0.1732,0.7402,0.358,109.4,2.8,26.0,2.1622971285892634,0.8268
Unknown_683734,CWS,683734,2022,141,578,530,146,28,1,17,34,101,9,5,0.275,0.327,0.428,0.755,0.153,0.309,0.0588,0.1747,0.7509,0.358,109.4,2.6,24.0,2.9710884353741496,0.8253
Unknown_642133,MIL,642133,2022,161,631,556,122,24,0,37,65,127,5,5,0.219,0.304,0.462,0.767,0.243,0.214,0.103,0.2013,0.6878,0.358,109.4,2.9,27.0,1.954368932038835,0.7987
Unknown_592885,MIL,592885,2022,163,702,602,152,27,4,14,92,169,5,2,0.252,0.355,0.38,0.736,0.128,0.328,0.1311,0.2407,0.6197,0.358,109.4,3.2,31.0,1.836003051106026,0.7593
Unknown_602104,BAL,602104,2022,126,473,429,110,19,1,19,32,103,5,4,0.256,0.313,0.438,0.751,0.182,0.293,0.0677,0.2178,0.6977,0.358,109.4,2.1,28.0,3.2171344165435745,0.7822
Unknown_663728,SEA,663728,2022,131,464,413,88,22,2,29,44,141,2,5,0.213,0.289,0.487,0.775,0.274,0.238,0.0948,0.3039,0.597,0.357,108.7,2.1,26.0,3.2056962025316458,0.6960999999999999
Unknown_623993,BAL,623993,2022,161,677,603,143,27,0,34,56,131,13,5,0.237,0.313,0.451,0.764,0.214,0.246,0.0827,0.1935,0.7046,0.357,108.7,3.0,28.0,2.3397823458282954,0.8065
Unknown_663538,CHC,663538,2022,143,547,510,142,25,6,10,29,58,6,2,0.278,0.324,0.41,0.733,0.131,0.297,0.053,0.106,0.83,0.357,108.7,2.4,25.0,2.0,0.894
Unknown_570482,MIN,570482,2022,151,584,533,150,29,3,14,42,102,2,7,0.281,0.332,0.426,0.758,0.144,0.321,0.0719,0.1747,0.75,0.357,108.7,2.6,31.0,2.429763560500695,0.8253
Unknown_642731,SF,642731,2022,146,566,512,137,22,2,16,33,96,15,5,0.268,0.327,0.412,0.74,0.145,0.299,0.0583,0.1696,0.7438,0.357,108.7,2.5,26.0,2.909090909090909,0.8304
Unknown_660707,COL,660707,2022,58,204,193,46,16,1,7,10,64,1,0,0.238,0.279,0.44,0.72,0.202,0.32,0.049,0.3137,0.6324,0.356,108.1,0.9,24.0,6.40204081632653,0.6863
Unknown_656976,AZ,656976,2022,86,308,271,62,10,0,10,33,72,1,3,0.229,0.312,0.376,0.688,0.148,0.271,0.1071,0.2338,0.6558,0.356,108.1,1.3,26.0,2.1830065359477127,0.7662
Unknown_662139,AZ,662139,2022,161,629,565,131,24,3,30,50,153,7,5,0.232,0.3,0.444,0.744,0.212,0.261,0.0795,0.2432,0.6614,0.356,108.1,2.7,26.0,3.0591194968553457,0.7568
Unknown_458015,CIN,458015,2022,102,414,359,76,22,2,13,45,101,10,0,0.212,0.316,0.393,0.709,0.181,0.257,0.1087,0.244,0.6232,0.356,108.1,1.8,39.0,2.2447102115915363,0.756
Unknown_622666,PHI,622666,2022,64,201,185,43,4,0,4,14,42,1,0,0.232,0.29,0.319,0.609,0.086,0.281,0.0697,0.209,0.7114,0.356,108.1,0.9,29.0,2.9985652797704447,0.791
Unknown_642086,NYM,642086,2022,61,181,157,35,13,1,1,17,43,5,2,0.223,0.315,0.338,0.652,0.115,0.296,0.0939,0.2376,0.6409,0.356,108.1,0.8,27.0,2.5303514376996805,0.7624
Unknown_660670,ATL,660670,2022,123,550,482,129,25,0,15,54,131,11,3,0.268,0.353,0.413,0.766,0.145,0.336,0.0982,0.2382,0.6436,0.355,107.4,2.3,25.0,2.425661914460285,0.7618
Unknown_687093,ATL,687093,2022,46,163,148,43,7,0,5,11,38,3,1,0.291,0.35,0.439,0.789,0.149,0.358,0.0675,0.2331,0.681,0.355,107.4,0.7,21.0,3.453333333333333,0.7669
Unknown_623912,TB,623912,2022,127,460,427,126,24,0,7,19,78,10,4,0.295,0.337,0.4,0.737,0.105,0.344,0.0413,0.1696,0.7674,0.355,107.4,2.0,28.0,4.106537530266343,0.8304
Unknown_596847,TB,596847,2022,124,453,377,85,22,0,11,70,128,2,4,0.225,0.347,0.371,0.718,0.146,0.306,0.1545,0.2826,0.5585,0.355,107.4,1.9,31.0,1.829126213592233,0.7174
Unknown_624503,MIN,624503,2022,137,465,426,117,28,5,10,20,110,10,6,0.275,0.318,0.434,0.752,0.16,0.343,0.043,0.2366,0.6925,0.355,107.4,2.0,27.0,5.5023255813953496,0.7634
Unknown_643265,MIA,643265,2022,128,500,441,113,34,2,9,43,126,11,5,0.256,0.334,0.404,0.738,0.147,0.334,0.086,0.252,0.64,0.355,107.4,2.1,32.0,2.930232558139535,0.748
Unknown_642180,LAA,642180,2022,67,194,173,41,5,1,1,15,40,1,0,0.237,0.302,0.295,0.596,0.058,0.303,0.0773,0.2062,0.6856,0.355,107.4,0.8,28.0,2.667529107373868,0.7938000000000001
Unknown_621028,PIT,621028,2022,87,335,312,87,20,2,3,17,51,3,1,0.279,0.321,0.385,0.706,0.106,0.324,0.0507,0.1522,0.7821,0.354,106.7,1.4,29.0,3.001972386587771,0.8478
Unknown_593871,MIN,593871,2022,115,479,404,90,17,0,17,68,104,3,4,0.223,0.336,0.391,0.727,0.168,0.254,0.142,0.2171,0.6347,0.354,106.7,2.0,29.0,1.5288732394366198,0.7829
Unknown_605131,LAD,605131,2022,69,233,198,43,8,0,9,29,42,3,1,0.217,0.325,0.394,0.719,0.177,0.23,0.1245,0.1803,0.6738,0.353,106.1,1.0,33.0,1.4481927710843372,0.8197
Unknown_444482,AZ,444482,2022,146,524,468,118,32,3,16,44,123,6,6,0.252,0.321,0.436,0.757,0.184,0.304,0.084,0.2347,0.6698,0.353,106.1,2.1,35.0,2.794047619047619,0.7653
Unknown_621438,MIL,621438,2022,125,434,400,98,24,3,20,23,111,7,4,0.245,0.295,0.47,0.765,0.225,0.286,0.053,0.2558,0.6751,0.353,106.1,1.8,28.0,4.826415094339623,0.7442
Unknown_656305,TOR,656305,2022,165,653,566,133,29,1,29,70,179,10,7,0.235,0.326,0.443,0.77,0.208,0.285,0.1072,0.2741,0.6034,0.352,105.4,2.6,29.0,2.5569029850746268,0.7259
Unknown_660636,PIT,660636,2022,107,318,295,65,13,0,17,15,85,3,5,0.22,0.261,0.437,0.698,0.217,0.242,0.0472,0.2673,0.6761,0.352,105.4,1.3,25.0,5.663135593220339,0.7327
Unknown_681584,SF,681584,2022,57,190,165,37,6,1,9,18,61,6,1,0.224,0.321,0.436,0.757,0.212,0.292,0.0947,0.3211,0.5526,0.352,105.4,0.8,25.0,3.390707497360084,0.6789000000000001
Unknown_668942,AZ,668942,2022,130,530,462,124,28,1,11,56,104,2,5,0.268,0.347,0.405,0.751,0.136,0.321,0.1057,0.1962,0.6849,0.352,105.4,2.1,28.0,1.8561967833491013,0.8038
Unknown_642715,MIL,642715,2022,151,652,597,141,33,0,33,50,179,1,4,0.236,0.294,0.457,0.752,0.221,0.278,0.0767,0.2745,0.6472,0.352,105.4,2.6,27.0,3.5788787483702738,0.7255
Unknown_645277,ATL,645277,2022,75,299,274,70,17,0,9,17,50,3,5,0.255,0.301,0.416,0.717,0.161,0.277,0.0569,0.1672,0.7659,0.352,105.4,1.2,25.0,2.938488576449912,0.8328
Unknown_628450,WSH,628450,2022,107,347,321,87,18,0,9,23,79,1,2,0.271,0.32,0.411,0.731,0.14,0.332,0.0663,0.2277,0.7032,0.352,105.4,1.4,35.0,3.4343891402714934,0.7723
Unknown_677551,TB,677551,2022,96,386,354,96,24,3,6,27,41,0,5,0.271,0.319,0.407,0.725,0.136,0.288,0.0699,0.1062,0.8238,0.351,104.7,1.5,21.0,1.51931330472103,0.8938
Unknown_456781,CIN,456781,2022,84,315,288,83,18,0,4,19,62,6,2,0.288,0.343,0.392,0.735,0.104,0.353,0.0603,0.1968,0.7238,0.351,104.7,1.2,35.0,3.2636815920398012,0.8032
Unknown_641857,COL,641857,2022,155,634,561,139,25,3,20,64,161,5,4,0.248,0.328,0.41,0.738,0.162,0.31,0.1009,0.2539,0.6372,0.351,104.7,2.5,28.0,2.516352824578791,0.7461
Unknown_657757,CWS,657757,2022,134,445,406,99,22,0,16,33,92,3,3,0.244,0.303,0.416,0.72,0.172,0.276,0.0742,0.2067,0.7124,0.351,104.7,1.8,26.0,2.7857142857142856,0.7933
Unknown_614173,BOS,614173,2022,93,294,260,61,21,1,8,29,97,1,2,0.235,0.312,0.415,0.727,0.181,0.338,0.0986,0.3299,0.5612,0.351,104.7,1.2,28.0,3.3458417849898585,0.6700999999999999
Unknown_647304,CLE,647304,2022,130,530,481,124,31,0,20,38,86,6,5,0.258,0.317,0.447,0.764,0.189,0.274,0.0717,0.1623,0.7547,0.35,104.1,2.0,25.0,2.2635983263598325,0.8377
Unknown_621020,ATL,621020,2022,177,742,683,185,33,1,26,52,196,3,4,0.271,0.323,0.436,0.76,0.165,0.342,0.0701,0.2642,0.6617,0.35,104.1,2.9,28.0,3.768901569186876,0.7358
Unknown_592200,SF,592200,2022,62,193,163,35,6,1,5,26,53,2,2,0.215,0.326,0.356,0.682,0.141,0.28,0.1347,0.2746,0.5803,0.35,104.1,0.7,34.0,2.0386043058648853,0.7254
Unknown_595909,MIN,595909,2022,62,198,183,40,9,3,5,13,58,0,2,0.219,0.268,0.383,0.65,0.164,0.287,0.0657,0.2929,0.6414,0.35,104.1,0.8,30.0,4.458143074581431,0.7071000000000001
Unknown_670770,CIN,670770,2022,76,269,236,58,11,5,10,20,42,7,6,0.246,0.316,0.462,0.778,0.216,0.253,0.0743,0.1561,0.7435,0.35,104.1,1.0,27.0,2.1009421265141315,0.8439
Unknown_665828,NYY,665828,2022,52,191,173,42,10,1,8,16,53,0,1,0.243,0.305,0.451,0.756,0.208,0.301,0.0838,0.2775,0.6335,0.349,103.4,0.7,23.0,3.3114558472553703,0.7224999999999999
Unknown_666158,LAD,666158,2022,141,509,455,123,21,7,7,50,108,0,4,0.27,0.34,0.393,0.733,0.123,0.337,0.0982,0.2122,0.6896,0.349,103.4,1.9,25.0,2.160896130346232,0.7878000000000001
Unknown_663630,BAL,663630,2022,74,202,183,41,12,0,4,14,60,2,1,0.224,0.285,0.355,0.64,0.131,0.308,0.0693,0.297,0.6139,0.349,103.4,0.8,25.0,4.285714285714286,0.7030000000000001
Unknown_657041,WSH,657041,2022,148,581,528,130,27,3,19,44,142,4,5,0.246,0.306,0.417,0.723,0.17,0.298,0.0757,0.2444,0.673,0.349,103.4,2.2,27.0,3.228533685601057,0.7556
Unknown_608577,SD,608577,2022,65,202,185,46,9,0,2,13,47,3,1,0.249,0.307,0.33,0.637,0.081,0.321,0.0644,0.2327,0.6881,0.349,103.4,0.8,27.0,3.6133540372670807,0.7673
Unknown_624585,MIA,624585,2022,77,324,287,64,14,0,14,33,95,3,1,0.223,0.309,0.418,0.727,0.195,0.279,0.1019,0.2932,0.5926,0.349,103.4,1.2,30.0,2.877330716388616,0.7068
Unknown_677951,KC,677951,2022,161,664,621,161,33,6,23,32,138,6,5,0.259,0.3,0.443,0.743,0.184,0.297,0.0482,0.2078,0.7349,0.348,102.7,2.4,22.0,4.311203319502075,0.7922
Unknown_543760,TEX,543760,2022,173,759,689,170,35,5,27,56,125,4,10,0.247,0.303,0.43,0.733,0.183,0.261,0.0738,0.1647,0.7563,0.348,102.7,2.8,32.0,2.231707317073171,0.8352999999999999
Unknown_578428,COL,578428,2022,129,501,471,136,33,0,3,18,58,9,3,0.289,0.325,0.378,0.703,0.089,0.322,0.0359,0.1158,0.8303,0.348,102.7,1.8,32.0,3.225626740947075,0.8842
Unknown_673490,SD,673490,2022,167,645,571,145,34,4,12,59,117,8,4,0.254,0.33,0.391,0.721,0.137,0.298,0.0915,0.1814,0.7101,0.347,102.1,2.3,27.0,1.9825136612021859,0.8186
Unknown_595777,SD,595777,2022,169,722,629,153,38,2,16,83,110,4,3,0.243,0.334,0.386,0.72,0.143,0.271,0.115,0.1524,0.723,0.347,102.1,2.6,29.0,1.325217391304348,0.8476
Unknown_686681,KC,686681,2022,58,207,186,47,11,1,4,9,48,8,2,0.253,0.312,0.387,0.699,0.134,0.316,0.0435,0.2319,0.6763,0.347,102.1,0.7,24.0,5.331034482758621,0.7681
Unknown_545341,COL,545341,2022,143,566,531,140,22,3,21,27,131,6,2,0.264,0.306,0.435,0.741,0.171,0.312,0.0477,0.2314,0.7102,0.347,102.1,2.0,31.0,4.851153039832285,0.7686
Unknown_665833,PIT,665833,2022,91,374,344,81,13,4,18,28,129,1,1,0.235,0.294,0.453,0.748,0.218,0.318,0.0749,0.3449,0.5775,0.347,102.1,1.3,24.0,4.604806408544726,0.6551
Unknown_666969,TEX,666969,2022,168,692,633,157,36,5,28,46,190,6,7,0.248,0.302,0.453,0.755,0.205,0.306,0.0665,0.2746,0.6503,0.347,102.1,2.5,29.0,4.129323308270677,0.7254
Unknown_608369,TEX,608369,2022,162,694,622,149,24,1,35,59,110,7,6,0.24,0.31,0.45,0.76,0.211,0.236,0.085,0.1585,0.7464,0.347,102.1,2.5,28.0,1.864705882352941,0.8415
Unknown_622534,TB,622534,2022,100,395,364,101,22,2,5,28,72,2,1,0.277,0.332,0.39,0.722,0.113,0.333,0.0709,0.1823,0.7418,0.346,101.4,1.4,28.0,2.571227080394922,0.8177
Unknown_670623,TB,670623,2022,115,397,344,72,16,0,21,46,69,5,2,0.209,0.31,0.439,0.749,0.23,0.199,0.1159,0.1738,0.6977,0.346,101.4,1.4,23.0,1.4995685936151855,0.8262
Unknown_644374,TB,644374,2022,77,226,202,45,9,0,6,18,69,4,2,0.223,0.296,0.356,0.653,0.134,0.302,0.0796,0.3053,0.5973,0.346,101.4,0.8,27.0,3.8354271356783918,0.6947
Unknown_609280,NYY,609280,2022,43,162,152,38,7,1,2,7,32,0,3,0.25,0.278,0.349,0.626,0.099,0.298,0.0432,0.1975,0.7593,0.346,101.4,0.6,27.0,4.5717592592592595,0.8025
Unknown_595751,SD,595751,2022,90,298,278,72,16,0,10,11,107,6,3,0.259,0.299,0.424,0.723,0.165,0.378,0.0369,0.3591,0.5839,0.346,101.4,1.0,29.0,9.73170731707317,0.6409
Unknown_607054,MIL,607054,2022,118,356,311,74,17,2,9,37,91,2,3,0.238,0.32,0.392,0.712,0.154,0.304,0.1039,0.2556,0.6264,0.346,101.4,1.2,32.0,2.460057747834456,0.7444
Unknown_664761,PHI,664761,2022,171,691,639,175,27,3,14,36,116,5,11,0.274,0.313,0.391,0.704,0.117,0.31,0.0521,0.1679,0.7728,0.345,100.7,2.4,26.0,3.222648752399232,0.8321000000000001
Unknown_571980,CIN,571980,2022,111,369,342,79,21,4,12,21,100,4,1,0.231,0.283,0.421,0.704,0.19,0.29,0.0569,0.271,0.6585,0.345,100.7,1.3,31.0,4.76274165202109,0.729
Unknown_663698,SF,663698,2022,95,315,282,64,7,0,14,29,120,4,0,0.227,0.308,0.401,0.709,0.174,0.338,0.0921,0.381,0.5143,0.345,100.7,1.1,26.0,4.136807817589577,0.619
Unknown_656185,PIT,656185,2022,47,157,133,26,4,1,3,14,43,6,1,0.195,0.299,0.308,0.607,0.113,0.261,0.0892,0.2739,0.5796,0.345,100.7,0.5,29.0,3.0706278026905824,0.7261
Unknown_670768,SF,670768,2022,106,373,330,88,19,2,5,33,77,4,6,0.267,0.335,0.382,0.717,0.115,0.327,0.0885,0.2064,0.6944,0.345,100.7,1.3,27.0,2.3322033898305086,0.7936
Unknown_641645,NYM,641645,2022,105,358,315,83,13,1,2,38,53,3,0,0.263,0.348,0.33,0.678,0.067,0.312,0.1061,0.148,0.7318,0.344,100.1,1.2,28.0,1.3949104618284636,0.852
Unknown_462101,ATH,462101,2022,158,607,565,142,34,1,18,39,99,3,0,0.251,0.303,0.411,0.714,0.159,0.277,0.0643,0.1631,0.7677,0.344,100.1,2.0,34.0,2.536547433903577,0.8369
Unknown_669304,MIN,669304,2022,129,495,453,121,25,0,15,30,91,10,2,0.267,0.325,0.422,0.747,0.155,0.304,0.0606,0.1838,0.7354,0.344,100.1,1.7,24.0,3.0330033003300327,0.8162
Unknown_630105,SD,630105,2022,174,739,640,151,31,4,19,75,149,16,8,0.236,0.327,0.386,0.713,0.15,0.275,0.1015,0.2016,0.6712,0.343,99.4,2.4,28.0,1.986206896551724,0.7984
Unknown_669016,LAA,669016,2022,154,518,477,119,22,4,15,31,182,3,3,0.249,0.298,0.407,0.704,0.157,0.367,0.0598,0.3514,0.5753,0.343,99.4,1.7,25.0,5.8762541806020065,0.6486000000000001
Unknown_669289,TOR,669289,2022,146,526,481,132,29,0,9,39,71,2,3,0.274,0.33,0.391,0.72,0.116,0.304,0.0741,0.135,0.7852,0.343,99.4,1.7,28.0,1.8218623481781377,0.865
Unknown_663527,BAL,663527,2022,65,216,184,37,4,0,3,25,51,4,3,0.201,0.306,0.272,0.577,0.071,0.256,0.1157,0.2361,0.6296,0.343,99.4,0.7,25.0,2.0406222990492653,0.7639
Unknown_664913,ATH,664913,2022,159,588,532,119,28,3,26,52,160,3,1,0.224,0.296,0.434,0.73,0.211,0.268,0.0884,0.2721,0.6344,0.343,99.4,1.9,30.0,3.0780542986425337,0.7279
Unknown_640492,SD,640492,2022,93,238,221,57,11,3,1,14,53,1,1,0.258,0.304,0.348,0.652,0.09,0.333,0.0588,0.2227,0.7101,0.343,99.4,0.8,26.0,3.787414965986395,0.7773
Unknown_665161,HOU,665161,2022,146,596,560,143,22,2,25,24,144,6,5,0.255,0.291,0.436,0.726,0.18,0.298,0.0403,0.2416,0.7013,0.342,98.7,1.9,25.0,5.995037220843672,0.7584
Unknown_676801,HOU,676801,2022,120,435,384,94,12,2,14,46,116,3,1,0.245,0.329,0.396,0.725,0.151,0.314,0.1057,0.2667,0.6184,0.342,98.7,1.4,27.0,2.5231788079470197,0.7333000000000001
Unknown_571970,LAD,571970,2022,151,614,505,100,25,1,22,98,161,5,6,0.198,0.331,0.382,0.713,0.184,0.238,0.1596,0.2622,0.57,0.342,98.7,1.9,32.0,1.6428571428571428,0.7378
Unknown_500871,NYM,500871,2022,146,582,529,129,27,4,24,45,136,1,7,0.244,0.301,0.446,0.747,0.202,0.279,0.0773,0.2337,0.6873,0.342,98.7,1.8,33.0,3.0232858990944376,0.7663
Unknown_624415,TOR,624415,2022,104,332,278,58,18,1,7,44,92,6,3,0.209,0.326,0.356,0.682,0.147,0.28,0.1325,0.2771,0.5693,0.342,98.7,1.1,27.0,2.091320754716981,0.7229
Unknown_606466,AZ,606466,2022,147,592,524,125,44,2,12,57,106,6,5,0.239,0.318,0.399,0.716,0.16,0.275,0.0963,0.1791,0.7145,0.342,98.7,1.9,29.0,1.8598130841121496,0.8209
Unknown_543592,SD,543592,2022,122,452,390,101,19,0,5,43,72,6,10,0.259,0.334,0.346,0.68,0.087,0.297,0.0951,0.1593,0.7257,0.341,98.0,1.4,33.0,1.675078864353312,0.8407
Unknown_663845,CHC,663845,2022,105,321,279,67,8,2,3,35,98,4,2,0.24,0.331,0.315,0.647,0.075,0.356,0.109,0.3053,0.5701,0.341,98.0,1.0,26.0,2.800917431192661,0.6947
Unknown_572191,KC,572191,2022,134,485,437,112,10,3,11,39,110,3,4,0.256,0.319,0.368,0.687,0.112,0.316,0.0804,0.2268,0.6825,0.341,98.0,1.5,31.0,2.8208955223880596,0.7732
Unknown_641531,KC,641531,2022,138,534,496,123,28,5,13,34,133,3,1,0.248,0.3,0.403,0.703,0.155,0.313,0.0637,0.2491,0.6816,0.341,98.0,1.6,31.0,3.9105180533751955,0.7509
Unknown_656775,BAL,656775,2022,163,703,638,162,33,4,17,49,136,10,5,0.254,0.315,0.398,0.713,0.144,0.296,0.0697,0.1935,0.7183,0.34,97.4,2.1,28.0,2.7761836441893832,0.8065
Unknown_657077,BOS,657077,2022,161,672,619,170,41,1,11,43,91,3,7,0.275,0.321,0.397,0.719,0.123,0.303,0.064,0.1354,0.7961,0.34,97.4,2.0,26.0,2.1156249999999996,0.8646
Unknown_621550,CHC,621550,2022,144,561,493,103,29,0,27,56,193,9,2,0.209,0.3,0.432,0.732,0.223,0.276,0.0998,0.344,0.5383,0.34,97.4,1.7,31.0,3.44689378757515,0.656
Unknown_571657,CIN,571657,2022,156,618,559,145,25,1,16,33,103,17,7,0.259,0.317,0.394,0.71,0.134,0.289,0.0534,0.1667,0.7492,0.34,97.4,1.9,32.0,3.1217228464419473,0.8333
Unknown_649966,MIL,649966,2022,119,471,405,97,17,1,16,50,99,11,5,0.24,0.335,0.405,0.74,0.165,0.275,0.1062,0.2102,0.6603,0.34,97.4,1.4,25.0,1.9792843691148776,0.7898000000000001
Unknown_457705,MIL,457705,2022,143,606,535,130,25,0,19,63,129,4,4,0.243,0.325,0.396,0.721,0.153,0.284,0.104,0.2129,0.6766,0.34,97.4,1.8,36.0,2.0471153846153847,0.7871
Unknown_669222,CIN,669222,2022,119,456,414,98,13,1,7,33,80,6,1,0.237,0.302,0.324,0.625,0.087,0.277,0.0724,0.1754,0.7149,0.34,97.4,1.4,27.0,2.4226519337016574,0.8246
Unknown_518626,NYY,518626,2022,143,587,512,116,29,0,17,61,156,8,6,0.227,0.315,0.383,0.698,0.156,0.287,0.1039,0.2658,0.6167,0.339,96.7,1.7,37.0,2.5582290664100094,0.7342
Unknown_593643,LAD,593643,2022,79,184,178,44,11,2,2,4,27,2,0,0.247,0.272,0.365,0.637,0.118,0.282,0.0217,0.1467,0.8207,0.339,96.7,0.5,30.0,6.76036866359447,0.8533
Unknown_620443,SEA,620443,2022,64,194,178,45,3,0,4,12,56,1,3,0.253,0.299,0.337,0.636,0.084,0.339,0.0619,0.2887,0.6443,0.339,96.7,0.6,26.0,4.663974151857835,0.7113
Unknown_682985,DET,682985,2022,102,439,394,102,21,6,6,38,126,3,4,0.259,0.326,0.388,0.714,0.129,0.361,0.0866,0.287,0.6196,0.339,96.7,1.3,22.0,3.3140877598152425,0.7130000000000001
Unknown_596115,BOS,596115,2022,99,409,368,86,22,0,16,33,127,3,5,0.234,0.298,0.424,0.722,0.19,0.304,0.0807,0.3105,0.6015,0.339,96.7,1.2,30.0,3.8475836431226766,0.6895
Unknown_624641,STL,624641,2022,74,211,193,47,13,4,2,7,54,8,2,0.244,0.295,0.383,0.679,0.14,0.324,0.0332,0.2559,0.6682,0.338,96.0,0.6,26.0,7.707831325301205,0.7441
Unknown_663624,BAL,663624,2022,154,637,579,144,29,1,24,47,161,4,7,0.249,0.306,0.427,0.733,0.178,0.299,0.0738,0.2527,0.6672,0.338,96.0,1.8,25.0,3.4241192411924115,0.7473000000000001
Unknown_666801,PIT,666801,2022,75,290,264,62,9,4,11,23,79,2,1,0.235,0.3,0.424,0.724,0.189,0.291,0.0793,0.2724,0.6414,0.338,96.0,0.8,23.0,3.4350567465321564,0.7276
Unknown_527038,SF,527038,2022,159,624,543,127,28,1,21,63,106,11,7,0.234,0.322,0.405,0.727,0.171,0.251,0.101,0.1699,0.7115,0.338,96.0,1.8,31.0,1.6821782178217821,0.8301000000000001
Unknown_503556,NYY,503556,2022,76,232,208,43,8,0,9,15,61,4,2,0.207,0.271,0.375,0.646,0.168,0.243,0.0647,0.2629,0.6422,0.338,96.0,0.7,33.0,4.0633693972179294,0.7371
Unknown_446334,SF,446334,2022,88,298,266,65,13,0,14,27,83,2,3,0.244,0.315,0.451,0.767,0.207,0.297,0.0906,0.2785,0.6242,0.338,96.0,0.8,37.0,3.0739514348785875,0.7215
Unknown_668472,KC,668472,2022,57,201,171,32,9,2,7,24,75,2,3,0.187,0.29,0.386,0.676,0.199,0.272,0.1194,0.3731,0.4925,0.338,96.0,0.6,24.0,3.124790619765494,0.6269
Unknown_572816,STL,572816,2022,97,319,300,83,19,1,6,15,51,2,2,0.277,0.313,0.407,0.72,0.13,0.314,0.047,0.1599,0.7868,0.337,95.4,0.9,33.0,3.4021276595744676,0.8401000000000001
Unknown_669720,BAL,669720,2022,151,605,557,138,36,2,16,35,117,10,3,0.248,0.302,0.406,0.708,0.158,0.286,0.0579,0.1934,0.7322,0.337,95.4,1.7,27.0,3.340241796200345,0.8066
Unknown_664059,SEA,664059,2022,66,204,179,46,9,1,5,18,53,4,2,0.257,0.335,0.402,0.737,0.145,0.333,0.0882,0.2598,0.6275,0.337,95.4,0.6,28.0,2.9455782312925165,0.7402
Unknown_594807,ATL,594807,2022,93,343,313,71,19,1,13,23,106,5,2,0.227,0.289,0.419,0.707,0.192,0.296,0.0671,0.309,0.6093,0.337,95.4,0.9,34.0,4.605067064083457,0.6910000000000001
Unknown_641820,BAL,641820,2022,155,624,552,129,25,1,18,56,147,11,5,0.234,0.314,0.38,0.695,0.147,0.283,0.0897,0.2356,0.6571,0.336,94.7,1.7,30.0,2.6265328874024525,0.7644
Unknown_642708,CLE,642708,2022,168,726,691,191,26,9,15,25,125,6,4,0.276,0.306,0.405,0.711,0.129,0.317,0.0344,0.1722,0.7851,0.336,94.7,1.9,27.0,5.005813953488372,0.8278
Unknown_542194,ATH,542194,2022,114,363,344,87,19,0,12,15,85,2,1,0.253,0.287,0.413,0.7,0.16,0.302,0.0413,0.2342,0.7163,0.336,94.7,1.0,31.0,5.670702179176755,0.7658
Unknown_666185,STL,666185,2022,134,517,456,109,31,4,9,49,99,7,5,0.239,0.319,0.384,0.703,0.145,0.283,0.0948,0.1915,0.7002,0.336,94.7,1.4,24.0,2.0200421940928273,0.8085
Unknown_666915,BOS,666915,2022,119,387,349,78,12,2,13,30,123,4,4,0.223,0.289,0.381,0.67,0.158,0.3,0.0775,0.3178,0.5943,0.336,94.7,1.0,27.0,4.1006451612903225,0.6821999999999999
Unknown_656896,KC,656896,2022,114,391,360,82,17,3,13,25,89,5,1,0.228,0.286,0.4,0.686,0.172,0.266,0.0639,0.2276,0.6957,0.336,94.7,1.0,26.0,3.5618153364632237,0.7724
Unknown_596146,MIN,596146,2022,126,479,420,97,20,1,10,50,72,5,4,0.231,0.317,0.355,0.672,0.124,0.254,0.1044,0.1503,0.7349,0.336,94.7,1.3,29.0,1.439655172413793,0.8497
Unknown_467793,SEA,467793,2022,145,563,484,103,24,0,20,74,101,2,3,0.213,0.318,0.386,0.704,0.174,0.227,0.1314,0.1794,0.6856,0.335,94.0,1.5,36.0,1.3652968036529682,0.8206
Unknown_666624,CHC,666624,2022,112,429,383,89,19,4,16,38,138,3,2,0.232,0.305,0.428,0.733,0.196,0.316,0.0886,0.3217,0.5758,0.335,94.0,1.1,23.0,3.630925507900677,0.6783
Unknown_542932,MIA,542932,2022,106,423,375,91,18,3,5,44,94,3,1,0.243,0.326,0.347,0.673,0.104,0.31,0.104,0.2222,0.6667,0.335,94.0,1.1,32.0,2.1365384615384615,0.7778
Unknown_592325,PIT,592325,2022,120,445,392,91,22,2,10,49,105,3,1,0.232,0.321,0.375,0.696,0.143,0.291,0.1101,0.236,0.6472,0.335,94.0,1.1,30.0,2.143505903723887,0.764
Unknown_641487,SEA,641487,2022,159,656,564,135,27,3,7,75,86,10,5,0.239,0.336,0.335,0.671,0.096,0.269,0.1143,0.1311,0.7363,0.334,93.4,1.6,27.0,1.1469816272965878,0.8689
Unknown_664056,STL,664056,2022,96,351,330,84,12,3,7,15,69,4,2,0.255,0.293,0.373,0.666,0.118,0.301,0.0427,0.1966,0.7493,0.334,93.4,0.9,28.0,4.604215456674472,0.8034
Unknown_572228,SD,572228,2022,145,599,529,120,23,0,23,57,193,7,6,0.227,0.307,0.401,0.708,0.174,0.304,0.0952,0.3222,0.571,0.334,93.4,1.5,31.0,3.3844537815126046,0.6778
Unknown_608385,SEA,608385,2022,147,581,483,102,16,0,14,90,113,5,3,0.211,0.339,0.331,0.67,0.12,0.245,0.1549,0.1945,0.642,0.334,93.4,1.4,29.0,1.2556488056810846,0.8055
Unknown_681082,PHI,681082,2022,143,520,471,114,22,2,11,46,97,1,1,0.242,0.31,0.367,0.678,0.125,0.283,0.0885,0.1865,0.7212,0.333,92.7,1.3,25.0,2.1073446327683616,0.8135
Unknown_641933,STL,641933,2022,103,410,358,82,12,1,14,41,108,4,7,0.229,0.31,0.385,0.695,0.156,0.28,0.1,0.2634,0.6268,0.333,92.7,1.0,27.0,2.634,0.7365999999999999
Unknown_660688,WSH,660688,2022,119,456,416,107,24,0,9,31,53,6,2,0.257,0.316,0.38,0.696,0.123,0.275,0.068,0.1162,0.8004,0.333,92.7,1.1,24.0,1.7088235294117646,0.8838
Unknown_669004,KC,669004,2022,137,551,476,107,22,3,19,67,134,1,7,0.225,0.318,0.403,0.721,0.179,0.267,0.1216,0.2432,0.6334,0.332,92.0,1.3,24.0,2.0,0.7568
Unknown_641914,ATH,641914,2022,101,330,306,70,6,2,8,21,90,2,1,0.229,0.282,0.34,0.622,0.111,0.297,0.0636,0.2727,0.6576,0.332,92.0,0.8,28.0,4.287735849056603,0.7273000000000001
Unknown_669242,STL,669242,2022,160,660,605,156,32,4,13,47,115,6,1,0.258,0.317,0.388,0.706,0.131,0.299,0.0712,0.1742,0.7439,0.331,91.4,1.5,27.0,2.446629213483146,0.8258
Unknown_641680,TEX,641680,2022,130,468,423,99,20,1,17,42,90,1,2,0.234,0.303,0.407,0.71,0.173,0.258,0.0897,0.1923,0.7158,0.331,91.4,1.0,27.0,2.1438127090301005,0.8077
Unknown_621563,MIA,621563,2022,109,401,375,100,26,1,3,17,57,5,3,0.267,0.305,0.365,0.67,0.099,0.305,0.0424,0.1421,0.8005,0.331,91.4,0.9,32.0,3.3514150943396226,0.8579
Unknown_645801,LAA,645801,2022,59,170,150,31,6,0,4,19,47,1,0,0.207,0.3,0.327,0.627,0.12,0.273,0.1118,0.2765,0.6059,0.331,91.4,0.4,30.0,2.473166368515206,0.7235
Unknown_592206,PHI,592206,2022,151,610,573,152,31,0,14,32,142,3,2,0.265,0.307,0.393,0.699,0.127,0.329,0.0525,0.2328,0.7098,0.33,90.7,1.3,30.0,4.434285714285714,0.7672
Unknown_595879,DET,595879,2022,156,624,587,139,31,4,17,26,153,8,3,0.237,0.277,0.39,0.667,0.153,0.29,0.0417,0.2452,0.7003,0.33,90.7,1.3,30.0,5.880095923261391,0.7548
Unknown_641779,MIA,641779,2022,49,171,158,41,10,0,4,12,54,1,0,0.259,0.316,0.399,0.715,0.139,0.37,0.0702,0.3158,0.6082,0.33,90.7,0.4,26.0,4.498575498575499,0.6841999999999999
Unknown_605612,DET,605612,2022,130,471,448,122,21,2,7,17,89,1,2,0.272,0.299,0.375,0.674,0.103,0.325,0.0361,0.189,0.7665,0.33,90.7,1.0,29.0,5.2354570637119116,0.8109999999999999
Unknown_571976,SD,571976,2022,94,343,313,74,16,0,9,25,111,1,4,0.236,0.292,0.374,0.665,0.137,0.33,0.0729,0.3236,0.6006,0.329,90.0,0.7,32.0,4.4389574759945125,0.6764
Unknown_666176,LAA,666176,2022,100,325,306,69,14,2,10,13,117,4,2,0.225,0.265,0.382,0.647,0.157,0.326,0.04,0.36,0.5846,0.329,90.0,0.7,23.0,9.0,0.64
Unknown_573262,SF,573262,2022,155,576,499,108,31,3,19,65,145,5,6,0.216,0.31,0.405,0.714,0.188,0.261,0.1128,0.2517,0.625,0.329,90.0,1.2,32.0,2.231382978723404,0.7483
Unknown_605170,MIL,605170,2022,99,334,289,60,14,0,10,34,68,9,1,0.208,0.309,0.36,0.669,0.152,0.236,0.1018,0.2036,0.6647,0.329,90.0,0.7,29.0,2.0,0.7964
Unknown_543305,NYY,543305,2022,133,486,414,90,11,2,8,63,118,4,4,0.217,0.324,0.312,0.635,0.094,0.281,0.1296,0.2428,0.6173,0.328,89.4,1.0,33.0,1.873456790123457,0.7572
Unknown_650489,DET,650489,2022,118,421,390,96,20,3,9,18,91,9,3,0.246,0.293,0.382,0.675,0.136,0.297,0.0428,0.2162,0.7173,0.328,89.4,0.8,25.0,5.0514018691588785,0.7838
Unknown_542364,CHC,542364,2022,125,405,349,81,15,1,7,46,85,2,7,0.232,0.319,0.341,0.66,0.109,0.28,0.1136,0.2099,0.6667,0.328,89.4,0.8,31.0,1.8477112676056338,0.7901
Unknown_663837,PHI,663837,2022,120,402,364,89,15,3,6,26,80,4,7,0.245,0.297,0.352,0.648,0.107,0.291,0.0647,0.199,0.7239,0.327,88.7,0.8,26.0,3.075734157650696,0.8009999999999999
Unknown_664731,CHC,664731,2022,79,240,210,47,11,1,6,22,61,3,2,0.224,0.304,0.371,0.675,0.148,0.283,0.0917,0.2542,0.6292,0.327,88.7,0.5,29.0,2.772082878953108,0.7458
Unknown_664728,KC,664728,2022,100,311,285,63,12,6,8,20,82,3,2,0.221,0.277,0.389,0.667,0.168,0.279,0.0643,0.2637,0.6592,0.327,88.7,0.6,25.0,4.101088646967341,0.7363
Unknown_668731,DET,668731,2022,78,258,233,49,4,3,5,25,75,0,0,0.21,0.287,0.318,0.604,0.107,0.288,0.0969,0.2907,0.6124,0.327,88.7,0.5,24.0,3.0,0.7093
Unknown_622682,DET,622682,2022,102,365,342,88,21,3,5,15,83,4,4,0.257,0.293,0.38,0.673,0.123,0.322,0.0411,0.2274,0.7205,0.327,88.7,0.7,28.0,5.532846715328467,0.7726
Unknown_543543,TEX,543543,2022,90,272,253,58,5,0,10,18,82,0,1,0.229,0.279,0.368,0.647,0.138,0.296,0.0662,0.3015,0.6324,0.327,88.7,0.5,33.0,4.554380664652568,0.6985
Unknown_669261,PIT,669261,2022,106,377,331,68,11,1,19,41,115,4,1,0.205,0.3,0.417,0.717,0.211,0.247,0.1088,0.305,0.5756,0.326,88.0,0.7,24.0,2.8033088235294117,0.6950000000000001
Unknown_543063,SF,543063,2022,126,481,429,100,16,2,11,39,104,9,4,0.233,0.308,0.357,0.664,0.124,0.28,0.0811,0.2162,0.684,0.326,88.0,0.9,35.0,2.665844636251541,0.7838
Unknown_680777,MIN,680777,2022,75,262,234,47,10,1,9,27,66,0,0,0.201,0.284,0.368,0.651,0.167,0.239,0.1031,0.2519,0.6412,0.326,88.0,0.5,25.0,2.4432589718719693,0.7481
Unknown_606157,CIN,606157,2022,91,308,286,58,14,0,13,21,110,1,0,0.203,0.26,0.388,0.648,0.185,0.276,0.0682,0.3571,0.5714,0.326,88.0,0.6,28.0,5.236070381231672,0.6429
Unknown_443558,WSH,443558,2022,135,543,484,109,17,0,12,52,130,4,3,0.225,0.304,0.335,0.639,0.11,0.281,0.0958,0.2394,0.6519,0.326,88.0,1.0,42.0,2.498956158663883,0.7605999999999999
Unknown_669357,STL,669357,2022,94,328,298,67,13,0,14,28,109,2,0,0.225,0.296,0.409,0.705,0.185,0.303,0.0854,0.3323,0.5762,0.325,87.4,0.6,22.0,3.891100702576112,0.6677
Unknown_571771,BOS,571771,2022,104,435,391,89,25,0,8,37,78,3,4,0.228,0.297,0.353,0.649,0.125,0.262,0.0851,0.1793,0.7287,0.325,87.4,0.8,31.0,2.1069330199764984,0.8207
Unknown_669352,TEX,669352,2022,56,190,178,49,7,0,3,8,57,2,0,0.275,0.314,0.365,0.679,0.09,0.39,0.0421,0.3,0.6368,0.325,87.4,0.3,24.0,7.1258907363420425,0.7
Unknown_543281,CWS,543281,2022,126,453,411,105,20,2,7,23,75,15,2,0.255,0.317,0.365,0.682,0.109,0.296,0.0508,0.1656,0.7461,0.325,87.4,0.8,35.0,3.2598425196850394,0.8344
Unknown_643396,NYY,643396,2022,153,575,524,140,20,0,5,38,75,5,5,0.267,0.32,0.334,0.654,0.067,0.301,0.0661,0.1304,0.7896,0.324,86.7,0.9,27.0,1.9727685325264748,0.8696
Unknown_663757,SD,663757,2022,162,589,505,99,17,2,21,65,166,9,2,0.196,0.298,0.362,0.66,0.166,0.244,0.1104,0.2818,0.5789,0.324,86.7,1.0,26.0,2.552536231884058,0.7182
Unknown_519058,CIN,519058,2022,86,310,274,61,16,0,8,25,79,8,3,0.223,0.303,0.369,0.672,0.146,0.279,0.0806,0.2548,0.6387,0.324,86.7,0.5,34.0,3.1612903225806455,0.7452
Unknown_543877,BOS,543877,2022,126,454,426,113,24,0,10,22,79,3,3,0.265,0.304,0.392,0.696,0.127,0.303,0.0485,0.174,0.7709,0.323,86.0,0.7,32.0,3.587628865979381,0.8260000000000001
Unknown_622110,LAA,622110,2022,84,268,246,64,9,0,3,20,53,2,0,0.26,0.321,0.333,0.654,0.073,0.321,0.0746,0.1978,0.7201,0.323,86.0,0.4,31.0,2.6514745308310994,0.8022
Unknown_572041,CWS,572041,2022,139,549,508,123,26,1,16,35,104,2,4,0.242,0.291,0.392,0.683,0.15,0.273,0.0638,0.1894,0.7432,0.323,86.0,0.9,35.0,2.9686520376175554,0.8106
Unknown_649557,HOU,649557,2022,98,352,325,77,14,0,12,22,56,3,2,0.237,0.29,0.391,0.681,0.154,0.251,0.0625,0.1591,0.7699,0.322,85.4,0.5,32.0,2.5456,0.8409
Unknown_621035,LAD,621035,2022,129,486,429,94,27,3,11,46,172,6,5,0.219,0.3,0.373,0.673,0.154,0.331,0.0947,0.3539,0.5391,0.322,85.4,0.7,32.0,3.7370644139387537,0.6461
Unknown_593160,KC,593160,2022,146,584,533,136,30,2,12,42,88,1,8,0.255,0.307,0.386,0.693,0.131,0.281,0.0719,0.1507,0.7757,0.322,85.4,0.9,33.0,2.0959666203059806,0.8492999999999999
Unknown_542583,MIA,542583,2022,138,536,497,117,21,0,18,30,124,4,5,0.235,0.282,0.386,0.668,0.151,0.275,0.056,0.2313,0.694,0.322,85.4,0.8,32.0,4.130357142857143,0.7686999999999999
Unknown_640461,ATH,640461,2022,121,411,390,93,21,0,13,17,123,0,3,0.238,0.268,0.392,0.661,0.154,0.311,0.0414,0.2993,0.6545,0.322,85.4,0.6,30.0,7.229468599033817,0.7007
Unknown_605119,MIA,605119,2022,107,407,361,78,16,1,8,38,109,7,1,0.216,0.302,0.332,0.635,0.116,0.286,0.0934,0.2678,0.6216,0.322,85.4,0.6,29.0,2.867237687366167,0.7322
Unknown_669450,AZ,669450,2022,78,231,198,34,8,3,4,31,70,1,1,0.172,0.286,0.303,0.589,0.131,0.24,0.1342,0.303,0.5584,0.322,85.4,0.3,28.0,2.2578241430700445,0.6970000000000001
Unknown_665120,LAA,665120,2022,128,489,453,101,19,2,16,31,144,5,0,0.223,0.28,0.38,0.66,0.157,0.29,0.0634,0.2945,0.6319,0.322,85.4,0.7,29.0,4.645110410094637,0.7055
Unknown_624512,CWS,624512,2022,89,294,270,69,14,1,3,12,60,3,3,0.256,0.292,0.348,0.64,0.093,0.314,0.0408,0.2041,0.7211,0.321,84.7,0.4,27.0,5.002450980392156,0.7959
Unknown_663743,MIA,663743,2022,70,244,221,51,6,1,9,18,45,5,0,0.231,0.303,0.389,0.692,0.158,0.251,0.0738,0.1844,0.7213,0.321,84.7,0.3,26.0,2.4986449864498645,0.8156
Unknown_493329,HOU,493329,2022,156,620,579,146,41,0,12,32,77,6,3,0.252,0.297,0.385,0.682,0.133,0.272,0.0516,0.1242,0.8145,0.32,84.0,0.8,38.0,2.406976744186047,0.8758
Unknown_680911,CLE,680911,2022,140,514,461,111,26,1,9,36,100,8,9,0.241,0.302,0.36,0.662,0.119,0.283,0.07,0.1946,0.7198,0.32,84.0,0.7,26.0,2.78,0.8054
Unknown_573131,SF,573131,2022,127,416,357,72,14,0,11,49,113,7,3,0.202,0.308,0.333,0.641,0.132,0.258,0.1178,0.2716,0.5938,0.32,84.0,0.5,36.0,2.305602716468591,0.7283999999999999
Unknown_650859,LAA,650859,2022,133,525,503,131,23,4,17,17,81,4,0,0.26,0.29,0.423,0.714,0.163,0.281,0.0324,0.1543,0.8038,0.32,84.0,0.7,25.0,4.762345679012346,0.8457
Unknown_643393,ATH,643393,2022,157,592,530,128,29,3,8,46,77,8,3,0.242,0.31,0.353,0.663,0.111,0.268,0.0777,0.1301,0.7703,0.32,84.0,0.8,31.0,1.6743886743886742,0.8699
Unknown_656669,AZ,656669,2022,87,249,219,40,7,0,12,26,62,3,1,0.183,0.277,0.379,0.656,0.196,0.192,0.1044,0.249,0.6345,0.32,84.0,0.3,29.0,2.3850574712643677,0.751
Unknown_680776,BOS,680776,2022,64,238,217,49,15,3,3,16,68,4,1,0.226,0.29,0.364,0.654,0.138,0.313,0.0672,0.2857,0.6303,0.32,84.0,0.3,26.0,4.251488095238096,0.7142999999999999
Unknown_663897,MIA,663897,2022,59,151,141,34,6,1,2,10,48,0,0,0.241,0.291,0.34,0.632,0.099,0.352,0.0662,0.3179,0.6159,0.32,84.0,0.2,26.0,4.802114803625378,0.6820999999999999
Unknown_572039,ATH,572039,2022,48,158,142,29,6,0,5,12,51,2,2,0.204,0.272,0.352,0.624,0.148,0.273,0.0759,0.3228,0.5886,0.32,84.0,0.2,31.0,4.252964426877471,0.6772
Unknown_643524,CHC,643524,2022,82,311,287,68,13,0,8,21,63,1,2,0.237,0.289,0.366,0.655,0.129,0.275,0.0675,0.2026,0.7267,0.32,84.0,0.4,30.0,3.0014814814814814,0.7974
Unknown_624431,NYY,624431,2022,113,376,356,87,14,1,11,16,65,2,2,0.244,0.279,0.382,0.661,0.138,0.27,0.0426,0.1729,0.7793,0.319,83.4,0.5,30.0,4.05868544600939,0.8271
Unknown_502054,CIN,502054,2022,150,642,574,136,25,1,18,56,172,7,5,0.237,0.31,0.378,0.688,0.141,0.303,0.0872,0.2679,0.634,0.319,83.4,0.8,34.0,3.0722477064220186,0.7321
Unknown_553869,COL,553869,2022,113,408,376,84,18,2,9,27,86,2,3,0.223,0.277,0.354,0.631,0.13,0.264,0.0662,0.2108,0.7181,0.319,83.4,0.5,32.0,3.1842900302114803,0.7892
Unknown_682928,SD,682928,2022,100,336,316,79,13,2,3,7,59,9,2,0.25,0.284,0.332,0.617,0.082,0.297,0.0208,0.1756,0.7708,0.319,83.4,0.4,22.0,8.442307692307693,0.8244
Unknown_677649,TEX,677649,2022,65,234,220,54,10,1,7,13,58,0,1,0.245,0.286,0.395,0.682,0.15,0.301,0.0556,0.2479,0.6966,0.319,83.4,0.3,23.0,4.45863309352518,0.7521
Unknown_656541,COL,656541,2022,70,236,206,38,6,1,3,26,71,1,3,0.184,0.275,0.267,0.542,0.083,0.259,0.1102,0.3008,0.5847,0.319,83.4,0.3,28.0,2.7295825771324864,0.6992
Unknown_595281,TB,595281,2022,65,236,219,50,9,0,7,16,63,1,0,0.228,0.284,0.365,0.649,0.137,0.289,0.0678,0.2669,0.661,0.319,83.4,0.3,32.0,3.936578171091446,0.7331
Unknown_641658,COL,641658,2022,78,258,228,49,12,3,2,23,70,1,3,0.215,0.286,0.32,0.606,0.105,0.296,0.0891,0.2713,0.624,0.318,82.7,0.3,28.0,3.0448933782267114,0.7287
Unknown_663611,CHC,663611,2022,66,246,226,57,9,0,1,15,28,3,0,0.252,0.307,0.305,0.613,0.053,0.284,0.061,0.1138,0.8049,0.318,82.7,0.3,25.0,1.8655737704918034,0.8862
Unknown_622761,BAL,622761,2022,153,555,515,116,29,7,15,29,149,6,2,0.225,0.274,0.396,0.67,0.171,0.286,0.0523,0.2685,0.6595,0.317,82.0,0.6,27.0,5.133843212237094,0.7315
Unknown_656716,CHC,656716,2022,60,199,179,37,7,3,5,16,55,2,0,0.207,0.279,0.363,0.642,0.156,0.269,0.0804,0.2764,0.6231,0.317,82.0,0.2,27.0,3.4378109452736316,0.7236
Unknown_660821,MIA,660821,2022,103,366,333,72,15,3,13,29,96,3,1,0.216,0.284,0.396,0.681,0.18,0.262,0.0792,0.2623,0.6503,0.317,82.0,0.4,25.0,3.3118686868686864,0.7377
Unknown_544369,PHI,544369,2022,74,269,248,53,10,4,3,14,40,5,2,0.214,0.268,0.323,0.59,0.109,0.242,0.052,0.1487,0.7807,0.317,82.0,0.3,32.0,2.8596153846153847,0.8513
Unknown_614177,CLE,614177,2022,130,508,469,108,18,2,15,34,165,2,3,0.23,0.283,0.373,0.657,0.143,0.318,0.0669,0.3248,0.6043,0.316,81.4,0.5,27.0,4.855007473841554,0.6752
Unknown_608336,NYY,608336,2022,130,443,380,64,10,2,20,59,175,3,1,0.168,0.284,0.363,0.648,0.195,0.237,0.1332,0.395,0.465,0.316,81.4,0.4,29.0,2.9654654654654653,0.605
Unknown_664058,LAA,664058,2022,68,248,236,62,12,1,2,7,17,3,0,0.263,0.293,0.347,0.64,0.085,0.276,0.0282,0.0685,0.8831,0.316,81.4,0.2,28.0,2.4290780141843973,0.9315
Unknown_663647,PIT,663647,2022,137,570,515,127,24,3,7,48,124,5,2,0.247,0.316,0.346,0.661,0.099,0.311,0.0842,0.2175,0.6895,0.316,81.4,0.6,25.0,2.5831353919239906,0.7825
Unknown_650559,MIA,650559,2022,104,360,335,84,20,0,13,19,90,2,4,0.251,0.292,0.427,0.719,0.176,0.301,0.0528,0.25,0.6889,0.316,81.4,0.3,26.0,4.734848484848485,0.75
Unknown_657656,ATH,657656,2022,99,402,362,76,19,0,13,27,109,12,1,0.21,0.286,0.37,0.656,0.16,0.261,0.0672,0.2711,0.6318,0.316,81.4,0.4,28.0,4.034226190476191,0.7289
Unknown_546991,CIN,546991,2022,67,241,220,51,10,1,5,18,47,1,1,0.232,0.292,0.355,0.646,0.123,0.272,0.0747,0.195,0.722,0.316,81.4,0.2,28.0,2.610441767068273,0.8049999999999999
Unknown_542303,ATL,542303,2022,138,548,508,112,20,0,24,33,132,2,5,0.22,0.268,0.402,0.67,0.181,0.246,0.0602,0.2409,0.6953,0.315,80.7,0.5,32.0,4.001661129568107,0.7591
Unknown_621512,NYM,621512,2022,103,344,313,78,16,0,4,16,84,1,2,0.249,0.286,0.339,0.625,0.089,0.326,0.0465,0.2442,0.6715,0.315,80.7,0.3,28.0,5.251612903225807,0.7558
Unknown_671277,WSH,671277,2022,98,386,368,100,24,2,7,12,86,1,4,0.272,0.294,0.405,0.698,0.133,0.333,0.0311,0.2228,0.7409,0.315,80.7,0.3,22.0,7.163987138263666,0.7772
Unknown_676391,CLE,676391,2022,69,206,189,41,8,0,2,12,30,2,1,0.217,0.27,0.291,0.561,0.074,0.247,0.0583,0.1456,0.7767,0.315,80.7,0.2,26.0,2.497427101200686,0.8544
Unknown_600869,DET,600869,2022,136,500,460,102,22,2,14,30,118,6,4,0.222,0.276,0.37,0.646,0.148,0.265,0.06,0.236,0.692,0.315,80.7,0.4,29.0,3.933333333333333,0.764
Unknown_665482,MIN,665482,2022,119,354,315,76,12,1,2,35,78,2,0,0.241,0.321,0.305,0.626,0.063,0.315,0.0989,0.2203,0.6695,0.315,80.7,0.3,23.0,2.227502527805864,0.7797000000000001
Unknown_642336,TB,642336,2022,96,325,314,79,23,0,7,8,69,2,1,0.252,0.274,0.392,0.666,0.14,0.301,0.0246,0.2123,0.7569,0.314,80.0,0.3,27.0,8.630081300813007,0.7877000000000001
Unknown_546318,PHI,546318,2022,62,197,185,44,9,1,5,11,42,0,1,0.238,0.279,0.378,0.658,0.141,0.281,0.0558,0.2132,0.731,0.314,80.0,0.2,31.0,3.8207885304659497,0.7867999999999999
Unknown_664670,CIN,664670,2022,60,163,152,39,5,1,1,9,23,2,0,0.257,0.307,0.322,0.629,0.066,0.297,0.0552,0.1411,0.7914,0.313,79.4,0.1,26.0,2.556159420289855,0.8589
Unknown_514917,WSH,514917,2022,156,648,590,148,30,4,2,46,119,7,2,0.251,0.312,0.325,0.637,0.075,0.31,0.071,0.1836,0.7299,0.312,78.7,0.4,32.0,2.585915492957747,0.8164
Unknown_669701,TEX,669701,2022,78,265,221,48,6,0,4,31,50,8,3,0.217,0.331,0.299,0.629,0.081,0.259,0.117,0.1887,0.6566,0.312,78.7,0.2,25.0,1.6128205128205129,0.8113
Unknown_408234,DET,408234,2022,122,461,423,109,11,0,7,30,106,3,5,0.258,0.308,0.333,0.641,0.076,0.324,0.0651,0.2299,0.6985,0.312,78.7,0.3,39.0,3.5314900153609825,0.7701
Unknown_596142,MIN,596142,2022,133,499,445,91,27,0,16,42,143,7,5,0.204,0.281,0.373,0.654,0.169,0.258,0.0842,0.2866,0.6152,0.311,78.0,0.3,30.0,3.403800475059383,0.7134
Unknown_642851,SF,642851,2022,62,180,165,42,7,0,3,10,38,3,1,0.255,0.307,0.352,0.659,0.097,0.312,0.0556,0.2111,0.7111,0.311,78.0,0.1,32.0,3.796762589928058,0.7888999999999999
Unknown_664774,SF,664774,2022,80,260,224,46,8,1,8,27,55,6,1,0.205,0.306,0.357,0.663,0.152,0.235,0.1038,0.2115,0.6538,0.31,77.4,0.1,28.0,2.03757225433526,0.7885
Unknown_543228,CHC,543228,2022,92,313,297,70,15,0,9,8,51,3,4,0.236,0.26,0.377,0.637,0.141,0.253,0.0256,0.1629,0.7987,0.31,77.4,0.1,35.0,6.363281249999999,0.8371
Unknown_474832,SF,474832,2022,80,307,263,54,9,1,8,37,85,6,1,0.205,0.316,0.338,0.654,0.133,0.269,0.1205,0.2769,0.5831,0.31,77.4,0.1,34.0,2.2979253112033193,0.7231000000000001
Unknown_543257,DET,543257,2022,142,516,446,92,20,1,8,59,140,6,5,0.206,0.304,0.309,0.614,0.103,0.277,0.1143,0.2713,0.6027,0.309,76.7,0.2,33.0,2.373578302712161,0.7287
Unknown_676369,CHC,676369,2022,74,210,189,38,7,3,6,19,68,2,0,0.201,0.281,0.365,0.646,0.164,0.278,0.0905,0.3238,0.5762,0.309,76.7,0.1,24.0,3.5779005524861875,0.6762
Unknown_679529,DET,679529,2022,123,438,387,80,19,1,9,40,104,8,3,0.207,0.292,0.331,0.623,0.124,0.256,0.0913,0.2374,0.653,0.309,76.7,0.2,23.0,2.6002190580503832,0.7626
Unknown_677950,AZ,677950,2022,116,434,402,94,19,1,8,23,81,4,5,0.234,0.279,0.346,0.625,0.112,0.27,0.053,0.1866,0.7512,0.309,76.7,0.2,22.0,3.520754716981132,0.8134
Unknown_606132,TOR,606132,2022,135,457,435,113,20,3,7,16,87,1,2,0.26,0.286,0.368,0.654,0.108,0.309,0.035,0.1904,0.7615,0.308,76.0,0.1,28.0,5.4399999999999995,0.8096
Unknown_643289,HOU,643289,2022,94,292,267,59,13,0,7,15,35,1,6,0.221,0.26,0.348,0.608,0.127,0.225,0.0514,0.1199,0.8151,0.308,76.0,0.1,28.0,2.332684824902724,0.8801
Unknown_455139,BAL,455139,2022,74,238,210,38,10,0,6,22,74,4,1,0.181,0.27,0.314,0.584,0.133,0.244,0.0924,0.3109,0.5756,0.307,75.4,0.0,38.0,3.364718614718615,0.6891
Unknown_608348,AZ,608348,2022,105,378,339,76,20,0,7,30,74,5,4,0.224,0.294,0.345,0.639,0.121,0.263,0.0794,0.1958,0.7116,0.307,75.4,0.1,28.0,2.465994962216625,0.8042
Unknown_608700,BOS,608700,2022,70,207,187,43,8,0,2,16,34,2,1,0.23,0.296,0.305,0.601,0.075,0.27,0.0773,0.1643,0.744,0.307,75.4,0.0,31.0,2.125485122897801,0.8357
Unknown_656180,WSH,656180,2022,54,172,156,28,4,0,7,15,50,1,0,0.179,0.256,0.34,0.596,0.16,0.212,0.0872,0.2907,0.6163,0.307,75.4,0.0,26.0,3.3337155963302756,0.7093
Unknown_666139,TB,666139,2022,59,220,201,43,12,2,2,15,73,2,1,0.214,0.274,0.323,0.597,0.109,0.323,0.0682,0.3318,0.5864,0.307,75.4,0.0,24.0,4.865102639296188,0.6682
Unknown_661531,COL,661531,2022,66,219,197,40,4,1,7,14,48,5,1,0.203,0.272,0.34,0.612,0.137,0.231,0.0639,0.2192,0.6849,0.306,74.7,0.0,27.0,3.430359937402191,0.7807999999999999
Unknown_600303,SF,600303,2022,62,200,184,46,15,0,3,12,30,1,3,0.25,0.295,0.38,0.675,0.13,0.279,0.06,0.15,0.785,0.306,74.7,0.0,33.0,2.5,0.85
Unknown_665750,TEX,665750,2022,94,347,319,82,14,2,5,22,88,2,3,0.257,0.306,0.361,0.667,0.103,0.336,0.0634,0.2536,0.6744,0.305,74.0,0.0,24.0,4.0,0.7464
Unknown_444876,WSH,444876,2022,45,161,152,31,4,2,1,7,36,2,0,0.204,0.248,0.276,0.525,0.072,0.261,0.0435,0.2236,0.7205,0.305,74.0,0.0,36.0,5.1402298850574715,0.7764
Unknown_608703,CIN,608703,2022,86,276,247,60,10,1,3,26,79,1,2,0.243,0.315,0.328,0.643,0.085,0.341,0.0942,0.2862,0.6159,0.304,73.4,-0.0,32.0,3.038216560509554,0.7138
Unknown_672284,SEA,672284,2022,69,234,212,34,6,1,10,19,76,1,2,0.16,0.231,0.34,0.57,0.179,0.188,0.0812,0.3248,0.5897,0.303,72.7,-0.0,23.0,4.0,0.6752
Unknown_668800,STL,668800,2022,96,308,269,58,12,0,4,31,64,6,1,0.216,0.309,0.305,0.614,0.089,0.267,0.1006,0.2078,0.6688,0.303,72.7,-0.0,27.0,2.065606361829026,0.7922
Unknown_624428,SEA,624428,2022,172,657,593,145,26,4,3,49,82,5,6,0.245,0.305,0.317,0.622,0.073,0.276,0.0746,0.1248,0.7869,0.302,72.0,-0.1,31.0,1.6729222520107239,0.8752
Unknown_657557,STL,657557,2022,80,264,232,42,12,0,8,24,82,6,2,0.181,0.273,0.336,0.609,0.155,0.236,0.0909,0.3106,0.5758,0.302,72.0,-0.1,29.0,3.416941694169417,0.6894
Unknown_656308,PIT,656308,2022,130,452,426,97,17,3,15,20,131,2,4,0.228,0.263,0.387,0.651,0.16,0.289,0.0442,0.2898,0.6615,0.302,72.0,-0.1,27.0,6.5565610859728505,0.7101999999999999
Unknown_596748,WSH,596748,2022,114,420,401,94,16,0,11,13,81,2,4,0.234,0.26,0.357,0.616,0.122,0.265,0.031,0.1929,0.7714,0.302,72.0,-0.1,30.0,6.22258064516129,0.8071
Unknown_641355,LAD,641355,2022,156,589,542,110,27,3,19,39,169,2,6,0.203,0.256,0.369,0.625,0.166,0.253,0.0662,0.2869,0.6435,0.301,71.4,-0.2,27.0,4.333836858006042,0.7131000000000001
Unknown_571912,CLE,571912,2022,68,212,184,40,10,0,3,22,55,3,3,0.217,0.307,0.321,0.627,0.103,0.287,0.1038,0.2594,0.6226,0.3,70.7,-0.1,31.0,2.499036608863199,0.7405999999999999
Unknown_669127,ATH,669127,2022,43,158,147,32,10,1,6,9,54,0,2,0.218,0.259,0.422,0.681,0.204,0.292,0.057,0.3418,0.6013,0.3,70.7,-0.1,25.0,5.996491228070175,0.6582
Unknown_645302,WSH,645302,2022,127,429,384,86,11,2,6,19,107,11,4,0.224,0.278,0.31,0.587,0.086,0.291,0.0443,0.2494,0.655,0.3,70.7,-0.2,25.0,5.62979683972912,0.7505999999999999
Unknown_642727,AZ,642727,2022,80,240,220,47,9,1,6,13,61,1,4,0.214,0.256,0.345,0.602,0.132,0.261,0.0542,0.2542,0.6792,0.299,70.0,-0.1,26.0,4.6900369003690034,0.7458
Unknown_672695,AZ,672695,2022,155,532,461,93,12,2,6,52,109,5,2,0.202,0.288,0.275,0.564,0.074,0.25,0.0977,0.2049,0.6654,0.298,69.4,-0.3,23.0,2.097236438075742,0.7951
Unknown_670032,KC,670032,2022,144,508,463,107,14,4,0,30,70,4,1,0.231,0.283,0.279,0.562,0.048,0.272,0.0591,0.1378,0.7756,0.298,69.4,-0.3,27.0,2.3316412859560067,0.8622
Unknown_500743,MIA,500743,2022,146,529,490,115,19,2,6,28,61,6,4,0.235,0.282,0.318,0.601,0.084,0.255,0.0529,0.1153,0.8185,0.298,69.4,-0.3,33.0,2.1795841209829865,0.8847
Unknown_660294,PIT,660294,2022,59,221,192,37,7,0,3,25,59,0,4,0.193,0.281,0.276,0.557,0.083,0.254,0.1131,0.267,0.6199,0.298,69.4,-0.1,31.0,2.3607427055702916,0.733
Unknown_518792,CHC,518792,2022,54,175,158,30,5,2,1,14,43,3,0,0.19,0.269,0.266,0.534,0.076,0.254,0.08,0.2457,0.6571,0.298,69.4,-0.1,33.0,3.07125,0.7543
Unknown_660162,CWS,660162,2022,114,466,428,88,18,1,12,33,127,2,2,0.206,0.265,0.336,0.601,0.131,0.261,0.0708,0.2725,0.6502,0.297,68.7,-0.3,27.0,3.848870056497175,0.7275
Unknown_553882,MIL,553882,2022,92,323,286,58,12,1,5,31,65,3,2,0.203,0.286,0.304,0.59,0.101,0.243,0.096,0.2012,0.6904,0.297,68.7,-0.2,30.0,2.095833333333333,0.7988
Unknown_542340,CHC,542340,2022,64,240,221,44,7,2,3,16,62,0,2,0.199,0.251,0.29,0.541,0.09,0.259,0.0667,0.2583,0.6708,0.296,68.0,-0.2,31.0,3.8725637181409294,0.7417
Unknown_668751,PIT,668751,2022,74,239,219,49,11,0,5,18,57,0,1,0.224,0.282,0.342,0.624,0.119,0.278,0.0753,0.2385,0.682,0.295,67.4,-0.2,23.0,3.167330677290836,0.7615000000000001
Unknown_596059,BAL,596059,2022,141,496,449,91,20,3,13,33,114,10,4,0.203,0.27,0.347,0.618,0.145,0.239,0.0665,0.2298,0.6835,0.294,66.7,-0.4,28.0,3.4556390977443607,0.7702
Unknown_670764,TB,670764,2022,142,500,435,79,20,2,8,59,123,2,2,0.182,0.281,0.292,0.573,0.11,0.232,0.118,0.246,0.626,0.292,65.4,-0.5,26.0,2.0847457627118646,0.754
Unknown_541645,MIA,541645,2022,106,408,381,84,9,0,8,21,120,4,2,0.22,0.267,0.307,0.574,0.087,0.298,0.0515,0.2941,0.6446,0.29,64.0,-0.5,31.0,5.710679611650486,0.7059
Unknown_598265,BOS,598265,2022,128,401,373,76,24,1,7,25,86,1,0,0.204,0.256,0.33,0.585,0.126,0.246,0.0623,0.2145,0.7157,0.289,63.4,-0.5,32.0,3.4430176565008024,0.7855
Unknown_641553,CWS,641553,2022,97,280,263,59,13,1,2,12,79,4,0,0.224,0.269,0.304,0.573,0.08,0.313,0.0429,0.2821,0.6571,0.288,62.7,-0.4,31.0,6.575757575757576,0.7179
Unknown_518735,CWS,518735,2022,108,401,351,71,8,0,6,46,84,2,2,0.202,0.297,0.276,0.573,0.074,0.247,0.1147,0.2095,0.6708,0.287,62.0,-0.6,34.0,1.8265039232781168,0.7905
Unknown_664702,CLE,664702,2022,167,651,588,132,25,3,0,56,92,1,4,0.224,0.291,0.277,0.568,0.053,0.264,0.086,0.1413,0.768,0.284,60.0,-1.1,28.0,1.6430232558139537,0.8587
Unknown_647351,SEA,647351,2022,116,383,354,71,13,2,10,22,69,3,4,0.201,0.251,0.333,0.584,0.133,0.219,0.0574,0.1802,0.7546,0.284,60.0,-0.7,26.0,3.1393728222996518,0.8198
Unknown_571466,DET,571466,2022,105,334,304,64,11,0,1,28,77,1,0,0.211,0.279,0.257,0.536,0.046,0.279,0.0838,0.2305,0.6796,0.283,59.3,-0.6,31.0,2.7505966587112174,0.7695
Unknown_594777,TEX,594777,2022,134,453,413,81,15,1,12,30,146,7,3,0.196,0.26,0.324,0.585,0.128,0.267,0.0662,0.3223,0.596,0.282,58.7,-0.9,35.0,4.8685800604229605,0.6777
Unknown_605548,TOR,605548,2022,65,150,135,17,5,1,2,6,60,8,0,0.126,0.208,0.222,0.43,0.096,0.205,0.04,0.4,0.5,0.281,58.0,-0.3,30.0,10.0,0.6
Unknown_623168,PIT,623168,2022,63,185,168,39,8,0,0,8,18,5,0,0.232,0.287,0.28,0.567,0.048,0.26,0.0432,0.0973,0.8108,0.281,58.0,-0.4,31.0,2.2523148148148144,0.9027000000000001
Unknown_605353,ATH,605353,2022,72,253,223,49,12,0,1,25,47,2,3,0.22,0.3,0.287,0.587,0.067,0.27,0.0988,0.1858,0.7075,0.281,58.0,-0.5,29.0,1.8805668016194332,0.8142
Unknown_592696,ATL,592696,2022,93,308,288,58,13,1,5,17,78,0,3,0.201,0.244,0.306,0.549,0.104,0.255,0.0552,0.2532,0.6916,0.28,57.3,-0.6,31.0,4.58695652173913,0.7468
Unknown_623205,LAA,623205,2022,121,365,337,66,8,1,10,16,126,3,3,0.196,0.237,0.315,0.551,0.119,0.275,0.0438,0.3452,0.5863,0.279,56.7,-0.8,28.0,7.8812785388127855,0.6548
Unknown_455117,HOU,455117,2022,121,405,367,67,12,0,15,24,129,8,2,0.183,0.247,0.338,0.585,0.155,0.231,0.0593,0.3185,0.5926,0.278,56.0,-0.9,36.0,5.370994940978078,0.6815
Unknown_642350,TB,642350,2022,99,347,323,68,13,2,8,20,116,3,1,0.211,0.262,0.337,0.6,0.127,0.3,0.0576,0.3343,0.5994,0.278,56.0,-0.8,27.0,5.803819444444445,0.6657
Unknown_543510,NYM,543510,2022,62,205,188,37,7,0,3,11,49,4,2,0.197,0.254,0.282,0.536,0.085,0.246,0.0537,0.239,0.6878,0.278,56.0,-0.5,32.0,4.450651769087523,0.761
Unknown_607732,MIA,607732,2022,116,399,361,80,13,0,4,29,87,6,2,0.222,0.289,0.291,0.58,0.069,0.279,0.0727,0.218,0.6917,0.278,56.0,-0.9,33.0,2.998624484181568,0.782
Unknown_435559,LAA,435559,2022,54,169,148,26,4,0,5,16,30,2,2,0.176,0.262,0.304,0.566,0.128,0.183,0.0947,0.1775,0.7101,0.278,56.0,-0.4,39.0,1.874340021119324,0.8225
Unknown_669397,ATH,669397,2022,100,337,308,66,13,0,5,21,67,1,1,0.214,0.266,0.305,0.571,0.091,0.257,0.0623,0.1988,0.7181,0.277,55.3,-0.8,24.0,3.191011235955056,0.8012
Unknown_519390,ATH,519390,2022,75,205,181,29,4,1,7,18,50,2,4,0.16,0.239,0.309,0.548,0.149,0.172,0.0878,0.2439,0.6585,0.275,54.0,-0.5,38.0,2.777904328018223,0.7561
Unknown_545358,LAA,545358,2022,108,390,348,62,12,1,9,38,119,2,1,0.178,0.262,0.296,0.558,0.118,0.24,0.0974,0.3051,0.5897,0.275,54.0,-1.0,31.0,3.1324435318275152,0.6949000000000001
Unknown_605421,PIT,605421,2022,49,150,135,20,0,0,7,13,36,0,1,0.148,0.221,0.304,0.525,0.156,0.14,0.0867,0.24,0.6667,0.274,53.3,-0.4,30.0,2.7681660899653977,0.76
Unknown_570731,DET,570731,2022,142,541,508,102,23,1,12,22,113,7,4,0.201,0.242,0.321,0.563,0.12,0.233,0.0407,0.2089,0.7375,0.272,52.0,-1.5,31.0,5.132678132678133,0.7911
Unknown_672779,PIT,672779,2022,52,183,164,33,6,2,2,11,45,1,2,0.201,0.253,0.299,0.552,0.098,0.261,0.0601,0.2459,0.6612,0.271,51.3,-0.5,23.0,4.091514143094842,0.7541
Unknown_544725,CWS,544725,2022,99,344,325,70,9,0,4,11,72,3,3,0.215,0.246,0.28,0.526,0.065,0.262,0.032,0.2093,0.7442,0.271,51.3,-1.0,31.0,6.540625,0.7907
Unknown_668709,MIA,668709,2022,67,244,210,35,10,2,5,30,70,2,2,0.167,0.275,0.305,0.579,0.138,0.219,0.123,0.2869,0.582,0.27,50.7,-0.7,25.0,2.332520325203252,0.7131000000000001
Unknown_676694,HOU,676694,2022,49,162,152,34,6,2,1,7,56,2,1,0.224,0.265,0.309,0.575,0.086,0.344,0.0432,0.3457,0.5988,0.269,50.0,-0.5,26.0,8.002314814814815,0.6543
Unknown_456715,MIL,456715,2022,49,175,161,29,5,0,1,11,41,2,1,0.18,0.24,0.23,0.47,0.05,0.233,0.0629,0.2343,0.6914,0.267,48.7,-0.6,36.0,3.7249602543720193,0.7657
Unknown_681146,ATH,681146,2022,57,187,162,33,4,0,1,19,32,4,1,0.204,0.301,0.247,0.548,0.043,0.246,0.1016,0.1711,0.7005,0.266,48.0,-0.6,27.0,1.6840551181102363,0.8289
Unknown_642165,PIT,642165,2022,73,211,189,34,5,2,3,20,54,0,2,0.18,0.256,0.275,0.531,0.095,0.231,0.0948,0.2559,0.6493,0.266,48.0,-0.7,27.0,2.699367088607595,0.7441
Unknown_621433,TB,621433,2022,84,254,225,32,7,0,5,21,106,3,1,0.142,0.224,0.24,0.464,0.098,0.235,0.0827,0.4173,0.4724,0.264,46.7,-0.9,28.0,5.045949214026603,0.5827
Unknown_476704,ATH,476704,2022,54,196,178,35,6,0,3,16,41,0,2,0.197,0.26,0.281,0.541,0.084,0.235,0.0816,0.2092,0.7092,0.261,44.7,-0.7,38.0,2.563725490196078,0.7908
Unknown_425877,STL,425877,2022,79,288,280,61,9,0,6,5,44,2,1,0.218,0.236,0.314,0.55,0.096,0.238,0.0174,0.1528,0.8229,0.26,44.0,-1.1,40.0,8.781609195402298,0.8472
Unknown_665506,ATH,665506,2022,94,295,271,46,7,2,3,18,78,3,0,0.17,0.229,0.244,0.473,0.074,0.226,0.061,0.2644,0.6542,0.26,44.0,-1.1,24.0,4.334426229508197,0.7356
Unknown_595978,CLE,595978,2022,111,370,322,53,5,0,8,29,89,6,3,0.165,0.244,0.255,0.499,0.09,0.197,0.0784,0.2405,0.6378,0.255,40.7,-1.6,30.0,3.0676020408163267,0.7595000000000001
Unknown_641511,PIT,641511,2022,54,167,155,33,6,0,1,9,50,2,0,0.213,0.265,0.271,0.536,0.058,0.308,0.0539,0.2994,0.6287,0.251,38.0,-0.8,27.0,5.554730983302411,0.7006
Unknown_519222,CIN,519222,2022,55,151,140,22,3,0,3,8,48,1,0,0.157,0.208,0.243,0.451,0.086,0.213,0.053,0.3179,0.6093,0.245,34.0,-0.8,34.0,5.998113207547171,0.6820999999999999
Unknown_650331,MIA,650331,2022,53,181,165,27,4,0,5,13,55,1,2,0.164,0.227,0.279,0.505,0.115,0.206,0.0718,0.3039,0.6188,0.241,31.3,-1.0,26.0,4.2325905292479105,0.6960999999999999
Unknown_660644,TB,660644,2022,55,173,156,25,5,0,3,14,38,1,2,0.16,0.231,0.25,0.481,0.09,0.188,0.0809,0.2197,0.6936,0.237,28.7,-1.0,24.0,2.715698393077874,0.7803
Unknown_676480,CIN,676480,2022,47,174,165,25,3,0,2,9,76,0,0,0.152,0.195,0.206,0.401,0.055,0.264,0.0517,0.4368,0.5115,0.185,-6.0,-1.8,24.0,8.448742746615087,0.5631999999999999
Unknown_660271,LAA,660271,2023,138,607,508,154,26,8,44,93,144,3,3,0.303,0.412,0.646,1.058,0.343,0.341,0.1532,0.2372,0.5964,0.464,182.2,8.4,29.0,1.548302872062663,0.7628
Unknown_608369,TEX,608369,2023,131,586,515,170,45,0,34,61,97,4,6,0.33,0.401,0.616,1.017,0.285,0.349,0.1041,0.1655,0.7235,0.453,174.9,7.5,29.0,1.5898174831892413,0.8345
Unknown_592450,NYY,592450,2023,111,474,380,102,16,0,38,90,133,1,3,0.268,0.407,0.611,1.018,0.342,0.302,0.1899,0.2806,0.5274,0.453,174.9,6.1,31.0,1.4776197998946814,0.7194
Unknown_660670,ATL,660670,2023,169,774,675,223,36,5,42,86,92,10,3,0.33,0.412,0.585,0.997,0.255,0.333,0.1111,0.1189,0.7571,0.45,172.9,9.7,26.0,1.0702070207020702,0.8811
Unknown_670541,HOU,670541,2023,121,524,437,129,27,1,35,70,102,13,4,0.295,0.405,0.602,1.006,0.307,0.309,0.1336,0.1947,0.6469,0.442,167.6,6.2,26.0,1.4573353293413176,0.8053
Unknown_621566,ATL,621566,2023,173,761,643,184,28,3,57,110,171,4,4,0.286,0.392,0.605,0.997,0.319,0.303,0.1445,0.2247,0.6255,0.441,166.9,9.0,29.0,1.5550173010380626,0.7753
Unknown_518692,LAD,518692,2023,170,760,664,216,59,2,29,75,127,16,5,0.325,0.404,0.551,0.955,0.226,0.365,0.0987,0.1671,0.7132,0.434,162.2,8.5,34.0,1.6930091185410334,0.8329
Unknown_605141,LAD,605141,2023,159,713,602,182,40,1,40,97,109,8,6,0.302,0.403,0.571,0.974,0.269,0.309,0.136,0.1529,0.6999,0.427,157.6,7.6,31.0,1.124264705882353,0.8471
Unknown_669134,SD,669134,2023,53,189,174,56,8,0,8,10,23,4,1,0.322,0.37,0.506,0.876,0.184,0.333,0.0529,0.1217,0.8042,0.423,154.9,1.9,25.0,2.3005671077504726,0.8783
Unknown_666134,COL,666134,2023,108,434,376,111,22,4,20,54,130,3,1,0.295,0.387,0.535,0.922,0.239,0.401,0.1244,0.2995,0.5691,0.416,150.2,4.2,25.0,2.407556270096463,0.7005
Unknown_650490,TB,650490,2023,144,623,547,177,35,0,23,65,98,9,2,0.324,0.403,0.514,0.917,0.19,0.36,0.1043,0.1573,0.7239,0.415,149.5,6.0,32.0,1.508149568552253,0.8427
Unknown_665742,SD,665742,2023,162,708,568,156,32,1,35,132,129,2,5,0.275,0.41,0.519,0.93,0.245,0.296,0.1864,0.1822,0.6271,0.41,146.2,6.5,25.0,0.9774678111587982,0.8178
Unknown_682998,AZ,682998,2023,165,688,596,174,33,11,27,68,130,13,4,0.292,0.374,0.52,0.895,0.228,0.332,0.0988,0.189,0.6831,0.408,144.9,6.2,23.0,1.9129554655870447,0.8109999999999999
Unknown_542303,ATL,542303,2023,154,626,560,154,31,1,40,61,139,3,2,0.275,0.348,0.548,0.896,0.273,0.298,0.0974,0.222,0.6757,0.407,144.2,5.6,33.0,2.2792607802874745,0.778
Unknown_641598,TEX,641598,2023,96,375,323,86,12,0,21,49,89,3,0,0.266,0.368,0.498,0.866,0.232,0.305,0.1307,0.2373,0.6213,0.404,142.2,3.3,32.0,1.8156082631981636,0.7626999999999999
Unknown_547180,PHI,547180,2023,132,572,476,141,29,1,24,87,124,5,4,0.296,0.407,0.513,0.92,0.216,0.352,0.1521,0.2168,0.6224,0.403,141.5,4.9,31.0,1.425378040762656,0.7832
Unknown_668904,MIN,668904,2023,64,265,239,72,7,0,19,24,63,2,0,0.301,0.37,0.569,0.939,0.268,0.338,0.0906,0.2377,0.6642,0.401,140.2,2.2,24.0,2.6236203090507724,0.7623
Unknown_641355,CHC,641355,2023,135,573,514,156,29,1,28,42,90,5,12,0.304,0.354,0.527,0.882,0.224,0.314,0.0733,0.1571,0.7609,0.401,140.2,4.8,28.0,2.143246930422919,0.8429
Unknown_676369,KC,676369,2023,51,188,170,39,7,0,17,15,55,2,1,0.229,0.298,0.571,0.868,0.341,0.222,0.0798,0.2926,0.617,0.396,136.9,1.5,25.0,3.6666666666666674,0.7074
Unknown_608596,SEA,608596,2023,50,168,154,44,12,0,9,11,45,1,2,0.286,0.333,0.539,0.872,0.253,0.343,0.0655,0.2679,0.6548,0.395,136.2,1.3,32.0,4.090076335877863,0.7321
Unknown_514888,HOU,514888,2023,95,431,380,116,21,2,18,45,73,5,1,0.305,0.385,0.513,0.898,0.208,0.338,0.1044,0.1694,0.7146,0.394,135.5,3.4,33.0,1.6226053639846743,0.8306
Unknown_502110,LAD,502110,2023,121,510,461,124,28,2,35,38,158,2,9,0.269,0.322,0.566,0.888,0.297,0.321,0.0745,0.3098,0.6078,0.394,135.5,4.0,36.0,4.158389261744967,0.6901999999999999
Unknown_671213,BOS,671213,2023,137,521,446,118,23,2,26,71,132,1,3,0.265,0.365,0.5,0.865,0.235,0.316,0.1363,0.2534,0.6084,0.392,134.2,4.0,23.0,1.8591342626559062,0.7465999999999999
Unknown_680574,CIN,680574,2023,89,406,367,106,23,4,16,31,115,8,0,0.289,0.357,0.504,0.861,0.215,0.381,0.0764,0.2833,0.6207,0.392,134.2,3.1,24.0,3.7081151832460733,0.7167
Unknown_647304,CLE,647304,2023,127,514,470,146,32,0,18,34,70,3,7,0.311,0.356,0.494,0.85,0.183,0.329,0.0661,0.1362,0.7918,0.391,133.5,3.9,26.0,2.0605143721633885,0.8638
Unknown_666181,CIN,666181,2023,109,341,299,83,16,8,11,40,105,1,1,0.278,0.364,0.495,0.859,0.217,0.391,0.1173,0.3079,0.5718,0.391,133.5,2.6,25.0,2.6248934356351237,0.6920999999999999
Unknown_646240,BOS,646240,2023,159,674,596,162,36,0,34,64,129,11,3,0.272,0.352,0.503,0.855,0.232,0.294,0.095,0.1914,0.6973,0.389,132.2,5.0,27.0,2.014736842105263,0.8086
Unknown_663656,HOU,663656,2023,163,698,601,165,38,5,29,84,98,3,10,0.275,0.361,0.499,0.86,0.225,0.281,0.1203,0.1404,0.7249,0.387,130.9,5.1,26.0,1.167082294264339,0.8596
Unknown_669221,ATL,669221,2023,112,456,387,100,22,0,22,50,101,18,1,0.258,0.368,0.486,0.854,0.227,0.294,0.1096,0.2215,0.6294,0.387,130.9,3.3,29.0,2.020985401459854,0.7785
Unknown_663586,ATL,663586,2023,170,755,674,190,32,3,40,61,182,9,11,0.282,0.344,0.516,0.861,0.234,0.324,0.0808,0.2411,0.6662,0.387,130.9,5.5,26.0,2.983910891089109,0.7589
Unknown_650333,MIA,650333,2023,154,641,596,207,30,3,10,36,36,4,3,0.347,0.387,0.458,0.845,0.111,0.356,0.0562,0.0562,0.8783,0.387,130.9,4.6,26.0,1.0,0.9438
Unknown_669016,PHI,669016,2023,142,507,435,120,26,6,13,63,156,4,4,0.276,0.37,0.453,0.822,0.177,0.396,0.1243,0.3077,0.5582,0.386,130.2,3.6,26.0,2.4754625905068384,0.6923
Unknown_545361,LAA,545361,2023,85,371,317,82,14,1,19,45,108,7,2,0.259,0.361,0.489,0.85,0.23,0.328,0.1213,0.2911,0.5687,0.385,129.5,2.6,32.0,2.3998351195383347,0.7089
Unknown_676801,HOU,676801,2023,121,485,429,119,18,2,22,41,125,12,2,0.277,0.355,0.483,0.838,0.205,0.342,0.0845,0.2577,0.6309,0.384,128.9,3.4,28.0,3.049704142011834,0.7423
Unknown_666397,MIN,666397,2023,115,437,362,98,18,1,18,69,137,2,3,0.271,0.388,0.475,0.863,0.204,0.381,0.1579,0.3135,0.5217,0.384,128.9,3.1,24.0,1.985433818872704,0.6865
Unknown_677594,SEA,677594,2023,160,730,668,188,41,2,33,49,179,11,2,0.281,0.34,0.497,0.837,0.216,0.338,0.0671,0.2452,0.6726,0.384,128.9,5.1,23.0,3.6542473919523095,0.7548
Unknown_670770,CIN,670770,2023,142,574,504,142,23,8,18,48,95,11,3,0.282,0.355,0.466,0.821,0.185,0.315,0.0836,0.1655,0.7178,0.384,128.9,4.0,28.0,1.9796650717703352,0.8345
Unknown_645277,ATL,645277,2023,159,700,633,179,31,6,34,51,114,8,8,0.283,0.34,0.512,0.852,0.229,0.294,0.0729,0.1629,0.75,0.383,128.2,4.8,26.0,2.2345679012345676,0.8371
Unknown_670242,MIN,670242,2023,76,266,221,53,11,1,14,31,85,14,0,0.24,0.368,0.489,0.857,0.249,0.32,0.1165,0.3195,0.5113,0.383,128.2,1.8,26.0,2.742489270386266,0.6805
Unknown_608070,CLE,608070,2023,162,711,630,179,37,6,25,74,77,1,6,0.284,0.357,0.481,0.838,0.197,0.288,0.1041,0.1083,0.7862,0.383,128.2,4.9,31.0,1.0403458213256485,0.8917
Unknown_656180,WSH,656180,2023,49,173,156,43,14,2,4,12,49,3,1,0.276,0.337,0.468,0.805,0.192,0.375,0.0694,0.2832,0.6243,0.383,128.2,1.2,27.0,4.0806916426512965,0.7168
Unknown_606466,AZ,606466,2023,159,688,606,167,27,10,27,72,119,5,5,0.276,0.355,0.487,0.841,0.211,0.301,0.1047,0.173,0.7151,0.382,127.5,4.7,30.0,1.6523400191021966,0.827
Unknown_474832,TOR,474832,2023,109,422,357,88,24,0,19,61,151,2,2,0.246,0.358,0.473,0.831,0.227,0.365,0.1445,0.3578,0.4929,0.382,127.5,2.9,35.0,2.4761245674740486,0.6422
Unknown_661388,MIL,661388,2023,148,635,562,163,39,1,19,65,132,5,2,0.29,0.368,0.464,0.832,0.174,0.349,0.1024,0.2079,0.6803,0.382,127.5,4.3,26.0,2.0302734375,0.7921
Unknown_650859,LAA,650859,2023,130,468,415,114,17,4,19,42,85,6,5,0.275,0.346,0.472,0.818,0.198,0.301,0.0897,0.1816,0.7158,0.382,127.5,3.2,26.0,2.024526198439242,0.8184
Unknown_666624,CHC,666624,2023,113,444,402,102,19,3,28,37,138,2,2,0.254,0.318,0.525,0.843,0.271,0.311,0.0833,0.3108,0.5991,0.381,126.9,3.0,24.0,3.7310924369747904,0.6892
Unknown_664774,SF,664774,2023,137,536,441,115,16,2,17,80,99,7,4,0.261,0.38,0.422,0.801,0.161,0.298,0.1493,0.1847,0.6455,0.381,126.9,3.6,29.0,1.2371064969859344,0.8153
Unknown_527038,SF,527038,2023,130,465,416,116,22,0,23,41,64,5,3,0.279,0.348,0.498,0.846,0.219,0.28,0.0882,0.1376,0.7634,0.381,126.9,3.1,32.0,1.5600907029478457,0.8624
Unknown_673357,CWS,673357,2023,147,604,559,146,38,1,38,31,175,12,2,0.261,0.313,0.537,0.85,0.275,0.31,0.0513,0.2897,0.6308,0.381,126.9,4.1,26.0,5.647173489278753,0.7102999999999999
Unknown_575929,STL,575929,2023,128,508,440,117,27,0,20,52,114,13,2,0.266,0.359,0.464,0.823,0.198,0.315,0.1024,0.2244,0.6457,0.381,126.9,3.4,31.0,2.19140625,0.7756000000000001
Unknown_592885,MIL,592885,2023,151,657,572,159,35,1,20,81,144,3,1,0.278,0.37,0.448,0.817,0.17,0.34,0.1233,0.2192,0.653,0.379,125.5,4.3,32.0,1.7777777777777777,0.7807999999999999
Unknown_594807,BOS,594807,2023,97,375,341,85,29,2,22,23,118,6,5,0.249,0.304,0.54,0.844,0.29,0.306,0.0613,0.3147,0.608,0.379,125.5,2.5,35.0,5.133768352365416,0.6853
Unknown_680777,MIN,680777,2023,100,370,317,84,16,2,15,35,105,12,2,0.265,0.358,0.47,0.828,0.205,0.347,0.0946,0.2838,0.5784,0.378,124.9,2.4,26.0,3.0,0.7162
Unknown_673237,HOU,673237,2023,112,393,371,103,23,0,24,11,80,5,6,0.278,0.303,0.534,0.836,0.256,0.289,0.028,0.2036,0.7557,0.377,124.2,2.5,25.0,7.271428571428571,0.7964
Unknown_656811,BAL,656811,2023,121,391,367,107,23,1,16,17,88,3,3,0.292,0.326,0.49,0.816,0.199,0.342,0.0435,0.2251,0.7212,0.377,124.2,2.5,30.0,5.174712643678161,0.7749
Unknown_682985,DET,682985,2023,105,435,395,114,19,5,12,37,119,1,2,0.289,0.349,0.453,0.803,0.165,0.383,0.0851,0.2736,0.6391,0.377,124.2,2.8,23.0,3.2150411280846067,0.7263999999999999
Unknown_670623,TB,670623,2023,146,588,508,126,25,0,31,59,108,20,1,0.248,0.349,0.48,0.829,0.232,0.257,0.1003,0.1837,0.682,0.376,123.5,3.7,24.0,1.831505483549352,0.8163
Unknown_600869,WSH,600869,2023,147,599,528,134,39,3,22,54,130,13,4,0.254,0.336,0.464,0.8,0.21,0.295,0.0902,0.217,0.6694,0.376,123.5,3.8,30.0,2.4057649667405765,0.783
Unknown_668715,CIN,668715,2023,161,683,597,160,38,3,24,71,145,11,4,0.268,0.354,0.462,0.817,0.194,0.315,0.104,0.2123,0.6676,0.376,123.5,4.3,26.0,2.041346153846154,0.7877000000000001
Unknown_666182,TOR,666182,2023,142,624,593,182,30,3,22,28,119,2,1,0.307,0.34,0.479,0.819,0.172,0.353,0.0449,0.1907,0.7612,0.375,122.9,3.9,25.0,4.247216035634744,0.8093
Unknown_621550,CHC,621550,2023,101,322,283,60,8,1,25,35,115,2,1,0.212,0.302,0.512,0.815,0.3,0.243,0.1087,0.3571,0.5248,0.375,122.9,2.0,32.0,3.2851885924563016,0.6429
Unknown_681481,DET,681481,2023,123,473,431,122,17,2,21,33,117,8,1,0.283,0.345,0.478,0.823,0.195,0.344,0.0698,0.2474,0.666,0.375,122.9,2.9,26.0,3.544412607449857,0.7525999999999999
Unknown_670042,TB,670042,2023,119,418,368,93,24,3,20,29,132,18,2,0.253,0.336,0.497,0.833,0.245,0.335,0.0694,0.3158,0.5694,0.375,122.9,2.6,29.0,4.550432276657061,0.6841999999999999
Unknown_543685,LAA,543685,2023,48,197,161,44,10,0,2,26,28,6,4,0.273,0.386,0.373,0.758,0.099,0.311,0.132,0.1421,0.6954,0.375,122.9,1.2,33.0,1.0765151515151514,0.8579
Unknown_666139,TB,666139,2023,135,519,481,140,34,2,20,34,128,1,3,0.291,0.337,0.495,0.832,0.204,0.357,0.0655,0.2466,0.6859,0.374,122.2,3.2,25.0,3.764885496183206,0.7534
Unknown_624585,MIA,624585,2023,144,604,526,129,24,0,36,68,150,6,4,0.245,0.336,0.496,0.832,0.251,0.27,0.1126,0.2483,0.6291,0.374,122.2,3.7,31.0,2.2051509769094135,0.7517
Unknown_457759,BOS,457759,2023,152,643,571,160,32,0,24,55,113,11,6,0.28,0.351,0.462,0.814,0.182,0.309,0.0855,0.1757,0.7216,0.374,122.2,4.0,39.0,2.054970760233918,0.8243
Unknown_680776,BOS,680776,2023,105,374,345,101,35,2,8,24,92,3,2,0.293,0.342,0.475,0.818,0.183,0.377,0.0642,0.246,0.6791,0.374,122.2,2.3,27.0,3.8317757009345796,0.754
Unknown_623912,TB,623912,2023,128,454,417,129,19,2,12,23,81,8,6,0.309,0.352,0.451,0.803,0.141,0.355,0.0507,0.1784,0.7533,0.373,121.5,2.8,29.0,3.518737672583826,0.8216
Unknown_677551,TB,677551,2023,115,499,450,125,24,6,17,42,70,3,4,0.278,0.341,0.471,0.812,0.193,0.294,0.0842,0.1403,0.7695,0.372,120.9,3.0,22.0,1.666270783847981,0.8597
Unknown_680977,STL,680977,2023,98,386,341,96,10,1,11,34,57,9,1,0.282,0.361,0.413,0.775,0.132,0.31,0.0881,0.1477,0.7383,0.372,120.9,2.3,26.0,1.6765039727582294,0.8523000000000001
Unknown_666969,TEX,666969,2023,160,678,599,144,31,0,41,66,191,7,6,0.24,0.32,0.497,0.818,0.257,0.276,0.0973,0.2817,0.6106,0.371,120.2,4.0,30.0,2.895169578622816,0.7182999999999999
Unknown_641487,SEA,641487,2023,147,643,538,142,35,0,19,95,126,5,2,0.264,0.378,0.435,0.813,0.171,0.311,0.1477,0.196,0.6439,0.371,120.2,3.8,28.0,1.3270142180094788,0.804
Unknown_673548,CHC,673548,2023,137,583,515,147,31,6,20,59,130,2,7,0.285,0.357,0.485,0.842,0.2,0.341,0.1012,0.223,0.6724,0.371,120.2,3.4,29.0,2.2035573122529644,0.777
Unknown_543760,TEX,543760,2023,174,802,717,191,42,4,29,75,119,5,5,0.266,0.338,0.457,0.795,0.191,0.282,0.0935,0.1484,0.7506,0.37,119.5,4.7,33.0,1.5871657754010695,0.8516
Unknown_668939,BAL,668939,2023,161,712,609,167,32,1,21,96,104,2,5,0.274,0.372,0.433,0.806,0.159,0.299,0.1348,0.1461,0.7163,0.37,119.5,4.1,25.0,1.0838278931750742,0.8539
Unknown_683002,BAL,683002,2023,158,650,584,153,30,9,30,60,166,3,3,0.262,0.332,0.498,0.831,0.236,0.315,0.0923,0.2554,0.6477,0.37,119.5,3.8,22.0,2.7670639219935,0.7445999999999999
Unknown_453568,COL,453568,2023,100,427,369,103,24,5,8,40,58,14,4,0.279,0.368,0.436,0.804,0.157,0.309,0.0937,0.1358,0.7377,0.37,119.5,2.5,37.0,1.4493062966915689,0.8642
Unknown_592206,PHI,592206,2023,169,716,666,185,41,2,34,41,191,3,6,0.278,0.32,0.498,0.818,0.221,0.338,0.0573,0.2668,0.6718,0.369,118.9,4.1,31.0,4.656195462478185,0.7332000000000001
Unknown_607208,PHI,607208,2023,165,728,674,188,40,5,30,47,154,6,1,0.279,0.331,0.487,0.818,0.208,0.322,0.0646,0.2115,0.7157,0.369,118.9,4.2,30.0,3.273993808049535,0.7885
Unknown_571970,LAD,571970,2023,144,608,507,109,18,1,38,89,161,6,6,0.215,0.336,0.479,0.815,0.264,0.226,0.1464,0.2648,0.5789,0.369,118.9,3.5,33.0,1.808743169398907,0.7352000000000001
Unknown_607043,NYM,607043,2023,154,689,599,163,30,6,24,74,146,11,4,0.272,0.36,0.462,0.823,0.19,0.321,0.1074,0.2119,0.6633,0.369,118.9,3.9,30.0,1.9729981378026071,0.7881
Unknown_572233,AZ,572233,2023,169,704,619,159,40,2,34,67,134,9,9,0.257,0.334,0.493,0.827,0.236,0.272,0.0952,0.1903,0.7003,0.368,118.2,4.0,32.0,1.9989495798319326,0.8097
Unknown_678009,DET,678009,2023,39,153,133,32,5,2,4,17,38,2,1,0.241,0.333,0.398,0.732,0.158,0.304,0.1111,0.2484,0.6275,0.368,118.2,0.9,24.0,2.2358235823582358,0.7516
Unknown_663616,MIN,663616,2023,63,227,198,46,8,3,10,27,74,0,2,0.232,0.322,0.455,0.776,0.222,0.31,0.1189,0.326,0.5551,0.368,118.2,1.3,26.0,2.7417998317914214,0.6739999999999999
Unknown_677649,TEX,677649,2023,128,454,420,119,24,3,17,24,122,7,2,0.283,0.331,0.476,0.807,0.193,0.36,0.0529,0.2687,0.6608,0.368,118.2,2.6,24.0,5.079395085066162,0.7313000000000001
Unknown_518792,LAD,518792,2023,131,399,359,93,24,0,15,34,72,3,3,0.259,0.326,0.451,0.777,0.192,0.284,0.0852,0.1805,0.7193,0.367,117.5,2.2,34.0,2.118544600938967,0.8195
Unknown_668227,TB,668227,2023,155,667,564,145,20,3,23,80,160,18,5,0.257,0.364,0.426,0.79,0.168,0.316,0.1199,0.2399,0.6132,0.367,117.5,3.7,28.0,2.000834028356964,0.7601
Unknown_669707,PIT,669707,2023,54,209,181,54,9,0,3,24,63,3,1,0.298,0.388,0.398,0.785,0.099,0.44,0.1148,0.3014,0.5694,0.367,117.5,1.2,25.0,2.6254355400696863,0.6986
Unknown_624413,NYM,624413,2023,158,672,581,127,21,2,47,66,152,21,4,0.219,0.318,0.504,0.823,0.286,0.207,0.0982,0.2262,0.6443,0.367,117.5,3.7,29.0,2.303462321792261,0.7738
Unknown_666160,LAA,666160,2023,85,330,318,90,22,2,16,9,116,3,0,0.283,0.309,0.516,0.825,0.233,0.398,0.0273,0.3515,0.6121,0.367,117.5,1.8,25.0,12.875457875457874,0.6485000000000001
Unknown_681546,LAD,681546,2023,160,596,507,126,19,3,24,72,190,13,4,0.249,0.354,0.44,0.794,0.191,0.343,0.1208,0.3188,0.5386,0.366,116.8,3.3,26.0,2.639072847682119,0.6812
Unknown_680869,ATH,680869,2023,70,303,273,73,20,1,14,26,82,3,1,0.267,0.337,0.502,0.838,0.234,0.331,0.0858,0.2706,0.6337,0.366,116.8,1.7,24.0,3.1538461538461537,0.7294
Unknown_676116,ATH,676116,2023,134,516,421,97,22,1,16,80,175,12,3,0.23,0.366,0.401,0.768,0.171,0.348,0.155,0.3391,0.4826,0.366,116.8,2.8,27.0,2.187741935483871,0.6609
Unknown_621466,NYM,621466,2023,57,190,165,39,9,0,11,16,57,7,1,0.236,0.328,0.491,0.819,0.255,0.286,0.0842,0.3,0.5684,0.366,116.8,1.0,30.0,3.5629453681710213,0.7
Unknown_673962,TEX,673962,2023,134,558,519,143,30,2,24,31,161,5,3,0.276,0.321,0.48,0.801,0.204,0.353,0.0556,0.2885,0.647,0.365,116.2,3.0,25.0,5.188848920863309,0.7115
Unknown_669394,CWS,669394,2023,147,559,510,128,29,1,34,32,153,13,4,0.251,0.309,0.512,0.821,0.261,0.287,0.0572,0.2737,0.6458,0.365,116.2,3.0,27.0,4.784965034965035,0.7263
Unknown_663457,STL,663457,2023,119,510,431,113,23,1,14,74,100,1,3,0.262,0.369,0.418,0.787,0.155,0.309,0.1451,0.1961,0.6549,0.365,116.2,2.7,26.0,1.3514817367332872,0.8039000000000001
Unknown_641584,CIN,641584,2023,113,395,350,91,21,0,15,38,76,6,1,0.26,0.342,0.449,0.79,0.189,0.292,0.0962,0.1924,0.6962,0.365,116.2,2.1,28.0,2.0,0.8076
Unknown_656448,WSH,656448,2023,86,272,238,63,17,0,9,26,83,3,5,0.265,0.338,0.45,0.788,0.185,0.358,0.0956,0.3051,0.5772,0.365,116.2,1.5,28.0,3.191422594142259,0.6949000000000001
Unknown_621493,LAA,621493,2023,103,429,374,95,18,0,16,41,81,8,6,0.254,0.336,0.43,0.766,0.176,0.279,0.0956,0.1888,0.697,0.365,116.2,2.3,30.0,1.9748953974895396,0.8112
Unknown_669357,STL,669357,2023,123,480,421,99,17,0,28,54,153,3,2,0.235,0.325,0.475,0.8,0.24,0.293,0.1125,0.3188,0.5625,0.364,115.5,2.5,23.0,2.8337777777777773,0.6812
Unknown_608324,HOU,608324,2023,170,759,654,171,30,4,26,94,94,9,2,0.261,0.361,0.439,0.8,0.177,0.271,0.1238,0.1238,0.7404,0.363,114.8,4.0,29.0,1.0,0.8762
Unknown_456781,MIN,456781,2023,143,479,419,117,28,1,6,44,105,15,1,0.279,0.367,0.394,0.761,0.115,0.359,0.0919,0.2192,0.6576,0.363,114.8,2.5,36.0,2.385201305767138,0.7807999999999999
Unknown_669257,LAD,669257,2023,132,577,486,129,24,3,19,63,91,15,13,0.265,0.359,0.444,0.803,0.179,0.283,0.1092,0.1577,0.7071,0.363,114.8,3.0,28.0,1.4441391941391941,0.8423
Unknown_807799,BOS,807799,2023,144,591,545,157,33,3,16,37,82,7,2,0.288,0.34,0.448,0.788,0.16,0.314,0.0626,0.1387,0.7868,0.363,114.8,3.1,30.0,2.215654952076677,0.8613
Unknown_664023,CHC,664023,2023,163,707,591,146,35,4,21,104,156,6,6,0.247,0.362,0.426,0.788,0.179,0.298,0.1471,0.2207,0.6238,0.363,114.8,3.7,29.0,1.5003399048266486,0.7793
Unknown_457705,PIT,457705,2023,116,486,400,103,19,0,13,77,103,4,5,0.258,0.379,0.402,0.781,0.145,0.311,0.1584,0.2119,0.6214,0.363,114.8,2.5,37.0,1.337752525252525,0.7881
Unknown_643376,TOR,643376,2023,87,316,282,64,16,0,17,24,65,10,0,0.227,0.31,0.465,0.775,0.238,0.235,0.0759,0.2057,0.6867,0.363,114.8,1.6,28.0,2.710144927536232,0.7943
Unknown_596146,MIN,596146,2023,136,523,469,123,24,2,24,46,118,4,4,0.262,0.331,0.475,0.806,0.213,0.299,0.088,0.2256,0.6788,0.362,114.2,2.7,30.0,2.563636363636364,0.7744
Unknown_665489,TOR,665489,2023,164,707,621,163,32,0,26,73,103,9,4,0.262,0.347,0.44,0.786,0.177,0.276,0.1033,0.1457,0.7383,0.362,114.2,3.6,24.0,1.4104549854791868,0.8543000000000001
Unknown_622569,BOS,622569,2023,62,198,179,51,10,0,3,15,23,0,2,0.285,0.337,0.391,0.728,0.106,0.31,0.0758,0.1162,0.798,0.362,114.2,1.0,30.0,1.5329815303430077,0.8838
Unknown_502671,STL,502671,2023,157,693,599,159,31,0,25,87,165,3,4,0.265,0.359,0.442,0.802,0.177,0.324,0.1255,0.2381,0.6306,0.362,114.2,3.6,36.0,1.897211155378486,0.7619
Unknown_608701,BOS,608701,2023,89,259,217,55,11,1,1,34,49,6,1,0.253,0.368,0.327,0.695,0.074,0.321,0.1313,0.1892,0.6486,0.361,113.5,1.3,32.0,1.4409748667174411,0.8108
Unknown_681351,LAA,681351,2023,54,211,193,46,7,0,14,15,53,2,1,0.238,0.299,0.492,0.791,0.254,0.252,0.0711,0.2512,0.6682,0.361,113.5,1.1,23.0,3.533052039381153,0.7488
Unknown_667670,ATH,667670,2023,143,539,474,115,20,1,30,51,178,10,4,0.243,0.327,0.479,0.805,0.236,0.315,0.0946,0.3302,0.5566,0.361,113.5,2.7,29.0,3.490486257928118,0.6698
Unknown_665839,BOS,665839,2023,47,153,143,38,8,0,7,9,38,1,0,0.266,0.314,0.469,0.782,0.203,0.316,0.0588,0.2484,0.6797,0.36,112.8,0.8,25.0,4.224489795918368,0.7516
Unknown_596019,NYM,596019,2023,166,707,622,158,34,2,32,66,139,12,7,0.254,0.334,0.469,0.803,0.215,0.275,0.0934,0.1966,0.6931,0.36,112.8,3.5,30.0,2.1049250535331905,0.8034
Unknown_668804,PIT,668804,2023,151,660,593,157,33,5,24,54,140,7,6,0.265,0.33,0.459,0.789,0.194,0.306,0.0818,0.2121,0.6955,0.36,112.8,3.3,28.0,2.592909535452323,0.7879
Unknown_650402,NYY,650402,2023,163,692,616,167,28,2,26,67,104,3,6,0.271,0.342,0.45,0.792,0.179,0.287,0.0968,0.1503,0.7486,0.36,112.8,3.4,27.0,1.552685950413223,0.8497
Unknown_671739,ATL,671739,2023,148,570,535,153,34,4,18,26,108,5,3,0.286,0.323,0.465,0.789,0.179,0.328,0.0456,0.1895,0.7544,0.359,112.2,2.8,22.0,4.155701754385965,0.8105
Unknown_669261,PIT,669261,2023,146,551,464,102,21,3,26,75,180,6,6,0.22,0.332,0.446,0.778,0.226,0.288,0.1361,0.3267,0.5263,0.359,112.2,2.7,25.0,2.4004408523144747,0.6733
Unknown_645801,SEA,645801,2023,86,257,225,53,6,0,16,24,82,7,1,0.236,0.327,0.476,0.802,0.24,0.289,0.0934,0.3191,0.5603,0.359,112.2,1.3,31.0,3.416488222698073,0.6809000000000001
Unknown_593428,SD,593428,2023,159,677,606,173,34,2,19,57,110,8,6,0.285,0.352,0.442,0.794,0.157,0.319,0.0842,0.1625,0.7415,0.359,112.2,3.3,31.0,1.9299287410926367,0.8375
Unknown_621035,LAD,621035,2023,123,416,364,85,16,1,17,47,136,4,1,0.234,0.327,0.423,0.75,0.19,0.321,0.113,0.3269,0.5505,0.358,111.5,2.0,33.0,2.892920353982301,0.6731
Unknown_543305,BAL,543305,2023,99,338,287,73,9,1,9,50,72,0,1,0.254,0.364,0.387,0.751,0.132,0.309,0.1479,0.213,0.6391,0.358,111.5,1.6,34.0,1.4401622718052738,0.787
Unknown_571657,MIN,571657,2023,120,389,354,91,15,2,13,24,92,9,2,0.257,0.319,0.421,0.74,0.164,0.311,0.0617,0.2365,0.6787,0.357,110.8,1.8,33.0,3.833063209076175,0.7635000000000001
Unknown_643565,CHC,643565,2023,112,413,346,87,20,0,8,59,90,4,3,0.251,0.364,0.379,0.743,0.127,0.315,0.1429,0.2179,0.6271,0.357,110.8,1.9,33.0,1.5248425472358293,0.7821
Unknown_665487,SD,665487,2023,146,651,591,154,33,1,26,53,143,3,3,0.261,0.323,0.452,0.775,0.191,0.301,0.0814,0.2197,0.6928,0.357,110.8,3.1,24.0,2.699017199017199,0.7803
Unknown_672515,AZ,672515,2023,115,408,366,103,19,1,11,31,82,4,7,0.281,0.338,0.429,0.767,0.148,0.329,0.076,0.201,0.7132,0.356,110.2,1.9,23.0,2.6447368421052633,0.7989999999999999
Unknown_623993,BAL,623993,2023,161,684,617,160,42,1,30,57,156,6,4,0.259,0.326,0.476,0.803,0.217,0.299,0.0833,0.2281,0.6798,0.356,110.2,3.2,29.0,2.7382953181272507,0.7719
Unknown_592273,LAA,592273,2023,131,543,505,131,31,3,26,25,144,8,5,0.259,0.302,0.487,0.789,0.228,0.309,0.046,0.2652,0.674,0.356,110.2,2.5,31.0,5.765217391304348,0.7348
Unknown_666310,CLE,666310,2023,67,230,198,47,13,0,11,30,53,1,1,0.237,0.339,0.47,0.809,0.232,0.267,0.1304,0.2304,0.6348,0.356,110.2,1.1,23.0,1.7668711656441718,0.7696000000000001
Unknown_657041,WSH,657041,2023,162,702,645,172,36,3,28,39,179,11,7,0.267,0.316,0.462,0.778,0.195,0.324,0.0556,0.255,0.6738,0.356,110.2,3.2,28.0,4.586330935251799,0.745
Unknown_658668,KC,658668,2023,109,396,364,96,23,4,13,22,66,8,2,0.264,0.318,0.456,0.774,0.192,0.289,0.0556,0.1667,0.7576,0.356,110.2,1.8,27.0,2.9982014388489207,0.8333
Unknown_677951,KC,677951,2023,162,706,652,180,28,11,31,40,123,4,9,0.276,0.318,0.495,0.813,0.219,0.294,0.0567,0.1742,0.762,0.356,110.2,3.3,23.0,3.072310405643739,0.8258
Unknown_664040,TB,664040,2023,112,446,385,91,15,1,22,52,119,6,3,0.236,0.334,0.452,0.786,0.216,0.279,0.1166,0.2668,0.6031,0.356,110.2,2.1,29.0,2.2881646655231562,0.7332000000000001
Unknown_663624,BAL,663624,2023,123,498,449,123,23,1,19,38,112,3,8,0.274,0.329,0.457,0.786,0.183,0.319,0.0763,0.2249,0.6928,0.355,109.5,2.3,26.0,2.9475753604193966,0.7751
Unknown_592626,SF,592626,2023,122,429,361,87,14,3,16,58,89,7,3,0.241,0.354,0.429,0.784,0.188,0.274,0.1352,0.2075,0.641,0.355,109.5,1.9,31.0,1.5347633136094676,0.7925
Unknown_656941,PHI,656941,2023,170,760,623,121,23,1,47,127,232,7,3,0.194,0.336,0.461,0.796,0.266,0.213,0.1671,0.3053,0.5184,0.354,108.8,3.4,30.0,1.827049670855775,0.6947
Unknown_663697,CIN,663697,2023,124,547,472,119,24,0,17,52,109,16,7,0.252,0.342,0.411,0.753,0.159,0.289,0.0951,0.1993,0.6764,0.354,108.8,2.4,27.0,2.095688748685594,0.8007
Unknown_608671,TEX,608671,2023,95,296,255,69,12,1,1,36,43,2,2,0.271,0.363,0.337,0.7,0.067,0.319,0.1216,0.1453,0.723,0.354,108.8,1.3,32.0,1.194901315789474,0.8547
Unknown_596059,SD,596059,2023,63,175,154,34,9,0,4,19,41,2,0,0.221,0.314,0.357,0.671,0.136,0.275,0.1086,0.2343,0.6457,0.354,108.8,0.8,29.0,2.157458563535912,0.7657
Unknown_605137,CLE,605137,2023,158,643,573,144,31,0,24,64,139,2,4,0.251,0.327,0.431,0.758,0.18,0.29,0.0995,0.2162,0.6781,0.353,108.2,2.8,31.0,2.1728643216080403,0.7838
Unknown_542932,MIA,542932,2023,133,442,399,116,17,3,7,34,82,4,3,0.291,0.35,0.401,0.751,0.11,0.348,0.0769,0.1855,0.724,0.353,108.2,1.9,33.0,2.4122236671001303,0.8145
Unknown_663993,TEX,663993,2023,173,770,665,169,38,3,18,97,180,5,3,0.254,0.352,0.402,0.753,0.147,0.321,0.126,0.2338,0.6338,0.352,107.5,3.3,28.0,1.8555555555555556,0.7662
Unknown_687952,CIN,687952,2023,63,241,222,60,7,0,13,14,69,5,0,0.27,0.328,0.477,0.805,0.207,0.336,0.0581,0.2863,0.6349,0.352,107.5,1.0,24.0,4.927710843373494,0.7137
Unknown_663647,PIT,663647,2023,128,543,511,142,31,7,16,28,107,0,4,0.278,0.313,0.46,0.773,0.182,0.321,0.0516,0.1971,0.7514,0.352,107.5,2.3,26.0,3.8197674418604652,0.8029
Unknown_592663,PHI,592663,2023,145,576,524,131,30,5,22,37,147,10,5,0.25,0.309,0.452,0.761,0.202,0.303,0.0642,0.2552,0.658,0.351,106.8,2.4,32.0,3.9750778816199377,0.7448
Unknown_676059,BAL,676059,2023,76,254,230,60,20,3,3,19,63,1,4,0.261,0.315,0.413,0.728,0.152,0.339,0.0748,0.248,0.6732,0.351,106.8,1.1,24.0,3.3155080213903743,0.752
Unknown_660821,MIA,660821,2023,122,416,374,94,24,3,14,38,110,2,1,0.251,0.323,0.444,0.767,0.193,0.319,0.0913,0.2644,0.637,0.351,106.8,1.7,26.0,2.895947426067908,0.7356
Unknown_641857,COL,641857,2023,155,649,576,140,35,3,23,69,208,1,3,0.243,0.324,0.434,0.758,0.191,0.336,0.1063,0.3205,0.5716,0.351,106.8,2.7,29.0,3.0150517403574786,0.6795
Unknown_673490,SD,673490,2023,153,641,553,141,23,0,17,75,128,3,5,0.255,0.344,0.389,0.733,0.134,0.3,0.117,0.1997,0.6708,0.351,106.8,2.7,28.0,1.7068376068376065,0.8003
Unknown_691023,STL,691023,2023,121,482,436,116,19,2,16,38,110,6,2,0.266,0.332,0.429,0.761,0.163,0.321,0.0788,0.2282,0.6805,0.351,106.8,2.0,21.0,2.8959390862944163,0.7718
Unknown_595281,TOR,595281,2023,120,428,388,103,23,7,8,31,92,4,4,0.265,0.323,0.423,0.746,0.157,0.325,0.0724,0.215,0.7009,0.35,106.2,1.8,33.0,2.969613259668508,0.785
Unknown_605170,MIL,605170,2023,63,235,208,55,4,0,8,20,45,4,3,0.264,0.336,0.399,0.735,0.135,0.297,0.0851,0.1915,0.7064,0.35,106.2,1.0,30.0,2.2502937720329026,0.8085
Unknown_571448,STL,571448,2023,147,619,567,152,26,2,26,41,103,3,8,0.268,0.317,0.459,0.775,0.19,0.283,0.0662,0.1664,0.7625,0.35,106.2,2.5,32.0,2.513595166163142,0.8336
Unknown_656582,PIT,656582,2023,135,484,424,105,31,4,12,50,112,9,1,0.248,0.339,0.425,0.763,0.177,0.309,0.1033,0.2314,0.6467,0.349,105.5,2.0,31.0,2.2400774443368827,0.7686
Unknown_643289,HOU,643289,2023,133,517,489,137,27,3,10,21,72,4,3,0.28,0.313,0.409,0.722,0.129,0.31,0.0406,0.1393,0.8124,0.348,104.8,2.0,29.0,3.431034482758621,0.8607
Unknown_606115,ATL,606115,2023,148,564,517,139,26,0,19,41,109,3,3,0.269,0.324,0.429,0.754,0.161,0.306,0.0727,0.1933,0.7287,0.348,104.8,2.2,29.0,2.6588720770288856,0.8067
Unknown_592192,NYM,592192,2023,142,533,458,120,26,1,11,50,85,18,7,0.262,0.353,0.395,0.748,0.133,0.295,0.0938,0.1595,0.7129,0.348,104.8,2.1,34.0,1.7004264392324095,0.8405
Unknown_641658,MIA,641658,2023,87,259,228,61,12,1,3,23,69,3,2,0.268,0.34,0.368,0.708,0.101,0.367,0.0888,0.2664,0.6216,0.348,104.8,1.0,29.0,3.0,0.7336
Unknown_573262,SF,573262,2023,106,390,339,79,23,1,15,45,103,3,1,0.233,0.327,0.44,0.767,0.206,0.288,0.1154,0.2641,0.6077,0.348,104.8,1.5,33.0,2.2885615251299827,0.7359
Unknown_666165,SF,666165,2023,114,362,324,78,11,0,13,27,119,6,3,0.241,0.308,0.395,0.703,0.154,0.333,0.0746,0.3287,0.5746,0.348,104.8,1.4,25.0,4.406166219839142,0.6713
Unknown_650391,CWS,650391,2023,125,500,466,127,24,0,18,31,94,1,2,0.273,0.318,0.44,0.758,0.167,0.306,0.062,0.188,0.748,0.348,104.8,2.0,27.0,3.032258064516129,0.812
Unknown_592518,SD,592518,2023,142,613,554,142,21,0,30,51,113,2,6,0.256,0.318,0.457,0.775,0.2,0.269,0.0832,0.1843,0.7292,0.348,104.8,2.4,31.0,2.215144230769231,0.8157
Unknown_669720,BAL,669720,2023,148,593,545,149,37,2,16,40,147,3,5,0.273,0.324,0.437,0.76,0.163,0.344,0.0675,0.2479,0.6796,0.347,104.2,2.3,28.0,3.6725925925925926,0.7521
Unknown_656305,TOR,656305,2023,147,603,529,126,40,2,17,64,172,8,2,0.238,0.328,0.418,0.746,0.18,0.319,0.1061,0.2852,0.5954,0.347,104.2,2.3,30.0,2.688030160226202,0.7148
Unknown_596103,SF,596103,2023,83,207,185,50,9,0,5,20,58,2,0,0.27,0.348,0.4,0.748,0.13,0.369,0.0966,0.2802,0.6135,0.347,104.2,0.8,31.0,2.900621118012422,0.7198
Unknown_663630,BAL,663630,2023,60,157,138,34,7,0,2,11,43,3,2,0.246,0.312,0.341,0.652,0.094,0.337,0.0701,0.2739,0.6178,0.347,104.2,0.6,26.0,3.907275320970043,0.7261
Unknown_664761,PHI,664761,2023,157,656,594,160,34,0,21,50,102,5,7,0.269,0.328,0.433,0.76,0.163,0.291,0.0762,0.1555,0.7607,0.346,103.5,2.5,27.0,2.040682414698163,0.8445
Unknown_502054,NYM,502054,2023,134,516,460,118,27,3,17,48,115,2,6,0.257,0.326,0.439,0.765,0.183,0.302,0.093,0.2229,0.6802,0.346,103.5,1.9,35.0,2.396774193548387,0.7771
Unknown_672695,AZ,672695,2023,150,531,429,104,20,4,7,73,93,6,5,0.242,0.357,0.357,0.713,0.114,0.29,0.1375,0.1751,0.6422,0.346,103.5,2.0,24.0,1.2734545454545454,0.8249
Unknown_672284,SEA,672284,2023,110,430,385,96,25,2,11,42,137,1,2,0.249,0.323,0.41,0.734,0.161,0.356,0.0977,0.3186,0.5814,0.346,103.5,1.6,24.0,3.2610030706243602,0.6814
Unknown_663728,SEA,663728,2023,148,579,522,122,23,1,31,54,160,1,2,0.234,0.306,0.46,0.765,0.226,0.273,0.0933,0.2763,0.6287,0.346,103.5,2.2,27.0,2.9614147909967845,0.7237
Unknown_663538,CHC,663538,2023,153,698,629,178,27,4,9,49,84,14,5,0.283,0.346,0.382,0.727,0.099,0.312,0.0702,0.1203,0.788,0.346,103.5,2.6,26.0,1.7136752136752138,0.8797
Unknown_543257,TEX,543257,2023,121,452,381,91,25,1,10,61,111,2,8,0.239,0.341,0.388,0.729,0.15,0.302,0.135,0.2456,0.615,0.345,102.8,1.7,34.0,1.8192592592592591,0.7544
Unknown_679529,DET,679529,2023,164,700,622,144,34,1,31,67,177,6,5,0.232,0.31,0.439,0.749,0.207,0.27,0.0957,0.2529,0.6429,0.345,102.8,2.6,24.0,2.6426332288401255,0.7471
Unknown_458015,CIN,458015,2023,68,257,221,44,7,0,14,29,66,7,0,0.199,0.311,0.421,0.732,0.222,0.213,0.1128,0.2568,0.6031,0.345,102.8,0.9,40.0,2.2765957446808507,0.7432000000000001
Unknown_666023,KC,666023,2023,63,237,219,62,10,1,9,13,51,1,3,0.283,0.322,0.461,0.783,0.178,0.327,0.0549,0.2152,0.7215,0.345,102.8,0.9,28.0,3.9198542805100183,0.7847999999999999
Unknown_641680,TEX,641680,2023,140,541,495,131,29,0,18,42,100,1,3,0.265,0.322,0.432,0.754,0.168,0.297,0.0776,0.1848,0.7357,0.344,102.2,2.0,28.0,2.381443298969072,0.8152
Unknown_650489,MIN,650489,2023,123,441,384,96,18,5,10,36,111,16,3,0.25,0.337,0.401,0.738,0.151,0.323,0.0816,0.2517,0.6259,0.344,102.2,1.6,26.0,3.0845588235294112,0.7483
Unknown_596142,SD,596142,2023,73,267,240,52,9,0,19,21,67,4,2,0.217,0.288,0.492,0.78,0.275,0.212,0.0787,0.2509,0.6554,0.344,102.2,1.0,31.0,3.1880559085133418,0.7491
Unknown_592696,ATL,592696,2023,151,537,498,127,25,3,23,35,128,1,2,0.255,0.304,0.456,0.76,0.201,0.298,0.0652,0.2384,0.6927,0.343,101.5,1.9,32.0,3.6564417177914113,0.7616
Unknown_681082,PHI,681082,2023,163,684,626,174,32,3,16,41,114,7,9,0.278,0.325,0.415,0.74,0.137,0.313,0.0599,0.1667,0.7617,0.343,101.5,2.4,26.0,2.782971619365609,0.8333
Unknown_666971,AZ,666971,2023,155,628,586,152,38,2,25,34,112,6,2,0.259,0.306,0.459,0.765,0.2,0.282,0.0541,0.1783,0.758,0.343,101.5,2.2,30.0,3.295748613678373,0.8217
Unknown_545341,COL,545341,2023,118,471,434,116,31,2,16,29,96,6,2,0.267,0.321,0.459,0.779,0.191,0.309,0.0616,0.2038,0.7219,0.343,101.5,1.7,32.0,3.3084415584415585,0.7962
Unknown_660707,COL,660707,2023,89,327,304,74,16,2,12,15,117,5,3,0.243,0.287,0.428,0.715,0.184,0.348,0.0459,0.3578,0.581,0.343,101.5,1.2,25.0,7.795206971677559,0.6422
Unknown_621020,CHC,621020,2023,152,655,578,141,25,3,24,70,158,5,2,0.244,0.33,0.422,0.752,0.178,0.294,0.1069,0.2412,0.6443,0.343,101.5,2.3,29.0,2.256314312441534,0.7588
Unknown_570482,LAA,570482,2023,65,242,226,68,9,1,2,12,38,1,3,0.301,0.335,0.376,0.711,0.075,0.349,0.0496,0.157,0.7893,0.343,101.5,0.9,32.0,3.1653225806451615,0.843
Unknown_665161,HOU,665161,2023,158,667,611,162,35,3,11,45,134,9,1,0.265,0.324,0.386,0.711,0.121,0.323,0.0675,0.2009,0.7121,0.342,100.8,2.3,26.0,2.976296296296296,0.7991
Unknown_641432,NYY,641432,2023,51,169,153,36,7,0,5,14,23,1,1,0.235,0.302,0.379,0.681,0.144,0.246,0.0828,0.1361,0.7751,0.342,100.8,0.6,29.0,1.643719806763285,0.8639
Unknown_670156,CHC,670156,2023,58,165,145,36,5,0,1,17,36,0,0,0.248,0.327,0.303,0.631,0.055,0.324,0.103,0.2182,0.6606,0.341,100.2,0.6,28.0,2.1184466019417476,0.7818
Unknown_593871,MIN,593871,2023,86,369,323,81,18,0,15,40,96,2,3,0.251,0.334,0.446,0.78,0.195,0.307,0.1084,0.2602,0.6233,0.34,99.5,1.2,30.0,2.4003690036900367,0.7398
Unknown_666135,MIN,666135,2023,92,330,290,76,14,1,11,30,84,7,3,0.262,0.342,0.431,0.773,0.169,0.328,0.0909,0.2545,0.6333,0.34,99.5,1.1,26.0,2.7997799779978,0.7455
Unknown_621545,CWS,621545,2023,56,177,163,41,7,0,3,9,54,1,0,0.252,0.295,0.35,0.644,0.098,0.358,0.0508,0.3051,0.6158,0.34,99.5,0.6,29.0,6.005905511811023,0.6949000000000001
Unknown_596129,NYM,596129,2023,108,331,284,65,8,0,13,44,83,2,1,0.229,0.335,0.394,0.73,0.165,0.275,0.1329,0.2508,0.6103,0.34,99.5,1.1,31.0,1.8871331828442441,0.7492
Unknown_608336,MIN,608336,2023,111,348,296,53,10,1,21,50,150,2,0,0.179,0.302,0.432,0.734,0.253,0.256,0.1437,0.431,0.4195,0.34,99.5,1.1,30.0,2.999304105775922,0.569
Unknown_543807,TOR,543807,2023,159,705,636,163,25,1,21,61,127,5,3,0.256,0.325,0.398,0.723,0.142,0.289,0.0865,0.1801,0.7234,0.339,98.8,2.2,34.0,2.0820809248554917,0.8199
Unknown_518626,NYY,518626,2023,57,211,183,32,6,0,16,25,50,1,2,0.175,0.275,0.47,0.745,0.295,0.134,0.1185,0.237,0.6398,0.339,98.8,0.7,38.0,2.0,0.763
Unknown_467793,PIT,467793,2023,154,647,573,135,33,1,23,70,111,0,4,0.236,0.317,0.417,0.734,0.182,0.253,0.1082,0.1716,0.7202,0.339,98.8,2.1,37.0,1.5859519408502771,0.8284
Unknown_542364,NYM,542364,2023,46,152,126,27,3,0,2,23,36,1,1,0.214,0.338,0.286,0.623,0.071,0.281,0.1513,0.2368,0.5987,0.339,98.8,0.5,32.0,1.5651024454725713,0.7632
Unknown_686469,KC,686469,2023,66,274,246,58,17,0,9,25,35,2,1,0.236,0.31,0.415,0.725,0.179,0.241,0.0912,0.1277,0.7701,0.339,98.8,0.9,26.0,1.400219298245614,0.8723
Unknown_642731,SF,642731,2023,123,542,507,137,27,2,14,22,123,11,2,0.27,0.314,0.414,0.728,0.144,0.331,0.0406,0.2269,0.7122,0.338,98.2,1.7,27.0,5.588669950738916,0.7731
Unknown_553869,COL,553869,2023,145,541,501,134,26,1,15,34,124,2,4,0.267,0.314,0.413,0.727,0.146,0.325,0.0628,0.2292,0.7043,0.338,98.2,1.7,33.0,3.6496815286624207,0.7708
Unknown_683734,CWS,683734,2023,153,621,572,149,30,2,22,36,129,11,2,0.26,0.316,0.435,0.751,0.175,0.3,0.058,0.2077,0.7166,0.338,98.2,1.9,25.0,3.5810344827586205,0.7923
Unknown_663886,CIN,663886,2023,140,535,482,119,20,2,13,48,141,4,1,0.247,0.32,0.378,0.697,0.131,0.322,0.0897,0.2636,0.6393,0.338,98.2,1.7,27.0,2.938684503901895,0.7363999999999999
Unknown_605204,SF,605204,2023,148,560,494,122,24,1,18,54,155,6,6,0.247,0.325,0.409,0.734,0.162,0.318,0.0964,0.2768,0.6125,0.338,98.2,1.7,30.0,2.871369294605809,0.7232000000000001
Unknown_621028,CIN,621028,2023,75,269,240,63,18,0,3,18,34,4,5,0.262,0.318,0.375,0.693,0.112,0.288,0.0669,0.1264,0.7844,0.338,98.2,0.8,30.0,1.8893871449925264,0.8735999999999999
Unknown_663837,DET,663837,2023,137,546,494,127,21,5,10,44,114,6,1,0.257,0.325,0.381,0.705,0.123,0.315,0.0806,0.2088,0.6978,0.337,97.5,1.6,27.0,2.5905707196029777,0.7912
Unknown_676609,SEA,676609,2023,93,294,241,56,9,1,5,29,70,19,5,0.232,0.354,0.34,0.694,0.108,0.298,0.0986,0.2381,0.5986,0.337,97.5,0.9,27.0,2.4148073022312375,0.7619
Unknown_669222,CIN,669222,2023,100,335,306,71,10,0,13,26,76,1,2,0.232,0.293,0.392,0.685,0.16,0.265,0.0776,0.2269,0.6925,0.337,97.5,1.0,28.0,2.9239690721649483,0.7731
Unknown_660162,CWS,660162,2023,93,362,339,88,20,1,12,20,109,2,1,0.26,0.304,0.431,0.735,0.171,0.347,0.0552,0.3011,0.6381,0.337,97.5,1.1,28.0,5.454710144927536,0.6989000000000001
Unknown_543228,CHC,543228,2023,119,431,393,106,20,2,11,21,83,9,8,0.27,0.316,0.415,0.73,0.145,0.309,0.0487,0.1926,0.7378,0.337,97.5,1.3,36.0,3.95482546201232,0.8074
Unknown_649966,BOS,649966,2023,53,189,152,29,6,0,3,26,41,11,0,0.191,0.349,0.289,0.639,0.099,0.241,0.1376,0.2169,0.5767,0.337,97.5,0.6,26.0,1.5763081395348837,0.7831
Unknown_621043,MIN,621043,2023,144,618,549,132,32,2,19,61,138,5,3,0.24,0.32,0.41,0.73,0.169,0.286,0.0987,0.2233,0.6699,0.336,96.8,1.8,29.0,2.2624113475177308,0.7767
Unknown_642350,TB,642350,2023,104,379,350,78,14,2,25,23,133,2,3,0.223,0.272,0.489,0.761,0.266,0.272,0.0607,0.3509,0.5805,0.336,96.8,1.1,28.0,5.780889621087315,0.6491
Unknown_608841,WSH,608841,2023,159,676,629,171,37,1,13,39,133,5,3,0.272,0.318,0.396,0.714,0.124,0.325,0.0577,0.1967,0.7382,0.336,96.8,2.0,31.0,3.4090121317157713,0.8033
Unknown_606192,SEA,606192,2023,165,695,641,164,29,2,27,38,215,8,8,0.256,0.302,0.434,0.736,0.178,0.337,0.0547,0.3094,0.6245,0.336,96.8,2.0,31.0,5.656307129798903,0.6906
Unknown_641933,STL,641933,2023,73,277,248,57,14,0,9,29,70,0,0,0.23,0.31,0.395,0.706,0.165,0.284,0.1047,0.2527,0.6426,0.336,96.8,0.8,28.0,2.413562559694365,0.7473000000000001
Unknown_592178,COL,592178,2023,85,350,314,73,11,0,11,30,73,6,0,0.232,0.311,0.373,0.684,0.14,0.27,0.0857,0.2086,0.6886,0.335,96.2,1.0,31.0,2.4340723453908986,0.7914
Unknown_676475,STL,676475,2023,112,362,332,84,22,1,9,23,46,4,2,0.253,0.307,0.407,0.714,0.154,0.269,0.0635,0.1271,0.7873,0.335,96.2,1.0,25.0,2.001574803149606,0.8729
Unknown_519203,NYY,519203,2023,105,438,387,93,14,0,13,36,99,14,1,0.24,0.326,0.377,0.704,0.137,0.29,0.0822,0.226,0.6598,0.335,96.2,1.2,34.0,2.7493917274939177,0.774
Unknown_642715,MIL,642715,2023,157,665,580,129,31,2,24,73,173,6,6,0.222,0.313,0.407,0.72,0.184,0.27,0.1098,0.2602,0.618,0.334,95.5,1.8,28.0,2.3697632058287796,0.7398
Unknown_624512,BOS,624512,2023,73,220,202,51,12,1,1,13,54,2,1,0.252,0.303,0.337,0.639,0.084,0.338,0.0591,0.2455,0.6545,0.334,95.5,0.6,28.0,4.153976311336717,0.7545
Unknown_657077,BOS,657077,2023,143,613,557,145,37,5,13,45,95,6,5,0.26,0.32,0.415,0.734,0.154,0.291,0.0734,0.155,0.7618,0.334,95.5,1.7,27.0,2.111716621253406,0.845
Unknown_624424,SF,624424,2023,128,484,418,98,15,0,15,55,110,7,4,0.234,0.331,0.378,0.709,0.144,0.279,0.1136,0.2273,0.6446,0.334,95.5,1.3,30.0,2.0008802816901405,0.7726999999999999
Unknown_443558,SD,443558,2023,54,166,157,39,6,1,5,6,47,2,1,0.248,0.283,0.395,0.678,0.146,0.321,0.0361,0.2831,0.6687,0.334,95.5,0.5,43.0,7.842105263157896,0.7169
Unknown_686217,MIL,686217,2023,64,245,212,55,9,1,3,28,41,1,4,0.259,0.343,0.354,0.697,0.094,0.302,0.1143,0.1673,0.7143,0.333,94.8,0.7,23.0,1.4636920384951881,0.8327
Unknown_665862,MIA,665862,2023,101,402,371,89,12,2,19,26,127,2,2,0.24,0.292,0.437,0.728,0.197,0.308,0.0647,0.3159,0.6119,0.333,94.8,1.1,25.0,4.882534775888717,0.6840999999999999
Unknown_680757,CLE,680757,2023,164,741,657,176,37,7,5,73,79,4,6,0.268,0.342,0.368,0.71,0.1,0.295,0.0985,0.1066,0.7881,0.333,94.8,2.0,26.0,1.082233502538071,0.8934
Unknown_664034,SEA,664034,2023,164,685,605,153,34,0,12,45,119,34,1,0.253,0.339,0.369,0.707,0.116,0.297,0.0657,0.1737,0.7109,0.333,94.8,1.8,29.0,2.643835616438356,0.8263
Unknown_553993,SEA,553993,2023,167,710,611,145,31,0,23,73,217,15,11,0.237,0.328,0.401,0.729,0.164,0.319,0.1028,0.3056,0.5704,0.333,94.8,1.9,32.0,2.9727626459143965,0.6944
Unknown_668800,STL,668800,2023,74,256,236,56,11,0,10,13,64,5,1,0.237,0.29,0.411,0.701,0.174,0.282,0.0508,0.25,0.6758,0.333,94.8,0.7,28.0,4.921259842519685,0.75
Unknown_665926,CLE,665926,2023,158,631,571,144,27,5,15,33,114,20,3,0.252,0.314,0.396,0.71,0.144,0.29,0.0523,0.1807,0.729,0.333,94.8,1.7,25.0,3.4550669216061185,0.8193
Unknown_592669,LAA,592669,2023,145,565,513,121,31,0,21,46,126,3,3,0.236,0.301,0.419,0.72,0.183,0.271,0.0814,0.223,0.6903,0.333,94.8,1.5,31.0,2.7395577395577395,0.777
Unknown_676480,CIN,676480,2023,48,164,146,34,10,0,3,17,49,0,1,0.233,0.311,0.363,0.674,0.13,0.326,0.1037,0.2988,0.5976,0.333,94.8,0.4,25.0,2.8813886210221793,0.7012
Unknown_628451,DET,628451,2023,115,390,363,95,23,2,11,24,71,1,1,0.262,0.308,0.427,0.735,0.165,0.298,0.0615,0.1821,0.7513,0.332,94.2,1.0,30.0,2.960975609756098,0.8179
Unknown_665750,TEX,665750,2023,149,579,532,143,32,3,15,39,121,1,4,0.269,0.318,0.425,0.743,0.156,0.32,0.0674,0.209,0.7168,0.331,93.5,1.5,25.0,3.1008902077151332,0.791
Unknown_602104,BAL,602104,2023,116,407,370,97,22,3,4,28,103,8,1,0.262,0.327,0.37,0.697,0.108,0.352,0.0688,0.2531,0.6585,0.331,93.5,1.0,29.0,3.6787790697674416,0.7469
Unknown_650559,MIA,650559,2023,159,646,597,155,32,0,19,43,142,1,5,0.26,0.308,0.409,0.717,0.149,0.308,0.0666,0.2198,0.7105,0.331,93.5,1.6,27.0,3.3003003003002997,0.7802
Unknown_642086,WSH,642086,2023,153,611,552,141,22,1,14,47,96,10,2,0.255,0.324,0.375,0.699,0.12,0.286,0.0769,0.1571,0.7496,0.331,93.5,1.5,28.0,2.0429128738621585,0.8429
Unknown_660688,WSH,660688,2023,142,578,537,140,27,0,18,33,58,6,2,0.261,0.31,0.412,0.721,0.151,0.263,0.0571,0.1003,0.8322,0.331,93.5,1.4,25.0,1.756567425569177,0.8996999999999999
Unknown_669004,KC,669004,2023,153,618,549,128,29,5,18,62,177,3,4,0.233,0.312,0.403,0.715,0.169,0.307,0.1003,0.2864,0.6084,0.331,93.5,1.5,25.0,2.85543369890329,0.7136
Unknown_641856,NYY,641856,2023,48,151,131,30,3,1,6,18,40,1,1,0.229,0.325,0.405,0.729,0.176,0.279,0.1192,0.2649,0.6093,0.331,93.5,0.4,29.0,2.222315436241611,0.7351
Unknown_687263,LAA,687263,2023,84,336,294,68,19,0,9,21,77,17,3,0.231,0.316,0.388,0.704,0.156,0.28,0.0625,0.2292,0.6548,0.33,92.8,0.8,22.0,3.6672,0.7708
Unknown_518934,NYY,518934,2023,141,578,512,124,22,3,15,61,128,3,2,0.242,0.325,0.385,0.71,0.143,0.294,0.1055,0.2215,0.6678,0.33,92.8,1.4,35.0,2.099526066350711,0.7785
Unknown_542208,ATH,542208,2023,69,198,177,42,5,0,7,13,41,4,3,0.237,0.299,0.384,0.684,0.147,0.265,0.0657,0.2071,0.702,0.33,92.8,0.5,33.0,3.1522070015220702,0.7928999999999999
Unknown_669701,TEX,669701,2023,84,249,211,42,9,2,6,26,58,9,1,0.199,0.312,0.346,0.658,0.147,0.243,0.1044,0.2329,0.6185,0.33,92.8,0.6,26.0,2.2308429118773945,0.7671
Unknown_678662,COL,678662,2023,158,633,596,154,38,4,16,28,169,4,3,0.258,0.295,0.416,0.711,0.158,0.333,0.0442,0.267,0.6793,0.329,92.2,1.5,22.0,6.040723981900452,0.733
Unknown_663757,SD,663757,2023,155,571,484,98,33,1,15,77,159,5,1,0.202,0.317,0.368,0.685,0.165,0.267,0.1349,0.2785,0.5692,0.329,92.2,1.3,27.0,2.064492216456635,0.7215
Unknown_595909,PHI,595909,2023,67,221,201,48,9,2,6,16,59,1,2,0.239,0.295,0.393,0.688,0.154,0.304,0.0724,0.267,0.6516,0.329,92.2,0.5,31.0,3.687845303867403,0.733
Unknown_669304,MIN,669304,2023,44,166,156,36,7,0,5,9,24,1,0,0.231,0.277,0.372,0.649,0.141,0.244,0.0542,0.1446,0.7952,0.329,92.2,0.4,25.0,2.6678966789667897,0.8553999999999999
Unknown_572191,MIN,572191,2023,129,417,381,84,16,1,21,28,137,4,1,0.22,0.28,0.433,0.713,0.213,0.281,0.0671,0.3285,0.5875,0.328,91.5,0.9,32.0,4.895678092399404,0.6715
Unknown_668670,DET,668670,2023,105,377,343,76,12,0,21,28,121,3,2,0.222,0.285,0.44,0.725,0.219,0.271,0.0743,0.321,0.5942,0.328,91.5,0.8,28.0,4.320323014804845,0.679
Unknown_668731,DET,668731,2023,112,371,324,71,13,1,12,44,93,0,1,0.219,0.312,0.377,0.688,0.157,0.268,0.1186,0.2507,0.6253,0.328,91.5,0.8,25.0,2.1138279932546373,0.7493000000000001
Unknown_571912,CIN,571912,2023,69,207,187,43,10,0,6,14,52,5,0,0.23,0.301,0.38,0.681,0.15,0.287,0.0676,0.2512,0.6522,0.328,91.5,0.5,32.0,3.7159763313609466,0.7488
Unknown_669242,STL,669242,2023,139,543,492,121,25,4,13,37,88,7,4,0.246,0.306,0.392,0.698,0.146,0.273,0.0681,0.1621,0.7514,0.328,91.5,1.2,28.0,2.380323054331865,0.8379
Unknown_665019,PHI,665019,2023,52,164,154,37,11,0,4,9,44,1,0,0.24,0.287,0.39,0.676,0.149,0.311,0.0549,0.2683,0.6707,0.328,91.5,0.4,27.0,4.887067395264117,0.7317
Unknown_547989,HOU,547989,2023,150,629,572,139,27,1,21,43,135,7,7,0.243,0.3,0.404,0.704,0.161,0.279,0.0684,0.2146,0.7059,0.327,90.8,1.4,36.0,3.1374269005847952,0.7854
Unknown_446334,AZ,446334,2023,82,267,237,53,12,0,11,25,83,1,4,0.224,0.296,0.414,0.709,0.19,0.286,0.0936,0.3109,0.5918,0.327,90.8,0.6,38.0,3.3215811965811968,0.6891
Unknown_642708,CLE,642708,2023,147,567,530,138,25,8,8,29,103,4,4,0.26,0.302,0.383,0.685,0.123,0.307,0.0511,0.1817,0.7601,0.327,90.8,1.2,28.0,3.5557729941291587,0.8183
Unknown_657656,ATH,657656,2023,109,419,373,85,18,4,10,36,118,9,1,0.228,0.31,0.378,0.688,0.15,0.305,0.0859,0.2816,0.611,0.327,90.8,0.9,29.0,3.2782305005820724,0.7183999999999999
Unknown_624641,PHI,624641,2023,94,319,296,72,16,2,10,9,79,9,3,0.243,0.284,0.412,0.696,0.169,0.295,0.0282,0.2476,0.6865,0.327,90.8,0.7,27.0,8.78014184397163,0.7524
Unknown_682928,WSH,682928,2023,157,637,584,141,28,6,18,34,122,13,3,0.241,0.297,0.402,0.699,0.161,0.275,0.0534,0.1915,0.73,0.327,90.8,1.4,23.0,3.5861423220973783,0.8085
Unknown_643446,NYM,643446,2023,158,654,591,158,25,4,10,39,66,18,3,0.267,0.33,0.374,0.704,0.107,0.286,0.0596,0.1009,0.8073,0.327,90.8,1.4,31.0,1.6929530201342282,0.8991
Unknown_572761,SD,572761,2023,80,251,202,39,12,0,5,42,69,2,5,0.193,0.331,0.327,0.657,0.134,0.256,0.1673,0.2749,0.5458,0.327,90.8,0.5,38.0,1.6431560071727433,0.7251000000000001
Unknown_519058,LAA,519058,2023,118,406,372,91,15,0,13,23,99,3,8,0.245,0.288,0.39,0.678,0.145,0.291,0.0567,0.2438,0.6921,0.326,90.2,0.8,35.0,4.299823633156966,0.7562
Unknown_543068,COL,543068,2023,72,282,262,66,13,0,12,17,66,1,2,0.252,0.298,0.439,0.737,0.187,0.29,0.0603,0.234,0.7021,0.326,90.2,0.6,33.0,3.8805970149253732,0.766
Unknown_680911,MIL,680911,2023,92,330,305,83,18,0,5,19,66,2,4,0.272,0.315,0.38,0.695,0.108,0.328,0.0576,0.2,0.7364,0.326,90.2,0.7,27.0,3.4722222222222223,0.8
Unknown_669911,COL,669911,2023,49,175,162,32,10,0,5,12,56,1,0,0.198,0.257,0.352,0.609,0.154,0.267,0.0686,0.32,0.6057,0.326,90.2,0.4,25.0,4.664723032069971,0.6799999999999999
Unknown_630105,SD,630105,2023,132,536,473,110,27,7,10,46,99,11,5,0.233,0.312,0.383,0.695,0.15,0.271,0.0858,0.1847,0.7052,0.326,90.2,1.1,29.0,2.152680652680653,0.8153
Unknown_624415,TOR,624415,2023,109,359,306,69,12,0,9,44,95,7,2,0.225,0.334,0.353,0.687,0.127,0.294,0.1226,0.2646,0.5933,0.325,89.5,0.7,28.0,2.1582381729200653,0.7354
Unknown_593160,TOR,593160,2023,148,604,557,151,28,0,11,38,104,3,6,0.271,0.318,0.381,0.698,0.11,0.312,0.0629,0.1722,0.7599,0.325,89.5,1.2,34.0,2.737678855325914,0.8278
Unknown_643265,MIA,643265,2023,126,471,436,109,18,1,17,31,135,2,2,0.25,0.301,0.413,0.714,0.163,0.322,0.0658,0.2866,0.6433,0.325,89.5,0.9,33.0,4.355623100303952,0.7134
Unknown_656413,CIN,656413,2023,87,258,222,51,16,2,5,25,70,6,2,0.23,0.322,0.387,0.709,0.158,0.309,0.0969,0.2713,0.5969,0.325,89.5,0.5,27.0,2.799793601651187,0.7287
Unknown_642336,TB,642336,2023,49,170,159,37,12,0,6,6,38,2,2,0.233,0.266,0.421,0.688,0.189,0.265,0.0353,0.2235,0.7235,0.325,89.5,0.3,28.0,6.331444759206799,0.7765
Unknown_624428,BAL,624428,2023,145,474,431,102,23,2,13,33,70,4,2,0.237,0.296,0.39,0.686,0.153,0.254,0.0696,0.1477,0.7637,0.324,88.8,0.9,32.0,2.1221264367816093,0.8523000000000001
Unknown_664238,SEA,664238,2023,63,165,145,30,9,1,7,16,56,4,0,0.207,0.303,0.428,0.731,0.221,0.28,0.097,0.3394,0.5394,0.324,88.8,0.3,31.0,3.498969072164948,0.6606000000000001
Unknown_671277,WSH,671277,2023,127,503,467,125,19,4,9,28,63,0,7,0.268,0.305,0.383,0.688,0.116,0.289,0.0557,0.1252,0.8171,0.324,88.8,1.0,23.0,2.2477558348294435,0.8748
Unknown_572816,WSH,572816,2023,57,175,164,40,8,1,2,9,30,0,2,0.244,0.28,0.341,0.621,0.098,0.284,0.0514,0.1714,0.7771,0.324,88.8,0.3,34.0,3.3346303501945522,0.8286
Unknown_678246,LAD,678246,2023,88,324,276,54,15,4,7,39,67,4,4,0.196,0.3,0.355,0.655,0.159,0.228,0.1204,0.2068,0.6543,0.324,88.8,0.6,24.0,1.7176079734219272,0.7932
Unknown_621439,MIN,621439,2023,89,356,313,64,18,1,17,35,114,4,4,0.204,0.289,0.431,0.721,0.227,0.253,0.0983,0.3202,0.5702,0.323,88.2,0.7,30.0,3.2573753814852493,0.6798
Unknown_669289,TOR,669289,2023,92,271,247,63,15,0,2,18,38,3,1,0.255,0.312,0.34,0.652,0.085,0.293,0.0664,0.1402,0.7749,0.323,88.2,0.5,29.0,2.11144578313253,0.8598
Unknown_672386,TOR,672386,2023,128,445,391,96,16,0,8,45,50,7,2,0.246,0.333,0.348,0.68,0.102,0.263,0.1011,0.1124,0.7708,0.323,88.2,0.8,25.0,1.1117705242334324,0.8876
Unknown_545121,WSH,545121,2023,90,303,277,69,14,2,4,21,22,1,1,0.249,0.303,0.357,0.661,0.108,0.258,0.0693,0.0726,0.8449,0.323,88.2,0.6,32.0,1.0476190476190477,0.9274
Unknown_543309,NYY,543309,2023,84,272,252,60,14,0,11,15,77,0,3,0.238,0.278,0.425,0.702,0.187,0.293,0.0551,0.2831,0.6544,0.323,88.2,0.5,33.0,5.137931034482759,0.7169
Unknown_665923,ATH,665923,2023,133,511,466,120,24,1,6,22,99,16,2,0.258,0.312,0.352,0.664,0.094,0.314,0.0431,0.1937,0.7084,0.322,87.5,0.9,24.0,4.494199535962878,0.8063
Unknown_408234,DET,408234,2023,102,382,346,89,20,0,4,31,76,2,3,0.257,0.319,0.35,0.669,0.092,0.316,0.0812,0.199,0.7147,0.322,87.5,0.7,40.0,2.450738916256158,0.8009999999999999
Unknown_664983,AZ,664983,2023,96,323,287,71,9,5,2,26,63,5,1,0.247,0.32,0.334,0.654,0.087,0.309,0.0805,0.195,0.6966,0.322,87.5,0.6,26.0,2.422360248447205,0.8049999999999999
Unknown_521692,KC,521692,2023,144,592,550,139,22,0,24,21,139,13,8,0.253,0.292,0.424,0.716,0.171,0.291,0.0355,0.2348,0.7044,0.322,87.5,1.0,33.0,6.6140845070422545,0.7652
Unknown_682641,SF,682641,2023,80,262,236,58,13,1,2,21,34,3,0,0.246,0.315,0.335,0.65,0.089,0.28,0.0802,0.1298,0.771,0.322,87.5,0.5,21.0,1.6184538653366585,0.8702
Unknown_605119,MIL,605119,2023,99,374,329,74,12,3,10,38,114,4,3,0.225,0.31,0.371,0.681,0.146,0.308,0.1016,0.3048,0.5829,0.322,87.5,0.7,30.0,3.0000000000000004,0.6952
Unknown_666185,STL,666185,2023,78,270,232,52,8,1,5,28,54,7,3,0.224,0.322,0.332,0.654,0.108,0.267,0.1037,0.2,0.6704,0.322,87.5,0.5,25.0,1.9286403085824495,0.8
Unknown_679032,PHI,679032,2023,51,186,170,46,9,2,2,6,51,4,0,0.271,0.311,0.382,0.693,0.112,0.376,0.0323,0.2742,0.6398,0.321,86.8,0.3,23.0,8.489164086687305,0.7258
Unknown_606132,BOS,606132,2023,63,182,160,36,5,1,3,19,42,1,1,0.225,0.309,0.325,0.634,0.1,0.284,0.1044,0.2308,0.6484,0.321,86.8,0.3,29.0,2.210727969348659,0.7692
Unknown_682829,CIN,682829,2023,97,427,388,91,15,7,13,35,144,2,1,0.235,0.3,0.41,0.71,0.175,0.336,0.082,0.3372,0.5738,0.32,86.2,0.7,21.0,4.11219512195122,0.6628000000000001
Unknown_553882,NYM,553882,2023,49,158,139,33,5,0,3,15,28,0,3,0.237,0.306,0.338,0.644,0.101,0.27,0.0949,0.1772,0.7215,0.32,86.2,0.2,31.0,1.8672286617492098,0.8228
Unknown_643217,CWS,643217,2023,152,635,575,149,34,2,5,53,91,3,3,0.259,0.323,0.351,0.675,0.092,0.299,0.0835,0.1433,0.7669,0.32,86.2,1.0,29.0,1.7161676646706587,0.8567
Unknown_663611,CHC,663611,2023,93,309,283,74,16,1,2,12,26,9,0,0.261,0.312,0.346,0.659,0.085,0.282,0.0388,0.0841,0.8317,0.32,86.2,0.5,26.0,2.167525773195876,0.9159
Unknown_656775,BAL,656775,2023,119,480,427,97,23,3,16,45,106,1,4,0.227,0.3,0.407,0.707,0.18,0.262,0.0938,0.2208,0.6771,0.319,85.5,0.7,29.0,2.353944562899787,0.7792
Unknown_666801,PIT,666801,2023,90,276,244,52,7,0,7,26,78,5,1,0.213,0.301,0.328,0.629,0.115,0.281,0.0942,0.2826,0.6051,0.319,85.5,0.4,24.0,3.0,0.7174
Unknown_444482,LAD,444482,2023,141,444,414,106,27,1,8,22,76,2,6,0.256,0.293,0.384,0.677,0.128,0.292,0.0495,0.1712,0.7748,0.318,84.8,0.6,36.0,3.458585858585858,0.8288
Unknown_655316,MIL,655316,2023,92,322,287,73,14,1,3,29,68,3,3,0.254,0.326,0.341,0.668,0.087,0.32,0.0901,0.2112,0.6894,0.318,84.8,0.5,26.0,2.344062153163152,0.7888
Unknown_670032,KC,670032,2023,84,275,236,53,8,3,1,28,42,6,1,0.225,0.321,0.297,0.618,0.072,0.268,0.1018,0.1527,0.7091,0.318,84.8,0.4,28.0,1.5,0.8472999999999999
Unknown_662139,TOR,662139,2023,159,601,543,119,23,4,21,49,140,4,3,0.219,0.287,0.392,0.679,0.173,0.255,0.0815,0.2329,0.6739,0.317,84.2,0.8,27.0,2.8576687116564417,0.7671
Unknown_493329,MIA,493329,2023,105,343,312,77,17,3,4,26,45,1,4,0.247,0.303,0.359,0.662,0.112,0.273,0.0758,0.1312,0.7901,0.317,84.2,0.5,39.0,1.7308707124010554,0.8688
Unknown_665804,CHC,665804,2023,52,159,132,28,4,0,5,12,41,12,2,0.212,0.329,0.356,0.685,0.144,0.261,0.0755,0.2579,0.5849,0.317,84.2,0.2,24.0,3.4158940397351,0.7421
Unknown_669743,WSH,669743,2023,127,462,393,80,15,1,9,57,83,6,3,0.204,0.312,0.316,0.627,0.112,0.234,0.1234,0.1797,0.6775,0.317,84.2,0.6,29.0,1.4562398703403565,0.8203
Unknown_676694,HOU,676694,2023,102,355,322,73,16,1,10,26,90,6,1,0.227,0.296,0.376,0.672,0.149,0.283,0.0732,0.2535,0.6563,0.317,84.2,0.5,27.0,3.4631147540983607,0.7464999999999999
Unknown_624414,BOS,624414,2023,65,225,213,54,17,0,3,8,45,1,2,0.254,0.281,0.376,0.657,0.122,0.305,0.0356,0.2,0.7556,0.317,84.2,0.3,28.0,5.617977528089888,0.8
Unknown_518595,ATL,518595,2023,80,315,287,64,13,0,12,23,73,3,2,0.223,0.286,0.394,0.679,0.171,0.255,0.073,0.2317,0.6857,0.316,83.5,0.4,34.0,3.173972602739726,0.7683
Unknown_670764,TB,670764,2023,100,368,322,69,14,2,9,44,94,1,0,0.214,0.311,0.354,0.665,0.14,0.274,0.1196,0.2554,0.6196,0.316,83.5,0.5,27.0,2.1354515050167224,0.7445999999999999
Unknown_660757,CLE,660757,2023,59,201,194,46,10,2,3,5,49,1,1,0.237,0.259,0.356,0.614,0.119,0.301,0.0249,0.2438,0.7264,0.316,83.5,0.2,25.0,9.791164658634539,0.7562
Unknown_668942,AZ,668942,2023,108,367,332,81,18,0,4,28,85,1,4,0.244,0.301,0.334,0.636,0.09,0.312,0.0763,0.2316,0.6785,0.316,83.5,0.5,29.0,3.0353866317169067,0.7684
Unknown_663898,COL,663898,2023,45,192,178,46,9,1,4,11,41,3,0,0.258,0.312,0.388,0.7,0.129,0.316,0.0573,0.2135,0.7135,0.316,83.5,0.2,27.0,3.7260034904013963,0.7865
Unknown_519317,NYY,519317,2023,106,432,388,73,13,0,24,41,129,2,1,0.188,0.269,0.407,0.676,0.219,0.208,0.0949,0.2986,0.6019,0.316,83.5,0.5,34.0,3.1464699683877764,0.7014
Unknown_622761,BAL,622761,2023,112,369,338,79,18,3,7,22,86,1,3,0.234,0.28,0.367,0.647,0.133,0.29,0.0596,0.2331,0.6883,0.315,82.8,0.4,28.0,3.911073825503356,0.7669
Unknown_622534,TB,622534,2023,101,352,326,85,21,1,4,18,58,4,3,0.261,0.305,0.368,0.673,0.107,0.303,0.0511,0.1648,0.7699,0.315,82.8,0.4,29.0,3.225048923679061,0.8351999999999999
Unknown_656896,AZ,656896,2023,89,297,269,68,13,0,5,23,60,0,5,0.253,0.306,0.357,0.663,0.104,0.301,0.0774,0.202,0.7205,0.315,82.8,0.3,27.0,2.6098191214470288,0.798
Unknown_664913,ATH,664913,2023,116,392,355,77,19,1,15,32,105,2,2,0.217,0.284,0.403,0.687,0.186,0.262,0.0816,0.2679,0.6429,0.315,82.8,0.5,31.0,3.2830882352941178,0.7321
Unknown_663368,MIL,663368,2023,54,173,148,32,7,0,4,23,46,0,0,0.216,0.322,0.345,0.666,0.128,0.286,0.1329,0.2659,0.5896,0.314,82.1,0.2,27.0,2.0007524454477053,0.7341
Unknown_686823,CLE,686823,2023,140,470,447,119,25,0,5,16,59,5,2,0.266,0.298,0.356,0.654,0.089,0.296,0.034,0.1255,0.8298,0.314,82.1,0.5,25.0,3.691176470588235,0.8745
Unknown_683011,NYY,683011,2023,162,621,559,119,25,5,22,54,172,5,2,0.213,0.287,0.394,0.681,0.181,0.264,0.087,0.277,0.6264,0.314,82.1,0.7,22.0,3.183908045977012,0.723
Unknown_594777,CLE,594777,2023,45,181,162,36,8,0,6,15,38,2,2,0.222,0.293,0.383,0.676,0.16,0.25,0.0829,0.2099,0.6961,0.314,82.1,0.2,36.0,2.5319662243667067,0.7901
Unknown_642136,LAA,642136,2023,98,323,274,56,6,0,9,40,86,6,3,0.204,0.316,0.325,0.641,0.12,0.258,0.1238,0.2663,0.5913,0.314,82.1,0.3,28.0,2.1510500807754442,0.7337
Unknown_543510,BAL,543510,2023,67,229,209,47,14,0,6,10,57,5,2,0.225,0.274,0.378,0.652,0.153,0.277,0.0437,0.2489,0.6725,0.313,81.5,0.2,33.0,5.695652173913043,0.7511
Unknown_641511,PIT,641511,2023,61,196,176,43,11,1,1,14,45,3,1,0.244,0.309,0.335,0.645,0.091,0.321,0.0714,0.2296,0.6735,0.313,81.5,0.2,28.0,3.2156862745098036,0.7704
Unknown_595777,COL,595777,2023,123,521,460,111,27,2,9,50,90,6,5,0.241,0.321,0.367,0.688,0.126,0.279,0.096,0.1727,0.7179,0.313,81.5,0.5,30.0,1.7989583333333332,0.8273
Unknown_682626,NYM,682626,2023,121,425,384,80,12,0,25,34,112,6,1,0.208,0.282,0.435,0.717,0.227,0.222,0.08,0.2635,0.6424,0.313,81.5,0.4,22.0,3.29375,0.7364999999999999
Unknown_641343,NYY,641343,2023,83,276,246,51,15,0,12,27,95,0,3,0.207,0.283,0.415,0.697,0.207,0.275,0.0978,0.3442,0.558,0.313,81.5,0.3,28.0,3.519427402862986,0.6557999999999999
Unknown_667452,HOU,667452,2023,95,335,309,76,15,0,7,23,77,1,2,0.246,0.299,0.362,0.661,0.117,0.304,0.0687,0.2299,0.6985,0.313,81.5,0.3,27.0,3.346433770014556,0.7701
Unknown_665155,DET,665155,2023,98,310,262,47,9,0,10,42,77,3,2,0.179,0.298,0.328,0.626,0.149,0.209,0.1355,0.2484,0.6032,0.313,81.5,0.3,26.0,1.833210332103321,0.7516
Unknown_672580,KC,672580,2023,124,518,467,126,20,4,4,38,115,2,10,0.27,0.321,0.355,0.677,0.086,0.341,0.0734,0.222,0.6988,0.312,80.8,0.5,23.0,3.0245231607629424,0.778
Unknown_686894,MIL,686894,2023,128,424,380,79,20,0,13,37,119,5,2,0.208,0.285,0.363,0.649,0.155,0.264,0.0873,0.2807,0.6203,0.312,80.8,0.4,24.0,3.2153493699885454,0.7193
Unknown_642133,MIL,642133,2023,108,363,321,69,9,1,13,37,88,0,5,0.215,0.292,0.371,0.663,0.156,0.249,0.1019,0.2424,0.6556,0.311,80.1,0.3,28.0,2.3788027477919527,0.7576
Unknown_518735,CWS,518735,2023,122,423,379,88,14,0,8,38,89,4,2,0.232,0.307,0.332,0.64,0.1,0.282,0.0898,0.2104,0.6903,0.311,80.1,0.3,35.0,2.3429844097995547,0.7896
Unknown_622110,KC,622110,2023,81,222,203,49,9,0,2,13,41,4,2,0.241,0.297,0.315,0.613,0.074,0.29,0.0586,0.1847,0.7387,0.311,80.1,0.2,32.0,3.151877133105802,0.8153
Unknown_676701,COL,676701,2023,80,243,221,50,11,0,4,18,54,1,2,0.226,0.285,0.33,0.615,0.104,0.279,0.0741,0.2222,0.6955,0.311,80.1,0.2,27.0,2.998650472334683,0.7778
Unknown_516782,NYM,516782,2023,89,361,333,84,10,1,5,17,73,8,1,0.252,0.304,0.333,0.637,0.081,0.309,0.0471,0.2022,0.723,0.311,80.1,0.3,35.0,4.292993630573248,0.7978000000000001
Unknown_624431,NYY,624431,2023,58,183,170,37,4,0,4,10,24,2,0,0.218,0.269,0.312,0.581,0.094,0.232,0.0546,0.1311,0.7978,0.311,80.1,0.1,31.0,2.401098901098901,0.8689
Unknown_621438,MIL,621438,2023,72,251,239,55,17,1,11,8,57,3,1,0.23,0.263,0.448,0.711,0.218,0.256,0.0319,0.2271,0.7291,0.31,79.5,0.2,29.0,7.1191222570532915,0.7729
Unknown_686527,SEA,686527,2023,61,187,178,39,13,0,7,8,32,1,0,0.219,0.257,0.41,0.667,0.191,0.23,0.0428,0.1711,0.7807,0.31,79.5,0.1,26.0,3.9976635514018692,0.8289
Unknown_669127,ATH,669127,2023,136,504,461,95,20,5,22,35,149,5,2,0.206,0.268,0.414,0.683,0.208,0.25,0.0694,0.2956,0.623,0.31,79.5,0.4,26.0,4.259365994236311,0.7044
Unknown_595453,LAA,595453,2023,67,184,164,31,5,1,7,17,59,0,1,0.189,0.264,0.36,0.623,0.171,0.242,0.0924,0.3207,0.5761,0.31,79.5,0.1,32.0,3.470779220779221,0.6793
Unknown_462101,CWS,462101,2023,116,422,388,95,20,1,6,27,76,4,2,0.245,0.299,0.348,0.647,0.103,0.289,0.064,0.1801,0.7441,0.309,78.8,0.3,35.0,2.8140625,0.8199
Unknown_656976,AZ,656976,2023,71,238,201,37,5,0,7,36,45,1,0,0.184,0.311,0.313,0.624,0.129,0.201,0.1513,0.1891,0.6513,0.308,78.1,0.1,27.0,1.249834765366821,0.8109
Unknown_657136,BOS,657136,2023,118,408,376,88,25,2,10,22,137,6,1,0.234,0.286,0.391,0.677,0.157,0.339,0.0539,0.3358,0.5882,0.308,78.1,0.2,27.0,6.230055658627086,0.6642
Unknown_643396,NYY,643396,2023,110,375,339,83,13,1,6,29,74,3,3,0.245,0.307,0.342,0.65,0.097,0.294,0.0773,0.1973,0.7147,0.308,78.1,0.2,28.0,2.552393272962484,0.8027
Unknown_656716,DET,656716,2023,149,529,473,108,22,4,9,46,114,5,3,0.228,0.302,0.349,0.651,0.121,0.28,0.087,0.2155,0.6843,0.308,78.1,0.3,28.0,2.477011494252874,0.7845
Unknown_677950,AZ,677950,2023,125,435,404,92,17,5,11,21,98,5,3,0.228,0.273,0.376,0.649,0.149,0.272,0.0483,0.2253,0.7103,0.307,77.5,0.2,23.0,4.6645962732919255,0.7746999999999999
Unknown_500743,LAD,500743,2023,132,446,406,96,16,1,6,28,50,5,5,0.236,0.291,0.325,0.616,0.089,0.254,0.0628,0.1121,0.8094,0.307,77.5,0.2,34.0,1.7850318471337583,0.8879
Unknown_678225,PIT,678225,2023,110,391,354,83,17,2,2,30,94,2,2,0.234,0.296,0.311,0.607,0.076,0.312,0.0767,0.2404,0.6701,0.307,77.5,0.2,24.0,3.134289439374185,0.7596
Unknown_641943,PIT,641943,2023,85,264,247,59,9,2,10,12,56,2,1,0.239,0.279,0.413,0.692,0.174,0.269,0.0455,0.2121,0.7273,0.307,77.5,0.1,28.0,4.661538461538462,0.7879
Unknown_668709,ATH,668709,2023,81,303,256,50,11,0,10,42,72,2,3,0.195,0.31,0.355,0.666,0.16,0.226,0.1386,0.2376,0.6172,0.306,76.8,0.1,26.0,1.7142857142857144,0.7624
Unknown_542194,TB,542194,2023,102,342,325,75,17,0,12,13,93,0,3,0.231,0.258,0.394,0.652,0.163,0.283,0.038,0.2719,0.6871,0.306,76.8,0.1,32.0,7.155263157894736,0.7281
Unknown_664728,KC,664728,2023,93,325,304,73,24,2,5,17,61,1,2,0.24,0.281,0.382,0.662,0.141,0.283,0.0523,0.1877,0.7538,0.306,76.8,0.1,26.0,3.5889101338432123,0.8123
Unknown_686681,KC,686681,2023,133,474,440,100,18,1,17,25,105,4,4,0.227,0.273,0.389,0.661,0.161,0.258,0.0527,0.2215,0.7152,0.304,75.5,0.1,25.0,4.20303605313093,0.7785
Unknown_670097,DET,670097,2023,94,266,231,45,9,0,7,30,73,1,1,0.195,0.289,0.325,0.614,0.13,0.25,0.1128,0.2744,0.5977,0.302,74.1,0.0,28.0,2.4326241134751774,0.7256
Unknown_643393,ATH,643393,2023,126,436,376,81,14,3,5,44,43,6,3,0.215,0.305,0.309,0.614,0.093,0.23,0.1009,0.0986,0.7706,0.302,74.1,0.0,32.0,0.9772051536174429,0.9014
Unknown_607680,ATL,607680,2023,87,223,211,47,11,0,9,9,55,0,3,0.223,0.251,0.403,0.654,0.18,0.253,0.0404,0.2466,0.713,0.301,73.5,-0.0,34.0,6.1039603960396045,0.7534
Unknown_664874,CWS,664874,2023,72,218,198,36,5,0,9,14,75,2,2,0.182,0.241,0.343,0.584,0.162,0.233,0.0642,0.344,0.5734,0.301,73.5,-0.0,30.0,5.358255451713395,0.656
Unknown_657757,CWS,657757,2023,125,369,336,70,11,0,11,28,73,1,4,0.208,0.268,0.339,0.608,0.131,0.23,0.0759,0.1978,0.7236,0.301,73.5,-0.0,27.0,2.6060606060606064,0.8022
Unknown_671221,KC,671221,2023,91,337,302,69,11,5,8,27,107,5,3,0.228,0.3,0.377,0.677,0.149,0.321,0.0801,0.3175,0.5875,0.301,73.5,-0.0,25.0,3.963795255930087,0.6825
Unknown_571976,CIN,571976,2023,40,160,145,28,5,0,4,13,56,0,1,0.193,0.258,0.31,0.568,0.117,0.279,0.0812,0.35,0.5625,0.301,73.5,-0.0,33.0,4.310344827586207,0.65
Unknown_680779,PIT,680779,2023,62,255,225,48,10,0,7,25,69,4,1,0.213,0.302,0.351,0.653,0.138,0.273,0.098,0.2706,0.6157,0.3,72.8,-0.0,24.0,2.7612244897959184,0.7294
Unknown_664702,CLE,664702,2023,149,533,475,115,21,3,2,43,101,2,6,0.242,0.304,0.312,0.616,0.069,0.299,0.0807,0.1895,0.7129,0.3,72.8,-0.1,29.0,2.34820322180917,0.8105
Unknown_689172,SF,689172,2023,49,152,137,26,6,0,3,13,47,0,1,0.19,0.258,0.299,0.558,0.109,0.261,0.0855,0.3092,0.5987,0.3,72.8,-0.0,24.0,3.6163742690058474,0.6908000000000001
Unknown_671289,CLE,671289,2023,55,171,156,37,7,0,4,10,30,2,1,0.237,0.29,0.359,0.649,0.122,0.268,0.0585,0.1754,0.7427,0.299,72.1,-0.0,24.0,2.9982905982905983,0.8246
Unknown_641820,CHC,641820,2023,84,280,252,57,13,0,4,21,81,3,4,0.226,0.289,0.325,0.615,0.099,0.31,0.075,0.2893,0.6179,0.299,72.1,-0.1,31.0,3.8573333333333335,0.7107
Unknown_570731,DET,570731,2023,61,171,155,35,8,0,1,14,45,0,2,0.226,0.287,0.297,0.583,0.071,0.306,0.0819,0.2632,0.655,0.299,72.1,-0.0,32.0,3.2136752136752134,0.7368
Unknown_607054,ATH,607054,2023,136,445,385,83,11,4,6,50,103,5,3,0.216,0.312,0.312,0.623,0.096,0.276,0.1124,0.2315,0.6404,0.298,71.5,-0.1,33.0,2.059608540925267,0.7685
Unknown_608385,MIL,608385,2023,67,214,179,34,5,0,2,30,53,4,1,0.19,0.318,0.251,0.569,0.061,0.256,0.1402,0.2477,0.5935,0.298,71.5,-0.1,30.0,1.7667617689015693,0.7523
Unknown_500871,LAA,500871,2023,101,330,306,67,7,5,6,20,82,0,3,0.219,0.264,0.333,0.598,0.114,0.276,0.0606,0.2485,0.6879,0.298,71.5,-0.1,34.0,4.100660066006601,0.7515000000000001
Unknown_668472,KC,668472,2023,90,347,308,72,17,0,7,29,138,6,4,0.234,0.308,0.357,0.666,0.123,0.389,0.0836,0.3977,0.5014,0.298,71.5,-0.1,25.0,4.757177033492823,0.6023000000000001
Unknown_672478,ATH,672478,2023,89,297,276,62,9,0,10,17,69,3,1,0.225,0.276,0.366,0.642,0.141,0.263,0.0572,0.2323,0.7003,0.297,70.8,-0.1,23.0,4.061188811188811,0.7677
Unknown_571771,BOS,571771,2023,146,531,486,115,23,0,11,34,99,4,7,0.237,0.288,0.352,0.64,0.115,0.272,0.064,0.1864,0.742,0.296,70.1,-0.2,32.0,2.9125,0.8136
Unknown_572204,CWS,572204,2023,73,196,167,26,3,0,6,27,82,2,0,0.156,0.281,0.281,0.562,0.126,0.253,0.1378,0.4184,0.4337,0.296,70.1,-0.1,32.0,3.036284470246734,0.5816
Unknown_665828,NYY,665828,2023,101,348,315,71,12,0,7,26,76,2,2,0.225,0.287,0.33,0.617,0.105,0.274,0.0747,0.2184,0.6925,0.296,70.1,-0.2,24.0,2.923694779116466,0.7816
Unknown_675656,ATH,675656,2023,51,158,145,30,5,0,5,7,53,1,0,0.207,0.248,0.345,0.593,0.138,0.287,0.0443,0.3354,0.5823,0.295,69.5,-0.1,27.0,7.571106094808126,0.6646000000000001
Unknown_686668,COL,686668,2023,125,443,411,88,18,6,10,22,153,4,3,0.214,0.259,0.36,0.619,0.146,0.311,0.0497,0.3454,0.5892,0.293,68.1,-0.3,25.0,6.949698189134808,0.6546000000000001
Unknown_672275,SF,672275,2023,95,354,327,76,18,1,7,21,101,3,1,0.232,0.284,0.358,0.642,0.125,0.314,0.0593,0.2853,0.6412,0.293,68.1,-0.3,24.0,4.811129848229342,0.7147
Unknown_691026,STL,691026,2023,41,156,139,26,2,1,2,11,29,1,3,0.187,0.247,0.259,0.506,0.072,0.216,0.0705,0.1859,0.7244,0.292,67.5,-0.1,21.0,2.636879432624114,0.8141
Unknown_668901,NYM,668901,2023,68,238,223,47,6,1,9,10,72,3,2,0.211,0.252,0.368,0.62,0.157,0.264,0.042,0.3025,0.6429,0.291,66.8,-0.2,24.0,7.202380952380952,0.6975
Unknown_605612,COL,605612,2023,97,289,274,70,13,0,1,10,70,0,4,0.255,0.278,0.314,0.592,0.058,0.333,0.0346,0.2422,0.7197,0.291,66.8,-0.3,30.0,7.0,0.7578
Unknown_678894,PIT,678894,2023,56,213,198,47,4,1,7,11,67,1,1,0.237,0.28,0.374,0.653,0.136,0.32,0.0516,0.3146,0.6197,0.29,66.1,-0.2,23.0,6.096899224806202,0.6854
Unknown_595879,DET,595879,2023,141,564,528,116,18,4,9,24,127,9,3,0.22,0.264,0.32,0.584,0.1,0.271,0.0426,0.2252,0.7145,0.289,65.5,-0.6,31.0,5.286384976525822,0.7747999999999999
Unknown_649557,ATH,649557,2023,113,361,331,74,20,1,4,17,71,7,5,0.224,0.272,0.326,0.599,0.103,0.268,0.0471,0.1967,0.7341,0.289,65.5,-0.4,33.0,4.176220806794055,0.8033
Unknown_672356,CLE,672356,2023,106,352,322,68,15,0,10,28,114,1,1,0.211,0.276,0.351,0.626,0.14,0.291,0.0795,0.3239,0.5938,0.289,65.5,-0.4,23.0,4.074213836477988,0.6760999999999999
Unknown_672779,PIT,672779,2023,69,223,205,47,12,2,3,10,36,3,2,0.229,0.273,0.351,0.624,0.122,0.262,0.0448,0.1614,0.7668,0.289,65.5,-0.2,24.0,3.602678571428571,0.8386
Unknown_543063,SF,543063,2023,95,334,294,58,12,1,7,31,82,4,4,0.197,0.279,0.316,0.596,0.119,0.244,0.0928,0.2455,0.6467,0.287,64.1,-0.4,36.0,2.6454741379310347,0.7545
Unknown_683146,NYM,683146,2023,110,393,359,75,12,0,9,30,111,2,1,0.209,0.273,0.318,0.591,0.109,0.275,0.0763,0.2824,0.626,0.286,63.5,-0.5,24.0,3.701179554390563,0.7176
Unknown_572041,SEA,572041,2023,55,160,148,27,7,0,5,9,36,1,2,0.182,0.231,0.331,0.562,0.149,0.202,0.0562,0.225,0.7125,0.285,62.8,-0.2,36.0,4.0035587188612105,0.775
Unknown_681584,SF,681584,2023,48,160,143,21,6,0,6,12,49,4,1,0.147,0.231,0.315,0.546,0.168,0.169,0.075,0.3062,0.5938,0.284,62.1,-0.2,26.0,4.082666666666667,0.6938
Unknown_572287,CLE,572287,2023,45,151,134,24,8,0,3,15,66,2,0,0.179,0.272,0.306,0.577,0.127,0.323,0.0993,0.4371,0.4503,0.283,61.5,-0.2,32.0,4.401812688821752,0.5629
Unknown_668930,MIL,668930,2023,135,466,420,91,9,3,6,39,99,1,2,0.217,0.284,0.295,0.579,0.079,0.268,0.0837,0.2124,0.6931,0.282,60.8,-0.8,24.0,2.5376344086021505,0.7876
Unknown_571745,SF,571745,2023,61,229,211,44,13,1,6,15,65,2,1,0.209,0.266,0.365,0.631,0.156,0.27,0.0655,0.2838,0.6419,0.281,60.1,-0.4,33.0,4.332824427480916,0.7162
Unknown_672724,NYY,672724,2023,55,206,187,35,8,0,2,13,52,6,0,0.187,0.262,0.262,0.524,0.075,0.248,0.0631,0.2524,0.6553,0.28,59.5,-0.4,23.0,4.0,0.7476
Unknown_664056,NYY,664056,2023,93,344,319,74,12,2,7,17,59,3,4,0.232,0.274,0.348,0.622,0.116,0.261,0.0494,0.1715,0.7674,0.28,59.5,-0.6,29.0,3.4716599190283404,0.8285
Unknown_516416,MIA,516416,2023,89,341,316,71,5,2,3,22,50,2,0,0.225,0.279,0.282,0.561,0.057,0.259,0.0645,0.1466,0.7801,0.28,59.5,-0.6,33.0,2.272868217054264,0.8533999999999999
Unknown_455117,HOU,455117,2023,124,430,379,71,12,0,15,35,146,3,0,0.187,0.261,0.338,0.599,0.15,0.257,0.0814,0.3395,0.5419,0.279,58.8,-0.8,37.0,4.170761670761671,0.6605
Unknown_682848,PIT,682848,2023,56,204,186,41,7,2,3,17,49,0,1,0.22,0.284,0.328,0.612,0.108,0.281,0.0833,0.2402,0.6765,0.279,58.8,-0.4,23.0,2.883553421368547,0.7598
Unknown_605113,AZ,605113,2023,75,227,214,45,10,1,3,13,57,0,0,0.21,0.256,0.308,0.564,0.098,0.273,0.0573,0.2511,0.6916,0.279,58.8,-0.4,33.0,4.382198952879581,0.7489
Unknown_596115,BOS,596115,2023,41,168,158,32,9,0,3,9,55,1,0,0.203,0.25,0.316,0.566,0.114,0.29,0.0536,0.3274,0.6131,0.278,58.1,-0.3,31.0,6.108208955223881,0.6726
Unknown_543877,MIN,543877,2023,104,373,345,75,14,0,6,25,86,1,1,0.217,0.272,0.31,0.582,0.093,0.272,0.067,0.2306,0.6971,0.277,57.5,-0.8,33.0,3.441791044776119,0.7694
Unknown_693049,CWS,693049,2023,82,285,266,57,10,0,5,13,75,2,2,0.214,0.254,0.308,0.563,0.094,0.277,0.0456,0.2632,0.6772,0.277,57.5,-0.6,25.0,5.771929824561403,0.7368
Unknown_666906,WSH,666906,2023,50,175,159,36,2,1,2,10,42,3,2,0.226,0.282,0.289,0.571,0.063,0.291,0.0571,0.24,0.68,0.276,56.8,-0.4,26.0,4.203152364273205,0.76
Unknown_607732,MIA,607732,2023,89,288,253,49,14,0,3,27,68,3,2,0.194,0.277,0.285,0.562,0.091,0.25,0.0938,0.2361,0.6493,0.275,56.1,-0.6,34.0,2.5170575692963753,0.7639
Unknown_669477,SF,669477,2023,88,292,267,53,15,0,5,14,71,5,3,0.199,0.249,0.311,0.56,0.112,0.247,0.0479,0.2432,0.6815,0.274,55.5,-0.7,24.0,5.077244258872652,0.7568
Unknown_642851,COL,642851,2023,52,150,135,28,6,0,2,9,40,2,1,0.207,0.265,0.296,0.562,0.089,0.277,0.06,0.2667,0.64,0.274,55.5,-0.3,33.0,4.445,0.7333000000000001
Unknown_608348,AZ,608348,2023,46,154,136,28,5,0,2,16,40,1,1,0.206,0.292,0.287,0.579,0.081,0.274,0.1039,0.2597,0.6299,0.272,54.1,-0.4,29.0,2.499518768046198,0.7403
Unknown_669397,ATH,669397,2023,101,343,314,67,4,2,4,19,57,2,2,0.213,0.261,0.277,0.538,0.064,0.247,0.0554,0.1662,0.7551,0.271,53.5,-0.9,25.0,3.0,0.8338
Unknown_657557,STL,657557,2023,110,400,372,77,13,0,14,21,121,5,2,0.207,0.258,0.355,0.612,0.148,0.264,0.0525,0.3025,0.6325,0.271,53.5,-1.0,30.0,5.761904761904762,0.6975
Unknown_641313,CWS,641313,2023,124,531,500,123,18,2,1,26,123,3,2,0.246,0.286,0.296,0.582,0.05,0.323,0.049,0.2316,0.7137,0.269,52.1,-1.5,30.0,4.726530612244898,0.7684
Unknown_543939,SEA,543939,2023,91,270,240,45,6,0,4,21,57,6,3,0.188,0.267,0.262,0.529,0.075,0.225,0.0778,0.2111,0.6889,0.268,51.5,-0.8,33.0,2.713367609254499,0.7888999999999999
Unknown_672820,CWS,672820,2023,51,173,164,33,6,0,6,5,40,0,1,0.201,0.224,0.348,0.571,0.146,0.227,0.0289,0.2312,0.7225,0.266,50.1,-0.5,23.0,8.0,0.7688
Unknown_663743,MIA,663743,2023,100,328,299,60,10,0,6,17,60,7,2,0.201,0.258,0.294,0.553,0.094,0.23,0.0518,0.1829,0.7348,0.265,49.5,-1.0,27.0,3.5308880308880313,0.8170999999999999
Unknown_621563,MIA,621563,2023,101,328,307,64,16,3,2,13,70,2,3,0.208,0.243,0.3,0.543,0.091,0.261,0.0396,0.2134,0.7317,0.261,46.8,-1.1,33.0,5.388888888888888,0.7866
Unknown_606992,DET,606992,2023,92,306,287,57,10,1,4,17,87,0,1,0.199,0.243,0.282,0.525,0.084,0.269,0.0556,0.2843,0.6569,0.258,44.8,-1.1,31.0,5.113309352517986,0.7157
Unknown_605131,LAD,605131,2023,64,212,189,33,5,0,2,17,46,3,2,0.175,0.251,0.233,0.484,0.058,0.217,0.0802,0.217,0.684,0.248,38.1,-1.0,34.0,2.7057356608478806,0.783
Unknown_543592,SD,543592,2023,50,157,133,20,4,0,1,18,31,2,0,0.15,0.261,0.203,0.464,0.053,0.188,0.1146,0.1975,0.6497,0.241,33.4,-0.8,34.0,1.7233856893542758,0.8025
Unknown_595978,PIT,595978,2023,76,221,195,35,5,0,1,11,47,2,3,0.179,0.227,0.221,0.448,0.041,0.227,0.0498,0.2127,0.6787,0.239,32.1,-1.2,31.0,4.271084337349397,0.7873
Unknown_595956,CLE,595956,2023,57,158,152,20,7,0,0,4,46,1,1,0.132,0.158,0.178,0.336,0.046,0.187,0.0253,0.2911,0.6772,0.161,-19.9,-1.9,31.0,11.505928853754941,0.7089
Unknown_592450,NYY,592450,2024,154,685,544,178,35,1,58,131,165,9,1,0.327,0.464,0.715,1.179,0.388,0.373,0.1912,0.2409,0.5533,0.505,222.3,12.9,32.0,1.2599372384937237,0.7591
Unknown_660271,LAD,660271,2024,153,702,613,190,36,7,54,79,156,6,4,0.31,0.392,0.656,1.048,0.346,0.334,0.1125,0.2222,0.6524,0.45,185.6,10.0,30.0,1.975111111111111,0.7778
Unknown_663656,HOU,663656,2024,74,320,263,75,12,0,23,54,48,1,2,0.285,0.406,0.593,0.999,0.308,0.268,0.1688,0.15,0.6687,0.431,172.9,4.0,27.0,0.8886255924170615,0.85
Unknown_665742,NYY,665742,2024,153,693,559,157,30,4,40,126,117,4,4,0.281,0.414,0.564,0.978,0.283,0.288,0.1818,0.1688,0.6436,0.427,170.2,8.5,26.0,0.9284928492849286,0.8311999999999999
Unknown_670541,HOU,670541,2024,143,616,535,168,34,2,35,67,93,10,4,0.314,0.398,0.581,0.979,0.267,0.324,0.1088,0.151,0.724,0.425,168.9,7.4,27.0,1.3878676470588236,0.849
Unknown_677951,KC,677951,2024,158,696,625,205,42,10,31,55,102,8,8,0.328,0.385,0.576,0.961,0.248,0.348,0.079,0.1466,0.7629,0.418,164.2,8.0,24.0,1.8556962025316457,0.8533999999999999
Unknown_665489,TOR,665489,2024,155,679,603,195,44,1,29,67,93,5,4,0.323,0.393,0.544,0.937,0.221,0.342,0.0987,0.137,0.757,0.411,159.5,7.4,25.0,1.3880445795339413,0.863
Unknown_621043,MIN,621043,2024,83,355,309,96,19,2,14,39,60,3,4,0.311,0.389,0.521,0.91,0.21,0.343,0.1099,0.169,0.7099,0.411,159.5,3.9,30.0,1.537761601455869,0.831
Unknown_667670,ATH,667670,2024,143,605,538,160,26,2,39,58,170,5,4,0.297,0.369,0.571,0.939,0.273,0.363,0.0959,0.281,0.6149,0.408,157.5,6.4,30.0,2.9301355578727843,0.719
Unknown_606466,AZ,606466,2024,131,564,487,141,23,2,36,63,103,5,9,0.29,0.371,0.567,0.937,0.277,0.294,0.1117,0.1826,0.6968,0.404,154.9,5.8,31.0,1.6347358997314236,0.8174
Unknown_542303,ATL,542303,2024,159,674,593,181,31,0,38,74,166,3,4,0.305,0.383,0.55,0.933,0.245,0.364,0.1098,0.2463,0.638,0.403,154.2,6.9,34.0,2.2431693989071038,0.7537
Unknown_547180,PHI,547180,2024,143,623,544,157,42,0,30,74,135,2,2,0.289,0.375,0.531,0.906,0.243,0.333,0.1188,0.2167,0.6597,0.397,150.2,6.0,32.0,1.824074074074074,0.7833
Unknown_592885,MIL,592885,2024,70,301,259,80,12,3,10,38,56,2,1,0.309,0.4,0.494,0.894,0.185,0.361,0.1262,0.186,0.6777,0.397,150.2,2.9,33.0,1.4738510301109349,0.8140000000000001
Unknown_592626,AZ,592626,2024,129,440,365,96,16,1,23,53,105,18,3,0.263,0.38,0.501,0.882,0.238,0.304,0.1205,0.2386,0.5864,0.394,148.2,4.2,32.0,1.9800829875518673,0.7614
Unknown_681481,DET,681481,2024,84,286,258,71,15,5,17,22,75,3,3,0.275,0.336,0.57,0.905,0.295,0.32,0.0769,0.2622,0.6399,0.39,145.5,2.6,27.0,3.40962288686606,0.7378
Unknown_656976,AZ,656976,2024,56,158,137,37,11,0,9,18,31,0,3,0.27,0.348,0.547,0.896,0.277,0.28,0.1139,0.1962,0.6899,0.389,144.9,1.4,28.0,1.7225636523266024,0.8038
Unknown_670242,MIN,670242,2024,72,253,214,56,16,1,13,23,91,15,1,0.262,0.372,0.528,0.9,0.266,0.387,0.0909,0.3597,0.4901,0.386,142.9,2.2,27.0,3.9570957095709574,0.6403
Unknown_683002,BAL,683002,2024,156,706,620,173,31,6,36,75,158,7,4,0.279,0.361,0.523,0.884,0.244,0.319,0.1062,0.2238,0.6601,0.385,142.2,6.1,23.0,2.1073446327683616,0.7762
Unknown_645302,SEA,645302,2024,80,295,254,78,20,0,4,21,53,11,3,0.307,0.381,0.433,0.814,0.126,0.37,0.0712,0.1797,0.6915,0.383,140.9,2.5,27.0,2.523876404494382,0.8203
Unknown_575929,STL,575929,2024,81,346,291,78,17,0,15,43,91,12,0,0.268,0.384,0.481,0.865,0.213,0.341,0.1243,0.263,0.578,0.382,140.2,2.9,32.0,2.115848753016895,0.737
Unknown_545341,AZ,545341,2024,103,279,254,74,20,2,12,20,46,3,2,0.291,0.348,0.528,0.875,0.236,0.313,0.0717,0.1649,0.7527,0.38,138.9,2.3,33.0,2.299860529986053,0.8351
Unknown_673548,CHC,673548,2024,129,570,497,142,26,6,21,63,158,6,4,0.286,0.37,0.489,0.859,0.203,0.376,0.1105,0.2772,0.6018,0.38,138.9,4.7,30.0,2.5085972850678733,0.7228
Unknown_646240,BOS,646240,2024,136,591,515,140,33,5,27,67,145,3,6,0.272,0.355,0.513,0.868,0.241,0.324,0.1134,0.2453,0.6362,0.38,138.9,4.9,28.0,2.1631393298059964,0.7547
Unknown_680776,BOS,680776,2024,156,717,655,189,48,14,21,52,156,6,3,0.289,0.345,0.501,0.846,0.212,0.349,0.0725,0.2176,0.7001,0.379,138.2,5.9,28.0,3.0013793103448276,0.7824
Unknown_608070,CLE,608070,2024,154,662,601,169,39,1,38,54,80,1,6,0.281,0.338,0.539,0.877,0.258,0.268,0.0816,0.1208,0.7946,0.378,137.5,5.4,32.0,1.480392156862745,0.8792
Unknown_608369,TEX,608369,2024,121,523,465,127,21,0,30,53,95,3,2,0.273,0.35,0.512,0.862,0.239,0.284,0.1013,0.1816,0.7113,0.377,136.9,4.2,30.0,1.792694965449161,0.8184
Unknown_669364,MIA,669364,2024,70,303,265,87,12,5,1,33,52,0,4,0.328,0.397,0.423,0.82,0.094,0.398,0.1089,0.1716,0.7162,0.376,136.2,2.4,25.0,1.575757575757576,0.8284
Unknown_656941,PHI,656941,2024,147,679,560,139,22,0,37,106,194,5,8,0.248,0.368,0.486,0.854,0.238,0.303,0.1561,0.2857,0.5508,0.376,136.2,5.4,31.0,1.8302370275464448,0.7142999999999999
Unknown_595777,SD,595777,2024,152,646,547,153,28,0,24,72,99,17,5,0.28,0.378,0.463,0.84,0.183,0.301,0.1115,0.1533,0.7012,0.375,135.5,5.1,31.0,1.3748878923766814,0.8467
Unknown_596019,NYM,596019,2024,149,676,606,168,39,1,33,55,125,12,3,0.277,0.348,0.508,0.856,0.231,0.299,0.0814,0.1849,0.716,0.374,134.9,5.2,31.0,2.2714987714987718,0.8150999999999999
Unknown_518692,LAD,518692,2024,141,610,521,147,35,2,21,73,94,8,8,0.282,0.374,0.478,0.852,0.196,0.304,0.1197,0.1541,0.7131,0.374,134.9,4.7,35.0,1.2873851294903926,0.8459
Unknown_578428,NYM,578428,2024,75,291,270,91,16,1,4,12,39,8,1,0.337,0.381,0.448,0.83,0.111,0.382,0.0412,0.134,0.7973,0.373,134.2,2.2,34.0,3.2524271844660197,0.866
Unknown_666149,SF,666149,2024,85,337,311,88,19,2,15,22,105,3,1,0.283,0.335,0.502,0.837,0.219,0.38,0.0653,0.3116,0.6142,0.373,134.2,2.6,27.0,4.771822358346095,0.6884
Unknown_661388,MIL,661388,2024,152,665,582,163,35,2,23,78,134,3,2,0.28,0.367,0.466,0.833,0.186,0.328,0.1173,0.2015,0.6767,0.373,134.2,5.1,27.0,1.7178175618073317,0.7985
Unknown_682985,DET,682985,2024,134,571,501,133,27,6,23,63,152,5,2,0.265,0.352,0.481,0.833,0.216,0.335,0.1103,0.2662,0.613,0.371,132.9,4.3,24.0,2.4134179510426113,0.7338
Unknown_671213,BOS,671213,2024,58,226,197,50,8,0,13,28,71,1,0,0.254,0.35,0.492,0.842,0.239,0.327,0.1239,0.3142,0.5575,0.37,132.2,1.7,24.0,2.53591606133979,0.6858
Unknown_606192,LAD,606192,2024,148,626,566,154,30,2,30,51,176,8,1,0.272,0.34,0.491,0.831,0.219,0.343,0.0815,0.2812,0.623,0.37,132.2,4.6,32.0,3.4503067484662577,0.7188
Unknown_621439,MIN,621439,2024,93,376,345,96,25,3,18,19,97,10,2,0.278,0.332,0.525,0.857,0.246,0.336,0.0505,0.258,0.6649,0.37,132.2,2.8,31.0,5.108910891089109,0.742
Unknown_671056,STL,671056,2024,70,255,227,69,12,1,5,25,53,2,1,0.304,0.376,0.432,0.808,0.128,0.376,0.098,0.2078,0.6824,0.368,130.9,1.8,24.0,2.120408163265306,0.7922
Unknown_668901,NYM,668901,2024,110,454,413,110,22,0,27,33,135,3,5,0.266,0.322,0.516,0.837,0.249,0.324,0.0727,0.2974,0.6233,0.367,130.2,3.3,25.0,4.090784044016506,0.7026
Unknown_607208,PHI,607208,2024,118,527,494,147,25,0,21,26,94,6,1,0.298,0.34,0.476,0.815,0.178,0.332,0.0493,0.1784,0.7609,0.366,129.5,3.7,31.0,3.618661257606491,0.8216
Unknown_701538,SD,701538,2024,148,573,536,158,29,6,24,27,96,1,5,0.295,0.327,0.506,0.832,0.211,0.318,0.0471,0.1675,0.7766,0.365,128.9,4.0,21.0,3.5562632696390657,0.8325
Unknown_681146,MIA,681146,2024,65,267,228,63,10,0,11,29,55,3,7,0.276,0.356,0.465,0.821,0.189,0.308,0.1086,0.206,0.6742,0.365,128.9,1.9,29.0,1.896869244935543,0.794
Unknown_608701,BOS,608701,2024,91,307,273,77,16,1,11,28,78,5,1,0.282,0.358,0.469,0.827,0.187,0.357,0.0912,0.2541,0.6352,0.365,128.9,2.1,33.0,2.7861842105263155,0.7459
Unknown_571970,LAD,571970,2024,67,267,214,47,16,0,14,43,67,5,5,0.22,0.356,0.491,0.846,0.271,0.239,0.161,0.2509,0.5693,0.364,128.2,1.8,34.0,1.558385093167702,0.7491
Unknown_669003,MIL,669003,2024,67,224,196,50,12,3,8,25,71,1,0,0.255,0.342,0.469,0.812,0.214,0.359,0.1116,0.317,0.558,0.363,127.5,1.5,26.0,2.8405017921146953,0.683
Unknown_665487,SD,665487,2024,95,413,375,103,20,1,19,31,93,6,1,0.275,0.339,0.485,0.824,0.211,0.318,0.0751,0.2252,0.6852,0.362,126.8,2.8,25.0,2.9986684420772307,0.7747999999999999
Unknown_682829,CIN,682829,2024,157,684,607,157,36,9,25,68,213,6,1,0.259,0.339,0.471,0.81,0.213,0.357,0.0994,0.3114,0.5775,0.362,126.8,4.6,22.0,3.132796780684105,0.6886
Unknown_656541,COL,656541,2024,47,158,138,33,5,1,10,14,56,0,2,0.239,0.305,0.507,0.812,0.268,0.311,0.0886,0.3544,0.5316,0.362,126.8,1.1,30.0,4.0,0.6456
Unknown_641933,BOS,641933,2024,108,460,401,95,18,0,29,50,158,7,2,0.237,0.33,0.499,0.829,0.262,0.306,0.1087,0.3435,0.5326,0.362,126.8,3.1,29.0,3.160073597056118,0.6565
Unknown_681807,CLE,681807,2024,120,381,331,84,17,1,14,40,84,8,2,0.254,0.346,0.438,0.785,0.184,0.298,0.105,0.2205,0.6483,0.361,126.2,2.5,29.0,2.1,0.7795
Unknown_605141,LAD,605141,2024,110,487,428,119,22,5,15,54,55,1,4,0.278,0.357,0.458,0.815,0.18,0.287,0.1109,0.1129,0.7741,0.36,125.5,3.2,32.0,1.018034265103697,0.8871
Unknown_668804,PIT,668804,2024,152,669,603,165,27,3,23,53,149,10,3,0.274,0.341,0.443,0.784,0.169,0.327,0.0792,0.2227,0.6831,0.36,125.5,4.4,29.0,2.811868686868687,0.7773
Unknown_663698,PIT,663698,2024,77,282,253,67,11,0,13,22,73,6,1,0.265,0.337,0.462,0.799,0.198,0.321,0.078,0.2589,0.6418,0.36,125.5,1.9,28.0,3.3192307692307694,0.7411
Unknown_607732,COL,607732,2024,77,277,239,62,17,1,9,27,65,9,1,0.259,0.355,0.452,0.807,0.192,0.319,0.0975,0.2347,0.6318,0.36,125.5,1.8,35.0,2.407179487179487,0.7653
Unknown_671218,SF,671218,2024,121,518,475,128,23,3,22,37,135,2,4,0.269,0.322,0.469,0.792,0.2,0.329,0.0714,0.2606,0.6641,0.356,122.8,3.2,25.0,3.649859943977591,0.7394000000000001
Unknown_514888,HOU,514888,2024,149,663,610,179,29,0,19,46,117,7,0,0.293,0.35,0.434,0.784,0.141,0.338,0.0694,0.1765,0.7436,0.356,122.8,4.1,34.0,2.5432276657060515,0.8235
Unknown_663886,CIN,663886,2024,133,507,449,116,26,1,19,48,116,8,2,0.258,0.339,0.448,0.787,0.189,0.307,0.0947,0.2288,0.6607,0.355,122.2,3.1,28.0,2.416050686378036,0.7712
Unknown_656305,SF,656305,2024,150,629,557,137,38,2,25,64,156,6,2,0.246,0.329,0.456,0.785,0.21,0.296,0.1017,0.248,0.6407,0.355,122.2,3.9,31.0,2.438544739429695,0.752
Unknown_671732,ATH,671732,2024,115,437,400,106,24,2,22,33,104,0,4,0.265,0.318,0.5,0.818,0.235,0.302,0.0755,0.238,0.6865,0.355,122.2,2.7,24.0,3.152317880794702,0.762
Unknown_680757,CLE,680757,2024,118,519,460,133,15,3,13,52,48,5,0,0.289,0.368,0.42,0.787,0.13,0.301,0.1002,0.0925,0.7938,0.355,122.2,3.2,27.0,0.9231536926147704,0.9075
Unknown_687462,TOR,687462,2024,96,381,328,87,19,0,12,42,70,7,4,0.265,0.357,0.433,0.79,0.168,0.3,0.1102,0.1837,0.6877,0.353,120.8,2.3,27.0,1.6669691470054446,0.8163
Unknown_695578,WSH,695578,2024,79,336,295,78,13,4,9,39,97,2,0,0.264,0.354,0.427,0.781,0.163,0.365,0.1161,0.2887,0.5893,0.352,120.2,2.0,22.0,2.4866494401378123,0.7113
Unknown_663586,ATL,663586,2024,107,455,412,106,24,2,19,36,112,5,2,0.257,0.323,0.464,0.787,0.206,0.307,0.0791,0.2462,0.6637,0.352,120.2,2.7,27.0,3.1125158027812896,0.7538
Unknown_624585,SF,624585,2024,138,556,481,117,33,1,21,65,137,6,4,0.243,0.338,0.447,0.785,0.204,0.294,0.1169,0.2464,0.6205,0.351,119.5,3.2,32.0,2.1077844311377247,0.7536
Unknown_670042,SEA,670042,2024,129,444,393,96,19,2,22,27,130,20,2,0.244,0.324,0.471,0.794,0.226,0.305,0.0608,0.2928,0.5968,0.351,119.5,2.6,30.0,4.815789473684211,0.7072
Unknown_521692,KC,521692,2024,155,639,579,157,28,0,26,43,125,11,6,0.271,0.33,0.454,0.784,0.183,0.302,0.0673,0.1956,0.7183,0.351,119.5,3.7,34.0,2.9063893016344724,0.8044
Unknown_592518,SD,592518,2024,146,615,570,158,28,0,27,40,120,1,4,0.277,0.324,0.468,0.792,0.191,0.307,0.065,0.1951,0.7382,0.35,118.8,3.5,32.0,3.0015384615384613,0.8049
Unknown_621566,ATL,621566,2024,159,671,586,144,34,1,28,71,165,9,5,0.246,0.334,0.451,0.784,0.205,0.291,0.1058,0.2459,0.6349,0.349,118.2,3.8,30.0,2.324196597353497,0.7541
Unknown_642715,MIL,642715,2024,158,674,598,149,32,0,32,72,172,1,3,0.249,0.329,0.463,0.793,0.214,0.295,0.1068,0.2552,0.6365,0.349,118.2,3.8,29.0,2.389513108614232,0.7448
Unknown_694192,MIL,694192,2024,141,560,516,140,28,4,21,38,118,3,2,0.271,0.324,0.463,0.787,0.192,0.314,0.0679,0.2107,0.7143,0.348,117.5,3.1,20.0,3.1030927835051547,0.7893
Unknown_656811,BAL,656811,2024,138,487,436,115,20,3,15,46,68,2,3,0.264,0.335,0.427,0.761,0.163,0.281,0.0945,0.1396,0.7618,0.348,117.5,2.7,31.0,1.4772486772486773,0.8604
Unknown_664774,SF,664774,2024,112,386,317,81,15,0,8,61,82,4,3,0.256,0.379,0.379,0.758,0.123,0.317,0.158,0.2124,0.6166,0.348,117.5,2.1,30.0,1.3443037974683545,0.7876
Unknown_664761,PHI,664761,2024,140,594,542,151,44,2,15,40,84,6,6,0.279,0.332,0.45,0.782,0.172,0.303,0.0673,0.1414,0.7811,0.348,117.5,3.3,28.0,2.101040118870728,0.8586
Unknown_623993,BAL,623993,2024,152,652,583,137,24,2,42,58,127,7,4,0.235,0.31,0.499,0.809,0.264,0.227,0.089,0.1948,0.7055,0.348,117.5,3.6,30.0,2.18876404494382,0.8052
Unknown_807799,BOS,807799,2024,104,404,362,102,20,0,10,26,48,14,2,0.282,0.351,0.42,0.771,0.138,0.301,0.0644,0.1188,0.7822,0.348,117.5,2.2,31.0,1.84472049689441,0.8812
Unknown_663993,TEX,663993,2024,140,565,486,129,16,1,16,71,125,4,4,0.265,0.361,0.401,0.762,0.136,0.324,0.1257,0.2212,0.646,0.347,116.8,3.1,29.0,1.7597454256165472,0.7787999999999999
Unknown_676059,BAL,676059,2024,104,437,407,108,26,5,18,21,94,7,1,0.265,0.312,0.486,0.798,0.221,0.304,0.0481,0.2151,0.7185,0.347,116.8,2.4,25.0,4.471933471933473,0.7848999999999999
Unknown_624413,NYM,624413,2024,159,683,597,142,31,0,33,70,172,12,4,0.238,0.328,0.456,0.784,0.218,0.275,0.1025,0.2518,0.6281,0.346,116.2,3.7,30.0,2.456585365853659,0.7482
Unknown_677800,BOS,677800,2024,130,439,392,100,33,2,15,39,121,3,5,0.255,0.323,0.464,0.788,0.209,0.326,0.0888,0.2756,0.6287,0.346,116.2,2.4,25.0,3.1036036036036037,0.7243999999999999
Unknown_683737,CHC,683737,2024,146,555,487,122,28,2,21,60,158,4,4,0.251,0.335,0.446,0.781,0.195,0.324,0.1081,0.2847,0.6,0.346,116.2,3.0,27.0,2.6336725254394078,0.7153
Unknown_680977,STL,680977,2024,149,634,571,161,33,3,14,47,75,11,5,0.282,0.345,0.424,0.769,0.142,0.302,0.0741,0.1183,0.7902,0.346,116.2,3.4,27.0,1.5964912280701755,0.8817
Unknown_664023,CHC,664023,2024,150,643,557,133,33,2,25,78,167,6,2,0.239,0.337,0.44,0.777,0.201,0.294,0.1213,0.2597,0.6096,0.345,115.5,3.4,30.0,2.140972794723825,0.7403
Unknown_664983,AZ,664983,2024,127,493,440,126,13,7,8,31,77,14,3,0.286,0.35,0.402,0.753,0.116,0.33,0.0629,0.1562,0.7424,0.344,114.8,2.6,27.0,2.483306836248013,0.8438
Unknown_677594,SEA,677594,2024,137,596,551,152,16,0,20,37,151,6,2,0.276,0.327,0.414,0.741,0.138,0.346,0.0621,0.2534,0.6745,0.344,114.8,3.1,24.0,4.080515297906603,0.7465999999999999
Unknown_673237,HOU,673237,2024,144,603,571,169,29,3,16,22,106,2,8,0.296,0.32,0.441,0.761,0.145,0.335,0.0365,0.1758,0.7844,0.344,114.8,3.1,26.0,4.816438356164384,0.8242
Unknown_663616,MIN,663616,2024,112,400,355,92,17,0,15,40,89,3,2,0.259,0.338,0.434,0.771,0.175,0.304,0.1,0.2225,0.67,0.344,114.8,2.1,27.0,2.225,0.7775
Unknown_572233,AZ,572233,2024,125,533,463,115,25,0,24,53,128,9,8,0.248,0.332,0.458,0.79,0.21,0.285,0.0994,0.2402,0.6435,0.343,114.2,2.7,33.0,2.4164989939637826,0.7598
Unknown_456781,SD,456781,2024,95,309,283,81,13,0,8,22,65,3,1,0.286,0.343,0.417,0.76,0.131,0.346,0.0712,0.2104,0.7087,0.343,114.2,1.6,37.0,2.955056179775281,0.7896
Unknown_660766,WSH,660766,2024,62,249,226,64,15,0,6,18,42,1,3,0.283,0.335,0.429,0.764,0.146,0.32,0.0723,0.1687,0.751,0.343,114.2,1.3,26.0,2.333333333333333,0.8313
Unknown_665862,MIA,665862,2024,143,603,548,142,20,4,23,49,145,4,2,0.259,0.323,0.436,0.76,0.177,0.312,0.0813,0.2405,0.6716,0.343,114.2,3.1,26.0,2.958179581795818,0.7595000000000001
Unknown_457705,PIT,457705,2024,118,504,439,104,18,1,20,56,128,7,2,0.237,0.331,0.419,0.75,0.182,0.287,0.1111,0.254,0.621,0.343,114.2,2.6,38.0,2.286228622862286,0.746
Unknown_657656,ATL,657656,2024,88,298,276,71,15,1,11,14,92,7,1,0.257,0.309,0.438,0.747,0.181,0.345,0.047,0.3087,0.6208,0.342,113.5,1.5,30.0,6.568085106382978,0.6913
Unknown_444482,SD,444482,2024,89,260,236,63,11,0,8,22,54,2,0,0.267,0.335,0.415,0.75,0.148,0.316,0.0846,0.2077,0.7,0.342,113.5,1.3,37.0,2.455082742316785,0.7923
Unknown_519317,NYY,519317,2024,111,445,403,94,19,0,26,38,137,2,2,0.233,0.301,0.474,0.775,0.241,0.281,0.0854,0.3079,0.6022,0.342,113.5,2.2,35.0,3.6053864168618266,0.6920999999999999
Unknown_663457,STL,663457,2024,106,405,348,85,18,3,12,52,79,1,3,0.244,0.342,0.417,0.758,0.172,0.281,0.1284,0.1951,0.6716,0.342,113.5,2.0,27.0,1.5194704049844239,0.8049
Unknown_664040,TB,664040,2024,104,413,374,91,19,3,20,32,108,5,2,0.243,0.31,0.471,0.781,0.227,0.286,0.0775,0.2615,0.6489,0.342,113.5,2.1,30.0,3.374193548387097,0.7384999999999999
Unknown_608324,HOU,608324,2024,141,617,566,148,29,2,26,42,85,5,4,0.261,0.316,0.458,0.774,0.196,0.266,0.0681,0.1378,0.7861,0.342,113.5,3.1,30.0,2.023494860499266,0.8622
Unknown_650859,LAA,650859,2024,74,297,276,83,12,1,6,16,43,4,0,0.301,0.348,0.417,0.765,0.116,0.339,0.0539,0.1448,0.7845,0.342,113.5,1.5,27.0,2.6864564007421152,0.8552
Unknown_668709,ATH,668709,2024,154,625,555,134,42,3,20,67,122,2,0,0.241,0.325,0.436,0.761,0.195,0.276,0.1072,0.1952,0.6928,0.341,112.8,3.1,27.0,1.8208955223880599,0.8048
Unknown_650490,TB,650490,2024,141,604,549,153,30,1,13,48,92,4,3,0.279,0.339,0.408,0.747,0.129,0.313,0.0795,0.1523,0.7616,0.341,112.8,3.0,33.0,1.9157232704402514,0.8477
Unknown_608385,WSH,608385,2024,141,494,419,104,22,0,14,61,103,9,3,0.248,0.354,0.401,0.755,0.153,0.295,0.1235,0.2085,0.6457,0.341,112.8,2.5,31.0,1.6882591093117407,0.7915
Unknown_553993,AZ,553993,2024,153,624,557,140,28,2,29,48,174,9,10,0.251,0.316,0.465,0.781,0.214,0.305,0.0769,0.2788,0.6298,0.34,112.2,3.0,33.0,3.6254876462938883,0.7212000000000001
Unknown_657136,BOS,657136,2024,123,480,440,122,24,1,13,28,112,9,2,0.277,0.332,0.425,0.757,0.148,0.344,0.0583,0.2333,0.6875,0.34,112.2,2.3,28.0,4.00171526586621,0.7666999999999999
Unknown_671277,WSH,671277,2024,137,516,489,139,24,1,18,26,82,0,1,0.284,0.32,0.448,0.768,0.164,0.31,0.0504,0.1589,0.7907,0.34,112.2,2.5,24.0,3.152777777777778,0.8411
Unknown_647304,CLE,647304,2024,149,619,552,132,25,0,31,57,104,6,4,0.239,0.315,0.453,0.768,0.214,0.24,0.0921,0.168,0.7286,0.34,112.2,3.0,27.0,1.8241042345276874,0.832
Unknown_687263,LAA,687263,2024,152,592,533,134,34,1,23,38,136,16,1,0.251,0.32,0.448,0.768,0.197,0.296,0.0642,0.2297,0.6723,0.34,112.2,2.9,23.0,3.577881619937695,0.7703
Unknown_672515,AZ,672515,2024,92,338,293,79,17,1,5,40,51,2,3,0.27,0.358,0.386,0.744,0.116,0.308,0.1183,0.1509,0.7249,0.339,111.5,1.6,24.0,1.275570583262891,0.8491
Unknown_663697,CIN,663697,2024,148,623,521,128,27,2,15,78,124,15,7,0.246,0.356,0.392,0.747,0.146,0.29,0.1252,0.199,0.6485,0.339,111.5,3.0,28.0,1.5894568690095847,0.8009999999999999
Unknown_602104,BAL,602104,2024,91,293,265,69,9,2,11,22,54,5,1,0.26,0.328,0.434,0.762,0.174,0.289,0.0751,0.1843,0.7235,0.339,111.5,1.4,30.0,2.4540612516644473,0.8157
Unknown_665833,PIT,665833,2024,142,583,527,135,34,3,20,49,175,3,4,0.256,0.321,0.446,0.767,0.19,0.342,0.084,0.3002,0.6106,0.339,111.5,2.8,26.0,3.573809523809524,0.6998
Unknown_641355,CHC,641355,2024,127,555,506,135,22,3,18,41,88,3,5,0.267,0.323,0.429,0.751,0.162,0.289,0.0739,0.1586,0.7622,0.339,111.5,2.7,29.0,2.1461434370771313,0.8414
Unknown_592663,PHI,592663,2024,96,401,370,98,18,1,13,25,98,5,1,0.265,0.319,0.424,0.744,0.159,0.327,0.0623,0.2444,0.6808,0.338,110.8,1.9,33.0,3.922953451043339,0.7556
Unknown_650333,SD,650333,2024,146,652,619,198,31,3,4,22,27,8,1,0.32,0.351,0.399,0.75,0.079,0.329,0.0337,0.0414,0.9095,0.337,110.2,3.0,27.0,1.228486646884273,0.9586
Unknown_670623,TB,670623,2024,149,625,527,127,25,1,18,75,100,17,6,0.241,0.35,0.395,0.745,0.154,0.263,0.12,0.16,0.6928,0.337,110.2,2.9,25.0,1.3333333333333335,0.84
Unknown_691016,ATH,691016,2024,60,213,189,44,10,0,9,20,53,3,1,0.233,0.315,0.429,0.743,0.196,0.273,0.0939,0.2488,0.6432,0.337,110.2,1.0,23.0,2.6496272630457933,0.7512
Unknown_678877,CLE,678877,2024,65,198,179,39,7,1,13,13,63,5,1,0.218,0.288,0.486,0.774,0.268,0.25,0.0657,0.3182,0.5909,0.337,110.2,0.9,23.0,4.843226788432268,0.6818
Unknown_669304,MIN,669304,2024,121,429,401,114,28,4,9,18,66,6,4,0.284,0.322,0.441,0.763,0.157,0.318,0.042,0.1538,0.7902,0.337,110.2,2.0,26.0,3.6619047619047613,0.8462000000000001
Unknown_607043,NYM,607043,2024,148,650,558,127,25,3,23,77,153,12,3,0.228,0.332,0.407,0.739,0.179,0.27,0.1185,0.2354,0.6277,0.336,109.5,3.0,31.0,1.9864978902953587,0.7646
Unknown_669911,COL,669911,2024,113,453,396,86,14,3,25,54,146,0,3,0.217,0.309,0.457,0.766,0.24,0.268,0.1192,0.3223,0.5563,0.336,109.5,2.1,26.0,2.703859060402684,0.6777
Unknown_453568,COL,453568,2024,121,487,438,112,23,4,12,42,86,6,1,0.256,0.329,0.409,0.737,0.153,0.293,0.0862,0.1766,0.7248,0.336,109.5,2.2,38.0,2.048723897911833,0.8234
Unknown_624641,PHI,624641,2024,86,272,248,63,12,4,7,13,66,8,2,0.254,0.31,0.419,0.729,0.165,0.316,0.0478,0.2426,0.6728,0.336,109.5,1.2,28.0,5.075313807531381,0.7574
Unknown_669016,PHI,669016,2024,132,470,412,103,17,3,15,50,149,2,5,0.25,0.33,0.415,0.746,0.165,0.348,0.1064,0.317,0.5702,0.336,109.5,2.1,27.0,2.979323308270677,0.683
Unknown_605170,HOU,605170,2024,84,270,241,64,8,1,8,23,52,3,3,0.266,0.333,0.407,0.74,0.141,0.304,0.0852,0.1926,0.7111,0.336,109.5,1.2,31.0,2.26056338028169,0.8074
Unknown_682998,AZ,682998,2024,151,665,576,133,22,14,22,67,130,10,9,0.231,0.317,0.432,0.75,0.201,0.256,0.1008,0.1955,0.6842,0.335,108.8,3.0,24.0,1.939484126984127,0.8045
Unknown_672695,AZ,672695,2024,93,373,323,88,20,2,3,35,57,3,5,0.272,0.344,0.375,0.719,0.102,0.317,0.0938,0.1528,0.7265,0.335,108.8,1.7,25.0,1.628997867803838,0.8472
Unknown_663538,CHC,663538,2024,146,628,572,158,35,1,7,43,63,10,3,0.276,0.336,0.378,0.714,0.101,0.299,0.0685,0.1003,0.8153,0.335,108.8,2.8,27.0,1.4642335766423356,0.8996999999999999
Unknown_678662,COL,678662,2024,153,680,642,173,45,4,25,23,197,3,7,0.269,0.295,0.469,0.764,0.199,0.347,0.0338,0.2897,0.6632,0.335,108.8,3.0,23.0,8.571005917159765,0.7102999999999999
Unknown_650489,MIN,650489,2024,152,623,550,137,31,5,12,48,145,20,4,0.249,0.33,0.389,0.719,0.14,0.315,0.077,0.2327,0.6565,0.335,108.8,2.8,27.0,3.022077922077922,0.7673
Unknown_518735,PIT,518735,2024,68,243,215,49,10,0,9,24,46,0,1,0.228,0.304,0.4,0.704,0.172,0.248,0.0988,0.1893,0.6996,0.335,108.8,1.1,36.0,1.915991902834008,0.8107
Unknown_686668,COL,686668,2024,143,589,529,137,24,4,22,45,148,3,8,0.259,0.316,0.444,0.76,0.185,0.313,0.0764,0.2513,0.6604,0.335,108.8,2.6,26.0,3.2892670157068067,0.7486999999999999
Unknown_678009,DET,678009,2024,72,286,260,65,12,5,9,23,73,1,1,0.25,0.312,0.438,0.751,0.188,0.313,0.0804,0.2552,0.6573,0.334,108.2,1.2,25.0,3.174129353233831,0.7448
Unknown_669701,TEX,669701,2024,147,591,522,135,30,1,13,46,121,18,3,0.259,0.338,0.395,0.732,0.136,0.312,0.0778,0.2047,0.6836,0.334,108.2,2.6,27.0,2.6311053984575836,0.7953
Unknown_686469,KC,686469,2024,128,541,485,129,30,2,19,38,68,4,13,0.266,0.317,0.454,0.77,0.188,0.268,0.0702,0.1257,0.7948,0.334,108.2,2.4,27.0,1.7905982905982907,0.8743
Unknown_687401,MIL,687401,2024,134,502,432,104,25,6,11,55,101,6,6,0.241,0.331,0.403,0.733,0.162,0.285,0.1096,0.2012,0.6713,0.333,107.5,2.2,26.0,1.835766423357664,0.7988
Unknown_467793,MIN,467793,2024,146,581,510,121,25,0,23,64,96,5,2,0.237,0.327,0.422,0.749,0.184,0.249,0.1102,0.1652,0.716,0.333,107.5,2.5,38.0,1.4990925589836661,0.8348
Unknown_681297,BAL,681297,2024,147,559,497,120,23,3,24,52,172,7,3,0.241,0.32,0.445,0.765,0.203,0.316,0.093,0.3077,0.5868,0.333,107.5,2.4,24.0,3.308602150537634,0.6923
Unknown_676475,STL,676475,2024,148,581,535,144,19,0,21,35,71,4,6,0.269,0.316,0.422,0.738,0.153,0.274,0.0602,0.1222,0.8055,0.333,107.5,2.5,26.0,2.029900332225914,0.8778
Unknown_457759,TOR,457759,2024,135,523,446,115,22,0,10,58,93,12,7,0.258,0.354,0.374,0.728,0.117,0.3,0.1109,0.1778,0.6883,0.333,107.5,2.2,40.0,1.6032461677186656,0.8222
Unknown_500743,LAD,500743,2024,96,330,300,85,21,0,5,23,34,3,2,0.283,0.338,0.403,0.742,0.12,0.304,0.0697,0.103,0.8121,0.333,107.5,1.4,35.0,1.4777618364418939,0.897
Unknown_660670,ATL,660670,2024,46,208,180,44,8,1,4,25,49,3,0,0.244,0.346,0.367,0.713,0.122,0.315,0.1202,0.2356,0.6298,0.333,107.5,0.9,27.0,1.9600665557404326,0.7644
Unknown_686681,KC,686681,2024,100,356,332,86,17,2,14,15,56,3,4,0.259,0.294,0.449,0.743,0.19,0.271,0.0421,0.1573,0.7865,0.332,106.8,1.5,26.0,3.7363420427553447,0.8427
Unknown_621493,LAA,621493,2024,153,651,573,141,26,2,23,63,160,7,8,0.246,0.324,0.419,0.743,0.173,0.296,0.0968,0.2458,0.6467,0.332,106.8,2.7,31.0,2.5392561983471076,0.7542
Unknown_663728,SEA,663728,2024,150,617,536,119,16,0,34,69,172,6,6,0.222,0.314,0.442,0.757,0.22,0.253,0.1118,0.2788,0.5997,0.332,106.8,2.6,28.0,2.493738819320215,0.7212000000000001
Unknown_592206,PHI,592206,2024,159,647,596,151,30,4,23,39,136,10,2,0.253,0.309,0.433,0.742,0.18,0.292,0.0603,0.2102,0.7141,0.332,106.8,2.7,32.0,3.485903814262023,0.7898000000000001
Unknown_663837,DET,663837,2024,142,562,513,132,28,5,16,41,118,3,5,0.257,0.313,0.425,0.738,0.168,0.302,0.073,0.21,0.7117,0.331,106.2,2.3,28.0,2.8767123287671232,0.79
Unknown_573262,SF,573262,2024,135,470,424,99,16,9,18,38,121,6,1,0.233,0.305,0.441,0.746,0.208,0.283,0.0809,0.2574,0.6468,0.331,106.2,1.9,34.0,3.181705809641533,0.7425999999999999
Unknown_605137,MIA,605137,2024,141,584,529,130,22,2,19,47,115,5,3,0.246,0.312,0.403,0.714,0.157,0.279,0.0805,0.1969,0.7055,0.331,106.2,2.4,32.0,2.4459627329192544,0.8031
Unknown_663898,COL,663898,2024,128,522,484,132,28,1,13,31,126,4,2,0.273,0.321,0.415,0.736,0.143,0.343,0.0594,0.2414,0.6897,0.331,106.2,2.1,28.0,4.063973063973064,0.7585999999999999
Unknown_571448,STL,571448,2024,148,617,563,155,23,0,16,44,91,4,6,0.275,0.329,0.401,0.73,0.126,0.301,0.0713,0.1475,0.7731,0.331,106.2,2.5,33.0,2.0687237026647964,0.8525
Unknown_668715,CIN,668715,2024,155,644,564,125,33,4,20,71,136,7,2,0.222,0.315,0.401,0.716,0.179,0.256,0.1102,0.2112,0.6677,0.33,105.5,2.6,27.0,1.9165154264972775,0.7888
Unknown_694671,TEX,694671,2024,131,542,487,122,25,3,16,49,112,4,2,0.251,0.323,0.413,0.736,0.162,0.294,0.0904,0.2066,0.6956,0.33,105.5,2.2,23.0,2.2853982300884956,0.7934
Unknown_663624,BAL,663624,2024,121,493,463,124,28,2,13,25,113,1,4,0.268,0.304,0.421,0.725,0.153,0.326,0.0507,0.2292,0.7181,0.33,105.5,2.0,27.0,4.520710059171598,0.7708
Unknown_660821,MIA,660821,2024,146,529,481,121,25,1,18,41,139,4,2,0.252,0.314,0.42,0.734,0.168,0.316,0.0775,0.2628,0.6503,0.33,105.5,2.1,27.0,3.3909677419354836,0.7372000000000001
Unknown_669394,MIA,669394,2024,133,561,519,127,22,1,29,30,148,9,3,0.245,0.296,0.459,0.754,0.214,0.284,0.0535,0.2638,0.6667,0.33,105.5,2.3,28.0,4.930841121495327,0.7362
Unknown_691026,STL,691026,2024,145,627,578,154,32,5,15,41,108,1,5,0.266,0.314,0.417,0.731,0.151,0.302,0.0654,0.1722,0.7576,0.33,105.5,2.5,22.0,2.63302752293578,0.8278
Unknown_630105,SD,630105,2024,148,629,556,130,26,2,17,61,114,9,2,0.234,0.318,0.379,0.698,0.146,0.265,0.097,0.1812,0.7011,0.329,104.8,2.5,30.0,1.868041237113402,0.8188
Unknown_502671,STL,502671,2024,150,636,588,143,33,1,21,44,168,2,2,0.243,0.297,0.41,0.707,0.167,0.304,0.0692,0.2642,0.6588,0.329,104.8,2.5,37.0,3.8179190751445087,0.7358
Unknown_543309,SD,543309,2024,78,259,242,54,10,1,17,15,70,0,1,0.223,0.267,0.483,0.751,0.26,0.237,0.0579,0.2703,0.668,0.329,104.8,1.0,34.0,4.668393782383419,0.7297
Unknown_669257,LAD,669257,2024,123,520,454,108,22,2,20,49,101,9,8,0.238,0.319,0.427,0.747,0.189,0.258,0.0942,0.1942,0.6942,0.329,104.8,2.1,29.0,2.061571125265393,0.8058
Unknown_680777,MIN,680777,2024,118,452,401,93,22,0,21,32,90,12,6,0.232,0.304,0.444,0.748,0.212,0.243,0.0708,0.1991,0.7013,0.329,104.8,1.8,27.0,2.812146892655367,0.8009
Unknown_643565,CHC,643565,2024,104,345,296,74,12,1,7,44,69,4,1,0.25,0.354,0.368,0.722,0.118,0.303,0.1275,0.2,0.6609,0.328,104.2,1.3,34.0,1.5686274509803921,0.8
Unknown_672640,MIA,672640,2024,113,434,404,109,23,1,6,25,75,1,2,0.27,0.312,0.376,0.689,0.106,0.317,0.0576,0.1728,0.7604,0.328,104.2,1.7,26.0,3.0000000000000004,0.8271999999999999
Unknown_682928,WSH,682928,2024,134,588,531,131,29,5,19,37,124,16,4,0.247,0.313,0.427,0.74,0.181,0.286,0.0629,0.2109,0.699,0.328,104.2,2.3,24.0,3.3529411764705883,0.7891
Unknown_518595,ATL,518595,2024,93,334,301,72,15,0,15,23,88,6,4,0.239,0.302,0.439,0.741,0.199,0.282,0.0689,0.2635,0.6497,0.327,103.5,1.3,35.0,3.8243831640058055,0.7364999999999999
Unknown_502110,NYM,502110,2024,120,495,438,102,24,1,16,49,141,6,2,0.233,0.317,0.402,0.719,0.169,0.304,0.099,0.2848,0.596,0.327,103.5,1.9,37.0,2.8767676767676766,0.7152000000000001
Unknown_668227,TB,668227,2024,150,633,535,115,33,0,18,72,165,22,4,0.215,0.33,0.378,0.708,0.163,0.272,0.1137,0.2607,0.5908,0.327,103.5,2.4,29.0,2.29287598944591,0.7393000000000001
Unknown_657041,WSH,657041,2024,125,514,460,111,26,3,15,43,132,7,4,0.241,0.313,0.409,0.722,0.167,0.303,0.0837,0.2568,0.6459,0.327,103.5,1.9,29.0,3.0681003584229387,0.7432000000000001
Unknown_666158,LAD,666158,2024,133,467,419,106,24,2,10,44,107,2,2,0.253,0.325,0.391,0.717,0.138,0.316,0.0942,0.2291,0.6724,0.327,103.5,1.8,27.0,2.432059447983015,0.7709
Unknown_650402,NYY,650402,2024,150,646,572,149,26,0,15,62,132,2,8,0.26,0.331,0.385,0.715,0.124,0.309,0.096,0.2043,0.6935,0.326,102.8,2.4,28.0,2.1281250000000003,0.7957
Unknown_624424,SF,624424,2024,126,471,423,98,25,3,18,40,113,5,3,0.232,0.304,0.433,0.736,0.201,0.271,0.0849,0.2399,0.6645,0.326,102.8,1.7,31.0,2.8256772673733805,0.7601
Unknown_694384,LAA,694384,2024,143,596,510,129,19,0,13,67,100,9,7,0.253,0.346,0.367,0.712,0.114,0.287,0.1124,0.1678,0.698,0.326,102.8,2.2,22.0,1.49288256227758,0.8322
Unknown_621438,NYM,621438,2024,109,338,313,78,22,3,7,18,79,5,1,0.249,0.3,0.406,0.705,0.157,0.311,0.0533,0.2337,0.6953,0.325,102.2,1.2,30.0,4.384615384615384,0.7663
Unknown_656775,BAL,656775,2024,135,487,438,102,15,3,17,41,94,4,2,0.233,0.303,0.397,0.7,0.164,0.258,0.0842,0.193,0.7002,0.325,102.2,1.8,30.0,2.292161520190024,0.8069999999999999
Unknown_663853,BOS,663853,2024,87,216,199,53,10,1,6,12,58,1,4,0.266,0.306,0.417,0.723,0.151,0.338,0.0556,0.2685,0.6713,0.325,102.2,0.8,28.0,4.829136690647482,0.7315
Unknown_669127,ATH,669127,2024,132,523,473,105,18,2,29,41,144,4,5,0.222,0.287,0.452,0.739,0.23,0.249,0.0784,0.2753,0.6386,0.325,102.2,1.9,27.0,3.5114795918367347,0.7247
Unknown_673490,SD,673490,2024,115,443,381,88,15,3,10,54,74,2,2,0.231,0.328,0.365,0.693,0.134,0.261,0.1219,0.167,0.6975,0.325,102.2,1.6,29.0,1.3699753896636588,0.833
Unknown_671739,ATL,671739,2024,107,456,427,110,13,3,15,22,91,4,3,0.258,0.298,0.407,0.706,0.15,0.293,0.0482,0.1996,0.7434,0.324,101.5,1.6,23.0,4.141078838174274,0.8004
Unknown_693304,PIT,693304,2024,93,387,359,97,19,3,7,18,74,5,4,0.27,0.311,0.398,0.709,0.128,0.319,0.0465,0.1912,0.7468,0.324,101.5,1.4,25.0,4.111827956989248,0.8088
Unknown_596146,MIN,596146,2024,103,395,365,93,21,1,8,22,78,5,3,0.255,0.304,0.384,0.687,0.129,0.301,0.0557,0.1975,0.7316,0.324,101.5,1.4,31.0,3.545780969479354,0.8025
Unknown_669224,NYY,669224,2024,109,405,348,79,18,1,13,44,86,5,7,0.227,0.317,0.397,0.713,0.17,0.258,0.1086,0.2123,0.6642,0.323,100.8,1.4,25.0,1.9548802946593,0.7877000000000001
Unknown_691406,TB,691406,2024,43,177,165,41,9,1,6,11,38,1,0,0.248,0.299,0.424,0.724,0.176,0.289,0.0621,0.2147,0.7175,0.322,100.2,0.6,21.0,3.4573268921095006,0.7853
Unknown_676391,TOR,676391,2024,126,443,425,111,21,3,12,11,40,3,2,0.261,0.283,0.409,0.693,0.148,0.264,0.0248,0.0903,0.8736,0.322,100.2,1.5,28.0,3.641129032258065,0.9097
Unknown_572138,HOU,572138,2024,117,401,351,82,13,1,13,47,109,0,3,0.234,0.322,0.387,0.709,0.154,0.297,0.1172,0.2718,0.611,0.322,100.2,1.3,33.0,2.319112627986348,0.7282
Unknown_516782,NYM,516782,2024,89,358,325,87,12,3,6,25,80,3,2,0.268,0.324,0.378,0.702,0.111,0.336,0.0698,0.2235,0.6899,0.321,99.5,1.2,36.0,3.202005730659026,0.7765
Unknown_641857,COL,641857,2024,149,628,555,131,27,0,20,67,183,3,3,0.236,0.32,0.393,0.713,0.157,0.313,0.1067,0.2914,0.5939,0.321,99.5,2.1,30.0,2.7310215557638235,0.7086
Unknown_668939,BAL,668939,2024,145,625,560,140,21,1,19,56,103,2,7,0.25,0.317,0.393,0.71,0.143,0.272,0.0896,0.1648,0.7424,0.321,99.5,2.0,26.0,1.8392857142857144,0.8351999999999999
Unknown_592192,DET,592192,2024,121,449,382,91,19,0,6,49,93,13,5,0.238,0.341,0.335,0.676,0.097,0.295,0.1091,0.2071,0.6548,0.321,99.5,1.5,35.0,1.8982584784601284,0.7928999999999999
Unknown_656537,MIA,656537,2024,49,172,162,39,4,2,7,5,56,2,1,0.241,0.271,0.42,0.69,0.179,0.32,0.0291,0.3256,0.6221,0.321,99.5,0.6,29.0,11.189003436426116,0.6744
Unknown_642086,BOS,642086,2024,92,307,275,64,22,0,6,28,76,4,0,0.233,0.313,0.378,0.691,0.145,0.301,0.0912,0.2476,0.6482,0.32,98.8,1.0,29.0,2.7149122807017543,0.7524
Unknown_609280,ATH,609280,2024,75,319,302,86,14,1,4,13,42,3,1,0.285,0.32,0.377,0.697,0.093,0.319,0.0408,0.1317,0.8182,0.32,98.8,1.0,29.0,3.2279411764705883,0.8683
Unknown_682626,NYM,682626,2024,88,331,298,68,13,2,10,29,83,2,2,0.228,0.299,0.386,0.685,0.158,0.28,0.0876,0.2508,0.6556,0.319,98.2,1.0,23.0,2.8630136986301373,0.7492
Unknown_666971,AZ,666971,2024,129,534,496,135,20,2,15,27,98,6,5,0.272,0.315,0.411,0.726,0.139,0.309,0.0506,0.1835,0.7547,0.319,98.2,1.7,31.0,3.6264822134387353,0.8165
Unknown_572761,STL,572761,2024,55,151,132,31,7,0,4,15,49,2,2,0.235,0.318,0.379,0.697,0.144,0.333,0.0993,0.3245,0.5629,0.319,98.2,0.5,39.0,3.2678751258811682,0.6755
Unknown_669720,BAL,669720,2024,75,242,224,58,18,0,5,7,55,8,2,0.259,0.303,0.406,0.709,0.147,0.319,0.0289,0.2273,0.7066,0.319,98.2,0.7,29.0,7.865051903114187,0.7726999999999999
Unknown_621028,AZ,621028,2024,94,311,288,80,17,1,3,15,48,0,2,0.278,0.311,0.375,0.686,0.097,0.322,0.0482,0.1543,0.7781,0.319,98.2,1.0,31.0,3.201244813278008,0.8457
Unknown_643446,NYM,643446,2024,121,461,413,100,26,0,12,35,68,9,3,0.242,0.313,0.392,0.705,0.15,0.262,0.0759,0.1475,0.7549,0.319,98.2,1.4,32.0,1.9433465085639,0.8525
Unknown_670770,CIN,670770,2024,85,341,297,67,5,1,13,26,52,12,4,0.226,0.31,0.38,0.69,0.155,0.229,0.0762,0.1525,0.7302,0.318,97.5,1.0,29.0,2.001312335958005,0.8475
Unknown_543760,TEX,543760,2024,156,703,637,150,26,2,23,62,103,3,1,0.235,0.306,0.391,0.697,0.155,0.248,0.0882,0.1465,0.761,0.318,97.5,2.1,34.0,1.6609977324263037,0.8535
Unknown_596142,MIL,596142,2024,86,277,242,54,7,1,11,27,75,5,3,0.223,0.31,0.397,0.707,0.174,0.27,0.0975,0.2708,0.6137,0.318,97.5,0.8,32.0,2.7774358974358972,0.7292000000000001
Unknown_665161,HOU,665161,2024,153,634,587,154,27,2,15,25,109,13,6,0.262,0.304,0.392,0.696,0.129,0.296,0.0394,0.1719,0.7634,0.318,97.5,1.9,27.0,4.362944162436548,0.8281000000000001
Unknown_643396,TOR,643396,2024,125,486,456,122,18,4,8,15,77,10,2,0.268,0.304,0.377,0.682,0.11,0.306,0.0309,0.1584,0.784,0.318,97.5,1.5,29.0,5.12621359223301,0.8416
Unknown_656582,PIT,656582,2024,116,394,345,77,19,1,9,41,88,6,2,0.223,0.315,0.362,0.677,0.139,0.272,0.1041,0.2234,0.6574,0.318,97.5,1.2,32.0,2.1460134486071083,0.7766
Unknown_666023,KC,666023,2024,99,364,335,92,14,0,6,23,66,2,3,0.275,0.322,0.37,0.692,0.096,0.323,0.0632,0.1813,0.7473,0.317,96.8,1.1,29.0,2.868670886075949,0.8187
Unknown_641584,CIN,641584,2024,110,374,342,92,18,2,5,26,70,3,3,0.269,0.324,0.377,0.701,0.108,0.322,0.0695,0.1872,0.7353,0.317,96.8,1.1,29.0,2.693525179856115,0.8128
Unknown_681624,LAD,681624,2024,115,443,404,100,23,1,13,29,108,6,4,0.248,0.305,0.406,0.711,0.158,0.303,0.0655,0.2438,0.6749,0.317,96.8,1.3,24.0,3.7221374045801525,0.7562
Unknown_686823,CLE,686823,2024,110,341,320,85,13,2,8,18,47,2,1,0.266,0.308,0.394,0.702,0.128,0.289,0.0528,0.1378,0.8035,0.317,96.8,1.0,26.0,2.609848484848485,0.8622
Unknown_656555,MIL,656555,2024,128,504,440,93,14,0,25,51,147,7,6,0.211,0.3,0.414,0.713,0.202,0.248,0.1012,0.2917,0.5893,0.317,96.8,1.5,31.0,2.8824110671936762,0.7082999999999999
Unknown_553869,COL,553869,2024,89,340,314,83,20,0,5,20,68,4,2,0.264,0.315,0.376,0.691,0.111,0.321,0.0588,0.2,0.7294,0.316,96.2,1.0,34.0,3.4013605442176873,0.8
Unknown_672761,DET,672761,2024,110,425,389,94,16,6,9,32,92,1,1,0.242,0.3,0.383,0.683,0.141,0.294,0.0753,0.2165,0.7012,0.316,96.2,1.2,25.0,2.875166002656042,0.7835
Unknown_690993,DET,690993,2024,145,543,505,133,15,4,13,34,108,2,2,0.263,0.311,0.386,0.697,0.123,0.311,0.0626,0.1989,0.7348,0.316,96.2,1.5,23.0,3.1773162939297124,0.8011
Unknown_668904,MIN,668904,2024,81,323,290,66,16,0,15,28,74,0,5,0.228,0.291,0.438,0.729,0.21,0.248,0.0867,0.2291,0.6842,0.316,96.2,0.9,25.0,2.6424452133794696,0.7709
Unknown_663757,NYY,663757,2024,66,205,177,34,8,0,9,21,55,4,2,0.192,0.289,0.39,0.679,0.198,0.217,0.1024,0.2683,0.6,0.316,96.2,0.6,28.0,2.6201171874999996,0.7317
Unknown_664238,SEA,664238,2024,127,435,362,73,23,4,9,53,121,14,5,0.202,0.323,0.362,0.684,0.16,0.27,0.1218,0.2782,0.5655,0.316,96.2,1.2,32.0,2.284072249589491,0.7218
Unknown_681393,MIA,681393,2024,45,194,178,42,9,0,9,15,64,0,1,0.236,0.294,0.438,0.732,0.202,0.311,0.0773,0.3299,0.5928,0.316,96.2,0.6,24.0,4.267787839586029,0.6700999999999999
Unknown_681351,LAA,681351,2024,133,512,472,114,17,1,20,31,154,7,1,0.242,0.297,0.409,0.706,0.167,0.314,0.0605,0.3008,0.623,0.316,96.2,1.5,24.0,4.971900826446281,0.6992
Unknown_592669,KC,592669,2024,114,417,378,88,18,0,15,36,80,2,1,0.233,0.302,0.399,0.702,0.167,0.257,0.0863,0.1918,0.717,0.315,95.5,1.2,32.0,2.2224797219003474,0.8082
Unknown_680700,TB,680700,2024,86,308,260,59,8,1,5,42,66,5,1,0.227,0.344,0.323,0.667,0.096,0.284,0.1364,0.2143,0.6299,0.315,95.5,0.9,27.0,1.5711143695014662,0.7857000000000001
Unknown_621020,CHC,621020,2024,145,581,525,127,26,2,15,52,141,2,2,0.242,0.312,0.385,0.696,0.143,0.302,0.0895,0.2427,0.6644,0.315,95.5,1.6,30.0,2.711731843575419,0.7573
Unknown_672386,TOR,672386,2024,98,373,329,84,19,1,5,34,49,2,8,0.255,0.322,0.365,0.686,0.109,0.279,0.0912,0.1314,0.7721,0.315,95.5,1.0,26.0,1.4407894736842104,0.8686
Unknown_666152,BOS,666152,2024,93,317,294,73,17,1,8,22,80,1,0,0.248,0.303,0.395,0.697,0.146,0.316,0.0694,0.2524,0.6751,0.315,95.5,0.9,27.0,3.636887608069164,0.7476
Unknown_669242,LAD,669242,2024,37,153,139,33,5,1,6,11,30,1,2,0.237,0.294,0.417,0.711,0.18,0.257,0.0719,0.1961,0.7255,0.314,94.8,0.4,29.0,2.727399165507649,0.8039000000000001
Unknown_668832,ATH,668832,2024,51,153,138,33,4,0,5,14,57,1,0,0.239,0.314,0.377,0.691,0.138,0.368,0.0915,0.3725,0.5294,0.314,94.8,0.4,27.0,4.0710382513661205,0.6275
Unknown_518792,LAD,518792,2024,80,243,215,45,12,2,10,22,52,4,2,0.209,0.292,0.423,0.715,0.214,0.226,0.0905,0.214,0.6749,0.314,94.8,0.7,35.0,2.3646408839779007,0.786
Unknown_673962,TEX,673962,2024,43,173,165,43,4,0,6,6,44,1,1,0.261,0.289,0.394,0.683,0.133,0.319,0.0347,0.2543,0.7052,0.314,94.8,0.5,26.0,7.328530259365994,0.7457
Unknown_668885,MIN,668885,2024,78,254,230,59,18,1,1,20,47,2,0,0.257,0.321,0.357,0.678,0.1,0.319,0.0787,0.185,0.7205,0.313,94.2,0.7,25.0,2.3506988564167726,0.815
Unknown_677870,TOR,677870,2024,61,210,179,41,11,0,4,12,59,16,3,0.229,0.329,0.358,0.686,0.128,0.311,0.0571,0.281,0.5857,0.313,94.2,0.5,23.0,4.921190893169878,0.719
Unknown_642708,TB,642708,2024,96,337,324,90,16,3,3,8,73,4,1,0.278,0.303,0.373,0.676,0.096,0.349,0.0237,0.2166,0.7478,0.313,94.2,0.9,29.0,9.139240506329115,0.7834
Unknown_686527,SEA,686527,2024,58,180,160,33,7,0,8,18,49,0,2,0.206,0.283,0.4,0.683,0.194,0.238,0.1,0.2722,0.6278,0.313,94.2,0.5,27.0,2.722,0.7278
Unknown_683734,CWS,683734,2024,146,608,560,138,30,1,19,38,130,5,5,0.246,0.298,0.405,0.703,0.159,0.286,0.0625,0.2138,0.7155,0.312,93.5,1.5,26.0,3.4208,0.7862
Unknown_641432,LAA,641432,2024,68,254,229,56,16,0,5,23,31,1,1,0.245,0.315,0.38,0.695,0.135,0.263,0.0906,0.122,0.7835,0.312,93.5,0.6,30.0,1.346578366445916,0.878
Unknown_502054,CWS,502054,2024,116,478,440,109,20,3,9,35,106,2,1,0.248,0.305,0.368,0.674,0.12,0.307,0.0732,0.2218,0.7008,0.311,92.8,1.2,36.0,3.030054644808743,0.7782
Unknown_543807,TOR,543807,2024,141,596,530,117,19,3,17,58,112,6,2,0.221,0.304,0.364,0.668,0.143,0.248,0.0973,0.1879,0.703,0.311,92.8,1.4,35.0,1.931140801644399,0.8121
Unknown_686217,MIL,686217,2024,141,514,469,122,22,4,2,38,75,4,1,0.26,0.32,0.337,0.657,0.077,0.305,0.0739,0.1459,0.7626,0.311,92.8,1.2,24.0,1.9742895805142087,0.8541
Unknown_662139,TOR,662139,2024,127,496,445,96,21,7,18,45,133,4,1,0.216,0.293,0.416,0.709,0.2,0.264,0.0907,0.2681,0.631,0.311,92.8,1.2,28.0,2.955898566703418,0.7319
Unknown_666139,TB,666139,2024,106,387,353,85,19,2,10,32,123,0,2,0.241,0.302,0.391,0.693,0.15,0.338,0.0827,0.3178,0.5995,0.31,92.1,0.9,26.0,3.8428053204353088,0.6821999999999999
Unknown_656413,CIN,656413,2024,84,229,205,43,8,0,8,17,59,4,1,0.21,0.282,0.366,0.648,0.156,0.252,0.0742,0.2576,0.6419,0.31,92.1,0.5,28.0,3.471698113207547,0.7424
Unknown_600869,CIN,600869,2024,109,451,416,94,22,2,19,26,108,6,3,0.226,0.279,0.425,0.705,0.2,0.257,0.0576,0.2395,0.6896,0.31,92.1,1.1,31.0,4.157986111111111,0.7605
Unknown_657557,CWS,657557,2024,134,476,439,100,17,0,23,23,152,9,5,0.228,0.277,0.424,0.701,0.196,0.286,0.0483,0.3193,0.6134,0.309,91.5,1.1,31.0,6.610766045548654,0.6807000000000001
Unknown_700932,CLE,700932,2024,52,156,145,34,12,0,5,9,41,1,1,0.234,0.282,0.421,0.703,0.186,0.29,0.0577,0.2628,0.6731,0.309,91.5,0.4,24.0,4.554592720970537,0.7372000000000001
Unknown_593160,PHI,593160,2024,87,327,286,64,9,3,4,34,52,3,0,0.224,0.313,0.318,0.631,0.094,0.261,0.104,0.159,0.7156,0.309,91.5,0.7,35.0,1.528846153846154,0.841
Unknown_666134,COL,666134,2024,72,280,240,56,12,0,3,35,85,1,3,0.233,0.33,0.321,0.651,0.088,0.342,0.125,0.3036,0.5643,0.308,90.8,0.6,26.0,2.4288,0.6964
Unknown_593428,SD,593428,2024,105,437,404,105,15,1,11,26,74,1,6,0.26,0.302,0.384,0.686,0.124,0.289,0.0595,0.1693,0.7689,0.308,90.8,0.9,32.0,2.8453781512605043,0.8307
Unknown_666176,LAA,666176,2024,124,446,401,83,15,1,20,35,124,7,3,0.207,0.28,0.399,0.679,0.192,0.242,0.0785,0.278,0.6256,0.308,90.8,1.0,25.0,3.5414012738853504,0.722
Unknown_677942,AZ,677942,2024,52,178,159,39,7,0,3,15,46,3,0,0.245,0.322,0.346,0.668,0.101,0.327,0.0843,0.2584,0.6348,0.308,90.8,0.4,25.0,3.065243179122183,0.7416
Unknown_696285,WSH,696285,2024,145,521,468,120,24,1,3,30,102,12,2,0.256,0.316,0.331,0.648,0.075,0.321,0.0576,0.1958,0.7063,0.307,90.1,1.1,25.0,3.399305555555556,0.8042
Unknown_643217,CWS,643217,2024,132,509,465,107,20,0,20,40,93,1,3,0.23,0.291,0.402,0.693,0.172,0.245,0.0786,0.1827,0.7367,0.307,90.1,1.1,30.0,2.3244274809160306,0.8173
Unknown_608348,DET,608348,2024,83,307,275,64,9,1,9,25,55,6,1,0.233,0.309,0.371,0.68,0.138,0.259,0.0814,0.1792,0.7199,0.307,90.1,0.6,30.0,2.2014742014742015,0.8208
Unknown_642133,PIT,642133,2024,123,413,375,91,18,0,12,31,84,2,5,0.243,0.3,0.387,0.687,0.144,0.278,0.0751,0.2034,0.7167,0.307,90.1,0.9,29.0,2.7083888149134485,0.7966
Unknown_645277,ATL,645277,2024,96,421,386,95,29,1,8,26,65,5,4,0.246,0.299,0.389,0.688,0.142,0.274,0.0618,0.1544,0.772,0.306,89.5,0.8,27.0,2.498381877022654,0.8456
Unknown_678882,BOS,678882,2024,148,559,532,130,22,4,15,15,146,7,3,0.244,0.273,0.385,0.658,0.141,0.307,0.0268,0.2612,0.6959,0.306,89.5,1.1,24.0,9.746268656716417,0.7388
Unknown_664034,SEA,664034,2024,135,520,464,108,24,0,13,38,110,13,5,0.233,0.306,0.369,0.674,0.136,0.275,0.0731,0.2115,0.6904,0.306,89.5,1.0,30.0,2.893296853625171,0.7885
Unknown_621466,NYM,621466,2024,71,189,154,28,4,0,5,30,44,4,1,0.182,0.328,0.305,0.633,0.123,0.217,0.1587,0.2328,0.5873,0.306,89.5,0.4,31.0,1.4669187145557656,0.7672
Unknown_668930,MIL,668930,2024,150,608,548,137,23,4,7,50,102,2,3,0.25,0.313,0.345,0.658,0.095,0.294,0.0822,0.1678,0.7385,0.305,88.8,1.2,25.0,2.0413625304136254,0.8322
Unknown_643376,TOR,643376,2024,85,324,278,57,13,0,9,40,61,3,3,0.205,0.309,0.349,0.658,0.144,0.227,0.1235,0.1883,0.679,0.305,88.8,0.6,29.0,1.5246963562753035,0.8117
Unknown_666969,TEX,666969,2024,151,622,567,127,27,0,23,44,172,6,5,0.224,0.285,0.393,0.678,0.169,0.276,0.0707,0.2765,0.6431,0.305,88.8,1.2,31.0,3.9108910891089113,0.7235
Unknown_595909,COL,595909,2024,108,342,319,80,16,5,7,18,97,1,3,0.251,0.29,0.398,0.688,0.147,0.335,0.0526,0.2836,0.6579,0.304,88.1,0.6,32.0,5.391634980988593,0.7163999999999999
Unknown_593871,SEA,593871,2024,114,453,403,88,11,0,16,45,130,3,2,0.218,0.3,0.365,0.665,0.146,0.278,0.0993,0.287,0.6071,0.304,88.1,0.8,31.0,2.890231621349446,0.7130000000000001
Unknown_691718,CHC,691718,2024,115,410,372,88,13,6,10,21,98,6,3,0.237,0.286,0.384,0.67,0.148,0.292,0.0512,0.239,0.6756,0.303,87.5,0.7,22.0,4.66796875,0.761
Unknown_681082,PHI,681082,2024,144,561,497,120,18,2,11,52,92,3,9,0.241,0.312,0.352,0.664,0.111,0.27,0.0927,0.164,0.738,0.303,87.5,1.0,27.0,1.7691477885652642,0.836
Unknown_571771,LAD,571771,2024,117,384,355,82,16,0,12,26,75,0,2,0.231,0.282,0.377,0.659,0.146,0.259,0.0677,0.1953,0.7344,0.302,86.8,0.6,33.0,2.8847858197932057,0.8047
Unknown_679529,DET,679529,2024,89,367,330,72,21,1,10,32,102,4,1,0.218,0.294,0.379,0.673,0.161,0.283,0.0872,0.2779,0.6213,0.302,86.8,0.6,25.0,3.186926605504587,0.7221
Unknown_657757,CWS,657757,2024,137,499,449,105,24,1,10,43,105,4,3,0.234,0.305,0.359,0.663,0.125,0.282,0.0862,0.2104,0.6954,0.302,86.8,0.8,28.0,2.4408352668213458,0.7896
Unknown_669221,ATL,669221,2024,70,261,230,45,5,1,10,27,66,3,1,0.196,0.287,0.357,0.644,0.161,0.226,0.1034,0.2529,0.6322,0.301,86.1,0.4,30.0,2.4458413926499034,0.7471
Unknown_663368,MIL,663368,2024,117,430,379,91,13,2,6,42,107,3,6,0.24,0.316,0.332,0.649,0.092,0.312,0.0977,0.2488,0.6465,0.301,86.1,0.7,28.0,2.5465711361310133,0.7512
Unknown_682177,CLE,682177,2024,73,221,193,42,10,2,5,25,70,0,3,0.218,0.303,0.368,0.671,0.15,0.306,0.1131,0.3167,0.5701,0.301,86.1,0.3,27.0,2.800176834659593,0.6833
Unknown_670032,CWS,670032,2024,118,438,391,95,12,3,1,37,66,4,0,0.243,0.315,0.297,0.611,0.054,0.29,0.0845,0.1507,0.742,0.301,86.1,0.7,29.0,1.7834319526627218,0.8492999999999999
Unknown_543685,LAA,543685,2024,53,227,195,45,10,0,0,23,32,5,4,0.231,0.322,0.282,0.604,0.051,0.269,0.1013,0.141,0.7357,0.301,86.1,0.4,34.0,1.3919052319842051,0.859
Unknown_664728,KC,664728,2024,129,417,375,85,12,8,7,27,87,5,2,0.227,0.286,0.357,0.643,0.131,0.276,0.0647,0.2086,0.6954,0.3,85.5,0.6,27.0,3.224111282843895,0.7914
Unknown_643289,HOU,643289,2024,125,423,397,106,24,0,4,16,55,2,5,0.267,0.295,0.358,0.653,0.091,0.297,0.0378,0.13,0.8203,0.3,85.5,0.6,30.0,3.439153439153439,0.87
Unknown_641343,MIL,641343,2024,110,339,295,59,8,2,12,39,114,5,0,0.2,0.304,0.363,0.667,0.163,0.278,0.115,0.3363,0.5339,0.299,84.8,0.5,29.0,2.924347826086956,0.6637
Unknown_607680,LAA,607680,2024,92,310,281,65,16,1,8,15,68,10,3,0.231,0.291,0.381,0.672,0.149,0.274,0.0484,0.2194,0.6968,0.298,84.1,0.4,35.0,4.53305785123967,0.7806
Unknown_656896,MIA,656896,2024,96,302,265,63,9,2,5,26,69,5,5,0.238,0.312,0.343,0.656,0.106,0.296,0.0861,0.2285,0.6656,0.298,84.1,0.4,28.0,2.653890824622532,0.7715
Unknown_543257,TEX,543257,2024,87,245,208,44,8,0,3,34,58,1,2,0.212,0.322,0.293,0.616,0.082,0.275,0.1388,0.2367,0.6204,0.298,84.1,0.3,35.0,1.7053314121037462,0.7633
Unknown_650559,MIA,650559,2024,145,603,566,131,25,0,21,29,166,3,5,0.231,0.27,0.387,0.657,0.155,0.286,0.0481,0.2753,0.67,0.298,84.1,0.8,28.0,5.723492723492724,0.7247
Unknown_570482,DET,570482,2024,124,457,428,106,19,1,9,23,72,1,5,0.248,0.284,0.36,0.644,0.112,0.276,0.0503,0.1575,0.7899,0.297,83.5,0.6,33.0,3.131212723658052,0.8425
Unknown_543510,BAL,543510,2024,62,229,210,48,9,0,8,13,55,2,4,0.229,0.275,0.386,0.661,0.157,0.265,0.0568,0.2402,0.6943,0.297,83.5,0.3,34.0,4.228873239436619,0.7598
Unknown_664913,ATH,664913,2024,116,388,363,85,11,1,14,22,110,2,1,0.234,0.281,0.386,0.667,0.152,0.296,0.0567,0.2835,0.6546,0.297,83.5,0.5,32.0,4.999999999999999,0.7165
Unknown_669289,CIN,669289,2024,114,388,354,87,12,0,9,24,54,2,4,0.246,0.294,0.356,0.65,0.11,0.264,0.0619,0.1392,0.7835,0.297,83.5,0.5,30.0,2.248788368336026,0.8608
Unknown_519203,NYY,519203,2024,88,357,322,73,11,0,8,25,60,8,2,0.227,0.297,0.335,0.632,0.109,0.254,0.07,0.1681,0.7395,0.297,83.5,0.4,35.0,2.4014285714285712,0.8319
Unknown_679032,PHI,679032,2024,107,353,330,82,12,3,3,12,67,3,0,0.248,0.281,0.33,0.611,0.082,0.304,0.034,0.1898,0.745,0.297,83.5,0.4,24.0,5.58235294117647,0.8102
Unknown_672284,ATL,672284,2024,125,441,405,90,17,2,15,31,133,1,3,0.222,0.277,0.385,0.662,0.163,0.288,0.0703,0.3016,0.6236,0.296,82.8,0.5,25.0,4.290184921763869,0.6984
Unknown_657077,NYY,657077,2024,144,604,544,127,28,1,13,48,91,1,9,0.233,0.292,0.36,0.653,0.127,0.254,0.0795,0.1507,0.7649,0.296,82.8,0.7,28.0,1.8955974842767296,0.8492999999999999
Unknown_686780,STL,686780,2024,65,218,202,48,3,2,7,13,58,0,2,0.238,0.281,0.376,0.657,0.139,0.295,0.0596,0.2661,0.6697,0.296,82.8,0.3,26.0,4.464765100671141,0.7339
Unknown_665804,CHC,665804,2024,106,358,324,74,13,2,8,22,61,4,3,0.228,0.283,0.355,0.638,0.127,0.256,0.0615,0.1704,0.743,0.296,82.8,0.4,25.0,2.770731707317073,0.8296
Unknown_669004,KC,669004,2024,131,440,403,81,21,3,17,34,111,3,0,0.201,0.268,0.395,0.663,0.194,0.233,0.0773,0.2523,0.6614,0.295,82.1,0.5,26.0,3.2639068564036227,0.7477
Unknown_668942,SEA,668942,2024,135,468,416,91,19,2,8,46,107,3,2,0.219,0.3,0.332,0.632,0.113,0.274,0.0983,0.2286,0.6603,0.295,82.1,0.5,30.0,2.3255340793489316,0.7714
Unknown_664056,NYM,664056,2024,131,430,395,94,19,0,12,21,93,8,6,0.238,0.286,0.377,0.663,0.139,0.277,0.0488,0.2163,0.7163,0.294,81.5,0.4,30.0,4.432377049180327,0.7837000000000001
Unknown_673357,CWS,673357,2024,97,412,382,84,19,0,12,27,136,2,1,0.22,0.274,0.364,0.638,0.144,0.306,0.0655,0.3301,0.5971,0.294,81.5,0.4,27.0,5.03969465648855,0.6698999999999999
Unknown_628451,DET,628451,2024,97,240,221,52,9,1,5,15,62,3,1,0.235,0.292,0.353,0.645,0.118,0.303,0.0625,0.2583,0.6667,0.294,81.5,0.2,31.0,4.1328,0.7417
Unknown_642136,LAA,642136,2024,57,186,157,32,9,0,2,28,58,0,1,0.204,0.323,0.299,0.622,0.096,0.306,0.1505,0.3118,0.5376,0.294,81.5,0.2,29.0,2.071760797342193,0.6881999999999999
Unknown_665750,TEX,665750,2024,145,517,471,108,16,3,12,40,109,0,4,0.229,0.287,0.352,0.64,0.123,0.271,0.0774,0.2108,0.7079,0.294,81.5,0.5,26.0,2.7235142118863047,0.7892
Unknown_571657,MIN,571657,2024,92,235,210,46,13,1,5,17,47,6,2,0.219,0.294,0.362,0.656,0.143,0.256,0.0723,0.2,0.7021,0.294,81.5,0.2,34.0,2.7662517289073305,0.8
Unknown_683011,NYY,683011,2024,156,675,628,151,26,7,11,38,153,4,3,0.24,0.287,0.357,0.643,0.116,0.3,0.0563,0.2267,0.7067,0.294,81.5,0.7,23.0,4.0266429840142095,0.7733
Unknown_641487,SEA,641487,2024,101,434,377,77,16,2,8,51,99,5,1,0.204,0.306,0.321,0.627,0.117,0.255,0.1175,0.2281,0.6429,0.294,81.5,0.4,29.0,1.941276595744681,0.7719
Unknown_669357,STL,669357,2024,101,384,348,70,14,0,19,33,142,1,2,0.201,0.271,0.405,0.676,0.204,0.27,0.0859,0.3698,0.5417,0.294,81.5,0.4,24.0,4.305005820721769,0.6302
Unknown_666135,MIN,666135,2024,54,167,149,29,7,3,5,15,46,1,2,0.195,0.269,0.383,0.652,0.188,0.24,0.0898,0.2754,0.6287,0.294,81.5,0.2,27.0,3.0668151447661467,0.7246
Unknown_676609,TB,676609,2024,127,468,428,95,23,1,9,27,131,8,2,0.222,0.28,0.343,0.623,0.121,0.297,0.0577,0.2799,0.6389,0.293,80.8,0.4,28.0,4.850953206239168,0.7201
Unknown_624431,NYY,624431,2024,69,226,202,44,5,0,8,19,39,2,2,0.218,0.289,0.361,0.65,0.144,0.229,0.0841,0.1726,0.7301,0.293,80.8,0.2,32.0,2.052318668252081,0.8274
Unknown_680474,ATH,680474,2024,129,459,396,87,14,0,7,47,119,7,4,0.22,0.311,0.308,0.619,0.088,0.292,0.1024,0.2593,0.6122,0.293,80.8,0.4,27.0,2.5322265624999996,0.7407
Unknown_677588,WSH,677588,2024,44,168,161,43,5,0,3,7,41,0,0,0.267,0.298,0.354,0.652,0.087,0.342,0.0417,0.244,0.7143,0.293,80.8,0.2,23.0,5.851318944844125,0.756
Unknown_608336,WSH,608336,2024,71,246,211,36,9,0,10,30,96,4,1,0.171,0.285,0.355,0.64,0.185,0.245,0.122,0.3902,0.4715,0.293,80.8,0.2,31.0,3.198360655737705,0.6098
Unknown_605131,LAD,605131,2024,50,153,138,36,3,0,1,13,35,0,0,0.261,0.325,0.304,0.629,0.043,0.343,0.085,0.2288,0.6732,0.292,80.1,0.1,35.0,2.6917647058823526,0.7712
Unknown_676694,HOU,676694,2024,135,504,453,100,20,3,12,34,114,10,4,0.221,0.287,0.358,0.645,0.137,0.266,0.0675,0.2262,0.6806,0.292,80.1,0.4,28.0,3.351111111111111,0.7738
Unknown_669234,DET,669234,2024,69,230,202,41,7,1,8,23,85,3,2,0.203,0.291,0.366,0.658,0.163,0.297,0.1,0.3696,0.5174,0.292,80.1,0.2,24.0,3.6959999999999997,0.6304000000000001
Unknown_647351,ATH,647351,2024,91,359,333,81,17,1,6,19,62,5,0,0.243,0.294,0.354,0.648,0.111,0.283,0.0529,0.1727,0.7549,0.292,80.1,0.3,28.0,3.264650283553875,0.8273
Unknown_676356,TB,676356,2024,99,362,332,72,12,4,6,24,77,4,0,0.217,0.278,0.331,0.609,0.114,0.265,0.0663,0.2127,0.7044,0.291,79.5,0.3,26.0,3.2081447963800906,0.7873
Unknown_666163,TB,666163,2024,103,321,284,64,13,0,3,33,88,4,0,0.225,0.315,0.303,0.617,0.077,0.316,0.1028,0.2741,0.6106,0.291,79.5,0.2,27.0,2.6663424124513617,0.7259
Unknown_682657,CLE,682657,2024,42,169,151,35,7,0,3,15,33,0,2,0.232,0.298,0.338,0.635,0.106,0.274,0.0888,0.1953,0.7101,0.291,79.5,0.1,22.0,2.199324324324324,0.8047
Unknown_623912,TB,623912,2024,69,229,221,61,7,1,2,5,47,2,1,0.276,0.297,0.344,0.641,0.068,0.341,0.0218,0.2052,0.7642,0.291,79.5,0.2,30.0,9.412844036697248,0.7948
Unknown_665926,CLE,665926,2024,147,614,568,141,20,0,9,24,97,13,6,0.248,0.291,0.331,0.622,0.083,0.282,0.0391,0.158,0.7769,0.29,78.8,0.4,26.0,4.040920716112532,0.842
Unknown_665828,NYY,665828,2024,89,309,283,67,10,0,6,20,57,1,3,0.237,0.287,0.336,0.622,0.099,0.274,0.0647,0.1845,0.7411,0.29,78.8,0.2,25.0,2.8516228748068007,0.8155
Unknown_660644,MIA,660644,2024,90,273,244,55,14,2,2,24,53,4,0,0.225,0.305,0.324,0.629,0.098,0.28,0.0879,0.1941,0.6996,0.29,78.8,0.2,26.0,2.2081911262798632,0.8059000000000001
Unknown_650391,CWS,650391,2024,95,338,313,75,14,0,6,22,68,2,1,0.24,0.293,0.342,0.635,0.102,0.288,0.0651,0.2012,0.7278,0.29,78.8,0.2,28.0,3.0906298003072195,0.7988
Unknown_683146,NYM,683146,2024,47,163,145,33,3,0,3,16,38,1,0,0.228,0.309,0.31,0.619,0.083,0.288,0.0982,0.2331,0.6564,0.29,78.8,0.1,25.0,2.3737270875763747,0.7669
Unknown_665839,BOS,665839,2024,68,211,189,41,12,0,5,17,50,0,4,0.217,0.276,0.36,0.636,0.143,0.261,0.0806,0.237,0.6777,0.289,78.1,0.1,26.0,2.9404466501240694,0.763
Unknown_666310,CLE,666310,2024,116,381,348,71,10,2,13,27,119,2,2,0.204,0.264,0.356,0.62,0.152,0.266,0.0709,0.3123,0.6063,0.289,78.1,0.2,24.0,4.404795486600846,0.6877
Unknown_672275,SF,672275,2024,117,436,392,90,16,1,8,37,99,0,7,0.23,0.291,0.337,0.628,0.107,0.281,0.0849,0.2271,0.6881,0.289,78.1,0.2,25.0,2.674911660777385,0.7729
Unknown_671289,CLE,671289,2024,109,368,318,66,13,1,7,26,51,18,3,0.208,0.301,0.321,0.622,0.113,0.224,0.0707,0.1386,0.7337,0.289,78.1,0.2,25.0,1.9603960396039604,0.8613999999999999
Unknown_622761,BAL,622761,2024,60,202,187,42,13,2,5,9,46,1,3,0.225,0.26,0.396,0.656,0.171,0.266,0.0446,0.2277,0.7129,0.289,78.1,0.1,29.0,5.105381165919283,0.7723
Unknown_666624,CHC,666624,2024,149,597,521,100,11,2,20,61,158,10,5,0.192,0.286,0.336,0.622,0.144,0.23,0.1022,0.2647,0.6164,0.288,77.5,0.3,25.0,2.5900195694716244,0.7353000000000001
Unknown_672820,CWS,672820,2024,98,369,351,89,13,0,8,12,77,3,1,0.254,0.283,0.359,0.642,0.105,0.303,0.0325,0.2087,0.7453,0.288,77.5,0.2,24.0,6.421538461538462,0.7913
Unknown_666160,LAA,666160,2024,121,416,390,86,17,2,14,21,114,4,1,0.221,0.267,0.382,0.649,0.162,0.274,0.0505,0.274,0.6659,0.288,77.5,0.2,26.0,5.425742574257426,0.726
Unknown_621035,LAD,621035,2024,77,238,208,42,7,1,4,25,73,2,2,0.202,0.291,0.303,0.594,0.101,0.286,0.105,0.3067,0.5756,0.287,76.8,0.1,34.0,2.920952380952381,0.6933
Unknown_666397,MIN,666397,2024,88,290,256,51,8,0,8,32,100,2,0,0.199,0.293,0.324,0.617,0.125,0.291,0.1103,0.3448,0.5379,0.287,76.8,0.1,25.0,3.126019945602901,0.6552
Unknown_669707,PIT,669707,2024,115,426,377,80,9,1,9,39,114,5,5,0.212,0.291,0.313,0.604,0.101,0.274,0.0915,0.2676,0.6291,0.287,76.8,0.2,26.0,2.9245901639344263,0.7323999999999999
Unknown_596103,SF,596103,2024,76,209,175,37,4,0,2,25,59,5,4,0.211,0.321,0.269,0.589,0.057,0.297,0.1196,0.2823,0.5742,0.286,76.1,0.1,32.0,2.3603678929765888,0.7177
Unknown_641598,SEA,641598,2024,112,426,363,62,16,0,15,53,133,7,3,0.171,0.286,0.339,0.625,0.168,0.216,0.1244,0.3122,0.5469,0.286,76.1,0.1,33.0,2.5096463022508035,0.6878
Unknown_689172,SF,689172,2024,84,272,252,60,13,1,4,13,65,2,3,0.238,0.278,0.345,0.623,0.107,0.301,0.0478,0.239,0.6985,0.285,75.5,0.1,25.0,5.0,0.761
Unknown_680869,ATH,680869,2024,133,530,482,103,19,2,17,37,181,3,5,0.214,0.271,0.367,0.639,0.154,0.298,0.0698,0.3415,0.5774,0.285,75.5,0.1,25.0,4.892550143266476,0.6585
Unknown_677587,CLE,677587,2024,128,429,372,76,15,0,8,42,86,8,5,0.204,0.295,0.309,0.604,0.105,0.24,0.0979,0.2005,0.6783,0.285,75.5,0.1,23.0,2.0480081716036773,0.7995
Unknown_669261,PIT,669261,2024,79,262,233,43,8,0,9,26,75,1,1,0.185,0.268,0.335,0.603,0.15,0.227,0.0992,0.2863,0.6069,0.285,75.5,0.1,26.0,2.8860887096774195,0.7137
Unknown_682641,SF,682641,2024,43,152,146,32,5,0,5,5,24,0,1,0.219,0.243,0.356,0.6,0.137,0.229,0.0329,0.1579,0.8092,0.284,74.8,0.0,22.0,4.799392097264438,0.8421
Unknown_663527,ATH,663527,2024,86,278,245,50,10,0,7,25,64,5,3,0.204,0.288,0.331,0.618,0.127,0.243,0.0899,0.2302,0.6619,0.284,74.8,0.0,27.0,2.560622914349277,0.7698
Unknown_545121,WSH,545121,2024,90,300,269,66,16,0,1,19,31,2,5,0.245,0.295,0.316,0.611,0.071,0.269,0.0633,0.1033,0.81,0.284,74.8,0.0,33.0,1.6319115323854663,0.8967
Unknown_624415,TOR,624415,2024,65,209,178,34,5,0,4,21,67,8,0,0.191,0.304,0.287,0.591,0.096,0.28,0.1005,0.3206,0.5215,0.284,74.8,0.0,29.0,3.1900497512437807,0.6794
Unknown_656716,DET,656716,2024,109,319,292,63,14,5,4,23,68,2,2,0.216,0.276,0.339,0.615,0.123,0.266,0.0721,0.2132,0.7085,0.283,74.1,0.0,29.0,2.957004160887656,0.7867999999999999
Unknown_622534,MIN,622534,2024,113,338,310,73,17,1,4,21,51,3,3,0.235,0.288,0.335,0.623,0.1,0.267,0.0621,0.1509,0.7751,0.283,74.1,0.0,30.0,2.429951690821256,0.8491
Unknown_669134,SD,669134,2024,82,276,254,54,11,0,7,20,40,1,1,0.213,0.272,0.339,0.61,0.126,0.226,0.0725,0.1449,0.779,0.283,74.1,0.0,26.0,1.9986206896551726,0.8551
Unknown_677649,TEX,677649,2024,85,278,261,63,10,0,3,14,60,2,1,0.241,0.284,0.314,0.598,0.073,0.302,0.0504,0.2158,0.7266,0.282,73.5,-0.0,25.0,4.281746031746032,0.7842
Unknown_571745,SEA,571745,2024,117,408,366,75,11,0,11,39,120,2,1,0.205,0.284,0.325,0.609,0.12,0.271,0.0956,0.2941,0.6054,0.282,73.5,-0.0,34.0,3.076359832635983,0.7059
Unknown_669222,WSH,669222,2024,74,267,237,46,11,0,7,28,61,1,0,0.194,0.282,0.329,0.611,0.135,0.231,0.1049,0.2285,0.6554,0.282,73.5,-0.0,29.0,2.178265014299333,0.7715
Unknown_691023,STL,691023,2024,47,167,154,32,10,1,5,9,47,2,2,0.208,0.257,0.383,0.641,0.175,0.26,0.0539,0.2814,0.6527,0.281,72.8,-0.0,22.0,5.22077922077922,0.7186
Unknown_694388,TOR,694388,2024,76,262,243,52,13,4,4,13,95,4,1,0.214,0.264,0.35,0.614,0.136,0.331,0.0496,0.3626,0.5687,0.281,72.8,-0.0,25.0,7.310483870967742,0.6374
Unknown_672356,CLE,672356,2024,46,152,144,32,9,1,3,6,52,1,1,0.222,0.257,0.361,0.618,0.139,0.322,0.0395,0.3421,0.6118,0.281,72.8,-0.0,24.0,8.660759493670886,0.6578999999999999
Unknown_680718,TOR,680718,2024,67,225,209,41,11,0,7,14,60,1,1,0.196,0.249,0.349,0.598,0.153,0.238,0.0622,0.2667,0.6622,0.28,72.1,-0.0,25.0,4.287781350482315,0.7333000000000001
Unknown_676801,HOU,676801,2024,81,255,231,49,6,1,5,16,68,4,3,0.212,0.272,0.312,0.583,0.1,0.273,0.0627,0.2667,0.651,0.28,72.1,-0.1,29.0,4.253588516746411,0.7333000000000001
Unknown_608841,WSH,608841,2024,73,299,269,60,10,0,3,21,61,4,5,0.223,0.284,0.294,0.578,0.071,0.271,0.0702,0.204,0.7124,0.28,72.1,-0.1,32.0,2.905982905982906,0.796
Unknown_606115,ATL,606115,2024,154,589,539,114,21,0,17,40,125,2,7,0.212,0.265,0.345,0.61,0.134,0.24,0.0679,0.2122,0.7148,0.279,71.5,-0.2,30.0,3.125184094256259,0.7878000000000001
Unknown_672580,KC,672580,2024,153,614,563,131,27,5,5,42,99,0,5,0.233,0.284,0.325,0.609,0.092,0.272,0.0684,0.1612,0.7638,0.279,71.5,-0.2,24.0,2.3567251461988303,0.8388
Unknown_700250,NYY,700250,2024,47,178,152,26,6,0,7,20,48,1,5,0.171,0.264,0.349,0.613,0.178,0.186,0.1124,0.2697,0.6124,0.279,71.5,-0.1,25.0,2.3994661921708182,0.7303
Unknown_658668,PIT,658668,2024,51,183,162,35,4,0,4,15,33,2,4,0.216,0.284,0.315,0.599,0.099,0.24,0.082,0.1803,0.7268,0.279,71.5,-0.1,28.0,2.198780487804878,0.8197
Unknown_543877,MIN,543877,2024,89,311,290,64,10,0,7,11,64,1,4,0.221,0.248,0.328,0.576,0.107,0.256,0.0354,0.2058,0.7395,0.278,70.8,-0.1,34.0,5.813559322033899,0.7942
Unknown_642350,TB,642350,2024,121,432,390,72,16,1,18,30,164,6,4,0.185,0.251,0.369,0.62,0.185,0.255,0.0694,0.3796,0.5278,0.278,70.8,-0.2,29.0,5.469740634005763,0.6204000000000001
Unknown_666182,TOR,666182,2024,78,323,299,68,15,1,4,19,62,3,2,0.227,0.279,0.324,0.603,0.097,0.272,0.0588,0.192,0.7399,0.278,70.8,-0.1,26.0,3.2653061224489797,0.808
Unknown_605361,CIN,605361,2024,44,154,139,27,3,2,3,8,38,4,3,0.194,0.253,0.309,0.563,0.115,0.238,0.0519,0.2468,0.6688,0.278,70.8,-0.1,34.0,4.755298651252408,0.7532
Unknown_676369,KC,676369,2024,62,223,199,39,8,1,7,18,60,3,3,0.196,0.269,0.352,0.621,0.156,0.237,0.0807,0.2691,0.6368,0.278,70.8,-0.1,26.0,3.33457249070632,0.7309
Unknown_696100,COL,696100,2024,69,224,211,40,9,0,13,8,64,3,2,0.19,0.228,0.417,0.645,0.227,0.199,0.0357,0.2857,0.6652,0.277,70.1,-0.1,25.0,8.00280112044818,0.7142999999999999
Unknown_669065,MIA,669065,2024,63,209,192,40,11,2,3,13,74,3,1,0.208,0.268,0.333,0.601,0.125,0.319,0.0622,0.3541,0.5694,0.277,70.1,-0.1,26.0,5.692926045016078,0.6458999999999999
Unknown_527038,SF,527038,2024,67,231,205,42,12,0,4,19,32,2,5,0.205,0.273,0.322,0.595,0.117,0.218,0.0823,0.1385,0.7706,0.277,70.1,-0.1,33.0,1.6828675577156746,0.8614999999999999
Unknown_676914,TOR,676914,2024,128,449,393,75,19,1,12,46,142,5,5,0.191,0.281,0.336,0.617,0.145,0.258,0.1024,0.3163,0.5702,0.276,69.5,-0.2,25.0,3.0888671875,0.6837
Unknown_666181,CIN,666181,2024,120,375,331,59,16,2,13,39,150,2,2,0.178,0.267,0.356,0.624,0.178,0.271,0.104,0.4,0.488,0.276,69.5,-0.2,26.0,3.8461538461538467,0.6
Unknown_668670,DET,668670,2024,95,330,303,60,16,1,9,22,96,3,2,0.198,0.258,0.347,0.604,0.149,0.255,0.0667,0.2909,0.6333,0.275,68.8,-0.2,29.0,4.361319340329835,0.7091000000000001
Unknown_672279,STL,672279,2024,106,333,297,68,7,2,2,21,92,3,1,0.229,0.286,0.286,0.572,0.057,0.324,0.0631,0.2763,0.6186,0.275,68.8,-0.2,25.0,4.378763866877971,0.7237
Unknown_624503,MIA,624503,2024,89,269,254,58,11,1,7,11,64,1,3,0.228,0.26,0.362,0.622,0.134,0.274,0.0409,0.2379,0.7175,0.275,68.8,-0.2,29.0,5.816625916870416,0.7621
Unknown_642731,SF,642731,2024,92,365,349,75,15,2,8,10,72,5,1,0.215,0.247,0.338,0.585,0.123,0.248,0.0274,0.1973,0.7616,0.274,68.1,-0.3,28.0,7.200729927007299,0.8027
Unknown_596117,PHI,596117,2024,52,187,165,34,4,1,1,17,50,4,1,0.206,0.294,0.261,0.555,0.055,0.287,0.0909,0.2674,0.615,0.273,67.5,-0.1,31.0,2.9416941694169423,0.7325999999999999
Unknown_621550,CHC,621550,2024,73,174,158,27,7,2,8,10,59,4,1,0.171,0.237,0.392,0.629,0.222,0.207,0.0575,0.3391,0.5747,0.273,67.5,-0.1,33.0,5.897391304347826,0.6609
Unknown_641645,LAA,641645,2024,65,187,161,33,9,1,0,23,36,0,2,0.205,0.301,0.273,0.574,0.068,0.26,0.123,0.1925,0.6791,0.273,67.5,-0.1,30.0,1.5650406504065042,0.8075
Unknown_641680,TEX,641680,2024,129,482,450,99,11,1,13,26,87,4,2,0.22,0.268,0.336,0.603,0.116,0.244,0.0539,0.1805,0.7573,0.272,66.8,-0.4,29.0,3.3487940630797772,0.8195
Unknown_663743,MIA,663743,2024,99,328,302,70,16,0,4,11,41,3,5,0.232,0.262,0.325,0.586,0.093,0.252,0.0335,0.125,0.811,0.271,66.1,-0.3,28.0,3.731343283582089,0.875
Unknown_624428,KC,624428,2024,98,285,253,50,10,1,4,22,58,7,0,0.198,0.28,0.292,0.573,0.095,0.241,0.0772,0.2035,0.6842,0.271,66.1,-0.3,33.0,2.6360103626943,0.7965
Unknown_660688,WSH,660688,2024,123,472,447,101,21,0,12,16,53,4,5,0.226,0.256,0.353,0.61,0.128,0.23,0.0339,0.1123,0.8453,0.27,65.5,-0.5,26.0,3.3126843657817107,0.8877
Unknown_641658,KC,641658,2024,89,227,209,49,13,1,0,14,57,0,2,0.234,0.28,0.306,0.586,0.072,0.318,0.0617,0.2511,0.6784,0.269,64.8,-0.3,30.0,4.069692058346839,0.7489
Unknown_679845,KC,679845,2024,52,167,144,28,4,0,1,19,24,1,2,0.194,0.289,0.243,0.532,0.049,0.223,0.1138,0.1437,0.7305,0.269,64.8,-0.2,26.0,1.2627416520210897,0.8563000000000001
Unknown_686676,CWS,686676,2024,115,390,373,78,14,1,11,17,121,0,0,0.209,0.244,0.34,0.584,0.131,0.278,0.0436,0.3103,0.6462,0.268,64.1,-0.5,26.0,7.116972477064221,0.6897
Unknown_594807,ATL,594807,2024,98,323,297,53,9,0,11,20,98,5,1,0.178,0.241,0.32,0.561,0.141,0.222,0.0619,0.3034,0.6192,0.268,64.1,-0.4,36.0,4.901453957996769,0.6966
Unknown_660707,COL,660707,2024,61,233,213,44,10,0,4,17,53,0,3,0.207,0.262,0.31,0.572,0.103,0.252,0.073,0.2275,0.6996,0.267,63.5,-0.3,26.0,3.116438356164384,0.7725
Unknown_702616,BAL,702616,2024,60,208,190,36,4,2,5,15,69,2,1,0.189,0.255,0.311,0.565,0.121,0.265,0.0721,0.3317,0.5865,0.266,62.8,-0.3,21.0,4.600554785020805,0.6683
Unknown_595281,TOR,595281,2024,86,271,250,50,9,3,5,11,81,2,1,0.2,0.239,0.32,0.559,0.12,0.273,0.0406,0.2989,0.6273,0.266,62.8,-0.4,34.0,7.362068965517242,0.7011000000000001
Unknown_686797,MIN,686797,2024,50,185,172,38,6,1,3,11,27,0,2,0.221,0.265,0.32,0.585,0.099,0.243,0.0595,0.1459,0.7946,0.265,62.1,-0.3,23.0,2.4521008403361346,0.8541
Unknown_663662,ATH,663662,2024,58,186,170,34,5,1,5,13,51,1,2,0.2,0.258,0.329,0.587,0.129,0.25,0.0699,0.2742,0.6505,0.265,62.1,-0.3,27.0,3.9227467811158796,0.7258
Unknown_666185,STL,666185,2024,86,265,235,49,7,0,3,22,75,5,3,0.209,0.287,0.277,0.563,0.068,0.288,0.083,0.283,0.6151,0.263,60.8,-0.4,26.0,3.409638554216867,0.7170000000000001
Unknown_667452,CWS,667452,2024,58,189,173,37,7,0,3,15,50,0,1,0.214,0.275,0.306,0.581,0.092,0.281,0.0794,0.2646,0.6561,0.262,60.1,-0.3,28.0,3.332493702770781,0.7354
Unknown_624512,BOS,624512,2024,48,150,132,26,2,0,3,12,38,2,3,0.197,0.268,0.28,0.549,0.083,0.245,0.08,0.2533,0.6467,0.259,58.1,-0.3,29.0,3.1662500000000002,0.7466999999999999
Unknown_605113,SF,605113,2024,64,216,199,45,5,1,2,11,49,0,3,0.226,0.263,0.291,0.554,0.065,0.285,0.0509,0.2269,0.7083,0.258,57.5,-0.4,34.0,4.457760314341846,0.7731
Unknown_663647,PIT,663647,2024,92,373,347,77,7,0,4,19,73,4,3,0.222,0.268,0.277,0.545,0.055,0.267,0.0509,0.1957,0.7426,0.258,57.5,-0.8,27.0,3.844793713163065,0.8043
Unknown_687597,COL,687597,2024,53,184,170,32,6,0,3,12,65,1,1,0.188,0.245,0.276,0.521,0.088,0.282,0.0652,0.3533,0.5761,0.255,55.4,-0.4,23.0,5.418711656441718,0.6467
Unknown_665506,PHI,665506,2024,65,181,164,33,8,1,1,16,63,0,1,0.201,0.271,0.28,0.551,0.079,0.317,0.0884,0.3481,0.5635,0.251,52.8,-0.5,26.0,3.937782805429864,0.6518999999999999
Unknown_518934,NYY,518934,2024,63,228,201,41,5,0,2,19,35,1,6,0.204,0.269,0.259,0.527,0.055,0.229,0.0833,0.1535,0.7544,0.25,52.1,-0.6,36.0,1.8427370948379351,0.8465
Unknown_678246,CWS,678246,2024,71,237,206,31,7,0,5,25,57,3,3,0.15,0.249,0.257,0.506,0.107,0.177,0.1055,0.2405,0.6414,0.249,51.4,-0.7,25.0,2.279620853080569,0.7595000000000001
Unknown_670764,TB,670764,2024,74,252,218,40,5,3,1,31,67,0,3,0.183,0.282,0.248,0.529,0.064,0.255,0.123,0.2659,0.6111,0.249,51.4,-0.7,28.0,2.161788617886179,0.7341
Unknown_682622,CIN,682622,2024,65,242,229,48,9,0,4,9,75,3,1,0.21,0.248,0.301,0.549,0.092,0.291,0.0372,0.3099,0.6405,0.248,50.8,-0.7,23.0,8.330645161290324,0.6900999999999999
Unknown_608671,TEX,608671,2024,76,206,189,37,5,0,0,12,44,5,0,0.196,0.262,0.222,0.484,0.026,0.255,0.0583,0.2136,0.7039,0.245,48.8,-0.7,33.0,3.663807890222985,0.7864
Unknown_572191,PIT,572191,2024,85,284,256,47,7,1,5,21,101,0,3,0.184,0.243,0.277,0.52,0.094,0.275,0.0739,0.3556,0.5563,0.244,48.1,-0.9,33.0,4.8119079837618415,0.6444
Unknown_666150,CWS,666150,2024,68,234,218,46,8,0,1,10,55,3,1,0.211,0.254,0.261,0.516,0.05,0.276,0.0427,0.235,0.6966,0.242,46.8,-0.8,27.0,5.50351288056206,0.765
Unknown_592273,LAA,592273,2024,93,350,315,52,7,0,4,27,77,5,3,0.165,0.24,0.225,0.465,0.06,0.203,0.0771,0.22,0.6886,0.239,44.8,-1.3,32.0,2.853437094682231,0.78
Unknown_595879,DET,595879,2024,76,276,259,48,12,0,6,12,65,2,3,0.185,0.225,0.301,0.526,0.116,0.22,0.0435,0.2355,0.7138,0.238,44.1,-1.0,32.0,5.413793103448276,0.7645
Unknown_702358,WSH,702358,2024,58,203,184,35,3,0,0,15,39,2,1,0.19,0.257,0.207,0.464,0.016,0.24,0.0739,0.1921,0.7143,0.235,42.1,-0.8,24.0,2.5994587280108257,0.8079000000000001
Unknown_592696,WSH,592696,2024,88,307,286,49,11,0,9,16,73,0,3,0.171,0.213,0.304,0.517,0.133,0.193,0.0521,0.2378,0.7036,0.234,41.4,-1.3,33.0,4.564299424184261,0.7622
Unknown_641313,MIA,641313,2024,60,224,218,47,2,0,0,6,62,0,0,0.216,0.237,0.225,0.461,0.009,0.301,0.0268,0.2768,0.6964,0.216,29.4,-1.3,31.0,10.328358208955223,0.7232000000000001
Unknown_656577,TB,656577,2024,53,155,139,17,7,0,3,12,53,2,1,0.122,0.201,0.237,0.439,0.115,0.167,0.0774,0.3419,0.5613,0.213,27.4,-0.9,29.0,4.417312661498708,0.6581
