pitch_type,game_date,release_speed,release_pos_x,release_pos_z,player_name,batter,pitcher,events,description,spin_dir,spin_rate_deprecated,break_angle_deprecated,break_length_deprecated,zone,des,game_type,stand,p_throws,home_team,away_team,type,hit_location,bb_type,balls,strikes,game_year,pfx_x,pfx_z,plate_x,plate_z,on_3b,on_2b,on_1b,outs_when_up,inning,inning_topbot,hc_x,hc_y,tfs_deprecated,tfs_zulu_deprecated,umpire,sv_id,vx0,vy0,vz0,ax,ay,az,sz_top,sz_bot,hit_distance_sc,launch_speed,launch_angle,effective_speed,release_spin_rate,release_extension,game_pk,fielder_2,fielder_3,fielder_4,fielder_5,fielder_6,fielder_7,fielder_8,fielder_9,release_pos_y,estimated_ba_using_speedangle,estimated_woba_using_speedangle,woba_value,woba_denom,babip_value,iso_value,launch_speed_angle,at_bat_number,pitch_number,pitch_name,home_score,away_score,bat_score,fld_score,post_away_score,post_home_score,post_bat_score,post_fld_score,if_fielding_alignment,of_fielding_alignment,spin_axis,delta_home_win_exp,delta_run_exp,bat_speed,swing_length,estimated_slg_using_speedangle,delta_pitcher_run_exp,hyper_speed,home_score_diff,bat_score_diff,home_win_exp,bat_win_exp,age_pit_legacy,age_bat_legacy,age_pit,age_bat,n_thruorder_pitcher,n_priorpa_thisgame_player_at_bat,pitcher_days_since_prev_game,batter_days_since_prev_game,pitcher_days_until_next_game,batter_days_until_next_game,api_break_z_with_gravity,api_break_x_arm,api_break_x_batter_in,arm_angle,attack_angle,attack_direction,swing_path_tilt,intercept_ball_minus_batter_pos_x_inches,intercept_ball_minus_batter_pos_y_inches
SI,2024-05-26,89.9,0.93,5.99,"Pérez, Martín",660670,527048,double,hit_into_play,,,,,5,Ronald Acuña Jr. doubles (8) on a sharp fly ball to center fielder Michael A. Taylor.,R,R,L,PIT,ATL,X,8,fly_ball,1,0,2024,0.93,1.01,-0.0535568295905843,2.6798094130761276,,,,0,1,Top,170.84,49.7,,,,,-4.362372137163851,-130.9948970968632,-4.41723447292325,11.59780707301941,24.992998566010098,-19.83242575944059,3.56,1.64,385,105.9,24,89.6,2103,5.8,745498,663698,656582,693304,669707,675961,668804,572191,658668,54.66,0.803,1.551925373134328,1.25,1,1,1,6,1,2,Sinker,0,0,0,0,0,0,0,0,Infield shade,Standard,137,-0.055,0.655,83.1,7.6,3.016,-0.655,105.9,0,0,0.496,0.504,33,26,33,27,1,0,5,1,33,,1.78,0.93,-0.93,49.4,12.391942834597993,5.055484513352727,34.88232997798217,37.33290009640683,31.339915754212143
SI,2024-05-26,90.4,0.85,6.04,"Pérez, Martín",660670,527048,,ball,,,,,11,Ball,R,R,L,PIT,ATL,B,,,0,0,2024,1.3,1.0,-1.1821520098179112,3.488694995693567,,,,0,1,Top,,,,,,,-7.7291425985025395,-131.40179938785903,-2.5005995308218107,16.676475669764333,28.945032187656565,-20.226925866253893,3.71989438308999,1.7407291015921,,,,89.3,2126,5.8,745498,663698,656582,693304,669707,675961,668804,572191,658668,54.71,,,,,,,,1,1,Sinker,0,0,0,0,0,0,0,0,Infield shade,Standard,140,-0.004,0.038,,,,-0.038,,0,0,0.5,0.5,33,26,33,27,1,0,5,1,33,,1.8,1.3,-1.3,50.0,,,,,
FS,2024-05-25,93.9,-1.97,5.79,"Bednar, David",660670,670280,force_out,hit_into_play,,,,,5,"Ronald Acuña Jr. grounds into a force out, shortstop Oneil Cruz to second baseman Nick Gonzales. Adam Duvall out at 2nd.",R,R,R,PIT,ATL,X,6,ground_ball,1,2,2024,-1.14,0.39,-0.1161837268765031,2.4033278139567695,518595,,594807,2,9,Top,111.62,150.64,,,,,7.37651719551671,-136.56896225480804,-3.974620818374592,-15.80563387808028,27.487663321635488,-26.572373394017287,3.54,1.63,40,86.0,-1,94.9,1744,6.7,745493,518735,656582,693304,669707,665833,668804,572191,678225,53.79,0.313,0.289,0.0,1,0,0,2,72,4,Split-Finger,4,1,1,4,1,4,1,4,Standard,Strategic,215,0.026,-0.194,80.7,7.5,0.337,0.194,88.0,3,-3,0.974,0.026,29,26,30,27,1,4,2,1,4,1,2.17,1.14,1.14,41.4,6.3356162155006075,6.701961301859665,32.86290496895368,34.06430847864223,28.44328595265617
FF,2024-05-25,98.6,-1.89,5.96,"Bednar, David",660670,670280,,foul,,,,,2,Foul,R,R,R,PIT,ATL,S,,,1,1,2024,-0.68,1.58,0.2014567841236381,3.6426385557940737,518595,,594807,2,9,Top,,,,,,,7.324387183880213,-143.38052887752386,-4.539701286695678,-11.106424300525186,33.46127498422796,-9.491860771337864,3.54,1.63,90,86.9,85,99.2,2603,6.7,745493,518735,656582,693304,669707,665833,668804,572191,678225,53.84,,,,,,,,72,3,4-Seam Fastball,4,1,1,4,1,4,1,4,Standard,Strategic,212,0.009,-0.078,80.8,7.5,,0.078,88.0,3,-3,0.965,0.035,29,26,30,27,1,4,2,1,4,1,0.77,0.68,0.68,42.0,15.554045019346296,-4.686135259478719,19.233461932029925,38.78614210303006,31.080356661081225
FF,2024-05-25,98.2,-1.77,5.88,"Bednar, David",660670,670280,,foul,,,,,6,Foul,R,R,R,PIT,ATL,S,,,1,0,2024,-0.81,1.51,0.5590362896746158,2.392760894899924,518595,,594807,2,9,Top,,,,,,,8.220763173560679,-142.5250350866385,-7.413615411719274,-13.039890724094752,37.25687512527127,-10.078349811368266,3.54,1.63,,,,98.2,2651,6.7,745493,518735,656582,693304,669707,665833,668804,572191,678225,53.76,,,,,,,,72,2,4-Seam Fastball,4,1,1,4,1,4,1,4,Standard,Strategic,210,0.006,-0.045,81.7,8.0,,0.045,,3,-3,0.959,0.041,29,26,30,27,1,4,2,1,4,1,0.9,0.81,0.81,48.1,14.613622933324407,8.183662644916332,33.722197165165824,45.38048207860057,25.070175929416727
FS,2024-05-25,93.3,-1.94,5.76,"Bednar, David",660670,670280,,ball,,,,,14,Ball,R,R,R,PIT,ATL,B,,,0,0,2024,-0.97,0.38,1.2231368223805337,1.2716053269842549,518595,,594807,2,9,Top,,,,,,,10.351532170236586,-135.43490113368725,-6.686488511268969,-14.173232836527236,28.04145235228604,-26.174076200151926,3.55422165123914,1.63369790161335,,,,94.2,1806,6.8,745493,518735,656582,693304,669707,665833,668804,572191,678225,53.67,,,,,,,,72,1,Split-Finger,4,1,1,4,1,4,1,4,Standard,Strategic,218,-0.004,0.03,,,,-0.03,,3,-3,0.963,0.037,29,26,30,27,1,4,2,1,4,1,2.24,0.97,0.97,43.8,,,,,
SI,2024-05-25,99.0,-1.89,5.65,"Holderman, Colin",660670,670059,strikeout,called_strike,,,,,12,Ronald Acuña Jr. called out on strikes.,R,R,R,PIT,ATL,S,2,,3,2,2024,-1.36,0.32,1.0127604870617684,2.6978322879175973,,,670097,2,7,Top,,,,,,,11.160893302268738,-143.7400053005907,-3.345370140046984,-21.477916301031605,34.59474951184532,-27.147363430738785,3.52876648447982,1.46330478724954,,,,99.4,2298,6.7,745493,518735,656582,693304,669707,665833,668804,678225,658668,53.77,,0.0,0.0,1,0,0,,53,6,Sinker,3,1,1,3,1,3,1,3,Standard,Strategic,223,0.038,-0.319,,,,0.319,,2,-2,0.849,0.151,28,26,29,27,1,3,3,1,4,1,2.02,1.36,1.36,29.8,,,,,
FC,2024-05-25,93.5,-1.7,5.73,"Holderman, Colin",660670,670059,,ball,,,,,12,Ball,R,R,R,PIT,ATL,B,,,2,2,2024,0.48,0.59,1.7434942632457042,2.635449112243407,,,670097,2,7,Top,,,,,,,7.888416977547396,-135.99121909707176,-3.60021734392488,4.448079107907263,27.17603401310489,-24.199473168041127,3.53154048936796,1.66200160020993,,,,94.7,2586,6.8,745493,518735,656582,693304,669707,665833,668804,678225,658668,53.68,,,,,,,,53,5,Cutter,3,1,1,3,1,3,1,3,Standard,Strategic,175,-0.01,0.085,,,,-0.085,,2,-2,0.859,0.141,28,26,29,27,1,3,3,1,4,1,2.0,-0.48,-0.48,34.1,,,,,
ST,2024-05-25,85.8,-1.98,5.47,"Holderman, Colin",660670,670059,,ball,,,,,14,Ball,R,R,R,PIT,ATL,B,,,1,2,2024,1.02,0.18,1.4039091906733372,1.048457840321071,,,670097,2,7,Top,,,,,,,6.001012328988569,-124.80614429396962,-4.54313622807302,9.257041245698558,26.963525813030195,-29.586217260342963,3.55483769475848,1.60699163079738,,,,86.4,2583,6.9,745493,518735,656582,693304,669707,665833,668804,678225,658668,53.65,,,,,,,,53,4,Sweeper,3,1,1,3,1,3,1,3,Standard,Strategic,82,-0.005,0.038,,,,-0.038,,2,-2,0.864,0.136,28,26,29,27,1,3,3,1,4,1,2.94,-1.02,-1.02,27.3,,,,,
SI,2024-05-25,97.4,-1.81,5.62,"Holderman, Colin",660670,670059,,called_strike,,,,,12,Called Strike,R,R,R,PIT,ATL,S,,,1,1,2024,-1.35,0.29,0.8477671200733532,2.7490431130880095,,,670097,2,7,Top,,,,,,,10.309481436958404,-141.44490023078808,-2.8272485479117444,-20.50146204201959,33.37208708485333,-27.842357696844356,3.51445021410667,1.59497115909592,,,,97.9,2319,6.7,745493,518735,656582,693304,669707,665833,668804,678225,658668,53.75,,,,,,,,53,3,Sinker,3,1,1,3,1,3,1,3,Standard,Strategic,222,0.008,-0.06,,,,0.06,,2,-2,0.856,0.144,28,26,29,27,1,3,3,1,4,1,2.13,1.35,1.35,31.7,,,,,
FC,2024-05-25,93.6,-1.96,5.52,"Holderman, Colin",660670,670059,,ball,,,,,14,Ball,R,R,R,PIT,ATL,B,,,0,1,2024,0.14,0.72,1.9527211321507985,1.935361880209163,,,670097,2,7,Top,,,,,,,9.877704541220472,-135.99370914822862,-5.179772371806926,-0.1724977072783965,27.131786645541,-22.271140584598463,3.55477522843774,1.69224332913387,,,,94.8,2491,6.9,745493,518735,656582,693304,669707,665833,668804,678225,658668,53.62,,,,,,,,53,2,Cutter,3,1,1,3,1,3,1,3,Standard,Strategic,204,-0.003,0.032,,,,-0.032,,2,-2,0.859,0.141,28,26,29,27,1,3,3,1,4,1,1.87,-0.14,-0.14,30.0,,,,,
FC,2024-05-25,93.0,-2.08,5.54,"Holderman, Colin",660670,670059,,called_strike,,,,,14,Called Strike,R,R,R,PIT,ATL,S,,,0,0,2024,0.32,0.63,1.0082853931006424,2.019382299513297,,,670097,2,7,Top,,,,,,,7.270410397875907,-135.35953714144782,-4.714559947626498,2.5185967938366303,27.627589088560075,-23.567868914843476,3.50017633429031,1.57026736923416,,,,94.1,2550,6.8,745493,518735,656582,693304,669707,665833,668804,678225,658668,53.71,,,,,,,,53,1,Cutter,3,1,1,3,1,3,1,3,Standard,Strategic,191,0.005,-0.047,,,,0.047,,2,-2,0.854,0.146,28,26,29,27,1,3,3,1,4,1,1.99,-0.32,-0.32,31.2,,,,,
FF,2024-05-25,94.8,-1.87,5.83,"Keller, Mitch",660670,656605,single,hit_into_play,,,,,1,Ronald Acuña Jr. singles on a ground ball to third baseman Jared Triolo.,R,R,R,PIT,ATL,X,5,ground_ball,1,2,2024,-0.62,1.28,-0.5962747318108523,3.282680397887267,,,,1,5,Top,99.94,170.97,,,,,4.755628062400296,-137.9541110945414,-3.9013378822524016,-9.004510158665575,30.055363631867618,-15.086171889909307,3.54,1.63,48,92.8,-1,95.4,2396,6.6,745493,518735,656582,693304,669707,665833,668804,678225,658668,53.94,0.379,0.346,0.9,1,1,0,2,36,4,4-Seam Fastball,3,1,1,3,1,3,1,3,Standard,Strategic,218,-0.039,0.495,75.0,7.5,0.403,-0.495,92.8,2,-2,0.786,0.2139999999999999,28,26,28,27,3,2,6,1,7,1,1.25,0.62,0.62,36.4,18.505269287837745,-13.72829175615745,24.69999711101305,27.281574326718932,33.28851029450723
ST,2024-05-25,85.4,-1.93,5.72,"Keller, Mitch",660670,656605,,called_strike,,,,,6,Called Strike,R,R,R,PIT,ATL,S,,,1,1,2024,0.99,-0.12,0.6981328936341723,2.3483959498507803,,,,1,5,Top,,,,,,,4.2165392986217585,-124.3522981259048,-1.4372698319303667,9.500044843915385,24.16546344432135,-33.334176839373676,3.49597545583102,1.63257026267804,,,,86.2,2862,6.7,745493,518735,656582,693304,669707,665833,668804,678225,658668,53.82,,,,,,,,36,3,Sweeper,3,1,1,3,1,3,1,3,Standard,Strategic,56,0.005,-0.061,,,,0.061,,2,-2,0.781,0.2189999999999999,28,26,28,27,3,2,6,1,7,1,3.23,-0.99,-0.99,36.8,,,,,
SL,2024-05-25,90.1,-1.77,5.99,"Keller, Mitch",660670,656605,,called_strike,,,,,3,Called Strike,R,R,R,PIT,ATL,S,,,1,0,2024,0.38,0.22,0.5041746841681329,3.5795125429703667,,,,1,5,Top,,,,,,,4.901230105875964,-131.33683842682908,-0.5681036614711308,3.4820185568360538,24.761823319163582,-29.712034943315285,3.5493997388439,1.70275448790888,,,,91.3,2512,6.7,745493,518735,656582,693304,669707,665833,668804,678225,658668,53.82,,,,,,,,36,2,Slider,3,1,1,3,1,3,1,3,Standard,Strategic,182,0.004,-0.051,,,,0.051,,2,-2,0.777,0.2229999999999999,28,26,28,27,3,2,6,1,7,1,2.55,-0.38,-0.38,40.8,,,,,
SI,2024-05-25,93.4,-1.96,5.75,"Keller, Mitch",660670,656605,,ball,,,,,11,Ball,R,R,R,PIT,ATL,B,,,0,0,2024,-1.12,0.81,-1.5332620772643395,3.1338226072083826,,,,1,5,Top,,,,,,,3.566497017715326,-136.17852079561234,-2.8580571324439568,-14.692230535422231,26.097691446755604,-21.642797769891544,3.54941321485082,1.63432847350123,,,,94.3,2489,6.4,745493,518735,656582,693304,669707,665833,668804,678225,658668,54.07,,,,,,,,36,1,Sinker,3,1,1,3,1,3,1,3,Standard,Strategic,215,-0.003,0.039,,,,-0.039,,2,-2,0.78,0.2199999999999999,28,26,28,27,3,2,6,1,7,1,1.77,1.12,1.12,34.2,,,,,
SI,2024-05-25,95.2,-2.01,5.69,"Keller, Mitch",660670,656605,field_out,hit_into_play,,,,,4,Ronald Acuña Jr. flies out to center fielder Ji Hwan Bae.,R,R,R,PIT,ATL,X,8,fly_ball,2,0,2024,-1.04,0.87,-0.6392519896363048,2.67497398252013,,,,1,3,Top,133.33,62.71,,,,,5.951726225091798,-138.5488156469954,-4.230141709591702,-14.708854831625022,31.90893018283354,-20.17180674065474,3.54,1.63,339,94.1,25,95.5,2513,6.5,745493,518735,656582,693304,669707,665833,668804,678225,658668,53.97,0.153,0.178,0.0,1,0,0,3,17,3,Sinker,0,0,0,0,0,0,0,0,Standard,Strategic,223,0.026,-0.367,77.8,7.3,0.301,0.367,94.1,0,0,0.517,0.483,28,26,28,27,2,1,6,1,7,1,1.65,1.04,1.04,36.4,10.149065608130458,1.27321984903698,35.33285714243571,30.429629039061492,28.40698013534263
FC,2024-05-25,93.0,-1.93,5.82,"Keller, Mitch",660670,656605,,ball,,,,,14,Ball,R,R,R,PIT,ATL,B,,,1,0,2024,0.42,0.66,1.9692456764203647,1.135730883293377,,,,1,3,Top,,,,,,,9.078487475012638,-135.0624789194584,-7.725666640977498,3.4371983357453684,26.407765638423715,-22.63639903702472,3.55297760782605,1.68507571392978,,,,93.4,2589,6.4,745493,518735,656582,693304,669707,665833,668804,678225,658668,54.11,,,,,,,,17,2,Cutter,0,0,0,0,0,0,0,0,Standard,Strategic,193,-0.005,0.072,,,,-0.072,,0,0,0.522,0.478,28,26,28,27,2,1,6,1,7,1,1.96,-0.42,-0.42,39.4,,,,,
FF,2024-05-25,96.0,-1.93,5.83,"Keller, Mitch",660670,656605,,ball,,,,,1,Ball,R,R,R,PIT,ATL,B,,,0,0,2024,-0.86,1.05,-0.4214082934243846,3.368287102638421,,,,1,3,Top,,,,,,,6.0060117625505915,-139.8176416713409,-3.372698094227509,-12.654081267518382,29.511395769129653,-17.81608777873614,3.56609046179055,1.61441375244785,,,,97.1,2379,6.7,745493,518735,656582,693304,669707,665833,668804,678225,658668,53.8,,,,,,,,17,1,4-Seam Fastball,0,0,0,0,0,0,0,0,Standard,Strategic,222,-0.003,0.039,,,,-0.039,,0,0,0.525,0.475,28,26,28,27,2,1,6,1,7,1,1.41,0.86,0.86,37.1,,,,,
FC,2024-05-25,91.5,-1.86,5.85,"Keller, Mitch",660670,656605,field_out,hit_into_play,,,,,5,Ronald Acuña Jr. flies out to left fielder Bryan Reynolds.,R,R,R,PIT,ATL,X,7,fly_ball,0,0,2024,0.24,0.49,0.2448741845913655,2.5200599966220123,,,,0,1,Top,75.98,58.92,,,,,4.819314713060785,-133.34258783860145,-3.70669368214616,2.0163060927089393,24.205556186343713,-25.778940504636555,3.54000009895214,1.63000003475195,367,99.4,25,92.8,2487,6.6,745493,518735,656582,693304,669707,665833,668804,678225,658668,53.88,0.402,0.6991923076923078,0.0,1,0,0,6,1,1,Cutter,0,0,0,0,0,0,0,0,Infield shade,Standard,195,0.022,-0.254,86.7,7.9,1.315,0.254,99.4,0,0,0.5,0.5,28,26,28,27,1,0,6,1,7,1,2.19,-0.24,-0.24,36.4,15.184715008712493,-8.450062314646079,33.61835047742589,40.46696164527717,37.7090187072114
SI,2024-05-24,93.2,1.28,5.7,"Falter, Bailey",660670,663559,home_run,hit_into_play,,,,,5,Ronald Acuña Jr. homers (4) on a fly ball to center field. Michael Harris II scores. Zack Short scores.,R,R,L,PIT,ATL,X,,fly_ball,2,2,2024,0.68,1.25,-0.0656974853380135,2.332081603640572,,671739,670097,1,8,Top,162.11,42.74,,,,,-5.104866995179822,-135.7259613272496,-5.83311179066521,9.530638706588473,27.177391593813073,-15.6861341496657,3.54,1.64,397,103.6,27,95.9,1768,7.6,745501,518735,656582,693304,669707,675961,668804,572191,658668,52.87,0.73,1.4502727272727272,2.0,1,0,3,6,67,5,Sinker,11,0,0,11,3,11,3,11,Standard,Strategic,173,0.0,1.232,,,2.844,-1.232,103.6,11,-11,0.999,0.001,27,26,27,27,4,3,6,1,7,1,1.36,0.68,-0.68,50.2,,,,,
FF,2024-05-24,92.2,1.05,5.76,"Falter, Bailey",660670,663559,,ball,,,,,11,Ball,R,R,L,PIT,ATL,B,,,1,2,2024,0.1,1.14,-1.212474896998613,2.6165577271259557,,671739,670097,1,8,Top,,,,,,,-6.116109938648792,-134.27176924568855,-4.799444203460574,2.394011001410038,26.34621627311538,-17.519115215136924,3.55343494218719,1.58347886072578,,,,94.6,1923,7.5,745501,518735,656582,693304,669707,675961,668804,572191,658668,53.04,,,,,,,,67,4,4-Seam Fastball,11,0,0,11,0,11,0,11,Standard,Strategic,173,0.0,0.035,,,,-0.035,,11,-11,0.999,0.001,27,26,27,27,4,3,6,1,7,1,1.52,0.1,-0.1,53.0,,,,,
SI,2024-05-24,92.7,1.35,5.72,"Falter, Bailey",660670,663559,,foul,,,,,5,Foul,R,R,L,PIT,ATL,S,,,1,1,2024,0.52,1.29,0.0942085478489973,2.2512355203567203,,671739,670097,1,8,Top,,,,,,,-4.452915447927567,-134.88347580144466,-6.070977562237189,7.3115625508046,26.498701300742848,-15.2750190090045,3.54,1.64,,,,95.3,1929,7.6,745501,518735,656582,693304,669707,675961,668804,572191,658668,52.92,,,,,,,,67,3,Sinker,11,0,0,11,0,11,0,11,Standard,Strategic,163,0.0,-0.04,76.5,7.0,,0.04,,11,-11,0.999,0.001,27,26,27,27,4,3,6,1,7,1,1.34,0.52,-0.52,52.5,-5.2734868177792595,26.41078957434333,39.65544526565843,37.72720074033145,20.20340629817629
FF,2024-05-24,91.9,1.3,5.74,"Falter, Bailey",660670,663559,,foul,,,,,4,Foul,R,R,L,PIT,ATL,S,,,1,0,2024,0.23,1.45,-0.2870269231877865,2.6512672778254633,,671739,670097,1,8,Top,,,,,,,-4.601288802448339,-133.69849032510842,-5.233491508380473,3.693201926092544,28.49932594830463,-13.813733589709525,3.54,1.64,151,77.1,13,93.9,2114,7.5,745501,518735,656582,693304,669707,675961,668804,572191,658668,53.04,,,,,,,,67,2,4-Seam Fastball,11,0,0,11,0,11,0,11,Standard,Strategic,173,0.0,-0.054,80.2,7.5,,0.054,88.0,11,-11,0.999,0.001,27,26,27,27,4,3,6,1,7,1,1.24,0.23,-0.23,50.1,10.234539665755433,9.005445425529857,35.78895262041588,34.536998794046326,28.319806463386676
FF,2024-05-24,92.1,1.22,5.67,"Falter, Bailey",660670,663559,,ball,,,,,13,Ball,R,R,L,PIT,ATL,B,,,0,0,2024,0.14,1.42,-1.279332871723332,2.082981131450736,,671739,670097,1,8,Top,,,,,,,-6.7922196896818345,-133.86441173987856,-6.497403500450262,3.140036610559108,28.19726264207213,-13.900132353931628,3.59624225216686,1.72516076847946,,,,94.1,2106,7.5,745501,518735,656582,693304,669707,675961,668804,572191,658668,53.02,,,,,,,,67,1,4-Seam Fastball,11,0,0,11,0,11,0,11,Standard,Strategic,178,0.0,0.03,,,,-0.03,,11,-11,0.999,0.001,27,26,27,27,4,3,6,1,7,1,1.27,0.14,-0.14,56.4,,,,,
FF,2024-05-24,91.9,1.15,5.75,"Falter, Bailey",660670,663559,field_out,hit_into_play,,,,,4,"Ronald Acuña Jr. grounds out, shortstop Oneil Cruz to first baseman Connor Joe.",R,R,L,PIT,ATL,X,6,ground_ball,1,1,2024,0.46,1.46,-0.4735010104918484,2.4725975001808727,,,,0,6,Top,108.42,147.83,,,,,-5.239443867768785,-133.67978020121348,-5.76015560689249,6.56324282389744,27.192097511909783,-13.657767697091373,3.54,1.64,11,82.3,-12,94.3,1968,7.6,745501,518735,656582,693304,669707,665833,668804,572191,658668,52.94,0.091,0.082,0.0,1,0,0,2,45,3,4-Seam Fastball,7,0,0,7,0,7,0,7,Standard,Strategic,170,0.004,-0.243,80.4,7.2,0.095,0.243,88.0,7,-7,0.985,0.015,27,26,27,27,3,2,6,1,7,1,1.23,0.46,-0.46,54.5,2.9449152903802,11.159764414094605,37.11784068087423,30.57864909784972,28.199343218640426
CU,2024-05-24,77.4,1.43,5.77,"Falter, Bailey",660670,663559,,ball,,,,,13,Ball,R,R,L,PIT,ATL,B,,,0,1,2024,-0.25,-0.43,-0.7353473179586278,0.1544477403002417,,,,0,6,Top,,,,,,,-4.266858602344765,-112.7263133853179,-4.380752452925245,-1.3959481317298716,19.039408429963416,-35.29882818436606,3.68688834848088,1.68008138904215,,,,79.3,1970,7.4,745501,518735,656582,693304,669707,665833,668804,572191,658668,53.12,,,,,,,,45,2,Curveball,7,0,0,7,0,7,0,7,Standard,Strategic,310,-0.001,0.025,,,,-0.025,,7,-7,0.986,0.014,27,26,27,27,3,2,6,1,7,1,4.2,-0.25,0.25,58.4,,,,,
CU,2024-05-24,76.9,1.46,5.78,"Falter, Bailey",660670,663559,,called_strike,,,,,6,Called Strike,R,R,L,PIT,ATL,S,,,0,0,2024,-0.32,-0.16,0.3968306335590699,2.670756204696877,,,,0,6,Top,,,,,,,-1.7249085098069956,-112.04506188997608,0.630192654106073,-2.3970161224791973,18.448714012969116,-33.80339303431801,3.63304466752088,1.71435326448094,,,,78.7,1954,7.3,745501,518735,656582,693304,669707,665833,668804,572191,658668,53.2,,,,,,,,45,1,Curveball,7,0,0,7,0,7,0,7,Standard,Strategic,294,0.001,-0.037,,,,0.037,,7,-7,0.985,0.015,27,26,27,27,3,2,6,1,7,1,3.97,-0.32,0.32,57.0,,,,,
CU,2024-05-24,75.6,1.31,5.71,"Falter, Bailey",660670,663559,single,hit_into_play,,,,,4,Ronald Acuña Jr. singles on a line drive to left fielder Bryan Reynolds.,R,R,L,PIT,ATL,X,7,line_drive,2,1,2024,-0.39,-0.5,-0.5186263745383852,2.627969527572757,,,,0,4,Top,88.89,69.95,,,,,-3.170669252973015,-110.0267257898936,1.6163222294420698,-2.64985319429765,19.074146854294177,-36.77685598520157,3.54,1.64,302,93.7,20,77.0,1820,7.2,745501,518735,656582,693304,669707,665833,668804,572191,658668,53.3,0.3,0.329,0.9,1,1,0,4,28,4,Curveball,5,0,0,5,0,5,0,5,Standard,Strategic,304,-0.021,0.407,79.5,7.1,0.497,-0.407,93.7,5,-5,0.919,0.0809999999999999,27,26,27,27,2,1,6,1,7,1,4.48,-0.39,0.39,54.0,6.488417632474892,1.0852700219206484,33.9162163075749,30.5235185004983,37.4385591336635
FF,2024-05-24,91.4,1.13,5.79,"Falter, Bailey",660670,663559,,ball,,,,,2,Ball,R,R,L,PIT,ATL,B,,,1,1,2024,0.08,1.51,0.2582496717758749,3.711159660844256,,,,0,4,Top,,,,,,,-2.433291071363753,-133.20918833467667,-2.717196524965349,1.4802047124874127,28.236149285737365,-13.772596433032708,3.75057335301454,1.74291518584629,,,,93.8,1929,7.6,745501,518735,656582,693304,669707,665833,668804,572191,658668,52.91,,,,,,,,28,3,4-Seam Fastball,5,0,0,5,0,5,0,5,Standard,Strategic,171,-0.003,0.053,,,,-0.053,,5,-5,0.922,0.0779999999999999,27,26,27,27,2,1,6,1,7,1,1.2,0.08,-0.08,53.4,,,,,
FF,2024-05-24,91.1,1.06,5.78,"Falter, Bailey",660670,663559,,ball,,,,,11,Ball,R,R,L,PIT,ATL,B,,,0,1,2024,0.09,1.37,-1.060989538914154,3.2841998901065113,,,,0,4,Top,,,,,,,-5.663099835062983,-132.5697682091616,-3.415141723565718,2.219766475197686,26.67764600602492,-15.432822072116911,3.75984950947444,1.7208680097596,,,,93.4,2060,7.5,745501,518735,656582,693304,669707,665833,668804,572191,658668,52.96,,,,,,,,28,2,4-Seam Fastball,5,0,0,5,0,5,0,5,Standard,Strategic,165,-0.001,0.025,,,,-0.025,,5,-5,0.923,0.0769999999999999,27,26,27,27,2,1,6,1,7,1,1.36,0.09,-0.09,54.4,,,,,
FF,2024-05-24,91.0,1.23,5.78,"Falter, Bailey",660670,663559,,foul,,,,,6,Foul,R,R,L,PIT,ATL,S,,,0,0,2024,0.54,1.46,0.4451769706566585,2.695132549805625,,,,0,4,Top,,,,,,,-3.1984234419467095,-132.45121090578746,-5.069148268485425,6.995724917162881,28.71187194531546,-14.123467011617244,3.54,1.64,204,84.5,61,92.9,2036,7.5,745501,518735,656582,693304,669707,665833,668804,572191,658668,53.05,,,,,,,,28,1,4-Seam Fastball,5,0,0,5,0,5,0,5,Infield shade,Strategic,173,0.002,-0.037,77.6,7.5,,0.037,88.0,5,-5,0.921,0.0789999999999999,27,26,27,27,2,1,6,1,7,1,1.3,0.54,-0.54,57.4,11.07376200994976,10.57446191195445,31.02838003954072,44.130565356195795,26.596024690060055
FF,2024-05-24,90.5,1.25,5.81,"Falter, Bailey",660670,663559,field_out,hit_into_play,,,,,5,"Ronald Acuña Jr. grounds out, third baseman Jared Triolo to first baseman Connor Joe.",R,R,L,PIT,ATL,X,5,ground_ball,0,0,2024,0.19,1.37,-0.0235183579359045,2.902833734710734,,,,0,1,Top,117.51,173.89,,,,,-3.657532924290798,-131.6700490527728,-4.307745215610332,3.0196779124894624,28.361664121904766,-15.582044338424858,3.55423347324844,1.65459498478738,5,92.2,-31,92.4,2001,7.4,745501,518735,656582,693304,669707,665833,668804,572191,658668,53.05,0.082,0.077,0.0,1,0,0,2,1,1,4-Seam Fastball,0,0,0,0,0,0,0,0,Infield shade,Standard,169,0.022,-0.254,76.7,7.6,0.126,0.254,92.2,0,0,0.5,0.5,27,26,27,27,1,0,6,1,7,1,1.42,0.19,-0.19,54.7,11.741741853682838,1.4380735838918388,28.081423151816303,36.44800935378414,33.09069009526292
SI,2024-05-23,88.4,-2.0,5.89,"Hendricks, Kyle",660670,543294,strikeout,swinging_strike,,,,,11,Ronald Acuña Jr. strikes out swinging.,R,R,R,CHC,ATL,S,2,,3,2,2024,-1.1,0.57,-0.5076025572709884,3.76169008248522,,644433,594807,0,8,Top,,,,,,,5.851170730825149,-128.84181747620988,-0.4029444922526899,-13.450440679118818,22.733789375321972,-25.826862822610742,3.55,1.63,,,,88.1,1955,5.7,746874,543228,683737,663538,666624,621020,643565,641355,673548,54.84,,0.0,0.0,1,0,0,,56,6,Sinker,0,1,1,0,1,0,1,0,Standard,Standard,212,0.055,-0.36,70.0,6.3,,0.36,,-1,1,0.164,0.836,34,26,35,27,1,3,6,1,6,1,2.3,1.1,1.1,41.8,5.899420879346149,27.23969088966508,27.20162710069772,34.58832527140213,16.766049825253024
CU,2024-05-23,75.0,-1.9,5.94,"Hendricks, Kyle",660670,543294,,blocked_ball,,,,,14,Ball In Dirt,R,R,R,CHC,ATL,B,,,2,2,2024,1.23,-1.13,2.445165191705394,0.3067587820084112,,644433,594807,0,8,Top,,,,,,,6.699579507358758,-108.95130294954096,-2.3033406618358567,8.266926726507165,22.88237727747799,-40.840258074505066,3.60452752849758,1.68486432338108,,,,73.4,3032,5.6,746874,543228,683737,663538,666624,621020,643565,641355,673548,54.87,,,,,,,,56,5,Curveball,0,1,1,0,1,0,1,0,Standard,Standard,41,-0.016,0.137,,,,-0.137,,-1,1,0.18,0.8200000000000001,34,26,35,27,1,3,6,1,6,1,5.27,-1.23,-1.23,43.2,,,,,
SI,2024-05-23,86.6,-1.99,5.83,"Hendricks, Kyle",660670,543294,,ball,,,,,13,Ball,R,R,R,CHC,ATL,B,,,1,2,2024,-1.27,0.45,-0.2578088529945863,1.0162275930673146,,644433,594807,0,8,Top,,,,,,,6.644405923481627,-125.84087183704744,-6.152086387205658,-14.84098999281414,24.236401215242125,-26.404821597096245,3.60452752849758,1.63678681648792,,,,85.7,1906,5.7,746874,543228,683737,663538,666624,621020,643565,641355,673548,54.82,,,,,,,,56,4,Sinker,0,1,1,0,1,0,1,0,Standard,Standard,216,-0.007,0.026,,,,-0.026,,-1,1,0.187,0.813,34,26,35,27,1,3,6,1,6,1,2.59,1.27,1.27,42.9,,,,,
CH,2024-05-23,79.5,-2.05,5.95,"Hendricks, Kyle",660670,543294,,foul,,,,,8,Foul,R,R,R,CHC,ATL,S,,,1,1,2024,-0.36,1.08,-0.0802749988901017,1.6652438460867631,,644433,594807,0,8,Top,,,,,,,4.924971784109806,-115.7402288745572,-4.675642353855272,-4.106986198276999,19.551296045669325,-21.809856292303003,3.55,1.63,186,65.1,45,78.8,2153,5.5,746874,543228,683737,663538,666624,621020,643565,641355,673548,54.96,,,,,,,,56,3,Changeup,0,1,1,0,1,0,1,0,Standard,Standard,226,0.012,-0.069,75.9,8.2,,0.069,88.0,-1,1,0.175,0.825,34,26,35,27,1,3,6,1,6,1,2.5,0.36,0.36,42.6,11.336937346819946,5.35370314486282,46.34769878991776,38.246280887875706,31.216452529542995
SI,2024-05-23,88.0,-2.19,5.85,"Hendricks, Kyle",660670,543294,,ball,,,,,11,Ball,R,R,R,CHC,ATL,B,,,0,1,2024,-0.93,0.34,-1.8300342658330704,3.5681644093924896,,644433,594807,0,8,Top,,,,,,,2.7740937205381297,-128.2893696985632,-0.2101561100439006,-10.883757382351073,24.641920890359792,-28.535233291779576,3.60452752849758,1.68486432338108,,,,87.3,1930,5.6,746874,543228,683737,663538,666624,621020,643565,641355,673548,54.93,,,,,,,,56,2,Sinker,0,1,1,0,1,0,1,0,Standard,Standard,209,-0.005,0.034,,,,-0.034,,-1,1,0.18,0.8200000000000001,34,26,35,27,1,3,6,1,6,1,2.57,0.93,0.93,40.4,,,,,
CH,2024-05-23,79.9,-2.04,5.94,"Hendricks, Kyle",660670,543294,,called_strike,,,,,3,Called Strike,R,R,R,CHC,ATL,S,,,0,0,2024,-0.22,1.09,0.4399029941571341,3.24949629450455,,644433,594807,0,8,Top,,,,,,,5.807349564593308,-116.32632058566156,-1.271216707903472,-3.0674344714572066,21.02159903820892,-22.212642037239007,3.55681323594777,1.58869895859932,,,,79.0,2133,5.6,746874,543228,683737,663538,666624,621020,643565,641355,673548,54.92,,,,,,,,56,1,Changeup,0,1,1,0,1,0,1,0,Standard,Standard,225,0.007,-0.044,,,,0.044,,-1,1,0.173,0.827,34,26,35,27,1,3,6,1,6,1,2.46,0.22,0.22,40.8,,,,,
FF,2024-05-23,93.4,-1.17,5.87,"Wesneski, Hayden",660670,669713,field_out,hit_into_play,,,,,6,"Ronald Acuña Jr. grounds out, first baseman Michael Busch to pitcher Hayden Wesneski.",R,R,R,CHC,ATL,X,3,ground_ball,0,0,2024,-0.65,1.02,0.7533683473115469,2.592914595900541,,,,2,5,Top,150.67,160.72,,,,,6.464764311334378,-135.90106601151325,-5.0309289368035675,-9.35355470328873,27.136368585589345,-18.662417150687368,3.55,1.63,58,77.4,3,95.0,2105,7.0,746874,543228,683737,663538,666624,621020,643565,641355,673548,53.46,0.216,0.194,0.0,1,0,0,2,35,1,4-Seam Fastball,0,1,1,0,1,0,1,0,Standard,Standard,209,0.011,-0.256,77.6,7.6,0.24,0.256,88.0,-1,1,0.404,0.596,26,26,27,27,1,2,2,1,4,1,1.58,0.65,0.65,46.2,13.600473332416444,5.9687218842896375,27.991829866869505,50.21180558247395,36.31960098187895
KC,2024-05-23,86.9,-1.41,6.5,"Brown, Ben",660670,676962,strikeout,swinging_strike,,,,,6,Ronald Acuña Jr. strikes out swinging.,R,R,R,CHC,ATL,S,2,,2,2,2024,0.19,0.1,0.4587974002698565,2.711539141234707,,,,1,3,Top,,,,,,,4.10331848120555,-126.53571944629776,-3.1339874190754653,1.2661184444920377,25.449758430603076,-30.6735600180561,3.55,1.63,,,,87.3,2213,6.5,746874,543228,683737,663538,666624,621020,643565,641355,673548,54.03,,0.0,0.0,1,0,0,,17,5,Knuckle Curve,0,0,0,0,0,0,0,0,Standard,Standard,90,0.015,-0.225,78.4,7.6,,0.225,,0,0,0.528,0.472,24,26,25,27,2,1,4,1,5,1,2.91,-0.19,-0.19,45.3,6.955893953827475,14.168870418135729,30.27436635006,45.2424477715496,22.48793679046178
FF,2024-05-23,95.9,-1.55,6.38,"Brown, Ben",660670,676962,,called_strike,,,,,3,Called Strike,R,R,R,CHC,ATL,S,,,2,1,2024,-0.79,1.35,0.6742956270346344,3.118955827059992,,,,1,3,Top,,,,,,,7.743232842416574,-139.4401110422304,-6.144099776164888,-12.059012467421796,29.5773866986011,-13.33390979623518,3.6033296411772,1.63570085600634,,,,96.8,2200,6.7,746874,543228,683737,663538,666624,621020,643565,641355,673548,53.78,,,,,,,,17,4,4-Seam Fastball,0,0,0,0,0,0,0,0,Standard,Standard,210,0.006,-0.078,,,,0.078,,0,0,0.522,0.478,24,26,25,27,2,1,4,1,5,1,1.12,0.79,0.79,46.0,,,,,
FF,2024-05-23,96.1,-1.56,6.36,"Brown, Ben",660670,676962,,ball,,,,,11,Ball,R,R,R,CHC,ATL,B,,,1,1,2024,-0.67,1.18,-0.5038446014502413,3.877637393348137,,,,1,3,Top,,,,,,,4.364135545027635,-139.90657832703977,-3.6968601824661937,-9.815365178694842,30.032258972663872,-16.082366144078343,3.55561877751175,1.58761630547761,,,,97.0,2198,6.7,746874,543228,683737,663538,666624,621020,643565,641355,673548,53.83,,,,,,,,17,3,4-Seam Fastball,0,0,0,0,0,0,0,0,Standard,Standard,214,-0.004,0.059,,,,-0.059,,0,0,0.526,0.474,24,26,25,27,2,1,4,1,5,1,1.28,0.67,0.67,40.6,,,,,
KC,2024-05-23,86.0,-1.5,6.44,"Brown, Ben",660670,676962,,swinging_strike_blocked,,,,,14,Swinging Strike (Blocked),R,R,R,CHC,ATL,S,,,1,0,2024,0.26,-0.09,1.621450152385362,0.7514643366454603,,,,1,3,Top,,,,,,,6.9207632652645,-125.05825925319478,-7.112811152118825,1.3888233852840726,23.881263360882517,-31.95100795607996,3.55,1.63,,,,86.7,2101,6.6,746874,543228,683737,663538,666624,621020,643565,641355,673548,53.86,,,,,,,,17,2,Knuckle Curve,0,0,0,0,0,0,0,0,Standard,Standard,63,0.004,-0.051,40.7,7.7,,0.051,,0,0,0.522,0.478,24,26,25,27,2,1,4,1,5,1,3.17,-0.26,-0.26,44.6,-0.4548661962010503,16.82094469485897,44.69971662665219,61.09587531278827,21.4182870297618
FF,2024-05-23,96.0,-1.32,6.32,"Brown, Ben",660670,676962,,ball,,,,,14,Ball,R,R,R,CHC,ATL,B,,,0,0,2024,-0.43,1.34,2.0263300615852646,2.517731781569873,,,,1,3,Top,,,,,,,9.897438576663829,-139.269242426426,-7.527616576666565,-7.8944565316813105,32.017629919619765,-13.096166752124663,3.6033296411772,1.63570085600634,,,,96.5,2150,6.8,746874,543228,683737,663538,666624,621020,643565,641355,673548,53.7,,,,,,,,17,1,4-Seam Fastball,0,0,0,0,0,0,0,0,Standard,Standard,212,-0.003,0.039,,,,-0.039,,0,0,0.525,0.475,24,26,25,27,2,1,4,1,5,1,1.15,0.43,0.43,43.5,,,,,
FF,2024-05-23,96.2,-1.5,6.34,"Brown, Ben",660670,676962,single,hit_into_play,,,,,5,Ronald Acuña Jr. singles on a ground ball to shortstop Dansby Swanson.,R,R,R,CHC,ATL,X,6,ground_ball,0,0,2024,-0.6,1.4,-0.1505129776933195,2.564550382528835,,,,0,1,Top,108.31,146.2,,,,,4.975205158340106,-139.99649394809234,-7.721558508376115,-8.897306617211727,27.642326000083948,-12.251220601553834,3.55,1.63,141,106.6,7,97.5,2090,6.7,746874,543228,683737,663538,666624,621020,643565,641355,673548,53.77,0.671,0.648,0.9,1,1,0,4,1,1,4-Seam Fastball,0,0,0,0,0,0,0,0,Standard,Standard,213,-0.036,0.448,77.0,7.5,0.798,-0.448,106.6,0,0,0.5,0.5,24,26,25,27,1,0,4,1,5,1,1.04,0.6,0.6,40.0,13.17693896954164,4.370424805201416,34.06262392997193,40.87585253825196,32.24920330120439
FF,2024-05-22,89.9,-4.3,4.3,"Cuas, Jose",660670,621016,strikeout,foul_tip,,,,,6,Ronald Acuña Jr. strikes out on a foul tip.,R,R,R,CHC,ATL,S,2,,1,2,2024,-0.54,0.72,0.5078180388341431,2.52139110046691,,670097,,2,8,Top,,,,,,,13.05002168131192,-130.30436274943932,0.0692684481676806,-8.908891787406114,27.03943886367936,-24.15606484624132,3.55,1.6,,,,89.9,2334,6.5,746876,665804,621550,663538,663611,621020,664023,641355,673548,54.04,,0.0,0.0,1,0,0,,59,4,4-Seam Fastball,1,9,9,1,9,1,9,1,Standard,Standard,249,0.0,-0.213,76.0,7.7,,0.213,,-8,8,0.002,0.998,30,26,30,27,2,4,5,1,38,1,2.11,0.54,0.54,3.6,9.40981655071844,8.685561556471061,32.64053397855892,47.69625770987328,28.58246786349675
ST,2024-05-22,82.4,-4.38,3.89,"Cuas, Jose",660670,621016,,ball,,,,,14,Ball,R,R,R,CHC,ATL,B,,,0,2,2024,0.79,-0.04,4.610595424881895,1.0949685655165655,671739,,670097,2,8,Top,,,,,,,18.718531614125485,-118.50274423372063,0.4717349964749833,3.5890306311008984,24.278687224830488,-32.94807726819406,3.49847648193516,1.5905287683961,,,,81.4,2562,6.5,746876,665804,621550,663538,663611,621020,664023,641355,673548,54.05,,,,,,,,59,3,Sweeper,1,8,8,1,9,1,9,1,Standard,Standard,45,-0.002,0.035,,,,-0.035,,-7,7,0.004,0.996,30,26,30,27,2,4,5,1,38,1,3.5,-0.79,-0.79,-1.4,,,,,
ST,2024-05-22,81.8,-4.6,3.9,"Cuas, Jose",660670,621016,,called_strike,,,,,4,Called Strike,R,R,R,CHC,ATL,S,,,0,1,2024,0.97,0.16,-0.7529737752602427,2.8593669146301455,671739,,670097,2,8,Top,,,,,,,6.798841200992743,-118.79857063189544,3.9884084427297175,7.760992557772129,24.236599647981336,-31.737814119160426,3.45074987245187,1.56648827166974,,,,81.6,2532,6.4,746876,665804,621550,663538,663611,621020,664023,641355,673548,54.09,,,,,,,,59,2,Sweeper,1,8,8,1,8,1,8,1,Standard,Standard,64,0.0,-0.082,,,,0.082,,-7,7,0.004,0.996,30,26,30,27,2,4,5,1,38,1,3.28,-0.97,-0.97,1.8,,,,,
SI,2024-05-22,91.8,-4.47,4.15,"Cuas, Jose",660670,621016,,foul,,,,,11,Foul,R,R,R,CHC,ATL,S,,,0,0,2024,-1.19,0.53,-1.1197659726891735,3.36257783657753,671739,,670097,2,8,Top,,,,,,,11.01646016070931,-133.22343761180363,2.745239311870633,-16.509034552104982,28.70736151756266,-26.746164715840138,3.55,1.6,,,,91.6,2530,6.3,746876,665804,621550,663538,663611,621020,664023,641355,673548,54.18,,,,,,,,59,1,Sinker,1,8,8,1,8,1,8,1,Standard,Standard,250,0.0,-0.046,78.9,7.2,,0.046,,-7,7,0.004,0.996,30,26,30,27,2,4,5,1,38,1,2.19,1.19,1.19,2.1,11.651375048007466,-3.084973783865682,27.922602268407537,30.085051375203225,31.93452565078258
SI,2024-05-22,93.0,-4.44,4.25,"Cuas, Jose",660670,621016,walk,ball,,,,,13,Ronald Acuña Jr. walks. Adam Duvall to 3rd. Zack Short to 2nd.,R,R,R,CHC,ATL,B,,,3,1,2024,-1.22,-0.18,-1.879851105160662,2.1386211040900434,,594807,670097,1,7,Top,,,,,,,9.2248849241488,-135.16076997252054,0.743889928963974,-16.942970442235715,28.07201936607257,-34.757246310921154,3.53088938634287,1.64716150046209,,,,93.1,2522,6.3,746876,665804,621550,663538,663611,621020,664023,641355,673548,54.19,,0.689131,0.7,1,0,0,,47,5,Sinker,1,3,3,1,3,1,3,1,Standard,Standard,250,-0.023,0.201,,,,-0.201,,-2,2,0.145,0.855,30,26,30,27,1,3,5,1,38,1,2.81,1.22,1.22,3.6,,,,,
SI,2024-05-22,92.7,-4.35,4.25,"Cuas, Jose",660670,621016,,ball,,,,,13,Ball,R,R,R,CHC,ATL,B,,,2,1,2024,-1.43,0.08,-2.1737141743563635,1.402963153227606,,594807,670097,1,7,Top,,,,,,,8.669945148681252,-134.72328651844413,-1.630309341631916,-19.32309063190742,29.402812192797914,-31.01433087423474,3.53088938634287,1.64716150046209,,,,92.5,2538,6.3,746876,665804,621550,663538,663611,621020,664023,641355,673548,54.23,,,,,,,,47,4,Sinker,1,3,3,1,3,1,3,1,Standard,Standard,248,-0.011,0.104,,,,-0.104,,-2,2,0.156,0.844,30,26,30,27,1,3,5,1,38,1,2.58,1.43,1.43,0.8,,,,,
ST,2024-05-22,83.4,-4.4,4.09,"Cuas, Jose",660670,621016,,ball,,,,,14,Ball,R,R,R,CHC,ATL,B,,,1,1,2024,1.01,0.28,2.4424216088590684,2.291728918313652,,594807,670097,1,7,Top,,,,,,,13.68672932921398,-120.77660780655556,1.8029113047984977,7.245815139357781,23.030315206750178,-30.017152422719946,3.53088938634287,1.62312620142462,,,,83.1,2551,6.3,746876,665804,621550,663538,663611,621020,664023,641355,673548,54.22,,,,,,,,47,3,Sweeper,1,3,3,1,3,1,3,1,Standard,Standard,43,-0.006,0.042,,,,-0.042,,-2,2,0.162,0.838,30,26,30,27,1,3,5,1,38,1,3.02,-1.01,-1.01,0.0,,,,,
ST,2024-05-22,82.7,-4.46,4.17,"Cuas, Jose",660670,621016,,ball,,,,,13,Ball,R,R,R,CHC,ATL,B,,,0,1,2024,0.86,0.14,-1.3299370421943288,1.977359761711575,,594807,670097,1,7,Top,,,,,,,5.454570458418663,-120.37108889256844,1.2085641417415782,7.391218912023445,22.339733980771044,-31.255563626283113,3.50703083297682,1.64716150046209,,,,82.8,2434,6.3,746876,665804,621550,663538,663611,621020,664023,641355,673548,54.23,,,,,,,,47,2,Sweeper,1,3,3,1,3,1,3,1,Standard,Standard,59,-0.003,0.015,,,,-0.015,,-2,2,0.165,0.835,30,26,30,27,1,3,5,1,38,1,3.18,-0.86,-0.86,0.5,,,,,
SI,2024-05-22,92.4,-4.5,4.21,"Cuas, Jose",660670,621016,,foul,,,,,7,Foul,R,R,R,CHC,ATL,S,,,0,0,2024,-1.44,0.27,-0.5366319891595994,1.8725146504037824,,594807,670097,1,7,Top,,,,,,,13.223642827281134,-133.98915928925337,-0.7008346643199663,-20.12634275927287,27.77698810265072,-28.978693281701307,3.55,1.6,248,78.9,38,92.5,2431,6.4,746876,665804,621550,663538,663611,621020,664023,641355,673548,54.07,,,,,,,,47,1,Sinker,1,3,3,1,3,1,3,1,Standard,Standard,252,0.005,-0.039,75.3,7.5,,0.039,88.0,-2,2,0.16,0.84,30,26,30,27,1,3,5,1,38,1,2.41,1.44,1.44,1.0,-2.4844770834222416,16.466223579799486,41.26145516738764,36.69587152754242,21.97594061436849
SL,2024-05-22,83.2,2.02,6.21,"Steele, Justin",660670,657006,field_out,hit_into_play,,,,,13,"Ronald Acuña Jr. grounds out, shortstop Dansby Swanson to first baseman Patrick Wisdom.",R,R,L,CHC,ATL,X,6,ground_ball,0,0,2024,-1.02,0.06,-1.145773154029702,2.230652972239594,,,,0,6,Top,111.34,161.93,,,,,-5.25108952079621,-120.97590456041613,-2.705950794080541,-8.81362395195415,26.01595932378788,-31.227403618319148,3.55,1.6,5,76.0,-25,82.9,2803,6.4,746876,665804,621550,663538,663611,621020,664023,641355,673548,54.15,0.046,0.086,0.0,1,0,0,2,34,1,Slider,0,2,2,0,2,0,2,0,Standard,Standard,308,0.017,-0.254,76.1,6.7,0.05,0.254,88.0,-2,2,0.221,0.779,28,26,29,27,3,2,6,1,5,1,3.26,-1.02,1.02,48.0,1.156611369533985,17.276639337747227,37.8851071708945,28.249386683959138,27.90199559912407
SL,2024-05-22,84.2,2.13,6.19,"Steele, Justin",660670,657006,field_out,hit_into_play,,,,,7,"Ronald Acuña Jr. grounds out, third baseman Nick Madrigal to first baseman Patrick Wisdom.",R,R,L,CHC,ATL,X,5,ground_ball,1,0,2024,-1.07,-0.05,-0.4419476677009655,2.089515035688737,,,,1,3,Top,96.21,168.59,,,,,-3.847844609928416,-122.5155928407252,-2.978906810848085,-9.864154603293953,26.73364770550956,-32.2784049576842,3.55,1.6,3,72.6,-31,83.8,2830,6.3,746876,665804,621550,663538,663611,621020,664023,641355,673548,54.2,0.056,0.06,0.0,1,0,0,2,16,2,Slider,0,2,2,0,2,0,2,0,Standard,Standard,307,0.015,-0.295,78.4,7.7,0.06,0.295,88.0,-2,2,0.304,0.696,28,26,29,27,2,1,6,1,5,1,3.3,-1.07,1.07,46.6,6.255820404477422,6.678130406917443,41.92887203563811,36.96425603278905,31.560996889719114
FF,2024-05-22,91.9,2.07,6.21,"Steele, Justin",660670,657006,,ball,,,,,12,Ball,R,R,L,CHC,ATL,B,,,0,0,2024,-0.26,1.1,0.5919283760267461,3.600250267879657,,,,1,3,Top,,,,,,,-3.181965484506513,-133.96216652970523,-3.1991670836637853,-2.4951355413088683,26.709268057152663,-18.46316519890462,3.4593045234132,1.551004794198,,,,92.4,2392,6.3,746876,665804,621550,663538,663611,621020,664023,641355,673548,54.16,,,,,,,,16,1,4-Seam Fastball,0,2,2,0,2,0,2,0,Standard,Standard,156,-0.002,0.039,,,,-0.039,,-2,2,0.306,0.694,28,26,29,27,2,1,6,1,5,1,1.58,-0.26,0.26,46.3,,,,,
FF,2024-05-22,94.5,1.99,6.03,"Steele, Justin",660670,657006,field_out,hit_into_play,,,,,5,"Ronald Acuña Jr. grounds out, second baseman Nico Hoerner to first baseman Patrick Wisdom.",R,R,L,CHC,ATL,X,4,ground_ball,3,2,2024,0.06,1.1,-0.1239647169638759,2.4186287998151044,,,,0,1,Top,137.36,149.22,,,,,-5.646117923366436,-137.47571247625595,-6.200377583494698,1.947465557840808,29.6799210950834,-16.986379053912426,3.55,1.6,7,74.8,-17,94.8,2446,6.4,746876,665804,621550,663538,663611,621020,664023,641355,673548,54.08,0.046,0.059,0.0,1,0,0,2,1,7,4-Seam Fastball,0,0,0,0,0,0,0,0,Standard,Standard,159,0.027,-0.333,76.8,7.1,0.05,0.333,88.0,0,0,0.495,0.505,28,26,29,27,1,0,6,1,5,1,1.44,0.06,-0.06,42.7,-1.012742856295575,27.550497822064116,36.68497203768451,39.13494609777251,17.371618136149372
SL,2024-05-22,84.4,1.94,6.17,"Steele, Justin",660670,657006,,ball,,,,,13,Ball,R,R,L,CHC,ATL,B,,,2,2,2024,-1.23,-0.6,-0.627983662573039,-0.4440144731335982,,,,0,1,Top,,,,,,,-3.5252748546125967,-122.74415176582268,-7.76824692152008,-11.56600783464574,26.868349492179384,-36.681954133896504,3.49907742023739,1.6151139818857,,,,84.2,3067,6.4,746876,665804,621550,663538,663611,621020,664023,641355,673548,54.08,,,,,,,,1,6,Slider,0,0,0,0,0,0,0,0,Standard,Standard,319,-0.008,0.107,,,,-0.107,,0,0,0.503,0.497,28,26,29,27,1,0,6,1,5,1,3.83,-1.23,1.23,47.4,,,,,
FF,2024-05-22,94.8,2.08,6.06,"Steele, Justin",660670,657006,,foul,,,,,5,Foul,R,R,L,CHC,ATL,S,,,2,2,2024,0.02,1.03,0.2475294264754553,2.9206080785072963,,,,0,1,Top,,,,,,,-4.849619740909509,-137.91869510275328,-4.856824739973868,1.3584038183046423,30.65271310230559,-18.19035297975332,3.55,1.6,240,75.4,32,95.2,2524,6.5,746876,665804,621550,663538,663611,621020,664023,641355,673548,53.99,,,,,,,,1,5,4-Seam Fastball,0,0,0,0,0,0,0,0,Standard,Standard,149,0.0,0.0,72.0,6.9,,0.0,88.0,0,0,0.503,0.497,28,26,29,27,1,0,6,1,5,1,1.51,0.02,-0.02,44.2,-1.5268471799890346,29.90774328941537,31.644793285716823,42.94092812508215,15.590056231635254
FF,2024-05-22,94.7,2.02,6.12,"Steele, Justin",660670,657006,,ball,,,,,1,Ball,R,R,L,CHC,ATL,B,,,1,2,2024,0.23,1.13,-0.6227292628620789,3.4779482328936835,,,,0,1,Top,,,,,,,-7.445886980914938,-137.69923230365418,-3.749823702440804,4.556840935653932,30.45032658643089,-17.211545437860106,3.40622876590793,1.59404243555979,,,,95.0,2417,6.5,746876,665804,621550,663538,663611,621020,664023,641355,673548,53.98,,,,,,,,1,4,4-Seam Fastball,0,0,0,0,0,0,0,0,Standard,Standard,150,-0.004,0.04,,,,-0.04,,0,0,0.507,0.493,28,26,29,27,1,0,6,1,5,1,1.42,0.23,-0.23,45.1,,,,,
FF,2024-05-22,93.7,1.98,6.19,"Steele, Justin",660670,657006,,called_strike,,,,,2,Called Strike,R,R,L,CHC,ATL,S,,,1,1,2024,0.1,1.31,0.0976190570264569,3.291741831838274,,,,0,1,Top,,,,,,,-5.090594462715988,-136.3375795068846,-4.660695896933767,2.3183407767686695,30.359711102140487,-14.953224023516524,3.49907742023739,1.59107523278848,,,,93.9,2409,6.4,746876,665804,621550,663538,663611,621020,664023,641355,673548,54.07,,,,,,,,1,3,4-Seam Fastball,0,0,0,0,0,0,0,0,Standard,Standard,161,0.006,-0.056,,,,0.056,,0,0,0.501,0.499,28,26,29,27,1,0,6,1,5,1,1.28,0.1,-0.1,52.3,,,,,
FF,2024-05-22,93.6,1.9,6.3,"Steele, Justin",660670,657006,,ball,,,,,11,Ball,R,R,L,CHC,ATL,B,,,0,1,2024,-0.12,1.23,-0.5359492931820445,3.685688442782716,,,,0,1,Top,,,,,,,-6.040093322556541,-136.1609941046216,-3.726372467099675,-0.1568521728407386,28.97817558486252,-16.266693328562457,3.52293699844687,1.63915014428428,,,,94.0,2434,6.5,746876,665804,621550,663538,663611,621020,664023,641355,673548,54.04,,,,,,,,1,2,4-Seam Fastball,0,0,0,0,0,0,0,0,Standard,Standard,171,-0.002,0.025,,,,-0.025,,0,0,0.503,0.497,28,26,29,27,1,0,6,1,5,1,1.37,-0.12,0.12,47.4,,,,,
FF,2024-05-22,94.4,1.83,6.2,"Steele, Justin",660670,657006,,foul,,,,,7,Foul,R,R,L,CHC,ATL,S,,,0,0,2024,0.13,1.22,-0.34788886253978,1.7221176314432114,,,,0,1,Top,,,,,,,-5.981838363104172,-137.3042362945654,-8.77407976061383,2.882212327369761,27.575965580980583,-15.001747865482868,3.55,1.6,144,79.6,12,95.3,2408,6.6,746876,665804,621550,663538,663611,621020,664023,641355,673548,53.89,,,,,,,,1,1,4-Seam Fastball,0,0,0,0,0,0,0,0,Standard,Standard,160,0.003,-0.037,72.1,6.9,,0.037,88.0,0,0,0.5,0.5,28,26,29,27,1,0,6,1,5,1,1.32,0.13,-0.13,45.9,-14.923166712408053,37.33712514285859,46.44419930293443,36.2325215589521,9.676997232162384
FF,2024-05-21,94.3,-1.5,5.97,"Neris, Héctor",660670,593576,field_out,hit_into_play,,,,,4,Ronald Acuña Jr. flies out to right fielder Seiya Suzuki.,R,R,R,CHC,ATL,X,9,fly_ball,2,2,2024,-0.91,1.25,-0.5166267660671722,2.8470776829891467,,,,0,9,Top,166.64,113.06,,,,,4.585654336538294,-137.26522424992032,-5.201578785005247,-12.575375962767104,31.069205658252297,-15.394038703390482,3.55,1.59,239,76.8,36,94.3,2432,6.3,746875,665804,621550,663538,666624,621020,664023,641355,673548,54.21,0.095,0.094,0.0,1,0,0,3,73,6,4-Seam Fastball,3,3,3,3,3,3,3,3,Standard,Standard,218,0.049,-0.227,75.6,7.0,0.127,0.227,88.0,0,0,0.509,0.491,35,26,35,27,1,4,3,1,7,1,1.31,0.91,0.91,37.4,-0.4305395314927799,4.86735301191021,36.62776343298088,32.955389341395545,26.390473575807825
FF,2024-05-21,94.7,-1.29,6.03,"Neris, Héctor",660670,593576,,foul,,,,,5,Foul,R,R,R,CHC,ATL,S,,,2,2,2024,-0.67,1.64,0.1446675719490707,2.416961623158869,,,,0,9,Top,,,,,,,5.252493505761132,-137.53132376067185,-7.367978682986489,-9.657678451127513,33.390277980510874,-9.950016217386214,3.55,1.59,245,74.3,35,94.5,2494,6.5,746875,665804,621550,663538,666624,621020,664023,641355,673548,54.02,,,,,,,,73,5,4-Seam Fastball,3,3,3,3,3,3,3,3,Standard,Standard,218,0.0,0.0,75.3,6.9,,0.0,88.0,0,0,0.509,0.491,35,26,35,27,1,4,3,1,7,1,0.93,0.67,0.67,43.2,3.136653709762699,24.311481959719025,35.001526752584226,39.39721785599605,22.921417160495206
FS,2024-05-21,83.4,-1.5,6.16,"Neris, Héctor",660670,593576,,foul,,,,,14,Foul,R,R,R,CHC,ATL,S,,,2,1,2024,-1.04,0.06,0.2478264092740902,1.3628083144972574,,,,0,9,Top,,,,,,,6.083744323405475,-121.19876714180604,-4.63686374001427,-11.516712820989792,26.37171980658834,-30.775134312368778,3.55,1.59,4,78.6,-20,83.2,1065,6.5,746875,665804,621550,663538,666624,621020,664023,641355,673548,53.99,,,,,,,,73,4,Split-Finger,3,3,3,3,3,3,3,3,Standard,Standard,254,0.017,-0.069,74.5,8.9,,0.069,88.0,0,0,0.492,0.508,35,26,35,27,1,4,3,1,7,1,3.25,1.04,1.04,45.8,19.00688612348339,-12.085900022502772,36.29339148376842,42.49898034987686,46.22931812134578
FF,2024-05-21,94.0,-1.44,6.02,"Neris, Héctor",660670,593576,,ball,,,,,2,Ball,R,R,R,CHC,ATL,B,,,1,1,2024,-0.41,1.46,0.1466152044449217,3.5221969224899627,,,,0,9,Top,,,,,,,5.023543889099149,-136.76044557199984,-3.964678712108761,-6.29892459157857,31.425264814485644,-13.216319524093883,3.51933349684031,1.68153495492204,,,,94.0,2492,6.4,746875,665804,621550,663538,666624,621020,664023,641355,673548,54.1,,,,,,,,73,3,4-Seam Fastball,3,3,3,3,3,3,3,3,Standard,Standard,212,-0.011,0.053,,,,-0.053,,0,0,0.503,0.497,35,26,35,27,1,4,3,1,7,1,1.13,0.41,0.41,40.1,,,,,
FF,2024-05-21,94.0,-1.62,5.96,"Neris, Héctor",660670,593576,,foul,,,,,6,Foul,R,R,R,CHC,ATL,S,,,1,0,2024,-0.9,1.34,0.6313854175396771,2.492169416915137,,,,0,9,Top,,,,,,,7.8555714049810765,-136.6176806896696,-6.2808763627605595,-12.989350097997992,27.98454761334343,-14.173773949494496,3.55,1.59,220,86.5,61,94.6,2496,6.5,746875,665804,621550,663538,666624,621020,664023,641355,673548,53.97,,,,,,,,73,2,4-Seam Fastball,3,3,3,3,3,3,3,3,Standard,Standard,215,0.011,-0.049,79.2,7.6,,0.049,88.0,0,0,0.492,0.508,35,26,35,27,1,4,3,1,7,1,1.23,0.9,0.9,42.2,10.91936895263,19.403540915706667,29.46395868378531,48.44635327282184,27.96295290589009
SI,2024-05-21,92.6,-1.63,6.29,"Neris, Héctor",660670,593576,,ball,,,,,11,Ball,R,R,R,CHC,ATL,B,,,0,0,2024,-1.42,1.04,-1.1182640378042137,3.4565511647113496,,,,0,9,Top,,,,,,,4.384449439810851,-134.70213524665166,-3.6741596628280417,-18.24398110970229,30.584413692625738,-18.90196739771269,3.53698014610892,1.69909272034162,,,,92.1,2313,6.1,746875,665804,621550,663538,666624,621020,664023,641355,673548,54.39,,,,,,,,73,1,Sinker,3,3,3,3,3,3,3,3,Standard,Standard,213,-0.008,0.038,,,,-0.038,,0,0,0.5,0.5,35,26,35,27,1,4,3,1,7,1,1.63,1.42,1.42,41.0,,,,,
FF,2024-05-21,89.3,-3.91,4.49,"Miller, Tyson",660670,668338,field_out,hit_into_play,,,,,5,"Ronald Acuña Jr. grounds out, second baseman Nico Hoerner to first baseman Michael Busch.",R,R,R,CHC,ATL,X,4,ground_ball,3,2,2024,-0.01,0.86,0.002872946993845,2.671191398138471,,,,2,6,Top,152.48,149.22,,,,,9.887593442592117,-129.78685708202102,-0.2371918513740467,-2.2082043321516607,26.797843499369726,-22.634709143885665,3.55,1.59,12,88.3,-11,91.4,2220,7.6,746875,665804,683737,663538,666624,621020,664023,641355,673548,52.93,0.162,0.148,0.0,1,0,0,2,52,7,4-Seam Fastball,2,3,3,2,3,2,3,2,Standard,Standard,224,0.014,-0.325,73.0,6.7,0.166,0.325,88.3,-1,1,0.382,0.618,28,26,29,27,1,3,5,1,4,1,2.0,0.01,0.01,17.4,-0.6876034346705385,27.90162744610505,31.862213513176876,40.19263414697646,20.02914182443967
ST,2024-05-21,81.1,-4.0,4.46,"Miller, Tyson",660670,668338,,foul,,,,,6,Foul,R,R,R,CHC,ATL,S,,,3,2,2024,1.11,0.8,0.3630925369962798,2.7811410251360504,,,,2,6,Top,,,,,,,7.738203190640342,-117.7818602324298,1.4648569222555023,8.687880282847397,24.1829964761662,-25.32523013533802,3.55,1.59,152,78.5,69,82.1,2527,7.2,746875,665804,683737,663538,666624,621020,664023,641355,673548,53.26,,,,,,,,52,6,Sweeper,2,3,3,2,3,2,3,2,Standard,Standard,100,0.0,0.0,71.1,7.7,,0.0,88.0,-1,1,0.382,0.618,28,26,29,27,1,3,5,1,4,1,2.7,-1.11,-1.11,12.7,12.686287269937091,0.9085605700331078,29.49060509664083,42.94059459481312,31.803812312127885
FF,2024-05-21,90.6,-3.73,4.7,"Miller, Tyson",660670,668338,,ball,,,,,9,Ball,R,R,R,CHC,ATL,B,,,2,2,2024,-0.08,0.67,0.7061110080968853,1.9187993826708885,,,,2,6,Top,,,,,,,11.467512834119916,-131.59282210911644,-2.5369499850755237,-3.0392345921886026,23.857142630628363,-24.03402265404552,3.60057072949488,1.6667879274784,,,,92.9,2374,7.4,746875,665804,683737,663538,666624,621020,664023,641355,673548,53.08,,,,,,,,52,5,4-Seam Fastball,2,3,3,2,3,2,3,2,Standard,Standard,217,-0.004,0.106,,,,-0.106,,-1,1,0.386,0.614,28,26,29,27,1,3,5,1,4,1,2.09,0.08,0.08,17.7,,,,,
FF,2024-05-21,89.1,-3.82,4.63,"Miller, Tyson",660670,668338,,swinging_strike,,,,,2,Swinging Strike,R,R,R,CHC,ATL,S,,,2,1,2024,-0.06,0.83,-0.0725721580007074,3.235882416305806,,,,2,6,Top,,,,,,,9.509805716426524,-129.60493634490598,0.8265486827903183,-2.4627175183363677,23.9667277894032,-23.04585257143707,3.55,1.59,,,,91.2,2304,7.3,746875,665804,683737,663538,666624,621020,664023,641355,673548,53.15,,,,,,,,52,4,4-Seam Fastball,2,3,3,2,3,2,3,2,Standard,Standard,217,0.003,-0.084,68.4,6.1,,0.084,,-1,1,0.383,0.617,28,26,29,27,1,3,5,1,4,1,2.01,0.06,0.06,19.5,-7.385216863435894,46.35395868450961,31.52889764211087,41.61326967593882,2.0059107640335174
ST,2024-05-21,81.2,-3.94,4.41,"Miller, Tyson",660670,668338,,called_strike,,,,,6,Called Strike,R,R,R,CHC,ATL,S,,,2,0,2024,0.96,0.71,0.8101670854308777,2.3222812752789728,,,,2,6,Top,,,,,,,8.924027087650131,-117.96623466334724,0.6588159989628273,7.126174962299138,23.58468961298935,-25.93981646184183,3.52500080174769,1.63908325879524,,,,82.1,2598,7.1,746875,665804,683737,663538,666624,621020,664023,641355,673548,53.39,,,,,,,,52,3,Sweeper,2,3,3,2,3,2,3,2,Standard,Standard,97,0.003,-0.061,,,,0.061,,-1,1,0.38,0.62,28,26,29,27,1,3,5,1,4,1,2.77,-0.96,-0.96,13.1,,,,,
SI,2024-05-21,90.2,-3.63,4.68,"Miller, Tyson",660670,668338,,ball,,,,,14,Ball,R,R,R,CHC,ATL,B,,,1,0,2024,-1.23,-0.08,0.4797239670980104,1.5159052369480217,,,,2,6,Top,,,,,,,13.078511830780585,-130.65353844033044,-1.705649622621101,-16.85945226196387,27.837443947113016,-32.90371956026652,3.52500080174769,1.63908325879524,,,,91.7,2094,7.5,746875,665804,683737,663538,666624,621020,664023,641355,673548,53.04,,,,,,,,52,2,Sinker,2,3,3,2,3,2,3,2,Standard,Standard,229,-0.003,0.068,,,,-0.068,,-1,1,0.383,0.617,28,26,29,27,1,3,5,1,4,1,2.91,1.23,1.23,20.6,,,,,
ST,2024-05-21,82.0,-4.01,4.39,"Miller, Tyson",660670,668338,,ball,,,,,14,Ball,R,R,R,CHC,ATL,B,,,0,0,2024,0.74,0.84,1.2789443730453522,2.054656137738992,,,,2,6,Top,,,,,,,10.6873431009029,-118.93838298334936,-0.2873771137529404,4.905699036904905,23.664488479900587,-24.379095164764237,3.55315382027583,1.687091154938,,,,83.1,2617,7.3,746875,665804,683737,663538,666624,621020,664023,641355,673548,53.22,,,,,,,,52,1,Sweeper,2,3,3,2,3,2,3,2,Standard,Standard,105,-0.001,0.04,,,,-0.04,,-1,1,0.384,0.616,28,26,29,27,1,3,5,1,4,1,2.58,-0.74,-0.74,9.7,,,,,
ST,2024-05-21,80.3,-1.48,5.96,"Assad, Javier",660670,665871,field_out,hit_into_play,,,,,14,Ronald Acuña Jr. flies out to right fielder Seiya Suzuki. Orlando Arcia to 3rd.,R,R,R,CHC,ATL,X,9,fly_ball,3,2,2024,1.53,-0.41,0.4292221601112262,1.4357535120107388,,606115,672284,1,4,Top,199.52,89.72,,,,,1.3409023456782834,-116.91694612842576,-2.539148970068498,13.660667206376308,23.548947645141137,-35.59046424037263,3.55,1.59,325,95.0,45,80.7,2373,6.7,746875,665804,683737,663538,666624,621020,664023,641355,673548,53.82,0.008,0.013,0.0,1,0,0,3,34,6,Sweeper,2,3,3,2,3,2,3,2,Standard,Standard,46,0.049,-0.296,78.5,8.4,0.023,0.296,95.0,-1,1,0.328,0.6719999999999999,26,26,27,27,3,2,6,1,5,1,3.96,-1.53,-1.53,55.3,17.49762840999607,5.394528833937486,37.57183555509417,45.19983735799177,32.23218529669885
SI,2024-05-21,93.6,-1.62,5.99,"Assad, Javier",660670,665871,,called_strike,,,,,8,Called Strike,R,R,R,CHC,ATL,S,,,3,1,2024,-1.06,0.8,0.1197301546224129,2.0663753448952225,,606115,672284,1,4,Top,,,,,,,6.8756341423388205,-136.11130826366184,-6.204525419789445,-14.682703089190015,28.91957112483939,-21.01821277547366,3.55261111087175,1.59275083981357,,,,94.4,1967,6.7,746875,665804,683737,663538,666624,621020,664023,641355,673548,53.77,,,,,,,,34,5,Sinker,2,3,3,2,3,2,3,2,Standard,Standard,212,0.014,-0.065,,,,0.065,,-1,1,0.314,0.6859999999999999,26,26,27,27,3,2,6,1,5,1,1.8,1.06,1.06,51.0,,,,,
SI,2024-05-21,92.4,-1.62,5.99,"Assad, Javier",660670,665871,,called_strike,,,,,9,Called Strike,R,R,R,CHC,ATL,S,,,3,0,2024,-0.87,0.89,0.5991013551155527,1.58324926432133,,606115,672284,1,4,Top,,,,,,,7.61655610610474,-134.281561616955,-7.430838846004165,-12.162221413016926,27.10709231811658,-19.974940341231218,3.53643814066328,1.69861260563714,,,,93.2,1847,6.7,746875,665804,683737,663538,666624,621020,664023,641355,673548,53.79,,,,,,,,34,4,Sinker,2,3,3,2,3,2,3,2,Standard,Standard,211,0.012,-0.075,,,,0.075,,-1,1,0.302,0.698,26,26,27,27,3,2,6,1,5,1,1.77,0.87,0.87,53.8,,,,,
SI,2024-05-21,92.3,-1.52,6.05,"Assad, Javier",660670,665871,,ball,,,,,11,Ball,R,R,R,CHC,ATL,B,,,2,0,2024,-0.77,1.01,-1.4154963288586049,3.040544913121821,,606115,672284,1,4,Top,,,,,,,1.956139113845712,-134.52142202821543,-4.097065039476274,-9.843827017243614,27.642312412413744,-19.263763334639616,3.55261111087175,1.67461030018367,,,,93.2,1973,6.6,746875,665804,683737,663538,666624,621020,664023,641355,673548,53.9,,,,,,,,34,3,Sinker,2,3,3,2,3,2,3,2,Standard,Standard,204,-0.018,0.112,,,,-0.112,,-1,1,0.32,0.6799999999999999,26,26,27,27,3,2,6,1,5,1,1.65,0.77,0.77,55.6,,,,,
SI,2024-05-21,92.9,-1.39,6.0,"Assad, Javier",660670,665871,,ball,,,,,14,Ball,R,R,R,CHC,ATL,B,,,1,0,2024,-0.93,0.94,1.4243940450694867,1.7846714977763216,,606115,672284,1,4,Top,,,,,,,9.284363446349683,-134.92806065013934,-7.16191593980223,-13.223647806431735,25.224050625144265,-19.3278212222212,3.55261111087175,1.69861260563714,,,,93.9,1936,6.7,746875,665804,683737,663538,666624,621020,664023,641355,673548,53.82,,,,,,,,34,2,Sinker,2,3,3,2,3,2,3,2,Standard,Standard,211,-0.011,0.055,,,,-0.055,,-1,1,0.331,0.669,26,26,27,27,3,2,6,1,5,1,1.68,0.93,0.93,54.7,,,,,
SI,2024-05-21,91.0,-1.51,6.03,"Assad, Javier",660670,665871,,ball,,,,,11,Ball,R,R,R,CHC,ATL,B,,,0,0,2024,-0.79,0.9,-1.6222353384670511,2.772427465366606,,606115,672284,1,4,Top,,,,,,,1.446227055561069,-132.59225336267855,-4.343116021780391,-9.738046822212294,24.040009289160007,-20.86089466283984,3.48852156216515,1.60259945912425,,,,92.6,1925,6.8,746875,665804,683737,663538,666624,621020,664023,641355,673548,53.68,,,,,,,,34,1,Sinker,2,3,3,2,3,2,3,2,Standard,Standard,206,-0.006,0.03,,,,-0.03,,-1,1,0.337,0.663,26,26,27,27,3,2,6,1,5,1,1.81,0.79,0.79,57.9,,,,,
SI,2024-05-21,93.2,-1.53,6.04,"Assad, Javier",660670,665871,strikeout,called_strike,,,,,6,Ronald Acuña Jr. called out on strikes.,R,R,R,CHC,ATL,S,2,,3,2,2024,-1.13,0.8,0.7922147169884215,2.8123351936013403,670097,672284,,1,2,Top,,,,,,,8.504154638230148,-135.39904351800553,-4.305766803259269,-15.702296911642938,28.940638279916215,-21.529000767751786,3.55315382027583,1.62708087653046,,,,93.8,1928,6.7,746875,665804,683737,663538,666624,621020,664023,641355,673548,53.82,,0.0,0.0,1,0,0,,15,7,Sinker,0,2,2,0,2,0,2,0,Standard,Standard,211,0.061,-0.335,,,,0.335,,-2,2,0.235,0.765,26,26,27,27,2,1,6,1,5,1,1.82,1.13,1.13,53.1,,,,,
SI,2024-05-21,92.7,-1.43,6.06,"Assad, Javier",660670,665871,,foul,,,,,13,Foul,R,R,R,CHC,ATL,S,,,3,2,2024,-1.04,0.7,-1.0610540314653536,2.4195785108124115,670097,672284,,1,2,Top,,,,,,,3.232487760287156,-135.08234239211524,-5.197164092366469,-13.430410381156468,24.537451943680267,-22.68753699803029,3.55,1.59,44,56.5,3,94.1,1912,6.6,746875,665804,683737,663538,666624,621020,664023,641355,673548,53.85,,,,,,,,15,6,Sinker,0,2,2,0,2,0,2,0,Standard,Standard,207,0.0,0.0,61.1,6.1,,0.0,88.0,-2,2,0.235,0.765,26,26,27,27,2,1,6,1,5,1,1.91,1.04,1.04,57.4,-15.959321116734264,32.877723352610495,43.10288584489287,28.555638490401225,16.151688651750725
FF,2024-05-21,91.9,-1.65,6.04,"Assad, Javier",660670,665871,,ball,,,,,11,Ball,R,R,R,CHC,ATL,B,,,2,2,2024,-0.12,1.1,-0.6414325768426304,4.632077010918238,670097,672284,,1,2,Top,,,,,,,2.835716112988739,-134.0381675098063,-0.1982324717981533,-1.959062346063673,25.28385607622444,-18.941181990164413,3.53698014610892,1.65108547784729,,,,93.1,1929,6.6,746875,665804,683737,663538,666624,621020,664023,641355,673548,53.9,,,,,,,,15,5,4-Seam Fastball,0,2,2,0,2,0,2,0,Standard,Standard,206,-0.01,0.039,,,,-0.039,,-2,2,0.245,0.755,26,26,27,27,2,1,6,1,5,1,1.56,0.12,0.12,53.9,,,,,
SI,2024-05-21,94.1,-1.52,6.03,"Assad, Javier",660670,665871,,called_strike,,,,,6,Called Strike,R,R,R,CHC,ATL,S,,,2,1,2024,-1.05,0.69,0.5519624877912842,2.735481159801407,670097,672284,,1,2,Top,,,,,,,7.755144742753389,-136.94935118975903,-4.47409431576821,-14.762081490463864,24.65730312062335,-22.76084548018807,3.55315382027583,1.65108547784729,,,,95.4,2021,6.6,746875,665804,683737,663538,666624,621020,664023,641355,673548,53.88,,,,,,,,15,4,Sinker,0,2,2,0,2,0,2,0,Standard,Standard,207,0.01,-0.121,,,,0.121,,-2,2,0.235,0.765,26,26,27,27,2,1,6,1,5,1,1.85,1.05,1.05,52.5,,,,,
ST,2024-05-21,81.8,-1.59,6.0,"Assad, Javier",660670,665871,,ball,,,,,14,Ball,R,R,R,CHC,ATL,B,,,1,1,2024,1.16,-0.08,0.8878213026547818,0.9778316200019436,670097,672284,,1,2,Top,,,,,,,3.3882635504044285,-119.09773353988656,-4.663243748732994,10.38007522724399,22.832213894078077,-32.214826700407066,3.56093818811321,1.65108547784729,,,,82.7,2507,6.8,746875,665804,683737,663538,666624,621020,664023,641355,673548,53.65,,,,,,,,15,3,Sweeper,0,2,2,0,2,0,2,0,Standard,Standard,50,-0.004,0.04,,,,-0.04,,-2,2,0.239,0.761,26,26,27,27,2,1,6,1,5,1,3.48,-1.16,-1.16,55.1,,,,,
CU,2024-05-21,80.8,-1.7,6.01,"Assad, Javier",660670,665871,,called_strike,,,,,14,Called Strike,R,R,R,CHC,ATL,S,,,1,0,2024,1.01,-0.47,0.5301023442948641,1.357522821925921,670097,672284,,1,2,Top,,,,,,,3.073000731062247,-117.67359292934772,-2.872628516191323,8.850464166987692,21.21837476308465,-36.239239418721475,3.61200404981082,1.67831256261606,,,,81.6,2456,6.7,746875,665804,683737,663538,666624,621020,664023,641355,673548,53.83,,,,,,,,15,2,Curveball,0,2,2,0,2,0,2,0,Standard,Standard,53,0.004,-0.062,,,,0.062,,-2,2,0.235,0.765,26,26,27,27,2,1,6,1,5,1,3.94,-1.01,-1.01,53.5,,,,,
SI,2024-05-21,92.3,-1.57,6.09,"Assad, Javier",660670,665871,,ball,,,,,11,Ball,R,R,R,CHC,ATL,B,,,0,0,2024,-1.08,0.84,-1.131116577394586,3.560348267817951,670097,672284,,1,2,Top,,,,,,,3.4998277394144415,-134.41081097401084,-2.499370669629823,-13.921406047924924,27.0955838599663,-21.608045608072597,3.46510087773955,1.59322659868671,,,,93.3,1835,6.7,746875,665804,683737,663538,666624,621020,664023,641355,673548,53.84,,,,,,,,15,1,Sinker,0,2,2,0,2,0,2,0,Standard,Standard,206,-0.001,0.025,,,,-0.025,,-2,2,0.236,0.764,26,26,27,27,2,1,6,1,5,1,1.81,1.08,1.08,56.4,,,,,
SI,2024-05-21,94.5,-1.33,6.08,"Assad, Javier",660670,665871,walk,ball,,,,,14,Ronald Acuña Jr. walks.,R,R,R,CHC,ATL,B,,,3,2,2024,-1.11,0.94,1.431753440069916,1.6086692765928243,,,,0,1,Top,,,,,,,9.707828289904954,-137.1228423559978,-8.126267454089318,-16.111202866568956,27.721451125618092,-18.6731029087256,3.58435127015569,1.69861260563714,,,,95.2,2065,6.6,746875,665804,683737,663538,666624,621020,664023,641355,673548,53.87,,0.689131,0.7,1,0,0,,1,6,Sinker,0,0,0,0,0,0,0,0,Standard,Standard,207,-0.031,0.371,,,,-0.371,,0,0,0.495,0.505,26,26,27,27,1,0,6,1,5,1,1.61,1.11,1.11,55.2,,,,,
ST,2024-05-21,81.3,-1.45,6.02,"Assad, Javier",660670,665871,,ball,,,,,14,Ball,R,R,R,CHC,ATL,B,,,2,2,2024,1.19,-0.25,1.612792354593827,0.5966624012687296,,,,0,1,Top,,,,,,,4.600297396961915,-118.23498932896416,-5.016417205217241,10.103728159289846,25.049436622061496,-33.679491884400925,3.56039513972848,1.57859453911085,,,,81.5,2531,6.7,746875,665804,683737,663538,666624,621020,664023,641355,673548,53.78,,,,,,,,1,5,Sweeper,0,0,0,0,0,0,0,0,Standard,Standard,49,-0.008,0.107,,,,-0.107,,0,0,0.503,0.497,26,26,27,27,1,0,6,1,5,1,3.74,-1.19,-1.19,60.0,,,,,
ST,2024-05-21,82.1,-1.34,6.08,"Assad, Javier",660670,665871,,ball,,,,,14,Ball,R,R,R,CHC,ATL,B,,,1,2,2024,1.23,-0.06,1.8672909768227917,0.6968501800062339,,,,0,1,Top,,,,,,,4.926322371420431,-119.42223654476604,-5.562622235072287,10.80660166996328,23.054349281951996,-31.854174017563125,3.46456199522245,1.65060734019602,,,,82.7,2431,6.7,746875,665804,683737,663538,666624,621020,664023,641355,673548,53.77,,,,,,,,1,4,Sweeper,0,0,0,0,0,0,0,0,Standard,Standard,51,-0.004,0.04,,,,-0.04,,0,0,0.507,0.493,26,26,27,27,1,0,6,1,5,1,3.44,-1.23,-1.23,58.6,,,,,
SI,2024-05-21,92.7,-1.52,6.12,"Assad, Javier",660670,665871,,foul,,,,,7,Foul,R,R,R,CHC,ATL,S,,,1,1,2024,-0.89,0.89,-0.4828250190949353,1.7744958244627027,,,,0,1,Top,,,,,,,4.62926673946095,-135.0236030475023,-7.39591902381766,-11.845508815820695,24.14331710113531,-19.996445050134152,3.55,1.59,255,95.1,15,94.1,1991,6.6,746875,665804,683737,663538,666624,621020,664023,641355,673548,53.85,,,,,,,,1,3,Sinker,0,0,0,0,0,0,0,0,Standard,Standard,211,0.006,-0.056,70.9,6.9,,0.056,95.1,0,0,0.501,0.499,26,26,27,27,1,0,6,1,5,1,1.72,0.89,0.89,57.0,-1.3646038130930456,22.483946526167745,46.0856203234343,36.79618906059166,18.17749859099693
FC,2024-05-21,90.1,-1.59,6.09,"Assad, Javier",660670,665871,,ball,,,,,14,Ball,R,R,R,CHC,ATL,B,,,0,1,2024,0.29,0.86,1.7477115623286703,1.188213194918595,,,,0,1,Top,,,,,,,7.692801793087115,-130.9197059595184,-8.127813422884184,2.043348063317816,23.006534032080697,-20.90454615420169,3.63226089893467,1.69861260563714,,,,91.0,2201,6.5,746875,665804,683737,663538,666624,621020,664023,641355,673548,53.98,,,,,,,,1,2,Cutter,0,0,0,0,0,0,0,0,Standard,Standard,186,-0.002,0.025,,,,-0.025,,0,0,0.503,0.497,26,26,27,27,1,0,6,1,5,1,1.92,-0.29,-0.29,56.2,,,,,
SI,2024-05-21,91.0,-1.43,6.13,"Assad, Javier",660670,665871,,called_strike,,,,,8,Called Strike,R,R,R,CHC,ATL,S,,,0,0,2024,-1.07,1.01,0.01700409114546,2.2745072900272696,,,,0,1,Top,,,,,,,5.985669016789503,-132.39731000720283,-5.992914232410851,-13.906843091545076,27.581879025946513,-19.211811570102626,3.58435127015569,1.69861260563714,,,,91.7,1912,6.7,746875,665804,683737,663538,666624,621020,664023,641355,673548,53.84,,,,,,,,1,1,Sinker,0,0,0,0,0,0,0,0,Standard,Standard,205,0.003,-0.037,,,,0.037,,0,0,0.5,0.5,26,26,27,27,1,0,6,1,5,1,1.74,1.07,1.07,61.1,,,,,
SL,2024-05-20,85.9,-1.97,5.47,"De Los Santos, Enyel",660670,660853,field_out,hit_into_play,,,,,9,"Ronald Acuña Jr. grounds out, shortstop Ha-Seong Kim to first baseman Jake Cronenworth.",R,R,R,ATL,SD,X,6,ground_ball,1,2,2024,0.23,0.08,0.5540419080373182,1.815402925313229,,,,1,7,Bot,110.36,163.94,,,,,5.52212055416372,-125.07407703596984,-2.5760849304008584,1.3016087622585564,24.89504949508063,-31.07257459602624,3.54,1.59,10,102.5,-10,86.0,2273,6.3,747121,543309,630105,650333,456781,673490,595777,640492,665487,54.24,0.288,0.313,0.0,1,0,0,2,54,5,Slider,3,0,3,0,0,3,3,0,Standard,Standard,159,-0.003,-0.182,,,0.292,0.182,102.5,3,3,0.934,0.934,28,26,29,27,1,3,3,0,3,1,3.01,-0.23,-0.23,24.3,,,,,
FF,2024-05-20,96.6,-1.95,5.55,"De Los Santos, Enyel",660670,660853,,foul,,,,,2,Foul,R,R,R,ATL,SD,S,,,1,2,2024,-1.0,1.09,0.2556381692716045,3.4802727994912375,,,,1,7,Bot,,,,,,,8.125782810350502,-140.49353967632467,-2.406035055735789,-15.067275525374274,32.922043741009986,-17.382133960052847,3.54,1.59,225,78.6,52,96.2,2263,6.2,747121,543309,630105,650333,456781,673490,595777,640492,665487,54.31,,,,,,,,54,4,4-Seam Fastball,3,0,3,0,0,3,3,0,Standard,Standard,224,0.0,0.0,,,,0.0,88.0,3,3,0.934,0.934,28,26,29,27,1,3,3,0,3,1,1.36,1.0,1.0,23.8,,,,,
FF,2024-05-20,97.7,-1.93,5.59,"De Los Santos, Enyel",660670,660853,,ball,,,,,11,Ball,R,R,R,ATL,SD,B,,,0,2,2024,-0.68,1.34,-0.3675660841047319,4.152376364751105,,,,1,7,Bot,,,,,,,5.736415214329048,-142.13650409126316,-1.4244086414032495,-10.592189157142998,34.91979112065877,-13.934667499513754,3.59489687727843,1.58979240446887,,,,97.0,2223,6.1,747121,543309,630105,650333,456781,673490,595777,640492,665487,54.44,,,,,,,,54,3,4-Seam Fastball,3,0,3,0,0,3,3,0,Standard,Standard,225,0.0,0.02,,,,-0.02,,3,3,0.934,0.934,28,26,29,27,1,3,3,0,3,1,1.06,0.68,0.68,24.4,,,,,
SL,2024-05-20,85.7,-1.98,5.55,"De Los Santos, Enyel",660670,660853,,foul,,,,,9,Foul,R,R,R,ATL,SD,S,,,0,1,2024,0.24,0.33,0.5190474251487053,1.973920628547687,,,,1,7,Bot,,,,,,,5.4367224694613245,-124.79046018710488,-2.9079536581393004,1.4451431720653418,23.552125268045963,-28.31912620508969,3.54,1.59,1,,-57,86.1,2284,6.3,747121,543309,630105,650333,456781,673490,595777,640492,665487,54.15,,,,,,,,54,2,Slider,3,0,3,0,0,3,3,0,Standard,Standard,169,-0.001,-0.057,,,,0.057,,3,3,0.935,0.935,28,26,29,27,1,3,3,0,3,1,2.75,-0.24,-0.24,26.9,,,,,
FF,2024-05-20,97.7,-1.85,5.6,"De Los Santos, Enyel",660670,660853,,called_strike,,,,,6,Called Strike,R,R,R,ATL,SD,S,,,0,0,2024,-0.94,0.92,0.5964574868587313,2.4102551987318845,,,,1,7,Bot,,,,,,,8.716004400995812,-141.93730193067924,-5.181224958495105,-14.683008230698247,31.635195907066276,-18.782327414709417,3.59489687727843,1.58979240446887,,,,97.3,2256,6.1,747121,543309,630105,650333,456781,673490,595777,640492,665487,54.4,,,,,,,,54,1,4-Seam Fastball,3,0,3,0,0,3,3,0,Standard,Standard,227,-0.001,-0.037,,,,0.037,,3,3,0.936,0.936,28,26,29,27,1,3,3,0,3,1,1.48,0.94,0.94,23.3,,,,,
CU,2024-05-20,80.9,-2.43,5.97,"Vásquez, Randy",660670,681190,field_out,hit_into_play,,,,,9,Ronald Acuña Jr. lines out sharply to third baseman Donovan Solano.,R,R,R,ATL,SD,X,5,line_drive,1,2,2024,1.11,-0.05,0.3594911087006395,1.5403027411619878,,,670097,2,4,Bot,90.83,154.32,,,,,4.102822914628404,-117.79199162045012,-3.1780678970057994,9.630904197312333,21.08597115763572,-32.24146035259878,3.54,1.59,145,100.2,9,80.8,3148,6.1,747121,543309,630105,650333,456781,673490,595777,640492,665487,54.41,0.682,0.624,0.0,1,0,0,4,36,5,Curveball,2,0,2,0,0,2,2,0,Standard,Standard,64,-0.011,-0.197,,,0.776,0.197,100.2,2,2,0.762,0.762,25,26,26,27,3,2,7,0,12,1,3.51,-1.11,-1.11,33.8,,,,,
CU,2024-05-20,80.7,-2.18,6.18,"Vásquez, Randy",660670,681190,,foul,,,,,5,Foul,R,R,R,ATL,SD,S,,,1,2,2024,1.18,-0.67,-0.0295473224522863,2.368066454776097,,,670097,2,4,Bot,,,,,,,2.5271315357458715,-117.58689096643528,-0.5577218242450357,10.464506725668276,22.42345135133093,-38.52356269784938,3.54,1.59,8,94.7,-18,80.5,3264,6.1,747121,543309,630105,650333,456781,673490,595777,640492,665487,54.44,,,,,,,,36,4,Curveball,2,0,2,0,0,2,2,0,Standard,Standard,65,0.0,0.0,,,,0.0,94.7,2,2,0.762,0.762,25,26,26,27,3,2,7,0,12,1,4.16,-1.18,-1.18,41.1,,,,,
ST,2024-05-20,82.4,-2.5,5.87,"Vásquez, Randy",660670,681190,,blocked_ball,,,,,14,Ball In Dirt,R,R,R,ATL,SD,B,,,0,2,2024,1.08,0.41,2.122857540823556,-0.1333873250661437,,,670097,2,4,Bot,,,,,,,8.38885118952715,-119.6796097889048,-7.935445341724867,8.919633168107495,21.44979670439602,-26.88385250179239,3.53990160455504,1.53483950214285,,,,82.4,3121,6.2,747121,543309,630105,650333,456781,673490,595777,640492,665487,54.28,,,,,,,,36,3,Sweeper,2,0,2,0,0,2,2,0,Standard,Standard,65,0.001,0.027,,,,-0.027,,2,2,0.761,0.761,25,26,26,27,3,2,7,0,12,1,2.94,-1.08,-1.08,33.6,,,,,
FF,2024-05-20,93.5,-2.13,6.1,"Vásquez, Randy",660670,681190,,foul,,,,,4,Foul,R,R,R,ATL,SD,S,,,0,1,2024,-0.65,1.14,-0.5852951781672623,2.8706893706089813,,,670097,2,4,Bot,,,,,,,5.390265360121742,-136.07315411610455,-5.121299006030358,-9.168796965542,27.114923768581605,-17.089909849677046,3.54,1.59,136,83.0,72,93.8,2402,6.2,747121,543309,630105,650333,456781,673490,595777,640492,665487,54.25,,,,,,,,36,2,4-Seam Fastball,2,0,2,0,0,2,2,0,Standard,Standard,217,-0.004,-0.054,,,,0.054,88.0,2,2,0.765,0.765,25,26,26,27,3,2,7,0,12,1,1.45,0.65,0.65,37.8,,,,,
SI,2024-05-20,94.8,-2.15,6.13,"Vásquez, Randy",660670,681190,,foul,,,,,8,Foul,R,R,R,ATL,SD,S,,,0,0,2024,-1.17,1.14,0.1528385774304854,2.012846497203414,,,670097,2,4,Bot,,,,,,,8.63609698179403,-137.65333668973958,-7.617891393909828,-16.82288802987772,29.53053426783987,-16.16750429777713,3.54,1.59,187,79.3,17,94.7,2418,6.3,747121,543309,630105,650333,456781,673490,595777,640492,665487,54.2,,,,,,,,36,1,Sinker,2,0,2,0,0,2,2,0,Standard,Standard,210,-0.002,-0.047,,,,0.047,88.0,2,2,0.767,0.767,25,26,26,27,3,2,7,0,12,1,1.4,1.17,1.17,37.7,,,,,
FF,2024-05-20,92.6,-2.18,5.95,"Vásquez, Randy",660670,681190,field_out,hit_into_play,,,,,2,Ronald Acuña Jr. flies out to right fielder Fernando Tatis Jr.,R,R,R,ATL,SD,X,9,fly_ball,2,2,2024,-0.4,1.09,-0.1236651504342289,3.056156240156617,,,,2,2,Bot,215.78,101.64,,,,,6.139381036224356,-134.7738882668853,-3.996322496805528,-6.207462488254187,28.195918841784096,-18.22388252727561,3.54,1.59,326,93.5,29,92.8,2347,6.3,747121,543309,630105,650333,456781,673490,595777,640492,665487,54.21,0.171,0.269,0.0,1,0,0,3,18,9,4-Seam Fastball,1,0,1,0,0,1,1,0,Standard,Standard,216,-0.008,-0.219,73.0,6.4,0.472,0.219,93.5,1,1,0.62,0.62,25,26,26,27,2,1,7,0,12,1,1.56,0.4,0.4,32.8,2.6722188486265157,26.09328434814152,25.594637638829298,36.80904486401141,23.997480539528404
CU,2024-05-20,81.4,-2.16,6.06,"Vásquez, Randy",660670,681190,,foul,,,,,8,Foul,R,R,R,ATL,SD,S,,,2,2,2024,1.23,-0.68,0.1999308044575547,1.5349213301366782,,,,2,2,Bot,,,,,,,2.9152949333943736,-118.49888259297776,-2.2258009720198086,10.983616719430888,23.45863069415922,-38.3370055863891,3.54,1.59,2,83.6,-36,80.9,3323,6.0,747121,543309,630105,650333,456781,673490,595777,640492,665487,54.48,,,,,,,,18,8,Curveball,1,0,1,0,0,1,1,0,Standard,Standard,65,0.0,0.0,77.6,8.7,,0.0,88.0,1,1,0.62,0.62,25,26,26,27,2,1,7,0,12,1,4.13,-1.23,-1.23,37.2,20.38906328080688,-19.36517816563535,34.743260233695736,40.53610442449596,48.259302107306965
FF,2024-05-20,93.7,-2.29,6.1,"Vásquez, Randy",660670,681190,,foul,,,,,1,Foul,R,R,R,ATL,SD,S,,,2,2,2024,-0.42,1.28,-0.2953286695436256,3.376719581382029,,,,2,2,Bot,,,,,,,6.05346836088699,-136.3435525015125,-4.167093368614926,-6.506851397390421,28.29484246640363,-15.40281514989987,3.54,1.59,184,75.6,64,93.7,2522,6.1,747121,543309,630105,650333,456781,673490,595777,640492,665487,54.36,,,,,,,,18,7,4-Seam Fastball,1,0,1,0,0,1,1,0,Standard,Standard,214,0.0,0.0,65.4,7.0,,0.0,88.0,1,1,0.62,0.62,25,26,26,27,2,1,7,0,12,1,1.3,0.42,0.42,37.4,5.738484835548934,-4.181435160669976,22.947984812217204,35.40722674049571,30.539530963552856
CU,2024-05-20,81.7,-2.32,5.87,"Vásquez, Randy",660670,681190,,foul,,,,,9,Foul,R,R,R,ATL,SD,S,,,2,2,2024,1.04,-0.36,0.4563640138975129,1.841793414776845,,,,2,2,Bot,,,,,,,4.239467286886604,-119.046299515565,-1.852708199918738,9.188662512762113,21.666586104583825,-35.46093276211837,3.54,1.59,4,63.8,-26,81.6,3217,6.1,747121,543309,630105,650333,456781,673490,595777,640492,665487,54.44,,,,,,,,18,6,Curveball,1,0,1,0,0,1,1,0,Standard,Standard,77,0.0,0.0,79.7,8.4,,0.0,88.0,1,1,0.62,0.62,25,26,26,27,2,1,7,0,12,1,3.75,-1.04,-1.04,32.9,20.74529368736588,-11.853716473711454,31.329020043953065,43.99544495642285,43.8055164601689
FF,2024-05-20,94.4,-2.1,6.1,"Vásquez, Randy",660670,681190,,foul,,,,,4,Foul,R,R,R,ATL,SD,S,,,2,2,2024,-0.67,1.37,-0.8107932271943312,2.6658984604818885,,,,2,2,Bot,,,,,,,4.834781999327216,-137.32296680734655,-6.28642974946023,-9.548436331363243,29.436691475880007,-13.681894830122824,3.54,1.59,123,76.0,71,94.3,2524,6.2,747121,543309,630105,650333,456781,673490,595777,640492,665487,54.3,,,,,,,,18,5,4-Seam Fastball,1,0,1,0,0,1,1,0,Standard,Standard,218,0.0,0.0,83.9,7.3,,0.0,88.0,1,1,0.62,0.62,25,26,26,27,2,1,7,0,12,1,1.19,0.67,0.67,36.2,12.041357960359568,-9.605397266249968,35.01314343509302,29.40538219421293,30.675300956845422
FF,2024-05-20,93.5,-1.98,6.13,"Vásquez, Randy",660670,681190,,ball,,,,,12,Ball,R,R,R,ATL,SD,B,,,1,2,2024,-0.49,1.39,1.920019561928444,2.770683153894407,,,,2,2,Bot,,,,,,,11.084476472416526,-135.66625219361802,-5.965287263877253,-8.277148801859035,27.4073072805296,-13.85359709594306,3.64995494180958,1.58991413488057,,,,93.4,2519,6.2,747121,543309,630105,650333,456781,673490,595777,640492,665487,54.28,,,,,,,,18,4,4-Seam Fastball,1,0,1,0,0,1,1,0,Standard,Standard,213,0.002,0.039,,,,-0.039,,1,1,0.618,0.618,25,26,26,27,2,1,7,0,12,1,1.22,0.49,0.49,36.3,,,,,
FF,2024-05-20,94.7,-2.03,6.12,"Vásquez, Randy",660670,681190,,ball,,,,,14,Ball,R,R,R,ATL,SD,B,,,0,2,2024,-0.73,1.16,0.9917546929038876,2.5449951563729645,,,,2,2,Bot,,,,,,,9.49121877406198,-137.52910297101263,-6.270940964238275,-11.278611687182524,27.85140032505799,-16.192378330526193,3.62245800331777,1.64486744133328,,,,94.7,2487,6.2,747121,543309,630105,650333,456781,673490,595777,640492,665487,54.32,,,,,,,,18,3,4-Seam Fastball,1,0,1,0,0,1,1,0,Standard,Standard,218,0.001,0.023,,,,-0.023,,1,1,0.617,0.617,25,26,26,27,2,1,7,0,12,1,1.37,0.73,0.73,36.1,,,,,
CU,2024-05-20,80.9,-2.31,6.13,"Vásquez, Randy",660670,681190,,swinging_strike,,,,,8,Swinging Strike,R,R,R,ATL,SD,S,,,0,1,2024,1.27,-0.39,0.1598326528833231,2.0410449265640636,,,,2,2,Bot,,,,,,,3.0869704826346216,-117.85490021996156,-1.7435066668375512,11.175094474534832,22.87219882464859,-35.65550288336776,3.54,1.59,,,,80.5,3378,6.0,747121,543309,630105,650333,456781,673490,595777,640492,665487,54.47,,,,,,,,18,2,Curveball,1,0,1,0,0,1,1,0,Standard,Standard,66,-0.003,-0.058,81.6,8.8,,0.058,,1,1,0.62,0.62,25,26,26,27,2,1,7,0,12,1,3.87,-1.27,-1.27,38.0,25.326071858349643,-31.5043391267466,33.681345069854494,40.63805096846157,52.372911768274875
FC,2024-05-20,87.4,-2.32,6.1,"Vásquez, Randy",660670,681190,,swinging_strike,,,,,4,Swinging Strike,R,R,R,ATL,SD,S,,,0,0,2024,0.46,0.41,-0.4100781392012652,2.835123039794884,,,,2,2,Bot,,,,,,,3.650456406827084,-127.40444173405184,-2.6790125147967365,4.463331815092051,22.19996534707601,-27.35688943370428,3.54,1.59,,,,87.8,2823,6.1,747121,543309,630105,650333,456781,673490,595777,640492,665487,54.41,,,,,,,,18,1,Cutter,1,0,1,0,0,1,1,0,Standard,Standard,153,-0.001,-0.041,76.3,6.6,,0.041,,1,1,0.621,0.621,25,26,26,27,2,1,7,0,12,1,2.53,-0.46,-0.46,38.1,-6.299283660636962,26.593018182625343,36.41076605536912,36.3021969638261,16.830456822384004
SI,2024-05-20,94.7,-2.34,6.21,"Vásquez, Randy",660670,681190,triple,hit_into_play,,,,,1,Ronald Acuña Jr. triples (1) on a ground ball to left fielder Jurickson Profar.,R,R,R,ATL,SD,X,7,ground_ball,3,1,2024,-1.33,0.97,-0.6975635842430772,3.1472202213337006,,,,0,1,Bot,31.57,106.98,,,,,7.247216712972043,-137.6096285739495,-4.415906693140926,-18.58560572301616,33.72579005034526,-19.00689354062007,3.54,1.59,51,91.7,1,94.1,2404,6.3,747121,543309,630105,650333,456781,673490,595777,640492,665487,54.23,0.425,0.384,1.6,1,1,2,2,5,5,Sinker,0,0,0,0,0,0,0,0,Standard,Standard,206,0.069,0.822,77.1,7.9,0.506,-0.822,91.7,0,0,0.562,0.562,25,26,26,27,1,0,7,0,12,1,1.6,1.33,1.33,38.4,21.489042143444063,-17.62551027249788,31.610309093968382,30.32108724504875,36.96365765758162
FF,2024-05-20,93.8,-2.54,6.13,"Vásquez, Randy",660670,681190,,ball,,,,,12,Ball,R,R,R,ATL,SD,B,,,2,1,2024,-0.39,1.3,0.9377879906809004,3.278067532396935,,,,0,1,Bot,,,,,,,9.81647428798726,-136.25640010164236,-4.505861969492177,-6.977658297400673,29.22592557578377,-15.172277222483666,3.59496117069158,1.61739050184489,,,,93.6,2386,6.2,747121,543309,630105,650333,456781,673490,595777,640492,665487,54.28,,,,,,,,5,4,4-Seam Fastball,0,0,0,0,0,0,0,0,Standard,Standard,210,0.011,0.122,,,,-0.122,,0,0,0.551,0.551,25,26,26,27,1,0,7,0,12,1,1.3,0.39,0.39,36.8,,,,,
CH,2024-05-20,89.1,-2.58,6.08,"Vásquez, Randy",660670,681190,,called_strike,,,,,6,Called Strike,R,R,R,ATL,SD,S,,,2,0,2024,-1.4,0.83,0.7307371127118913,2.646124621259183,,,,0,1,Bot,,,,,,,11.031237976756447,-129.3563647870375,-4.12319967985705,-18.01969457531169,25.74152765922041,-22.19382202238463,3.53996785529485,1.61739050184489,,,,88.9,2345,6.2,747121,543309,630105,650333,456781,673490,595777,640492,665487,54.29,,,,,,,,5,3,Changeup,0,0,0,0,0,0,0,0,Standard,Standard,235,-0.007,-0.065,,,,0.065,,0,0,0.558,0.558,25,26,26,27,1,0,7,0,12,1,2.05,1.4,1.4,44.8,,,,,
FC,2024-05-20,89.5,-2.71,6.1,"Vásquez, Randy",660670,681190,,ball,,,,,12,Ball,R,R,R,ATL,SD,B,,,1,0,2024,0.15,0.68,0.5007538834640382,3.6468907295725312,,,,0,1,Bot,,,,,,,7.554203203838281,-130.1832054708132,-1.5174805183538562,0.2242329185918707,26.26100317229977,-24.268107920719935,3.5124713886607,1.58991413488057,,,,89.2,2695,6.0,747121,543309,630105,650333,456781,673490,595777,640492,665487,54.49,,,,,,,,5,2,Cutter,0,0,0,0,0,0,0,0,Standard,Standard,185,0.007,0.069,,,,-0.069,,0,0,0.551,0.551,25,26,26,27,1,0,7,0,12,1,2.15,-0.15,-0.15,34.7,,,,,
FF,2024-05-20,94.5,-2.42,6.14,"Vásquez, Randy",660670,681190,,ball,,,,,12,Ball,R,R,R,ATL,SD,B,,,0,0,2024,-0.53,1.25,1.1700104478842783,2.9784290230937875,,,,0,1,Bot,,,,,,,10.472293422231846,-137.265463300034,-5.326840547556506,-8.868520843606682,28.799458353292135,-15.356998862651578,3.53996785529485,1.61739050184489,,,,94.3,2514,6.1,747121,543309,630105,650333,456781,673490,595777,640492,665487,54.35,,,,,,,,5,1,4-Seam Fastball,0,0,0,0,0,0,0,0,Standard,Standard,217,0.003,0.038,,,,-0.038,,0,0,0.548,0.548,25,26,26,27,1,0,7,0,12,1,1.3,0.53,0.53,38.8,,,,,
SI,2024-05-20,97.4,-1.07,6.29,"Brito, Jhony",660670,666745,strikeout,foul_tip,,,,,9,Ronald Acuña Jr. strikes out on a foul tip.,R,R,R,ATL,SD,S,2,,3,2,2024,-1.21,0.86,0.6912418872555233,1.7151229860280623,,644433,,1,7,Bot,,,,,,,7.519401759743547,-141.6044029801919,-8.86031760757042,-17.873718322244056,27.563542587025843,-18.802347244994984,3.54,1.61,,,,98.3,2234,6.5,747119,669134,630105,456781,592518,673490,595777,701538,665487,54.01,,0.0,0.0,1,0,0,,63,6,Sinker,5,2,5,2,2,5,5,2,Standard,Standard,220,-0.009,-0.291,74.4,7.5,,0.291,,3,3,0.947,0.947,26,26,26,27,1,4,5,1,1,0,1.51,1.21,1.21,55.5,0.2783885385548856,26.433805267749655,35.87067210587038,48.686405160329784,16.558322779968556
SI,2024-05-20,97.0,-1.23,6.3,"Brito, Jhony",660670,666745,,foul,,,,,4,Foul,R,R,R,ATL,SD,S,,,3,1,2024,-1.22,0.92,-0.8089679619623078,2.920851446114046,,644433,,1,7,Bot,,,,,,,3.904920419219176,-141.2422704297427,-5.669179164251873,-17.303726357721715,28.635790991049458,-18.810187041508296,3.54,1.61,174,68.6,60,97.4,2094,6.2,747119,669134,630105,456781,592518,673490,595777,701538,665487,54.28,,,,,,,,63,5,Sinker,5,2,5,2,2,5,5,2,Standard,Standard,224,-0.001,-0.086,78.6,7.3,,0.086,88.0,3,3,0.948,0.948,26,26,26,27,1,4,5,1,1,0,1.48,1.22,1.22,54.3,10.062267127547443,2.000275487560262,29.386438779854657,31.102512499880255,29.2087639883558
CH,2024-05-20,89.8,-1.11,6.25,"Brito, Jhony",660670,666745,,ball,,,,,14,Ball,R,R,R,ATL,SD,B,,,2,1,2024,-1.35,0.49,1.0946632046294549,2.0381341335246086,,644433,,1,7,Bot,,,,,,,8.330712778100436,-130.6178453565718,-5.572661910795068,-17.07368532013216,23.067934428392977,-25.678319854955436,3.44482811084868,1.58623111295374,,,,90.7,1662,6.5,747119,669134,630105,456781,592518,673490,595777,701538,665487,54.0,,,,,,,,63,4,Changeup,5,2,5,2,2,5,5,2,Standard,Standard,237,0.001,0.078,,,,-0.078,,3,3,0.947,0.947,26,26,26,27,1,4,5,1,1,0,2.31,1.35,1.35,56.2,,,,,
FF,2024-05-20,97.1,-1.19,6.29,"Brito, Jhony",660670,666745,,ball,,,,,12,Ball,R,R,R,ATL,SD,B,,,1,1,2024,-0.91,1.06,1.2892869720071598,2.8587103925217807,,644433,,1,7,Bot,,,,,,,8.720627766289132,-141.21788758294724,-6.1434569223414615,-14.03671185001388,28.744760393722153,-16.727772225267447,3.5393863651059,1.64005599875264,,,,97.7,2163,6.4,747119,669134,630105,456781,592518,673490,595777,701538,665487,54.06,,,,,,,,63,3,4-Seam Fastball,5,2,5,2,2,5,5,2,Standard,Standard,220,0.0,0.038,,,,-0.038,,3,3,0.947,0.947,26,26,26,27,1,4,5,1,1,0,1.34,0.91,0.91,52.9,,,,,
SI,2024-05-20,96.6,-1.24,6.39,"Brito, Jhony",660670,666745,,called_strike,,,,,2,Called Strike,R,R,R,ATL,SD,S,,,1,0,2024,-1.28,0.95,-0.2150848383363159,3.3204998738617473,,644433,,1,7,Bot,,,,,,,5.656693259467171,-140.66864712142765,-4.85240172216387,-18.29305177735235,29.032351054248075,-18.606613757104952,3.47187552450954,1.58623111295374,,,,97.0,2095,6.3,747119,669134,630105,456781,592518,673490,595777,701538,665487,54.22,,,,,,,,63,2,Sinker,5,2,5,2,2,5,5,2,Standard,Standard,220,0.0,-0.043,,,,0.043,,3,3,0.947,0.947,26,26,26,27,1,4,5,1,1,0,1.47,1.28,1.28,58.1,,,,,
SI,2024-05-20,97.2,-1.45,6.38,"Brito, Jhony",660670,666745,,ball,,,,,11,Ball,R,R,R,ATL,SD,B,,,0,0,2024,-1.27,0.81,-1.8148292868240452,4.106601255307538,,644433,,1,7,Bot,,,,,,,1.9457819977016275,-141.60948535974157,-2.4643880661380844,-17.596401292344876,30.907083456660363,-20.9231647888796,3.41778356642546,1.58623111295374,,,,97.3,2139,6.2,747119,669134,630105,456781,592518,673490,595777,701538,665487,54.29,,,,,,,,63,1,Sinker,5,2,5,2,2,5,5,2,Standard,Standard,223,0.0,0.027,,,,-0.027,,3,3,0.947,0.947,26,26,26,27,1,4,5,1,1,0,1.59,1.27,1.27,52.6,,,,,
CH,2024-05-20,88.2,-0.62,6.09,"Gillaspie, Logan",660670,670810,double,hit_into_play,,,,,8,Ronald Acuña Jr. doubles (7) on a sharp line drive to right fielder Fernando Tatis Jr. Chadwick Tromp to 3rd.,R,R,R,ATL,SD,X,9,line_drive,0,2,2024,-1.18,0.35,0.054126995257804,2.068672593794868,,,644433,1,5,Bot,161.67,73.02,,,,,4.095054770160002,-128.46062848608938,-4.49933859869738,-13.954868262191564,23.13365218005748,-27.65507728006072,3.54,1.61,289,101.4,16,88.7,1736,6.2,747119,669134,630105,642180,592518,673490,595777,701538,665487,54.26,0.595,0.641,1.25,1,1,1,4,45,4,Changeup,5,1,5,1,1,5,5,1,Standard,Standard,242,0.024,0.903,80.2,7.7,0.902,-0.903,101.4,4,4,0.929,0.929,27,26,27,27,1,3,31,1,53,0,2.55,1.18,1.18,46.2,6.977659116941617,13.532862434407958,34.80544305264724,40.60185779482302,27.95071729841971
FF,2024-05-20,96.6,-0.18,6.3,"Gillaspie, Logan",660670,670810,,foul,,,,,7,Foul,R,R,R,ATL,SD,S,,,0,2,2024,-0.6,1.47,-0.3011560570700331,2.1443073229327663,,,644433,1,5,Bot,,,,,,,1.0408828795207818,-140.42638660965986,-8.795262748137167,-8.220850355124497,32.71774567504759,-10.926845634162731,3.54,1.61,153,75.0,14,96.2,2325,6.2,747119,669134,630105,642180,592518,673490,595777,701538,665487,54.3,,,,,,,,45,3,4-Seam Fastball,5,1,5,1,1,5,5,1,Standard,Standard,210,0.0,0.0,75.7,6.9,,0.0,88.0,4,4,0.929,0.929,27,26,27,27,1,3,31,1,53,0,0.98,0.6,0.6,53.9,-9.50430041367733,25.087807141222665,42.0763250291062,35.76136640701208,17.66261483884672
CH,2024-05-20,89.8,-0.68,6.03,"Gillaspie, Logan",660670,670810,,swinging_strike,,,,,8,Swinging Strike,R,R,R,ATL,SD,S,,,0,1,2024,-1.15,0.52,0.2052536496175319,1.8112323088756683,,,644433,1,5,Bot,,,,,,,4.621543730229497,-130.62591849835644,-5.553127170855755,-14.107361553600509,26.923980766630873,-25.313058958026566,3.54,1.61,,,,89.8,1792,6.2,747119,669134,630105,642180,592518,673490,595777,701538,665487,54.27,,,,,,,,45,2,Changeup,5,1,5,1,1,5,5,1,Standard,Standard,234,-0.002,-0.052,78.2,8.1,,0.052,,4,4,0.931,0.931,27,26,27,27,1,3,31,1,53,0,2.31,1.15,1.15,46.4,13.516306145147643,0.3520382506946493,30.75543638478013,42.934484303953745,33.03660854051519
FF,2024-05-20,95.3,-0.5,6.2,"Gillaspie, Logan",660670,670810,,swinging_strike,,,,,5,Swinging Strike,R,R,R,ATL,SD,S,,,0,0,2024,-0.55,1.39,0.0299874290110394,2.5100594077467324,,,644433,1,5,Bot,,,,,,,2.6367118219569927,-138.58975378493986,-7.149151410263355,-7.671750351034379,30.881420321629147,-12.921033550871895,3.54,1.61,,,,95.2,2254,6.3,747119,669134,630105,642180,592518,673490,595777,701538,665487,54.23,,,,,,,,45,1,4-Seam Fastball,5,1,5,1,1,5,5,1,Standard,Standard,211,-0.001,-0.04,78.6,7.5,,0.04,,4,4,0.932,0.932,27,26,27,27,1,3,31,1,53,0,1.13,0.55,0.55,51.7,4.463013545284784,19.70160371303305,34.95043594333086,42.68567142474715,19.44705929721065
ST,2024-05-20,84.2,-1.72,6.04,"Cease, Dylan",660670,656302,single,hit_into_play,,,,,9,Ronald Acuña Jr. singles on a ground ball to second baseman Xander Bogaerts. Orlando Arcia scores. Zack Short to 3rd. Jarred Kelenic to 2nd.,R,R,R,ATL,SD,X,4,ground_ball,0,0,2024,0.84,-1.0,0.5896784443239181,1.7354546712904444,606115,670097,672284,2,3,Bot,147.33,146.37,,,,,3.69034385754006,-122.5086651795676,-1.5660801405459055,7.605938945355809,26.21657335363439,-42.040499725172225,3.54,1.61,101,91.1,7,83.8,3069,6.2,747119,669134,630105,593428,592518,673490,595777,701538,665487,54.27,0.542,0.511,0.9,1,1,0,4,29,1,Sweeper,4,0,4,0,0,5,5,0,Standard,Standard,32,0.035,0.522,70.8,7.8,0.628,-0.522,91.1,4,4,0.902,0.902,28,26,29,27,3,2,6,1,5,0,4.23,-0.84,-0.84,46.6,2.209206958269222,13.136046515748223,34.52602210606374,48.83305307104625,29.143647895539264
FF,2024-05-20,96.1,-1.45,6.36,"Cease, Dylan",660670,656302,field_out,hit_into_play,,,,,1,Ronald Acuña Jr. flies out to center fielder Jackson Merrill.,R,R,R,ATL,SD,X,8,fly_ball,3,1,2024,-0.19,1.58,-0.7712194688726065,2.994818016173412,,,644433,1,2,Bot,111.85,81.7,,,,,2.22455806394254,-139.7789120968689,-6.891695218097686,-3.004258100630489,32.7116624738731,-10.124083095438612,3.54,1.61,294,95.8,46,96.0,2498,6.3,747119,669134,630105,593428,592518,673490,595777,701538,665487,54.18,0.003,0.002,0.0,1,0,0,3,16,5,4-Seam Fastball,2,0,2,0,0,2,2,0,Standard,Standard,189,-0.031,-0.402,71.0,6.9,0.003,0.402,95.8,2,2,0.759,0.759,28,26,29,27,2,1,6,1,5,0,0.9,0.19,0.19,51.7,11.874952989896864,-2.2772711673036716,29.359215923422667,31.02421870670755,31.861323804975157
FF,2024-05-20,96.1,-1.35,6.34,"Cease, Dylan",660670,656302,,ball,,,,,13,Ball,R,R,R,ATL,SD,B,,,2,1,2024,-0.15,1.72,-0.8111589343691855,1.5327959308768433,,,644433,1,2,Bot,,,,,,,1.7593559231752909,-139.64656165859574,-11.004206147541412,-2.302333652342646,31.98935233001413,-7.400348039775141,3.51714539196904,1.60429587157711,,,,95.9,2624,6.3,747119,669134,630105,593428,592518,673490,595777,701538,665487,54.19,,,,,,,,16,4,4-Seam Fastball,2,0,2,0,0,2,2,0,Standard,Standard,190,0.007,0.112,,,,-0.112,,2,2,0.752,0.752,28,26,29,27,2,1,6,1,5,0,0.76,0.15,0.15,55.4,,,,,
ST,2024-05-20,82.5,-1.94,6.04,"Cease, Dylan",660670,656302,,blocked_ball,,,,,14,Ball In Dirt,R,R,R,ATL,SD,B,,,1,1,2024,0.97,-1.01,1.0605079706042542,0.62111051365715,,,644433,1,2,Bot,,,,,,,4.9253840897243615,-119.99767160762111,-3.7488085717053456,8.193917576142477,26.54685982386628,-41.223957848996776,3.47187552450954,1.55932177625349,,,,82.1,2983,6.4,747119,669134,630105,593428,592518,673490,595777,701538,665487,54.15,,,,,,,,16,3,Sweeper,2,0,2,0,0,2,2,0,Standard,Standard,26,0.004,0.046,,,,-0.046,,2,2,0.748,0.748,28,26,29,27,2,1,6,1,5,0,4.4,-0.97,-0.97,46.3,,,,,
FF,2024-05-20,96.8,-1.29,6.36,"Cease, Dylan",660670,656302,,called_strike,,,,,9,Called Strike,R,R,R,ATL,SD,S,,,1,0,2024,-0.4,1.45,0.2827994980011135,1.777866147953854,,,644433,1,2,Bot,,,,,,,5.112186740282388,-140.69504701571387,-9.985307159888512,-6.465597903495921,30.80676574578476,-10.885410598634383,3.44482811084868,1.66697157666142,,,,96.8,2505,6.3,747119,669134,630105,593428,592518,673490,595777,701538,665487,54.21,,,,,,,,16,2,4-Seam Fastball,2,0,2,0,0,2,2,0,Standard,Standard,193,-0.004,-0.047,,,,0.047,,2,2,0.752,0.752,28,26,29,27,2,1,6,1,5,0,0.98,0.4,0.4,55.1,,,,,
FF,2024-05-20,97.0,-1.44,6.41,"Cease, Dylan",660670,656302,,ball,,,,,2,Ball,R,R,R,ATL,SD,B,,,0,0,2024,-0.34,1.34,-0.1391454959880622,3.529394865454164,,,644433,1,2,Bot,,,,,,,4.2464100862700365,-141.17328928712044,-5.21169042787853,-5.4826462797314655,32.63558896731073,-13.338989866077974,3.53895824291718,1.69354059778013,,,,96.8,2495,6.2,747119,669134,630105,593428,592518,673490,595777,701538,665487,54.32,,,,,,,,16,1,4-Seam Fastball,2,0,2,0,0,2,2,0,Standard,Standard,192,0.003,0.036,,,,-0.036,,2,2,0.749,0.749,28,26,29,27,2,1,6,1,5,0,1.09,0.34,0.34,52.2,,,,,
SL,2024-05-20,88.5,-1.41,6.37,"Cease, Dylan",660670,656302,single,hit_into_play,,,,,6,Ronald Acuña Jr. singles on a line drive to left fielder Jurickson Profar.,R,R,R,ATL,SD,X,7,line_drive,2,2,2024,-0.07,0.18,0.656872026191483,2.6799736641192817,,,,0,1,Bot,80.08,105.24,,,,,5.159451680142437,-128.8785109883053,-3.3206113199375986,-1.8394759492818764,26.52439791877185,-29.66025325241063,3.54,1.61,260,95.6,18,88.2,2772,6.0,747119,669134,630105,593428,592518,673490,595777,701538,665487,54.45,0.445,0.467,0.9,1,1,0,4,4,6,Slider,0,0,0,0,0,0,0,0,Standard,Standard,120,0.038,0.476,75.6,8.1,0.647,-0.476,95.6,0,0,0.545,0.545,28,26,29,27,1,0,6,1,5,0,2.72,0.07,0.07,54.6,18.316432419100487,-1.9804591594690557,27.27652182410415,46.316528206330496,36.70594340786552
SL,2024-05-20,88.2,-1.37,6.26,"Cease, Dylan",660670,656302,,ball,,,,,14,Ball,R,R,R,ATL,SD,B,,,1,2,2024,0.26,0.08,1.1365468290157037,0.3416835810804848,,,,0,1,Bot,,,,,,,5.514917968774243,-128.24066847718848,-8.454866305581099,1.8156045579718791,25.451041440249647,-29.74496128927045,3.5393863651059,1.64005599875264,,,,88.0,2810,6.1,747119,669134,630105,593428,592518,673490,595777,701538,665487,54.38,,,,,,,,4,5,Slider,0,0,0,0,0,0,0,0,Standard,Standard,110,0.004,0.04,,,,-0.04,,0,0,0.541,0.541,28,26,29,27,1,0,6,1,5,0,2.84,-0.26,-0.26,56.0,,,,,
ST,2024-05-20,83.3,-1.59,6.18,"Cease, Dylan",660670,656302,,foul,,,,,14,Foul,R,R,R,ATL,SD,S,,,1,2,2024,0.74,-1.03,0.5366034344251865,1.471719511288846,,,,0,1,Bot,,,,,,,3.3998741199060456,-121.20423865238166,-2.280333979111915,6.56031137018173,25.96387541521287,-41.97481342758508,3.54,1.61,,,,82.5,2801,6.0,747119,669134,630105,593428,592518,673490,595777,701538,665487,54.51,,,,,,,,4,4,Sweeper,0,0,0,0,0,0,0,0,Standard,Standard,25,0.0,0.0,71.0,8.7,,0.0,,0,0,0.541,0.541,28,26,29,27,1,0,6,1,5,0,4.34,-0.74,-0.74,50.8,25.373880810196837,-14.118257467784984,35.405178356222855,44.070397392321595,44.31938820164445
SL,2024-05-20,86.8,-1.39,6.32,"Cease, Dylan",660670,656302,,ball,,,,,14,Ball,R,R,R,ATL,SD,B,,,0,2,2024,0.09,-0.03,0.6674104011928681,0.6838414057956013,,,,0,1,Bot,,,,,,,4.715548615624282,-126.20809878922464,-7.217189449511305,0.0412148806258008,24.837281232843537,-31.24565138341557,3.6342210918424,1.74773102337743,,,,86.5,2727,6.1,747119,669134,630105,593428,592518,673490,595777,701538,665487,54.42,,,,,,,,4,3,Slider,0,0,0,0,0,0,0,0,Standard,Standard,107,0.002,0.023,,,,-0.023,,0,0,0.539,0.539,28,26,29,27,1,0,6,1,5,0,3.05,-0.09,-0.09,56.1,,,,,
FF,2024-05-20,95.7,-1.37,6.44,"Cease, Dylan",660670,656302,,foul,,,,,4,Foul,R,R,R,ATL,SD,S,,,0,1,2024,-0.13,1.44,-0.5686771985725068,2.6171725559069876,,,,0,1,Bot,,,,,,,2.3944497274556,-139.1874617431979,-7.689440162851953,-2.242140287094717,30.712341385407655,-11.969953375637104,3.54,1.61,76,79.7,10,95.4,2457,6.1,747119,669134,630105,593428,592518,673490,595777,701538,665487,54.39,,,,,,,,4,2,4-Seam Fastball,0,0,0,0,0,0,0,0,Standard,Standard,186,-0.006,-0.054,79.0,7.5,,0.054,88.0,0,0,0.545,0.545,28,26,29,27,1,0,6,1,5,0,1.05,0.13,0.13,57.2,11.270423207308369,-2.050077884299413,37.45435919646757,31.614572233272543,33.725820631323586
FF,2024-05-20,95.4,-1.24,6.43,"Cease, Dylan",660670,656302,,foul,,,,,8,Foul,R,R,R,ATL,SD,S,,,0,0,2024,-0.36,1.62,-0.0382255473286615,2.0178035571817334,,,,0,1,Bot,,,,,,,3.957148600715172,-138.7793739633153,-9.640820949860752,-5.486441141384634,27.374478740750774,-9.278423369955044,3.54,1.61,159,78.6,13,95.6,2547,6.2,747119,669134,630105,593428,592518,673490,595777,701538,665487,54.35,,,,,,,,4,1,4-Seam Fastball,0,0,0,0,0,0,0,0,Standard,Standard,194,-0.003,-0.037,77.6,8.1,,0.037,88.0,0,0,0.548,0.548,28,26,29,27,1,0,6,1,5,0,0.86,0.36,0.36,57.6,8.579197006115823,-3.817959706018859,42.42155501860491,36.828996461712606,31.191413409947263
SI,2024-05-19,94.0,-1.6,5.67,"Kolek, Stephen",660670,663568,field_out,hit_into_play,,,,,8,"Ronald Acuña Jr. grounds out, shortstop Ha-Seong Kim to first baseman Jake Cronenworth.",R,R,R,ATL,SD,X,6,ground_ball,1,0,2024,-1.38,0.31,0.2720386229633977,2.1787846919589224,,644433,,0,9,Bot,109.15,149.4,,,,,7.886133362630959,-136.6495938128887,-3.9972828440308623,-19.026997306826978,30.177382281854577,-27.655321382990092,3.53,1.61,7,97.3,-17,93.9,2126,6.3,747120,669134,630105,650333,456781,673490,640492,701538,642180,54.22,0.195,0.176,0.0,1,0,0,2,74,2,Sinker,0,9,0,9,9,0,0,9,Standard,Standard,221,0.0,-0.232,79.7,7.4,0.219,0.232,97.3,-9,-9,0.001,0.001,27,26,27,27,1,3,5,2,2,1,2.28,1.38,1.38,37.0,5.825370095839356,17.584329063145795,30.958045325136247,41.670838735497696,30.4349134823433
ST,2024-05-19,82.2,-1.8,5.39,"Kolek, Stephen",660670,663568,,ball,,,,,14,Ball,R,R,R,ATL,SD,B,,,0,0,2024,1.1,-0.31,1.426210753273392,2.172007946036138,,644433,,0,9,Bot,,,,,,,5.190305486373413,-119.6031883044467,-0.1034488627134986,9.451850979484623,24.77792081440149,-35.35445916038182,3.50260304388629,1.56062153334849,,,,82.1,2385,6.4,747120,669134,630105,650333,456781,673490,640492,701538,642180,54.1,,,,,,,,74,1,Sweeper,0,9,0,9,9,0,0,9,Standard,Standard,58,0.0,0.038,,,,-0.038,,-9,-9,0.001,0.001,27,26,27,27,1,3,5,2,2,1,3.71,-1.1,-1.1,29.5,,,,,
FF,2024-05-19,93.5,-1.9,5.76,"Darvish, Yu",660670,506433,strikeout,swinging_strike,,,,,2,Ronald Acuña Jr. strikes out swinging.,R,R,R,ATL,SD,S,2,,0,2,2024,-0.29,1.28,0.2301995881470196,3.4179767397483456,,,,1,6,Bot,,,,,,,6.196466315002627,-136.10708236121522,-3.178544668464662,-4.906536631300993,28.24391807767318,-15.7761560161048,3.53,1.61,,,,94.7,2390,6.9,747120,669134,630105,650333,592518,673490,595777,701538,665487,53.65,,0.0,0.0,1,0,0,,53,3,4-Seam Fastball,0,8,0,8,8,0,0,8,Standard,Standard,218,-0.001,-0.162,70.4,6.5,,0.162,,-8,-8,0.006,0.006,37,26,38,27,3,2,7,2,5,1,1.32,0.29,0.29,40.9,-2.8039267294502728,18.351958910816677,30.57807134751955,36.14946168190386,17.68203288915278
SI,2024-05-19,91.1,-2.15,5.61,"Darvish, Yu",660670,506433,,called_strike,,,,,8,Called Strike,R,R,R,ATL,SD,S,,,0,1,2024,-0.94,0.69,-0.0172366069935754,2.0342232518084615,,,,1,6,Bot,,,,,,,7.45123380793957,-132.49473142954938,-4.65796300807359,-12.651913732333467,26.107745703978285,-23.188765512098467,3.53926897676015,1.59725993789629,,,,92.3,2158,6.8,747120,669134,630105,650333,592518,673490,595777,701538,665487,53.67,,,,,,,,53,2,Sinker,0,8,0,8,8,0,0,8,Standard,Standard,216,-0.001,-0.057,,,,0.057,,-8,-8,0.007,0.007,37,26,38,27,3,2,7,2,5,1,2.04,0.94,0.94,34.6,,,,,
SL,2024-05-19,84.9,-1.92,5.8,"Darvish, Yu",660670,506433,,called_strike,,,,,5,Called Strike,R,R,R,ATL,SD,S,,,0,0,2024,0.37,-0.29,0.0433850491526947,2.872628604762306,,,,1,6,Bot,,,,,,,3.8894356733664313,-123.6674216189262,0.0296853601043536,3.042790609569022,23.64680019651618,-35.35697114797617,3.51176960949387,1.59725993789629,,,,85.5,2694,6.5,747120,669134,630105,650333,592518,673490,595777,701538,665487,53.96,,,,,,,,53,1,Slider,0,8,0,8,8,0,0,8,Standard,Standard,93,0.0,-0.037,,,,0.037,,-8,-8,0.007,0.007,37,26,38,27,3,2,7,2,5,1,3.43,-0.37,-0.37,41.6,,,,,
SL,2024-05-19,84.2,-1.92,5.78,"Darvish, Yu",660670,506433,walk,ball,,,,,11,Ronald Acuña Jr. walks.,R,R,R,ATL,SD,B,,,3,0,2024,0.42,-0.12,-0.9550552924431344,2.926005284635318,,,,2,3,Bot,,,,,,,1.4146101853246194,-122.722155143454,-0.0564649721564203,4.019930234435546,22.694755668650966,-33.564476680401974,3.49343663502514,1.55146213079236,,,,85.1,2690,6.7,747120,669134,630105,650333,592518,673490,595777,701538,665487,53.84,,0.689131,0.7,1,0,0,,27,4,Slider,0,3,0,3,3,0,0,3,Standard,Standard,94,0.005,0.12,,,,-0.12,,-3,-3,0.203,0.203,37,26,38,27,2,1,7,2,5,1,3.31,-0.42,-0.42,41.3,,,,,
SL,2024-05-19,85.2,-1.75,5.76,"Darvish, Yu",660670,506433,,ball,,,,,14,Ball,R,R,R,ATL,SD,B,,,2,0,2024,0.54,0.07,1.046344720545756,2.294291962831885,,,,2,3,Bot,,,,,,,5.534612404426082,-124.15186147557344,-2.0729120888020987,4.66222759527313,22.113936191430497,-31.227955766967728,3.57593486273682,1.55146213079236,,,,86.3,2737,6.7,747120,669134,630105,650333,592518,673490,595777,701538,665487,53.81,,,,,,,,27,3,Slider,0,3,0,3,3,0,0,3,Standard,Standard,91,0.003,0.109,,,,-0.109,,-3,-3,0.2,0.2,37,26,38,27,2,1,7,2,5,1,3.03,-0.54,-0.54,41.2,,,,,
SL,2024-05-19,86.8,-1.89,5.7,"Darvish, Yu",660670,506433,,ball,,,,,14,Ball,R,R,R,ATL,SD,B,,,1,0,2024,0.53,0.22,0.1879976370580847,0.969857918721877,,,,2,3,Bot,,,,,,,3.904383304503622,-126.35028740719646,-5.667571135206893,5.059731106667575,23.083473798084547,-28.91147397961384,3.52093591029732,1.57894053621227,,,,87.6,2809,6.6,747120,669134,630105,650333,592518,673490,595777,701538,665487,53.94,,,,,,,,27,2,Slider,0,3,0,3,3,0,0,3,Standard,Standard,133,0.003,0.068,,,,-0.068,,-3,-3,0.197,0.197,37,26,38,27,2,1,7,2,5,1,2.77,-0.53,-0.53,40.1,,,,,
SL,2024-05-19,86.1,-1.79,5.76,"Darvish, Yu",660670,506433,,ball,,,,,14,Ball,R,R,R,ATL,SD,B,,,0,0,2024,0.41,-0.08,0.7690480877472379,1.3890300771490116,,,,2,3,Bot,,,,,,,5.2944042842484995,-125.384545501003,-4.031449523275164,3.2771522030655693,24.82349648407421,-32.39679875155944,3.52093591029732,1.55146213079236,,,,86.8,2808,6.7,747120,669134,630105,650333,592518,673490,595777,701538,665487,53.84,,,,,,,,27,1,Slider,0,3,0,3,3,0,0,3,Standard,Standard,86,0.001,0.04,,,,-0.04,,-3,-3,0.196,0.196,37,26,38,27,2,1,7,2,5,1,3.14,-0.41,-0.41,40.3,,,,,
FF,2024-05-19,93.5,-1.83,5.8,"Darvish, Yu",660670,506433,field_out,hit_into_play,,,,,4,"Ronald Acuña Jr. grounds out, third baseman Manny Machado to first baseman Jake Cronenworth.",R,R,R,ATL,SD,X,5,ground_ball,1,2,2024,-0.59,1.4,-0.5164514887604069,2.7457870296205544,,,,0,1,Bot,98.84,168.19,,,,,4.718872677941264,-136.1393293808226,-5.287630375406084,-8.334799196971202,28.81268588701787,-13.806166012011278,3.53,1.61,63,85.5,3,94.5,2255,6.7,747120,669134,630105,650333,592518,673490,595777,701538,665487,53.75,0.335,0.362,0.0,1,0,0,2,9,4,4-Seam Fastball,0,3,0,3,3,0,0,3,Standard,Standard,212,-0.015,-0.186,73.9,7.3,0.359,0.186,88.0,-3,-3,0.261,0.261,37,26,38,27,1,0,7,2,5,1,1.2,0.59,0.59,42.0,10.151922897078345,-1.4754723214105192,31.88517813984773,28.472865816384953,33.285053217489015
ST,2024-05-19,81.0,-1.98,5.8,"Darvish, Yu",660670,506433,,called_strike,,,,,5,Called Strike,R,R,R,ATL,SD,S,,,1,1,2024,1.52,0.18,-0.1348895987645433,2.829248098091534,,,,0,1,Bot,,,,,,,1.2189812431250124,-117.99240676937764,-0.3835059473599553,14.008003878334817,22.005079593549706,-30.591913482108232,3.49343663502514,1.60641952572995,,,,81.8,2764,6.7,747120,669134,630105,650333,592518,673490,595777,701538,665487,53.81,,,,,,,,9,3,Sweeper,0,3,0,3,3,0,0,3,Standard,Standard,52,-0.005,-0.056,,,,0.056,,-3,-3,0.266,0.266,37,26,38,27,1,0,7,2,5,1,3.28,-1.52,-1.52,40.1,,,,,
SL,2024-05-19,83.9,-1.9,5.87,"Darvish, Yu",660670,506433,,called_strike,,,,,8,Called Strike,R,R,R,ATL,SD,S,,,1,0,2024,0.48,0.01,-0.0478716570018382,2.020513887783431,,,,0,1,Bot,,,,,,,3.366463993030689,-122.26984018837564,-2.6139977359958704,4.284805981124716,21.73244407894758,-31.7980764101508,3.68593414952424,1.60641952572995,,,,85.0,2682,6.7,747120,669134,630105,650333,592518,673490,595777,701538,665487,53.8,,,,,,,,9,2,Slider,0,3,0,3,3,0,0,3,Standard,Standard,78,-0.005,-0.049,,,,0.049,,-3,-3,0.271,0.271,37,26,38,27,1,0,7,2,5,1,3.19,-0.48,-0.48,40.8,,,,,
SL,2024-05-19,84.3,-1.77,5.85,"Darvish, Yu",660670,506433,,ball,,,,,14,Ball,R,R,R,ATL,SD,B,,,0,0,2024,0.34,-0.22,0.1875234709084739,1.2397737231185229,,,,0,1,Bot,,,,,,,3.9017103688755057,-122.75440282546154,-3.9640295683102567,2.686478651879897,22.887542100582227,-33.86057164712528,3.60343452380006,1.49650710288017,,,,85.2,2693,6.7,747120,669134,630105,650333,592518,673490,595777,701538,665487,53.82,,,,,,,,9,1,Slider,0,3,0,3,3,0,0,3,Standard,Standard,69,0.004,0.038,,,,-0.038,,-3,-3,0.267,0.267,37,26,38,27,1,0,7,2,5,1,3.41,-0.34,-0.34,42.2,,,,,
FF,2024-05-17,96.1,-1.94,5.54,"De Los Santos, Enyel",660670,660853,field_out,hit_into_play,,,,,2,Ronald Acuña Jr. flies out sharply to left fielder Jurickson Profar.,R,R,R,ATL,SD,X,7,fly_ball,0,0,2024,-0.8,1.24,0.097394369137119,3.6207247054633305,,,594807,2,7,Bot,87.28,109.7,,,,,7.166383047529452,-139.75071511279157,-2.277451565188221,-12.166394490000842,32.73368957343178,-15.632058229280029,3.53,1.61,244,100.2,55,95.3,2345,6.0,747122,543309,630105,593428,592518,673490,595777,701538,665487,54.53,0.008,0.009,0.0,1,0,0,3,61,1,4-Seam Fastball,1,3,1,3,3,1,1,3,Standard,Standard,229,-0.038,-0.271,77.9,7.8,0.015,0.271,100.2,-2,-2,0.176,0.176,28,26,29,27,1,3,3,3,3,2,1.24,0.8,0.8,23.9,26.18379162057957,-8.067151617452442,25.32652586698452,39.65944409133205,36.36778551710974
SI,2024-05-17,90.9,-1.46,5.54,"Waldron, Matt",660670,663362,walk,ball,,,,,14,Ronald Acuña Jr. walks.,R,R,R,ATL,SD,B,,,3,1,2024,-1.17,0.47,1.2442856383351744,1.7742385852891045,,,,2,5,Bot,,,,,,,9.351666223620562,-132.05223369344594,-4.55341928107352,-15.667516293649928,26.963162846100705,-25.935388601637847,3.56680064190402,1.59731952033771,,,,91.7,1841,6.8,747122,543309,630105,593428,592518,673490,595777,701538,665487,53.74,,0.689131,0.7,1,0,0,,45,5,Sinker,1,3,1,3,3,1,1,3,Standard,Standard,225,0.01,0.178,,,,-0.178,,-2,-2,0.242,0.242,27,26,28,27,3,2,6,3,6,2,2.29,1.17,1.17,29.1,,,,,
FF,2024-05-17,89.4,-1.21,5.81,"Waldron, Matt",660670,663362,,ball,,,,,11,Ball,R,R,R,ATL,SD,B,,,2,1,2024,-0.58,1.13,-0.6648194021544226,5.198642739446937,,,,2,5,Bot,,,,,,,2.6026718591246927,-130.23820000771892,2.138089252202346,-7.1954053496048145,27.843299525643108,-19.975678030114167,3.62179904507058,1.65227790469265,,,,90.0,1931,6.7,747122,543309,630105,593428,592518,673490,595777,701538,665487,53.84,,,,,,,,45,4,4-Seam Fastball,1,3,1,3,3,1,1,3,Standard,Standard,217,0.005,0.112,,,,-0.112,,-2,-2,0.237,0.237,27,26,28,27,3,2,6,3,6,2,1.72,0.58,0.58,34.4,,,,,
SI,2024-05-17,89.8,-1.36,5.67,"Waldron, Matt",660670,663362,,foul,,,,,5,Foul,R,R,R,ATL,SD,S,,,2,0,2024,-1.1,0.74,-0.2376414817274819,2.616053173818199,,,,2,5,Bot,,,,,,,5.164459847492673,-130.696234184275,-3.145757964903748,-13.734785402081712,28.390484443081363,-23.20393191577303,3.53,1.61,111,71.2,69,90.4,1955,6.7,747122,543309,630105,593428,592518,673490,595777,701538,665487,53.76,,,,,,,,45,3,Sinker,1,3,1,3,3,1,1,3,Standard,Standard,221,-0.003,-0.061,80.7,7.5,,0.061,88.0,-2,-2,0.24,0.24,27,26,28,27,3,2,6,3,6,2,2.09,1.1,1.1,28.7,8.712458751067786,3.114223847655093,34.33148037390581,32.45471998897699,31.158224220119045
KN,2024-05-17,76.2,-0.96,5.87,"Waldron, Matt",660670,663362,,ball,,,,,11,Ball,R,R,R,ATL,SD,B,,,1,0,2024,-0.4,-0.82,-0.7896977129335976,3.9762363932077713,,,,2,5,Bot,,,,,,,1.0820993117945372,-110.77983383274194,4.661188024046266,-3.5065668654712625,22.806483649958768,-40.06153640584719,3.53930162086248,1.54236345130955,,,,75.7,381,6.3,747122,543309,630105,593428,592518,673490,595777,701538,665487,54.17,,,,,,,,45,2,Knuckleball,1,3,1,3,3,1,1,3,Standard,Standard,44,0.003,0.068,,,,-0.068,,-2,-2,0.237,0.237,27,26,28,27,3,2,6,3,6,2,4.8,0.4,0.4,35.3,,,,,
ST,2024-05-17,79.4,-1.26,5.52,"Waldron, Matt",660670,663362,,ball,,,,,14,Ball,R,R,R,ATL,SD,B,,,0,0,2024,1.21,0.31,1.063829039460695,2.152347990442794,,,,2,5,Bot,,,,,,,2.8323584613892456,-115.57333000052093,-1.1596668174419702,10.259672012950755,22.238683806417622,-29.40512384405795,3.51180273093297,1.56984119257562,,,,79.8,2203,6.6,747122,543309,630105,593428,592518,673490,595777,701538,665487,53.89,,,,,,,,45,1,Sweeper,1,3,1,3,3,1,1,3,Standard,Standard,64,0.002,0.04,,,,-0.04,,-2,-2,0.235,0.235,27,26,28,27,3,2,6,3,6,2,3.31,-1.21,-1.21,26.1,,,,,
FF,2024-05-17,91.7,-1.47,5.47,"Waldron, Matt",660670,663362,strikeout,swinging_strike,,,,,3,Ronald Acuña Jr. strikes out swinging.,R,R,R,ATL,SD,S,2,,2,2,2024,-0.58,0.86,0.5307614892928038,3.5138170705801235,,671739,670097,2,2,Bot,,,,,,,6.369520456081067,-133.54923108524267,-0.9842249498991524,-8.232577573053181,26.34230545537518,-21.864060033465677,3.53,1.61,,,,92.7,2121,6.7,747122,543309,630105,593428,592518,673490,595777,701538,665487,53.85,,0.0,0.0,1,0,0,,19,5,4-Seam Fastball,1,0,1,0,0,1,1,0,Standard,Standard,227,-0.033,-0.204,44.1,6.0,,0.204,,1,1,0.645,0.645,27,26,28,27,2,1,6,3,6,2,1.83,0.58,0.58,24.7,0.4734135958205027,38.8689472421571,32.41830521693862,41.33099739632555,10.876742474587624
FF,2024-05-17,91.8,-1.54,5.37,"Waldron, Matt",660670,663362,,ball,,,,,1,Ball,R,R,R,ATL,SD,B,,,1,2,2024,-0.56,1.05,-0.4314445961500638,3.533184325029299,,671739,670097,2,2,Bot,,,,,,,4.069039433596178,-133.7920398318979,-1.1653926078779513,-7.578881211557615,25.56060064136891,-19.38919850347035,3.6216056065985,1.56945000294531,,,,93.2,1974,6.8,747122,543309,630105,593428,592518,673490,595777,701538,665487,53.73,,,,,,,,19,4,4-Seam Fastball,1,0,1,0,0,1,1,0,Standard,Standard,227,0.006,0.016,,,,-0.016,,1,1,0.639,0.639,27,26,28,27,2,1,6,3,6,2,1.62,0.56,0.56,20.6,,,,,
KN,2024-05-17,82.5,-1.29,5.48,"Waldron, Matt",660670,663362,,ball,,,,,14,Ball,R,R,R,ATL,SD,B,,,0,2,2024,-0.8,-0.34,0.3654366720401231,0.8039409035739737,,671739,670097,2,2,Bot,,,,,,,5.359527979413805,-119.96136885653006,-3.3876924128766097,-8.812683136606992,26.40006279170805,-34.873021606925676,3.56680064190402,1.45993382305448,,,,82.6,424,6.7,747122,543309,630105,593428,592518,673490,595777,701538,665487,53.8,,,,,,,,19,3,Knuckleball,1,0,1,0,0,1,1,0,Standard,Standard,29,0.004,0.003,,,,-0.003,,1,1,0.635,0.635,27,26,28,27,2,1,6,3,6,2,3.73,0.8,0.8,27.7,,,,,
KN,2024-05-17,78.8,-1.26,5.65,"Waldron, Matt",660670,663362,,called_strike,,,,,8,Called Strike,R,R,R,ATL,SD,S,,,0,1,2024,-0.93,-0.61,0.0273555256864477,1.997376545516397,,671739,670097,2,2,Bot,,,,,,,4.5513206186997825,-114.5017089263478,0.1834124709418303,-9.059698688970316,25.29179530795096,-37.739525231011285,3.56680064190402,1.54236345130955,,,,78.4,338,6.6,747122,543309,630105,593428,592518,673490,595777,701538,665487,53.94,,,,,,,,19,2,Knuckleball,1,0,1,0,0,1,1,0,Standard,Standard,37,-0.01,-0.046,,,,0.046,,1,1,0.645,0.645,27,26,28,27,2,1,6,3,6,2,4.35,0.93,0.93,29.9,,,,,
SI,2024-05-17,89.8,-1.51,5.5,"Waldron, Matt",660670,663362,,called_strike,,,,,5,Called Strike,R,R,R,ATL,SD,S,,,0,0,2024,-1.11,0.79,0.131591332343202,2.204103589595393,,671739,670097,2,2,Bot,,,,,,,6.492005812707101,-130.5563461117856,-3.8457453894789095,-14.085579537147412,28.944163209110915,-22.525136788208975,3.51180273093297,1.54236345130955,,,,90.5,1943,6.9,747122,543309,630105,593428,592518,673490,595777,701538,665487,53.63,,,,,,,,19,1,Sinker,1,0,1,0,0,1,1,0,Standard,Standard,229,-0.006,-0.048,,,,0.048,,1,1,0.651,0.651,27,26,28,27,2,1,6,3,6,2,2.05,1.11,1.11,23.9,,,,,
FF,2024-05-17,92.6,-1.63,5.62,"Waldron, Matt",660670,663362,single,hit_into_play,,,,,5,Ronald Acuña Jr. singles on a line drive to center fielder Jackson Merrill.,R,R,R,ATL,SD,X,8,line_drive,1,0,2024,-0.69,0.93,-0.2504091264709043,2.733717047769673,,,,0,1,Bot,107.18,66.31,,,,,5.079886047424192,-134.94463295384338,-3.706183594539662,-9.532900287307584,25.869659552291797,-20.153778768939336,3.53,1.61,298,94.9,20,93.9,1921,6.7,747122,543309,630105,593428,592518,673490,595777,701538,665487,53.82,0.305,0.351,0.9,1,1,0,4,5,2,4-Seam Fastball,0,0,0,0,0,0,0,0,Standard,Standard,224,0.032,0.41,81.8,7.7,0.531,-0.41,94.9,0,0,0.551,0.551,27,26,28,27,1,0,6,3,6,2,1.69,0.69,0.69,26.4,13.966555657750122,-0.3504299271188995,33.87121416795581,35.52552774568312,29.2924485218026
KN,2024-05-17,76.3,-1.2,5.8,"Waldron, Matt",660670,663362,,ball,,,,,14,Ball,R,R,R,ATL,SD,B,,,0,0,2024,0.44,0.34,0.9699116049993168,1.2159316726819736,,,,0,1,Bot,,,,,,,3.8004097937002848,-110.99742987952963,-3.1333693110330993,2.804153711940179,22.33151675561287,-29.004488070581843,3.56680064190402,1.56984119257562,,,,76.2,180,6.5,747122,543309,630105,593428,592518,673490,595777,701538,665487,54.01,,,,,,,,5,1,Knuckleball,0,0,0,0,0,0,0,0,Standard,Standard,32,0.003,0.038,,,,-0.038,,0,0,0.548,0.548,27,26,28,27,1,0,6,3,6,2,3.62,-0.44,-0.44,34.7,,,,,
FF,2024-05-14,90.5,-3.57,4.81,"Miller, Tyson",660670,668338,field_out,hit_into_play,,,,,5,Ronald Acuña Jr. flies out sharply to center fielder Pete Crow-Armstrong.,R,R,R,ATL,CHC,X,8,fly_ball,3,2,2024,-0.05,0.88,0.205875487525159,2.236721906531338,,,,1,8,Bot,164.98,47.7,,,,,9.66579459349525,-131.48350602833466,-2.396938450162984,-2.545421157353354,26.14340936486909,-21.60931710628776,3.53,1.61,386,102.5,25,91.9,2277,7.1,747124,665804,641355,663611,621550,670156,643565,691718,673548,53.42,0.675,1.2717833333333333,0.0,1,0,0,6,66,6,4-Seam Fastball,7,0,7,0,0,7,7,0,Standard,Standard,213,0.0,-0.332,75.2,7.6,2.449,0.332,102.5,7,7,0.999,0.999,28,26,29,27,1,4,5,1,2,3,1.9,0.05,0.05,20.1,12.372399829950034,7.78566022292888,35.94997385177151,38.75129328694935,28.527193868672107
ST,2024-05-14,79.0,-3.85,4.64,"Miller, Tyson",660670,668338,,ball,,,,,14,Ball,R,R,R,ATL,CHC,B,,,2,2,2024,1.48,0.98,1.5735579852950858,1.5854126426341746,,,,1,8,Bot,,,,,,,9.159506629193109,-114.76062772992591,-1.6170461262231317,11.163126866203774,22.89564374352913,-23.470993312393947,3.60239186443275,1.6328846370223,,,,79.7,2513,7.0,747124,665804,641355,663611,621550,670156,643565,691718,673548,53.47,,,,,,,,66,5,Sweeper,7,0,7,0,0,7,7,0,Standard,Standard,82,0.0,0.108,,,,-0.108,,7,7,0.999,0.999,28,26,29,27,1,4,5,1,2,3,2.71,-1.48,-1.48,13.4,,,,,
FF,2024-05-14,90.2,-3.58,4.88,"Miller, Tyson",660670,668338,,ball,,,,,11,Ball,R,R,R,ATL,CHC,B,,,1,2,2024,-0.16,0.95,-1.1201136947053667,4.170748065773507,,,,1,8,Bot,,,,,,,6.597072338224889,-131.24405432150783,2.17025201390491,-3.080428831324262,24.700153879044276,-21.664060985797764,3.51989469823556,1.60540556155456,,,,92.4,2185,7.4,747124,665804,641355,663611,621550,670156,643565,691718,673548,53.13,,,,,,,,66,4,4-Seam Fastball,7,0,7,0,0,7,7,0,Standard,Standard,213,0.0,0.043,,,,-0.043,,7,7,0.999,0.999,28,26,29,27,1,4,5,1,2,3,1.82,0.16,0.16,21.6,,,,,
FF,2024-05-14,90.1,-3.68,4.88,"Miller, Tyson",660670,668338,,ball,,,,,12,Ball,R,R,R,ATL,CHC,B,,,0,2,2024,0.04,0.8,0.725728627670146,3.83418364138822,,,,1,8,Bot,,,,,,,11.02158681791676,-130.87144157779295,1.6811885306126275,-1.7818776472129152,26.045529504414635,-23.45957392500892,3.54739362758134,1.6328846370223,,,,91.6,2162,7.2,747124,665804,641355,663611,621550,670156,643565,691718,673548,53.32,,,,,,,,66,3,4-Seam Fastball,7,0,7,0,0,7,7,0,Standard,Standard,218,0.0,0.02,,,,-0.02,,7,7,0.999,0.999,28,26,29,27,1,4,5,1,2,3,2.0,-0.04,-0.04,19.1,,,,,
SI,2024-05-14,90.8,-3.64,4.76,"Miller, Tyson",660670,668338,,called_strike,,,,,4,Called Strike,R,R,R,ATL,CHC,S,,,0,1,2024,-0.8,0.5,-0.5444565403469921,2.254957141735995,,,,1,8,Bot,,,,,,,9.57917305319002,-132.0017986889029,-1.4579818839571317,-11.229242398955108,25.608982135092273,-26.2200408743688,3.54739362758134,1.66036428139294,,,,92.4,2076,7.1,747124,665804,641355,663611,621550,670156,643565,691718,673548,53.42,,,,,,,,66,2,Sinker,7,0,7,0,0,7,7,0,Standard,Standard,217,0.0,-0.057,,,,0.057,,7,7,0.999,0.999,28,26,29,27,1,4,5,1,2,3,2.25,0.8,0.8,16.4,,,,,
ST,2024-05-14,81.1,-3.89,4.69,"Miller, Tyson",660670,668338,,foul,,,,,8,Foul,R,R,R,ATL,CHC,S,,,0,0,2024,0.93,0.96,0.0585467087158939,2.155338259680509,,,,1,8,Bot,,,,,,,7.177448649582507,-118.02496961242264,-0.881512367114628,7.3779313959990365,21.963908017842243,-23.266135819660136,3.53,1.61,4,53.7,-32,82.7,2567,7.3,747124,665804,641355,663611,621550,670156,643565,691718,673548,53.2,,,,,,,,66,1,Sweeper,7,0,7,0,0,7,7,0,Standard,Standard,101,0.0,-0.037,74.1,8.5,,0.037,88.0,7,7,0.999,0.999,28,26,29,27,1,4,5,1,2,3,2.5,-0.93,-0.93,14.1,28.38539452363307,-22.227878932981252,36.64437383559889,38.30827117879595,54.78454329141096
ST,2024-05-14,82.8,-4.38,4.13,"Cuas, Jose",660670,621016,field_out,hit_into_play,,,,,14,"Ronald Acuña Jr. grounds out, shortstop Miles Mastrobuoni to first baseman Cody Bellinger.",R,R,R,ATL,CHC,X,6,ground_ball,0,2,2024,0.91,0.18,0.115812797215104,1.2452792097375598,,,,0,6,Bot,112.18,154.25,,,,,8.515154819855864,-120.29002682008743,-0.4113378903845955,7.146208609879577,23.754016856954976,-30.61458013367739,3.53,1.61,28,107.8,-1,82.9,2186,6.5,747124,665804,641355,663611,621550,670156,643565,691718,673548,53.98,0.497,0.46,0.0,1,0,0,4,49,3,Sweeper,7,0,7,0,0,7,7,0,Standard,Standard,59,-0.001,-0.163,77.3,7.9,0.536,0.163,107.8,7,7,0.993,0.993,30,26,30,27,1,3,3,1,3,3,3.16,-0.91,-0.91,2.1,9.964705888682923,13.160580098159752,44.00537109563386,37.01756594303452,29.785809857413803
FF,2024-05-14,91.8,-4.44,4.29,"Cuas, Jose",660670,621016,,called_strike,,,,,11,Called Strike,R,R,R,ATL,CHC,S,,,0,1,2024,-0.59,0.58,-0.9615923502233136,3.135596335722822,,,,0,6,Bot,,,,,,,10.078918450046894,-133.37295652454833,1.6660713989714613,-9.114479065061571,26.44845961556782,-25.767592293198256,3.52960423541116,1.60501561908526,,,,92.0,2034,6.3,747124,665804,641355,663611,621550,670156,643565,691718,673548,54.16,,,,,,,,49,2,4-Seam Fastball,7,0,7,0,0,7,7,0,Standard,Standard,259,0.0,-0.054,,,,0.054,,7,7,0.993,0.993,30,26,30,27,1,3,3,1,3,3,2.12,0.59,0.59,1.5,,,,,
SI,2024-05-14,91.3,-4.67,4.16,"Cuas, Jose",660670,621016,,foul,,,,,13,Foul,R,R,R,ATL,CHC,S,,,0,0,2024,-1.37,-0.2,-1.6115557480438525,1.6125421772589124,,,,0,6,Bot,,,,,,,10.603090212203025,-132.58610973898567,-0.0768023919460549,-18.456324154906913,28.1758257332722,-34.764892239473426,3.53,1.61,2,65.7,-35,90.9,2470,6.1,747124,665804,641355,663611,621550,670156,643565,691718,673548,54.35,,,,,,,,49,1,Sinker,7,0,7,0,0,7,7,0,Standard,Standard,255,0.0,-0.037,73.0,7.3,,0.037,88.0,7,7,0.993,0.993,30,26,30,27,1,3,3,1,3,3,2.95,1.37,1.37,0.5,6.586705347683154,-0.1978970819873766,43.71818526920092,22.38724544742728,29.60499260642693
FF,2024-05-14,93.7,-1.32,6.19,"Taillon, Jameson",660670,592791,fielders_choice_out,hit_into_play,,,,,6,"Ronald Acuña Jr. reaches on a fielder's choice out, shortstop Miles Mastrobuoni to catcher Miguel Amaya. Jarred Kelenic out at home.",R,R,R,ATL,CHC,X,6,ground_ball,3,0,2024,-0.45,1.2,0.5349607333259823,2.266340904276797,672284,670097,,0,4,Bot,116.42,160.91,,,,,5.84825994816744,-136.16180145437016,-7.064638960941071,-6.949470085432873,31.53885905772607,-15.870344635407037,3.53,1.61,9,103.5,-15,94.3,2346,6.8,747124,665804,641355,663611,621550,670156,643565,691718,673548,53.66,0.241,0.284,0.0,1,0,0,2,34,4,4-Seam Fastball,3,0,3,0,0,3,3,0,Strategic,Standard,206,-0.048,-0.332,76.8,7.5,0.265,0.332,103.5,3,3,0.926,0.926,32,26,33,27,3,2,10,1,5,3,1.42,0.45,0.45,44.4,6.88403185574161,16.29375036192706,29.255448256205263,43.03446790735591,27.613640816966736
SI,2024-05-14,92.6,-1.46,6.24,"Taillon, Jameson",660670,592791,,ball,,,,,11,Ball,R,R,R,ATL,CHC,B,,,2,0,2024,-1.19,1.12,-2.17923616340455,3.099791609226122,672284,670097,,0,4,Bot,,,,,,,0.7782846158092271,-134.70803387424226,-4.615482687323006,-14.585311424320237,32.2551551281329,-17.816552787705746,3.52980228664659,1.6328846370223,,,,92.8,2214,6.6,747124,665804,641355,663611,621550,670156,643565,691718,673548,53.87,,,,,,,,34,3,Sinker,3,0,3,0,0,3,3,0,Strategic,Standard,201,0.002,0.042,,,,-0.042,,3,3,0.924,0.924,32,26,33,27,3,2,10,1,5,3,1.57,1.19,1.19,46.4,,,,,
FC,2024-05-14,87.8,-1.59,6.24,"Taillon, Jameson",660670,592791,,ball,,,,,11,Ball,R,R,R,ATL,CHC,B,,,1,0,2024,0.41,0.68,-0.3045300269164079,3.9705106075487793,672284,670097,,0,4,Bot,,,,,,,2.2689956196419674,-127.8608002696451,-0.7904584139800643,4.045710219153397,25.856840295733942,-24.79131140419356,3.52980228664659,1.5779270626624,,,,88.3,2573,6.5,747124,665804,641355,663611,621550,670156,643565,691718,673548,53.98,,,,,,,,34,2,Cutter,3,0,3,0,0,3,3,0,Strategic,Standard,168,0.001,0.023,,,,-0.023,,3,3,0.923,0.923,32,26,33,27,3,2,10,1,5,3,2.27,-0.41,-0.41,42.1,,,,,
FC,2024-05-14,88.7,-1.66,6.2,"Taillon, Jameson",660670,592791,,ball,,,,,13,Ball,R,R,R,ATL,CHC,B,,,0,0,2024,0.18,0.65,-0.214082775056263,0.3411096968689815,606115,672284,670097,0,4,Bot,,,,,,,3.1749083519234818,-128.9742626104281,-9.72609976530016,1.3839855162849095,24.702897066970458,-23.15621317087951,3.52980228664659,1.60540556155456,,,,89.5,2517,6.6,747124,665804,641355,663611,621550,670156,643565,691718,673548,53.86,,,,,,,,34,1,Cutter,2,0,2,0,0,3,3,0,Standard,Standard,197,0.037,0.025,,,,-0.025,,2,2,0.886,0.886,32,26,33,27,3,2,10,1,5,3,2.23,-0.18,-0.18,44.7,,,,,
SI,2024-05-14,93.6,-1.39,6.18,"Taillon, Jameson",660670,592791,force_out,hit_into_play,,,,,7,"Ronald Acuña Jr. grounds into a force out, shortstop Miles Mastrobuoni to second baseman Nick Madrigal. Zack Short out at 2nd.",R,R,R,ATL,CHC,X,6,ground_ball,0,0,2024,-0.99,1.14,-0.6833764040481254,1.8432666313635735,,,670097,2,2,Bot,110.97,160.91,,,,,4.059093795700135,-136.0662929085085,-8.035595187063654,-13.17796815306974,29.28215312112897,-16.510389137283074,3.53,1.61,7,82.9,-15,94.6,2251,6.9,747124,665804,641355,663611,621550,670156,643565,691718,673548,53.63,0.097,0.092,0.0,1,0,0,2,18,1,Sinker,1,0,1,0,0,1,1,0,Standard,Standard,209,-0.02,-0.271,77.0,7.4,0.101,0.271,88.0,1,1,0.632,0.632,32,26,33,27,2,1,10,1,5,3,1.47,0.99,0.99,43.2,2.398385361794401,16.675204714439165,42.30617390629469,30.724646593109476,25.92139171553684
ST,2024-05-14,81.0,-1.69,6.39,"Taillon, Jameson",660670,592791,field_out,hit_into_play,,,,,14,Ronald Acuña Jr. flies out to right fielder Seiya Suzuki.,R,R,R,ATL,CHC,X,9,fly_ball,0,1,2024,1.14,0.06,0.6428345873609377,1.2467884865328145,,,,0,1,Bot,196.78,105.0,,,,,3.054542635541696,-117.86291633516164,-4.984048712937946,10.035672117625207,22.823864942633204,-30.849165591301904,3.53,1.61,290,92.7,41,81.5,2716,6.7,747124,665804,641355,663611,621550,670156,643565,691718,673548,53.83,0.016,0.024,0.0,1,0,0,3,6,2,Sweeper,0,0,0,0,0,0,0,0,Standard,Standard,61,-0.019,-0.217,75.0,8.5,0.041,0.217,92.7,0,0,0.545,0.545,32,26,33,27,1,0,10,1,5,3,3.42,-1.14,-1.14,43.2,17.415858882754122,10.27959214401731,37.64908551006029,46.14699615778534,35.37855157177802
FC,2024-05-14,86.8,-1.68,6.41,"Taillon, Jameson",660670,592791,,called_strike,,,,,7,Called Strike,R,R,R,ATL,CHC,S,,,0,0,2024,0.49,0.58,-0.3334393193428808,1.8859806941252395,,,,0,1,Bot,,,,,,,2.2302705829358915,-126.40497182360772,-5.911431030150217,4.832795023443333,23.493511138490422,-25.01626553387459,3.49239590567782,1.55044914801874,,,,87.5,2514,6.5,747124,665804,641355,663611,621550,670156,643565,691718,673548,54.02,,,,,,,,6,1,Cutter,0,0,0,0,0,0,0,0,Standard,Standard,180,-0.003,-0.037,,,,0.037,,0,0,0.548,0.548,32,26,33,27,1,0,10,1,5,3,2.42,-0.49,-0.49,41.5,,,,,
SI,2024-05-13,94.3,-1.22,6.1,"Wesneski, Hayden",660670,669713,single,hit_into_play,,,,,5,Ronald Acuña Jr. singles on a ground ball to left fielder Mike Tauchman. Zack Short scores.,R,R,R,ATL,CHC,X,7,ground_ball,0,1,2024,-0.94,0.59,0.0707534486162178,2.66448495674483,,670097,,2,6,Bot,80.74,114.57,,,,,5.5278957944311555,-137.326240700072,-4.656158837733448,-13.12141624607724,27.771203648497114,-23.840017405121245,3.53,1.61,56,105.4,1,95.9,2065,7.0,747128,665804,683737,670156,666624,663538,643565,641355,673548,53.5,0.529,0.495,0.9,1,1,0,4,50,2,Sinker,1,0,1,0,0,2,2,0,Standard,Standard,210,0.107,0.712,74.5,7.9,0.589,-0.712,105.4,1,1,0.722,0.722,26,26,27,27,1,3,5,1,3,1,1.95,0.94,0.94,49.4,16.085714121223685,-8.914660627420892,31.29794576053707,36.69093904336441,40.19252883135552
SI,2024-05-13,94.9,-1.46,6.03,"Wesneski, Hayden",660670,669713,,swinging_strike,,,,,13,Swinging Strike,R,R,R,ATL,CHC,S,,,0,0,2024,-1.21,0.71,-0.9796607211503424,1.694933236374994,,670097,,2,6,Bot,,,,,,,4.02800207681336,-138.14176352208506,-7.405813012553749,-16.41088155952448,28.542850002519348,-21.68049115959243,3.53,1.61,,,,96.5,2230,7.0,747128,665804,683737,670156,666624,663538,643565,641355,673548,53.5,,,,,,,,50,1,Sinker,1,0,1,0,0,1,1,0,Standard,Standard,212,-0.005,-0.04,77.0,7.3,,0.04,,1,1,0.727,0.727,26,26,27,27,1,3,5,1,3,1,1.8,1.21,1.21,46.6,2.7377292584043045,5.601335217232976,39.47984404217674,25.971818570466993,27.097370614958606
FF,2024-05-13,92.9,2.36,5.42,"Imanaga, Shota",660670,684007,field_out,hit_into_play,,,,,5,Ronald Acuña Jr. flies out sharply to right fielder Seiya Suzuki.,R,R,L,ATL,CHC,X,9,fly_ball,3,1,2024,0.99,1.44,0.0584611410002856,2.3332132355798194,594807,671739,670097,2,4,Bot,187.71,107.29,,,,,-8.06558483671147,-134.97348184499228,-5.218650528163045,13.900795454987128,31.862602581787677,-13.666057909430304,3.53,1.61,274,100.7,54,92.7,2571,6.5,747128,665804,683737,670156,666624,663538,643565,641355,673548,54.05,0.003,0.002,0.0,1,0,0,3,33,5,4-Seam Fastball,0,0,0,0,0,0,0,0,Standard,Standard,146,-0.135,-0.437,81.0,8.2,0.003,0.437,100.7,0,0,0.635,0.635,30,26,31,27,3,2,6,1,5,1,1.23,0.99,-0.99,39.7,16.690878890017917,-3.3534184897298003,35.59849606595129,39.47703020701999,32.26610576439782
FS,2024-05-13,83.8,2.51,5.37,"Imanaga, Shota",660670,684007,,ball,,,,,13,Ball,R,R,L,ATL,CHC,B,,,2,1,2024,0.84,0.57,-0.0668449710758217,0.9981108906700338,594807,671739,670097,2,4,Bot,,,,,,,-7.64552293282931,-121.74751076031336,-4.809800741327306,9.86299832578784,24.229059499534348,-25.689466619602456,3.49350362776077,1.5241062390629,,,,84.0,1074,6.6,747128,665804,683737,670156,666624,663538,643565,641355,673548,53.95,,,,,,,,33,4,Split-Finger,0,0,0,0,0,0,0,0,Standard,Standard,136,0.035,0.123,,,,-0.123,,0,0,0.6,0.6,30,26,31,27,3,2,6,1,5,1,2.69,0.84,-0.84,41.1,,,,,
FF,2024-05-13,93.3,2.36,5.42,"Imanaga, Shota",660670,684007,,ball,,,,,13,Ball,R,R,L,ATL,CHC,B,,,1,1,2024,0.9,1.49,-0.8863367000581818,1.465500793488937,594807,671739,670097,2,4,Bot,,,,,,,-10.358688252943608,-135.32340660068252,-7.64835079722126,13.431642786038054,31.044259526855836,-12.352318204054765,3.57599898329919,1.60653863323206,,,,93.2,2543,6.5,747128,665804,683737,670156,666624,663538,643565,641355,673548,53.99,,,,,,,,33,3,4-Seam Fastball,0,0,0,0,0,0,0,0,Standard,Standard,149,0.016,0.052,,,,-0.052,,0,0,0.584,0.584,30,26,31,27,3,2,6,1,5,1,1.16,0.9,-0.9,44.1,,,,,
FF,2024-05-13,93.1,2.25,5.53,"Imanaga, Shota",660670,684007,,ball,,,,,11,Ball,R,R,L,ATL,CHC,B,,,0,1,2024,0.79,1.54,-1.631458315857102,3.05183684574635,594807,671739,670097,2,4,Bot,,,,,,,-11.703964289573102,-135.03158666472612,-3.900275963261016,12.336835900003129,30.88534064097359,-12.717638299434432,3.52100194599237,1.55158311489294,,,,92.9,2530,6.5,747128,665804,683737,670156,666624,663538,643565,641355,673548,54.02,,,,,,,,33,2,4-Seam Fastball,0,0,0,0,0,0,0,0,Standard,Standard,150,0.009,0.031,,,,-0.031,,0,0,0.575,0.575,30,26,31,27,3,2,6,1,5,1,1.12,0.79,-0.79,46.4,,,,,
FF,2024-05-13,93.4,2.4,5.5,"Imanaga, Shota",660670,684007,,swinging_strike,,,,,2,Swinging Strike,R,R,L,ATL,CHC,S,,,0,0,2024,0.82,1.55,0.0253739679137684,3.0662164531922658,594807,671739,670097,2,4,Bot,,,,,,,-7.951393863400469,-135.79460278181648,-3.880822336168612,12.0146042834273,31.746154492885836,-12.414847957400813,3.53,1.61,,,,93.2,2488,6.4,747128,665804,683737,670156,666624,663538,643565,641355,673548,54.12,,,,,,,,33,1,4-Seam Fastball,0,0,0,0,0,0,0,0,Standard,Standard,145,-0.013,-0.044,77.5,6.8,,0.044,,0,0,0.588,0.588,30,26,31,27,3,2,6,1,5,1,1.08,0.82,-0.82,41.3,-0.616927292963212,27.2614047196963,32.499734999796964,38.40341595172131,20.954863104839077
FF,2024-05-13,93.1,2.18,5.61,"Imanaga, Shota",660670,684007,strikeout,swinging_strike,,,,,5,Ronald Acuña Jr. strikes out swinging.,R,R,L,ATL,CHC,S,2,,2,2,2024,0.76,1.51,0.1887422337706693,2.898427966616567,,,,1,3,Bot,,,,,,,-6.769625036472392,-135.43867046106,-4.524307168221528,10.758471564337237,28.541694338126067,-12.731993026384004,3.53,1.61,,,,93.2,2460,6.3,747128,665804,683737,670156,666624,663538,643565,641355,673548,54.19,,0.0,0.0,1,0,0,,21,5,4-Seam Fastball,0,0,0,0,0,0,0,0,Standard,Standard,146,-0.015,-0.225,78.4,6.9,,0.225,,0,0,0.527,0.527,30,26,31,27,2,1,6,1,5,1,1.11,0.76,-0.76,43.9,2.650880645892818,31.436185273674074,33.367019897317526,37.92600199100991,22.86439976343984
FF,2024-05-13,93.5,2.26,5.64,"Imanaga, Shota",660670,684007,,ball,,,,,11,Ball,R,R,L,ATL,CHC,B,,,1,2,2024,0.79,1.4,-0.5605113150713383,4.103385003158689,,,,1,3,Bot,,,,,,,-9.013049538619798,-135.93778894626632,-1.30712955569878,11.748445365821585,28.709541280919986,-14.707278861207271,3.57599898329919,1.60653863323206,,,,93.6,2457,6.3,747128,665804,683737,670156,666624,663538,643565,641355,673548,54.17,,,,,,,,21,4,4-Seam Fastball,0,0,0,0,0,0,0,0,Standard,Standard,142,0.002,0.043,,,,-0.043,,0,0,0.525,0.525,30,26,31,27,2,1,6,1,5,1,1.21,0.79,-0.79,46.3,,,,,
FS,2024-05-13,84.2,2.5,5.46,"Imanaga, Shota",660670,684007,,foul,,,,,7,Foul,R,R,L,ATL,CHC,S,,,1,1,2024,0.94,0.6,-0.3287392639676579,1.5260980210531567,,,,1,3,Bot,,,,,,,-8.467710139675367,-122.45253695829624,-4.02717916062886,11.023325294502923,21.568798732880087,-25.51433248318116,3.53,1.61,207,75.7,54,84.9,1083,6.5,747128,665804,683737,670156,666624,663538,643565,641355,673548,53.97,,,,,,,,21,3,Split-Finger,0,0,0,0,0,0,0,0,Standard,Standard,132,-0.004,-0.061,77.4,7.5,,0.061,88.0,0,0,0.529,0.529,30,26,31,27,2,1,6,1,5,1,2.59,0.94,-0.94,43.2,5.664413241217809,8.202174552468188,43.47918380347082,34.20217644185021,31.833062293821143
FF,2024-05-13,93.0,2.35,5.62,"Imanaga, Shota",660670,684007,,ball,,,,,1,Ball,R,R,L,ATL,CHC,B,,,0,1,2024,0.83,1.34,-0.8016431896512287,3.193472569832987,,,,1,3,Bot,,,,,,,-9.901055400526385,-135.09043132423608,-3.3814680237792945,12.274351666859092,27.83169623651849,-15.156687860733346,3.56683270535352,1.62485758460243,,,,93.1,2358,6.3,747128,665804,683737,670156,666624,663538,643565,641355,673548,54.16,,,,,,,,21,2,4-Seam Fastball,0,0,0,0,0,0,0,0,Standard,Standard,147,0.002,0.024,,,,-0.024,,0,0,0.527,0.527,30,26,31,27,2,1,6,1,5,1,1.29,0.83,-0.83,41.6,,,,,
FF,2024-05-13,92.1,2.48,5.58,"Imanaga, Shota",660670,684007,,called_strike,,,,,5,Called Strike,R,R,L,ATL,CHC,S,,,0,0,2024,1.01,1.21,0.168761617873735,2.246192496402173,,,,1,3,Bot,,,,,,,-8.045334312925409,-133.8358265398172,-5.239872728818223,13.863464742537492,28.963335285153857,-16.676678580342116,3.54850040052317,1.49662996234001,,,,92.0,2447,6.3,747128,665804,683737,670156,666624,663538,643565,641355,673548,54.18,,,,,,,,21,1,4-Seam Fastball,0,0,0,0,0,0,0,0,Standard,Standard,149,-0.003,-0.037,,,,0.037,,0,0,0.53,0.53,30,26,31,27,2,1,6,1,5,1,1.49,1.01,-1.01,42.3,,,,,
FS,2024-05-13,82.7,2.58,5.56,"Imanaga, Shota",660670,684007,walk,blocked_ball,,,,,13,Ronald Acuña Jr. walks.,R,R,L,ATL,CHC,B,,,3,1,2024,0.88,0.74,-0.6203328053793149,0.660612149105857,,,,0,1,Bot,,,,,,,-8.998662306279993,-120.10808995217694,-6.125821885973064,10.222685270518609,21.754877838974693,-24.01545855976824,3.54850040052317,1.55158311489294,,,,82.8,1193,6.3,747128,665804,683737,670156,666624,663538,643565,641355,673548,54.16,,0.689131,0.7,1,0,0,,5,5,Split-Finger,0,0,0,0,0,0,0,0,Standard,Standard,131,0.021,0.287,,,,-0.287,,0,0,0.562,0.562,30,26,31,27,1,0,6,1,5,1,2.59,0.88,-0.88,39.8,,,,,
FF,2024-05-13,91.3,2.45,5.65,"Imanaga, Shota",660670,684007,,called_strike,,,,,6,Called Strike,R,R,L,ATL,CHC,S,,,3,0,2024,0.82,1.63,0.8273464950193591,2.6654227599779765,,,,0,1,Bot,,,,,,,-5.828482501801036,-132.85725606699535,-5.157137705316982,10.960056160152602,26.717198235640375,-11.89340837014842,3.63099650133555,1.63401726041828,,,,91.2,2465,6.1,747128,665804,683737,670156,666624,663538,643565,641355,673548,54.38,,,,,,,,5,4,4-Seam Fastball,0,0,0,0,0,0,0,0,Standard,Standard,149,-0.007,-0.09,,,,0.09,,0,0,0.569,0.569,30,26,31,27,1,0,6,1,5,1,1.09,0.82,-0.82,42.7,,,,,
FF,2024-05-13,91.4,2.27,5.75,"Imanaga, Shota",660670,684007,,ball,,,,,13,Ball,R,R,L,ATL,CHC,B,,,2,0,2024,0.67,1.51,-1.6173964915906345,1.735061453322217,,,,0,1,Bot,,,,,,,-11.175754813131974,-132.5849329032844,-7.4624419523175005,10.2432669765753,27.18096650068506,-12.852971130823546,3.54850040052317,1.60653863323206,,,,91.1,2480,6.2,747128,665804,683737,670156,666624,663538,643565,641355,673548,54.31,,,,,,,,5,3,4-Seam Fastball,0,0,0,0,0,0,0,0,Standard,Standard,154,0.011,0.147,,,,-0.147,,0,0,0.558,0.558,30,26,31,27,1,0,6,1,5,1,1.23,0.67,-0.67,43.5,,,,,
FF,2024-05-13,92.3,2.3,5.79,"Imanaga, Shota",660670,684007,,ball,,,,,1,Ball,R,R,L,ATL,CHC,B,,,1,0,2024,0.57,1.67,-0.4925040369830669,3.6058828394690337,,,,0,1,Bot,,,,,,,-8.315676446729382,-134.15158700478082,-3.3256123368242907,8.820464258378712,30.781429046184424,-11.479435784330796,3.60349768625558,1.66149645606087,,,,91.7,2488,6.2,747128,665804,683737,670156,666624,663538,643565,641355,673548,54.34,,,,,,,,5,2,4-Seam Fastball,0,0,0,0,0,0,0,0,Standard,Standard,152,0.007,0.069,,,,-0.069,,0,0,0.551,0.551,30,26,31,27,1,0,6,1,5,1,1.02,0.57,-0.57,45.1,,,,,
FF,2024-05-13,91.1,2.33,5.87,"Imanaga, Shota",660670,684007,,ball,,,,,11,Ball,R,R,L,ATL,CHC,B,,,0,0,2024,0.55,1.7,-0.5206591983327301,4.230000793811676,,,,0,1,Bot,,,,,,,-8.310532483852372,-132.38873476986757,-1.774270422456296,8.433707779117118,31.989930435758,-12.177115627201829,3.49350362776077,1.5241062390629,,,,90.2,2514,6.1,747128,665804,683737,670156,666624,663538,643565,641355,673548,54.37,,,,,,,,5,1,4-Seam Fastball,0,0,0,0,0,0,0,0,Standard,Standard,152,0.003,0.038,,,,-0.038,,0,0,0.548,0.548,30,26,31,27,1,0,6,1,5,1,1.08,0.55,-0.55,44.6,,,,,
SL,2024-05-12,89.3,-1.9,5.03,"Díaz, Edwin",660670,621242,strikeout,foul_tip,,,,,14,Ronald Acuña Jr. strikes out on a foul tip.,R,R,R,NYM,ATL,S,2,,2,2,2024,0.19,0.47,0.9937408394835214,1.9962951862938465,,,,1,9,Top,,,,,,,6.94823283197652,-129.92786535833818,-2.541831184934944,0.8300432949736668,24.657072141593424,-26.53541467513893,3.54,1.61,,,,92.4,2304,7.9,745825,621512,624413,643446,621563,596019,607043,664056,516782,52.56,,0.0,0.0,1,0,0,,71,7,Slider,2,3,3,2,3,2,3,2,Standard,Standard,189,0.011,-0.225,63.1,7.6,,0.225,,-1,1,0.183,0.817,30,26,30,27,1,4,6,1,1,1,2.37,-0.19,-0.19,26.3,3.3596230296192404,27.77630469364423,28.77673474114599,47.67773974247483,16.90150751246673
SL,2024-05-12,89.6,-1.91,5.01,"Díaz, Edwin",660670,621242,,foul,,,,,9,Foul,R,R,R,NYM,ATL,S,,,2,2,2024,0.03,0.49,0.5375996323579662,1.610560367349716,,,,1,9,Top,,,,,,,6.137900729877249,-130.49877216574308,-3.5525816402599686,-0.8701800939814536,25.573457290348507,-26.02753731643086,3.54,1.61,2,76.4,-40,92.1,2339,7.6,745825,621512,624413,643446,621563,596019,607043,664056,516782,52.9,,,,,,,,71,6,Slider,2,3,3,2,3,2,3,2,Standard,Standard,213,0.0,0.0,73.6,8.4,,0.0,88.0,-1,1,0.183,0.817,30,26,30,27,1,4,6,1,1,1,2.33,-0.03,-0.03,25.1,19.45542931254265,-1.8887627505079123,34.33614111379467,42.75459837127254,36.77126668913685
SL,2024-05-12,87.9,-1.85,5.09,"Díaz, Edwin",660670,621242,,foul,,,,,1,Foul,R,R,R,NYM,ATL,S,,,2,2,2024,0.27,0.18,-0.3978620808099401,3.5123402817119653,,,,1,9,Top,,,,,,,3.046839792991433,-128.04931377364483,1.9385701466221483,2.359844514158302,24.83519509675772,-30.793636661836572,3.54,1.61,165,73.2,17,90.3,2400,7.5,745825,621512,624413,643446,621563,596019,607043,664056,516782,52.96,,,,,,,,71,5,Slider,2,3,3,2,3,2,3,2,Standard,Standard,125,0.0,0.0,69.9,6.1,,0.0,88.0,-1,1,0.183,0.817,30,26,30,27,1,4,6,1,1,1,2.75,-0.27,-0.27,25.7,3.6164018575403727,18.14046881392466,23.536468519939415,31.252212268718704,22.703542226361975
FF,2024-05-12,96.1,-1.96,4.84,"Díaz, Edwin",660670,621242,,ball,,,,,14,Ball,R,R,R,NYM,ATL,B,,,1,2,2024,-1.11,1.16,1.3220665997903034,2.4641878684514893,,,,1,9,Top,,,,,,,11.524414580951602,-139.45651007261952,-3.3818431513480673,-17.05827807464008,31.284432501013423,-16.443724512710308,3.62912630877344,1.67230515639538,,,,98.6,2343,7.8,745825,621512,624413,643446,621563,596019,607043,664056,516782,52.66,,,,,,,,71,4,4-Seam Fastball,2,3,3,2,3,2,3,2,Standard,Standard,232,-0.002,0.043,,,,-0.043,,-1,1,0.185,0.815,30,26,30,27,1,4,6,1,1,1,1.32,1.11,1.11,17.2,,,,,
FF,2024-05-12,96.0,-1.93,4.86,"Díaz, Edwin",660670,621242,,ball,,,,,11,Ball,R,R,R,NYM,ATL,B,,,0,2,2024,-1.15,1.51,-1.6092350399662594,4.71076240183573,,,,1,9,Top,,,,,,,3.575313205617313,-139.5385975791554,1.9754265619153428,-15.777145963126753,37.8355179000409,-13.580282091565328,3.57642440564316,1.69867896851095,,,,97.8,2470,7.9,745825,621512,624413,643446,621563,596019,607043,664056,516782,52.64,,,,,,,,71,3,4-Seam Fastball,2,3,3,2,3,2,3,2,Standard,Standard,229,-0.001,0.02,,,,-0.02,,-1,1,0.186,0.8140000000000001,30,26,30,27,1,4,6,1,1,1,1.01,1.15,1.15,17.9,,,,,
SL,2024-05-12,87.8,-2.01,5.16,"Díaz, Edwin",660670,621242,,called_strike,,,,,6,Called Strike,R,R,R,NYM,ATL,S,,,0,1,2024,-0.01,0.71,0.5336177459031879,2.6972742163051233,,,,1,9,Top,,,,,,,6.328635344379598,-127.83164753082652,-1.3443883711014022,-1.3520144728973154,25.66994637735523,-24.32118964262416,3.57642440564316,1.67230515639538,,,,90.2,2393,7.7,745825,621512,624413,643446,621563,596019,607043,664056,516782,52.83,,,,,,,,71,2,Slider,2,3,3,2,3,2,3,2,Standard,Standard,203,0.003,-0.057,,,,0.057,,-1,1,0.183,0.817,30,26,30,27,1,4,6,1,1,1,2.24,0.01,0.01,25.8,,,,,
SL,2024-05-12,87.7,-1.95,5.21,"Díaz, Edwin",660670,621242,,called_strike,,,,,9,Called Strike,R,R,R,NYM,ATL,S,,,0,0,2024,-0.02,0.82,0.8182989358700316,1.7560481313924756,,,,1,9,Top,,,,,,,6.89519889338664,-127.47043107015196,-3.904509372458079,-1.7709345846618845,29.020764426305977,-22.681975877136896,3.60277562628553,1.67230515639538,,,,89.3,2580,7.6,745825,621512,624413,643446,621563,596019,607043,664056,516782,52.93,,,,,,,,71,1,Slider,2,3,3,2,3,2,3,2,Standard,Standard,189,0.002,-0.037,,,,0.037,,-1,1,0.181,0.819,30,26,30,27,1,4,6,1,1,1,2.18,0.02,0.02,28.8,,,,,
ST,2024-05-12,84.9,-2.04,5.6,"Garrett, Reed",660670,657585,walk,ball,,,,,14,Ronald Acuña Jr. walks.,R,R,R,NYM,ATL,B,,,3,1,2024,1.04,0.35,2.253937376609972,1.3761491460896034,,,,1,7,Top,,,,,,,7.952900848117153,-123.36067898723248,-4.195587517556687,8.885184974103405,26.372062095153424,-27.880439553368003,3.51725948790813,1.63943286232294,,,,84.6,2813,6.4,745825,553882,624413,643446,621563,596019,621466,664056,516782,54.14,,0.689131,0.7,1,0,0,,54,5,Sweeper,2,2,2,2,2,2,2,2,Standard,Standard,47,-0.025,0.256,,,,-0.256,,0,0,0.522,0.478,31,26,31,27,1,3,5,1,4,1,2.84,-1.04,-1.04,36.2,,,,,
FF,2024-05-12,96.7,-1.73,5.73,"Garrett, Reed",660670,657585,,ball,,,,,14,Ball,R,R,R,NYM,ATL,B,,,2,1,2024,-0.93,1.47,1.494904590154102,1.8184692413743695,,,,1,7,Top,,,,,,,10.698957708141238,-140.19587201955335,-8.15929608284844,-14.839003932127158,34.03850975367689,-10.958561829154716,3.51725948790813,1.63943286232294,,,,96.2,2404,6.4,745825,553882,624413,643446,621563,596019,621466,664056,516782,54.13,,,,,,,,54,4,4-Seam Fastball,2,2,2,2,2,2,2,2,Standard,Standard,223,-0.013,0.122,,,,-0.122,,0,0,0.535,0.4649999999999999,31,26,31,27,1,3,5,1,4,1,1.0,0.93,0.93,39.7,,,,,
ST,2024-05-12,84.8,-2.04,5.64,"Garrett, Reed",660670,657585,,called_strike,,,,,14,Called Strike,R,R,R,NYM,ATL,S,,,2,0,2024,1.29,0.04,1.1771374631723557,2.2496734614061995,,,,1,7,Top,,,,,,,4.942735539401988,-123.4130938966682,-1.6116447057885737,12.006329398178709,26.502958580179556,-31.668069166088692,3.41240463427586,1.56077511212257,,,,84.6,2784,6.3,745825,553882,624413,643446,621563,596019,621466,664056,516782,54.17,,,,,,,,54,3,Sweeper,2,2,2,2,2,2,2,2,Standard,Standard,47,0.009,-0.065,,,,0.065,,0,0,0.526,0.474,31,26,31,27,1,3,5,1,4,1,3.15,-1.29,-1.29,39.4,,,,,
ST,2024-05-12,85.0,-2.09,5.67,"Garrett, Reed",660670,657585,,ball,,,,,14,Ball,R,R,R,NYM,ATL,B,,,1,0,2024,1.01,0.13,1.1883801054629115,2.3268121611756833,,,,1,7,Top,,,,,,,5.639689100391951,-123.68835807403254,-1.7573652091139986,9.234067972989637,25.01496050133788,-30.733641580994295,3.43819745903023,1.58668281740678,,,,84.9,2831,6.2,745825,553882,624413,643446,621563,596019,621466,664056,516782,54.26,,,,,,,,54,2,Sweeper,2,2,2,2,2,2,2,2,Standard,Standard,61,-0.009,0.072,,,,-0.072,,0,0,0.535,0.4649999999999999,31,26,31,27,1,3,5,1,4,1,3.03,-1.01,-1.01,38.0,,,,,
SI,2024-05-12,95.4,-1.96,5.67,"Garrett, Reed",660670,657585,,ball,,,,,13,Ball,R,R,R,NYM,ATL,B,,,0,0,2024,-1.58,1.01,-1.1169170041692411,0.8340209904906983,,,,1,7,Top,,,,,,,5.765092912957578,-138.54758511768622,-9.31693564311103,-21.660227345698058,31.519479126180514,-17.268991743533707,3.49090599344527,1.58668281740678,,,,95.1,2441,6.3,745825,553882,624413,643446,621563,596019,621466,664056,516782,54.23,,,,,,,,54,1,Sinker,2,2,2,2,2,2,2,2,Standard,Standard,224,-0.004,0.039,,,,-0.039,,0,0,0.539,0.4609999999999999,31,26,31,27,1,3,5,1,4,1,1.51,1.58,1.58,34.9,,,,,
SI,2024-05-12,96.0,-1.99,5.9,"Severino, Luis",660670,622663,single,hit_into_play,,,,,4,Ronald Acuña Jr. singles on a ground ball to left fielder DJ Stewart.,R,R,R,NYM,ATL,X,7,ground_ball,0,1,2024,-1.41,0.85,-0.6015229319602156,2.249581170715782,,,,1,5,Top,70.95,109.34,,,,,6.836724294547255,-139.46953365849706,-5.946908733149417,-19.92001133622619,32.53961140094812,-19.93244658911232,3.54,1.61,113,110.0,5,95.6,2062,6.3,745825,553882,624413,643446,683146,596019,621466,664056,516782,54.25,0.703,0.676,0.9,1,1,0,4,36,2,Sinker,1,1,1,1,1,1,1,1,Standard,Standard,213,-0.036,0.458,77.4,8.0,0.829,-0.458,110.0,0,0,0.533,0.4669999999999999,30,26,30,27,3,2,7,1,6,1,1.64,1.41,1.41,37.8,17.959370029590076,-4.560047323957159,35.47111478640451,31.98718147408572,35.236645661197
ST,2024-05-12,83.5,-2.39,5.79,"Severino, Luis",660670,622663,,swinging_strike,,,,,5,Swinging Strike,R,R,R,NYM,ATL,S,,,0,0,2024,1.48,0.35,0.1137615452283395,2.616421942493293,,,,1,5,Top,,,,,,,2.835393101527912,-121.5700848658585,-1.5238327203539508,14.014847407082982,25.30764440359748,-28.677484228512295,3.54,1.61,,,,82.9,2331,6.0,745825,553882,624413,643446,683146,596019,621466,664056,516782,54.52,,,,,,,,36,1,Sweeper,1,1,1,1,1,1,1,1,Standard,Standard,71,0.003,-0.037,79.9,7.5,,0.037,,0,0,0.53,0.47,30,26,30,27,3,2,7,1,6,1,2.94,-1.48,-1.48,35.8,14.15748856228638,5.493580246431513,34.65376662994355,40.32666225546331,30.26461742228903
SL,2024-05-12,87.1,-2.24,5.72,"Severino, Luis",660670,622663,field_out,hit_into_play,,,,,9,"Ronald Acuña Jr. grounds out, third baseman Brett Baty to first baseman Pete Alonso.",R,R,R,NYM,ATL,X,5,ground_ball,3,2,2024,0.73,0.48,0.4572685758873636,2.063565339972531,,,,2,2,Top,108.11,164.12,,,,,4.968568229049864,-126.75326310400251,-3.5670432648733703,6.734188592280113,27.238046331514983,-26.462915433866034,3.54,1.61,3,87.2,-32,86.9,2457,6.3,745825,553882,624413,643446,683146,596019,621466,664056,516782,54.25,0.082,0.078,0.0,1,0,0,2,14,6,Slider,0,1,1,0,1,0,1,0,Standard,Standard,90,0.012,-0.325,75.9,7.7,0.126,0.325,88.0,-1,1,0.431,0.569,30,26,30,27,2,1,7,1,6,1,2.54,-0.73,-0.73,37.8,11.793987425327018,13.200295905303909,35.19375037562126,41.151639971997795,28.924374978776697
SI,2024-05-12,93.8,-1.98,6.0,"Severino, Luis",660670,622663,,ball,,,,,13,Ball,R,R,R,NYM,ATL,B,,,2,2,2024,-1.32,0.98,-1.2917769529339984,1.7632954198129742,,,,2,2,Top,,,,,,,4.717285434986799,-136.4535299067641,-7.390875190631178,-17.57313775686832,30.355624708016354,-18.481012886604248,3.54054213306866,1.66578835956025,,,,93.8,2041,6.3,745825,553882,624413,643446,683146,596019,621466,664056,516782,54.19,,,,,,,,14,5,Sinker,0,1,1,0,1,0,1,0,Standard,Standard,210,-0.003,0.106,,,,-0.106,,-1,1,0.434,0.5660000000000001,30,26,30,27,2,1,7,1,6,1,1.61,1.32,1.32,44.7,,,,,
SI,2024-05-12,94.7,-1.73,5.96,"Severino, Luis",660670,622663,,foul,,,,,4,Foul,R,R,R,NYM,ATL,S,,,2,1,2024,-1.26,1.04,-0.8073237171680598,2.7901075781034543,,,,2,2,Top,,,,,,,5.212191295553925,-137.7171268883315,-4.905790133897524,-17.13791807956661,31.663627678201333,-17.99825667976273,3.54,1.61,3,,-43,94.7,1940,6.4,745825,553882,624413,643446,683146,596019,621466,664056,516782,54.12,,,,,,,,14,4,Sinker,0,1,1,0,1,0,1,0,Standard,Standard,212,0.002,-0.084,77.2,7.6,,0.084,,-1,1,0.432,0.5680000000000001,30,26,30,27,2,1,7,1,6,1,1.51,1.26,1.26,45.6,23.242420505391024,-14.255922164447076,28.770274517398605,28.408797137799112,37.63938260599444
FC,2024-05-12,91.9,-1.89,5.91,"Severino, Luis",660670,622663,,called_strike,,,,,14,Called Strike,R,R,R,NYM,ATL,S,,,2,0,2024,0.16,0.73,0.9302261441573468,2.3453735922182477,,,,2,2,Top,,,,,,,6.79924938183448,-133.70170957928192,-4.762305282427597,0.4773073797269591,28.92906308573845,-22.638642513480196,3.51473126610688,1.61349135517644,,,,92.0,2132,6.4,745825,553882,624413,643446,683146,596019,621466,664056,516782,54.15,,,,,,,,14,3,Cutter,0,1,1,0,1,0,1,0,Standard,Standard,184,0.002,-0.061,,,,0.061,,-1,1,0.43,0.5700000000000001,30,26,30,27,2,1,7,1,6,1,1.98,-0.16,-0.16,41.3,,,,,
CH,2024-05-12,86.5,-1.82,5.73,"Severino, Luis",660670,622663,,ball,,,,,14,Ball,R,R,R,NYM,ATL,B,,,1,0,2024,-1.3,0.88,0.2007084052379244,0.6819574394545838,,,,2,2,Top,,,,,,,7.49692554709217,-125.52503990425636,-7.593266196013189,-15.277362760871378,26.522683743391305,-21.438534519194228,3.54054213306866,1.63941379804676,,,,86.7,1589,6.7,745825,553882,624413,643446,683146,596019,621466,664056,516782,53.83,,,,,,,,14,2,Changeup,0,1,1,0,1,0,1,0,Standard,Standard,244,-0.002,0.068,,,,-0.068,,-1,1,0.432,0.5680000000000001,30,26,30,27,2,1,7,1,6,1,2.19,1.3,1.3,38.8,,,,,
SI,2024-05-12,94.1,-1.82,6.03,"Severino, Luis",660670,622663,,ball,,,,,11,Ball,R,R,R,NYM,ATL,B,,,0,0,2024,-1.21,1.27,-1.1382774806219256,3.4894831838414495,,,,2,2,Top,,,,,,,4.460779647147399,-136.8935820067027,-3.673174013654286,-16.227560325548232,31.70736676057949,-15.625754098477849,3.59629104007138,1.63941379804676,,,,93.8,2089,6.2,745825,553882,624413,643446,683146,596019,621466,664056,516782,54.25,,,,,,,,14,1,Sinker,0,1,1,0,1,0,1,0,Standard,Standard,206,-0.001,0.04,,,,-0.04,,-1,1,0.433,0.567,30,26,30,27,2,1,7,1,6,1,1.32,1.21,1.21,45.3,,,,,
SI,2024-05-12,95.1,-1.95,6.03,"Severino, Luis",660670,622663,field_out,hit_into_play,,,,,11,"Ronald Acuña Jr. grounds out softly, pitcher Luis Severino to first baseman Pete Alonso.",R,R,R,NYM,ATL,X,1,ground_ball,0,1,2024,-1.31,0.99,-1.126456463962464,3.1229504470377902,,,,0,1,Top,135.02,186.92,,,,,5.077017374206395,-138.43621779343152,-4.190964703230972,-17.949711164020254,31.06052530198126,-18.64975390915688,3.54,1.61,3,43.9,-47,94.9,2008,6.2,745825,553882,624413,643446,683146,596019,621466,664056,516782,54.35,0.302,0.275,0.0,1,0,0,1,1,2,Sinker,0,0,0,0,0,0,0,0,Standard,Standard,221,0.019,-0.217,38.6,5.3,0.306,0.217,88.0,0,0,0.503,0.497,30,26,30,27,1,0,7,1,6,1,1.52,1.31,1.31,42.6,-11.387044960021637,29.99278751155014,38.48416875766665,23.21293317727698,17.723425602123154
FF,2024-05-12,95.4,-1.77,6.09,"Severino, Luis",660670,622663,,foul,,,,,6,Foul,R,R,R,NYM,ATL,S,,,0,0,2024,-0.72,1.39,0.318024843760058,2.5818031518341664,,,,0,1,Top,,,,,,,7.091913274713541,-138.55765557867832,-6.676543518404708,-10.90246930316146,32.224863716437646,-12.897238919947092,3.54,1.61,247,92.6,54,95.0,2306,6.3,745825,553882,624413,643446,683146,596019,621466,664056,516782,54.23,,,,,,,,1,1,4-Seam Fastball,0,0,0,0,0,0,0,0,Standard,Standard,214,0.003,-0.037,79.9,7.7,,0.037,92.6,0,0,0.5,0.5,30,26,30,27,1,0,7,1,6,1,1.13,0.72,0.72,42.7,14.521875098819448,6.025722738119716,31.748933874647296,41.58654965708112,27.072162652963215
FF,2024-05-11,93.5,-1.67,5.72,"López, Jorge",660670,605347,walk,ball,,,,,11,Ronald Acuña Jr. walks. Marcell Ozuna scores. Michael Harris II to 3rd. Orlando Arcia to 2nd.,R,R,R,NYM,ATL,B,,,3,2,2024,-1.12,1.12,-1.2067895226362857,2.697920417417671,542303,671739,606115,2,9,Top,,,,,,,3.6804239594985626,-136.0319186347305,-4.508535152482431,-14.695803861937028,31.10739668345958,-17.45187049587504,3.49826583474136,1.62294868838637,,,,93.8,2006,6.6,745828,553882,624413,643446,683146,596019,621438,664056,621466,53.94,,0.689131,0.7,1,0,0,,66,6,4-Seam Fastball,0,3,3,0,4,0,4,0,Standard,Standard,223,-0.015,0.251,,,,-0.251,,-3,3,0.029,0.971,31,26,31,27,1,4,4,1,2,1,1.49,1.12,1.12,35.0,,,,,
FF,2024-05-11,94.6,-1.7,5.72,"López, Jorge",660670,605347,,foul,,,,,7,Foul,R,R,R,NYM,ATL,S,,,3,1,2024,-1.21,1.04,-0.3223542304064308,1.9413312064680504,542303,671739,606115,2,9,Top,,,,,,,6.304600159754235,-137.50382431885615,-6.4880998411964015,-16.77669279905349,31.56439050423305,-17.716322194786112,3.54,1.61,3,95.0,-35,94.7,1939,6.5,745828,553882,624413,643446,683146,596019,621438,664056,621466,53.98,,,,,,,,66,5,4-Seam Fastball,0,3,3,0,3,0,3,0,Standard,Standard,220,0.004,-0.07,77.3,8.2,,0.07,95.0,-3,3,0.025,0.975,31,26,31,27,1,4,4,1,2,1,1.52,1.21,1.21,33.5,20.75004929417922,-2.3900408478425064,35.87791049588377,32.46097108455723,38.01658581862104
SL,2024-05-11,86.5,-1.75,5.71,"López, Jorge",660670,605347,,blocked_ball,,,,,14,Ball In Dirt,R,R,R,NYM,ATL,B,,,2,1,2024,0.47,0.09,1.693072068367215,0.3615982667988913,542303,671739,606115,2,9,Top,,,,,,,7.289858656553367,-125.84928750751445,-6.859029026031852,3.7497490915323097,21.728507226633187,-30.127126534093257,3.49826583474136,1.72274200751446,,,,87.4,2257,6.6,745828,553882,624413,643446,683146,596019,621438,664056,621466,53.94,,,,,,,,66,4,Slider,0,3,3,0,3,0,3,0,Standard,Standard,66,-0.005,0.123,,,,-0.123,,-3,3,0.03,0.97,31,26,31,27,1,4,4,1,2,1,2.92,-0.47,-0.47,39.1,,,,,
SI,2024-05-11,94.5,-1.66,5.76,"López, Jorge",660670,605347,,ball,,,,,11,Ball,R,R,R,NYM,ATL,B,,,1,1,2024,-1.44,0.8,-1.641726973025654,3.071830637574074,542303,671739,606115,2,9,Top,,,,,,,3.2751519303101957,-137.50978033526522,-3.0637230875692523,-18.98325418595592,33.355325234000915,-21.538649702711854,3.54844020046924,1.67284229553025,,,,94.5,2007,6.5,745828,553882,624413,643446,683146,596019,621438,664056,621466,54.01,,,,,,,,66,3,Sinker,0,3,3,0,3,0,3,0,Standard,Standard,226,-0.003,0.052,,,,-0.052,,-3,3,0.033,0.967,31,26,31,27,1,4,4,1,2,1,1.77,1.44,1.44,36.6,,,,,
SI,2024-05-11,94.8,-1.64,5.76,"López, Jorge",660670,605347,,foul,,,,,4,Foul,R,R,R,NYM,ATL,S,,,1,0,2024,-1.31,0.94,-0.5772858428502614,2.7919499826533487,542303,671739,606115,2,9,Top,,,,,,,5.716294209416155,-137.89737252006293,-4.1898095627125045,-17.97437377835274,30.761142705040022,-19.47971510743639,3.54,1.61,6,87.0,-27,95.2,1957,6.5,745828,553882,624413,643446,683146,596019,621438,664056,621466,53.97,,,,,,,,66,2,Sinker,0,3,3,0,3,0,3,0,Standard,Standard,229,0.003,-0.044,83.7,8.7,,0.044,88.0,-3,3,0.03,0.97,31,26,31,27,1,4,4,1,2,1,1.6,1.31,1.31,36.7,26.21037428004631,-26.806769505314776,32.342002356061386,30.341992520472957,42.550921768467205
SI,2024-05-11,95.0,-1.94,5.69,"López, Jorge",660670,605347,,ball,,,,,11,Ball,R,R,R,NYM,ATL,B,,,0,0,2024,-1.4,0.76,-1.0646583796762283,3.872448768341353,542303,671739,606115,2,9,Top,,,,,,,5.443801222932671,-138.30274687996751,-0.833203989959709,-19.161749988239855,30.650236528061072,-22.40908808992113,3.52335132290617,1.67284229553025,,,,95.2,1943,6.4,745828,553882,624413,643446,683146,596019,621438,664056,621466,54.12,,,,,,,,66,1,Sinker,0,3,3,0,3,0,3,0,Standard,Standard,228,-0.002,0.031,,,,-0.031,,-3,3,0.032,0.968,31,26,31,27,1,4,4,1,2,1,1.76,1.4,1.4,39.4,,,,,
FF,2024-05-11,96.9,-0.95,5.54,"Reid-Foley, Sean",660670,656887,grounded_into_double_play,hit_into_play,,,,,6,"Ronald Acuña Jr. grounds into a double play, second baseman Jeff McNeil to shortstop Francisco Lindor to first baseman Pete Alonso. Jarred Kelenic out at 2nd. Ronald Acuña Jr. out at 1st.",R,R,R,NYM,ATL,X,4,ground_ball,2,2,2024,-0.59,1.39,0.7500941745697794,2.8971574761426595,518595,671739,672284,1,7,Top,151.45,153.29,,,,,5.945238488440605,-141.0137372303195,-4.780940725408,-9.090491285463456,28.7907791716721,-12.719907017427024,3.54,1.61,143,105.4,7,98.4,2270,6.9,745828,621512,624413,643446,683146,596019,621438,664056,516782,53.59,0.639,0.588,0.0,1,0,0,4,48,5,4-Seam Fastball,0,3,3,0,3,0,3,0,Standard,Standard,212,0.055,-0.232,73.7,7.1,0.716,0.232,105.4,-3,3,0.073,0.927,28,26,29,27,1,3,4,1,2,1,1.02,0.59,0.59,47.8,5.31513904924763,17.993499306658524,24.067586506311763,43.594802028646136,24.1357149287024
CH,2024-05-11,90.2,-1.32,5.37,"Reid-Foley, Sean",660670,656887,,blocked_ball,,,,,14,Ball In Dirt,R,R,R,NYM,ATL,B,,,1,2,2024,-0.93,0.01,0.4600449106481356,0.290551202246887,518595,671739,672284,1,7,Top,,,,,,,6.510976472833009,-131.1206155259617,-6.713450972055142,-12.180419685650808,29.060465601170343,-30.812309447520832,3.57396344264574,1.64819777513949,,,,91.1,1159,7.0,745828,621512,624413,643446,683146,596019,621438,664056,516782,53.48,,,,,,,,48,4,Changeup,0,3,3,0,3,0,3,0,Standard,Standard,226,-0.005,0.04,,,,-0.04,,-3,3,0.078,0.922,28,26,29,27,1,3,4,1,2,1,2.81,0.93,0.93,43.3,,,,,
FF,2024-05-11,96.1,-1.01,5.57,"Reid-Foley, Sean",660670,656887,,foul,,,,,4,Foul,R,R,R,NYM,ATL,S,,,1,1,2024,-0.59,1.37,-0.3149198255404346,2.8192203347607023,518595,671739,672284,1,7,Top,,,,,,,3.227550738053078,-139.73675946078404,-4.759278731398904,-8.464037776488665,36.71495523232884,-13.438252109613057,3.54,1.61,150,72.8,63,96.5,2217,7.0,745828,621512,624413,643446,683146,596019,621438,664056,516782,53.54,,,,,,,,48,3,4-Seam Fastball,0,3,3,0,3,0,3,0,Standard,Standard,213,0.008,-0.07,74.9,6.7,,0.07,88.0,-3,3,0.07,0.93,28,26,29,27,1,3,4,1,2,1,1.14,0.59,0.59,48.9,4.696745853262626,9.535547549612405,32.32288043238088,31.5205092812371,26.65180571322254
SL,2024-05-11,87.8,-1.22,5.35,"Reid-Foley, Sean",660670,656887,,blocked_ball,,,,,14,Ball In Dirt,R,R,R,NYM,ATL,B,,,0,1,2024,0.28,0.26,2.1039109651686947,0.1383043635214962,518595,671739,672284,1,7,Top,,,,,,,7.519243427558925,-127.5718060204167,-7.099147350937411,1.6756427606039015,24.384230839515023,-28.11238430272105,3.57396344264574,1.64819777513949,,,,88.7,2099,6.8,745828,621512,624413,643446,683146,596019,621438,664056,516782,53.72,,,,,,,,48,2,Slider,0,3,3,0,3,0,3,0,Standard,Standard,190,-0.003,0.017,,,,-0.017,,-3,3,0.073,0.927,28,26,29,27,1,3,4,1,2,1,2.69,-0.28,-0.28,41.6,,,,,
SL,2024-05-11,86.9,-1.2,5.43,"Reid-Foley, Sean",660670,656887,,swinging_strike,,,,,14,Swinging Strike,R,R,R,NYM,ATL,S,,,0,0,2024,0.42,0.15,1.623919906796318,1.1883064043648317,518595,671739,672284,1,7,Top,,,,,,,5.979681522735142,-126.44897387169088,-4.361188972653145,3.346474402108248,24.80591330534942,-29.841703583952384,3.54,1.61,,,,88.0,2061,6.9,745828,621512,624413,643446,683146,596019,621438,664056,516782,53.62,,,,,,,,48,1,Slider,0,3,3,0,3,0,3,0,Standard,Standard,174,0.004,-0.041,60.9,8.5,,0.041,,-3,3,0.069,0.931,28,26,29,27,1,3,4,1,2,1,2.85,-0.42,-0.42,44.5,21.50353941672755,-5.707114750807795,37.63120191394191,55.59328335044026,42.80425975202271
FF,2024-05-11,93.2,-2.65,5.23,"Scott, Christian",660670,681035,field_out,hit_into_play,,,,,3,Ronald Acuña Jr. lines out to third baseman Brett Baty.,R,R,R,NYM,ATL,X,5,line_drive,0,0,2024,-0.78,1.29,0.2828819221335658,2.9539729356187063,,,,1,5,Top,92.18,156.09,,,,,9.406934695538814,-135.36334756457725,-2.8778128893792108,-11.757627665906885,32.99532443024985,-15.986974171335246,3.54,1.61,139,85.9,11,94.2,2097,7.3,745828,621512,624413,643446,683146,596019,621438,664056,516782,53.24,0.637,0.593,0.0,1,0,0,4,33,1,4-Seam Fastball,0,3,3,0,3,0,3,0,Standard,Standard,223,0.009,-0.256,79.3,8.1,0.717,0.256,88.0,-3,3,0.176,0.8240000000000001,25,26,25,27,3,2,7,1,6,1,1.37,0.78,0.78,32.7,19.685989383167385,-12.503166659810974,27.69305838959965,40.89619113226764,44.63445305680008
FF,2024-05-11,94.8,-2.63,5.15,"Scott, Christian",660670,681035,strikeout,called_strike,,,,,12,Ronald Acuña Jr. called out on strikes.,R,R,R,NYM,ATL,S,2,,2,2,2024,-0.7,1.53,1.05625008127898,2.72181142591944,,,,1,3,Top,,,,,,,11.339586081823157,-137.47851036408358,-4.055319698891027,-11.678944242360792,34.63523346482296,-12.098387761804409,3.56600601902837,1.58567554753349,,,,95.4,2262,7.1,745828,621512,624413,643446,683146,596019,607043,664056,516782,53.38,,0.0,0.0,1,0,0,,16,5,4-Seam Fastball,0,2,2,0,2,0,2,0,Standard,Standard,225,0.011,-0.225,,,,0.225,,-2,2,0.308,0.692,25,26,25,27,2,1,7,1,6,1,1.05,0.7,0.7,30.9,,,,,
SL,2024-05-11,87.1,-2.69,5.24,"Scott, Christian",660670,681035,,ball,,,,,12,Ball,R,R,R,NYM,ATL,B,,,1,2,2024,0.32,0.08,1.7668171520972638,3.74360151399398,,,,1,3,Top,,,,,,,10.15967918318235,-126.36234021609602,2.5222300351942932,1.304847408111638,26.669698176491597,-32.10244860609691,3.52377699919267,1.62325018568835,,,,88.1,2357,7.1,745828,621512,624413,643446,683146,596019,607043,664056,516782,53.37,,,,,,,,16,4,Slider,0,2,2,0,2,0,2,0,Standard,Standard,109,-0.002,0.043,,,,-0.043,,-2,2,0.31,0.69,25,26,25,27,2,1,7,1,6,1,2.95,-0.32,-0.32,38.5,,,,,
FS,2024-05-11,85.9,-2.72,5.11,"Scott, Christian",660670,681035,,swinging_strike,,,,,13,Swinging Strike,R,R,R,NYM,ATL,S,,,1,1,2024,-1.17,-0.16,-0.7556164740470812,0.6964070802375417,,,,1,3,Top,,,,,,,7.163465481017661,-124.89716915349425,-3.86843692842833,-13.741280279152514,26.87243711722355,-33.2509553750412,3.54,1.61,,,,87.2,1515,7.3,745828,621512,624413,643446,683146,596019,607043,664056,516782,53.22,,,,,,,,16,3,Split-Finger,0,2,2,0,2,0,2,0,Standard,Standard,242,0.003,-0.061,,,,0.061,,-2,2,0.307,0.6930000000000001,25,26,25,27,2,1,7,1,6,1,3.27,1.17,1.17,33.3,,,,,
ST,2024-05-11,83.1,-2.85,5.09,"Scott, Christian",660670,681035,,ball,,,,,12,Ball,R,R,R,NYM,ATL,B,,,0,1,2024,0.94,0.88,1.404928173898112,2.982541737132064,,,,1,3,Top,,,,,,,8.072280033108186,-120.73031079389771,0.0097150589211363,7.426592055447987,25.351936121764695,-23.8816940766915,3.49868891495893,1.62325018568835,,,,84.4,2509,7.4,745828,621512,624413,643446,683146,596019,607043,664056,516782,53.06,,,,,,,,16,2,Sweeper,0,2,2,0,2,0,2,0,Standard,Standard,84,-0.001,0.024,,,,-0.024,,-2,2,0.308,0.692,25,26,25,27,2,1,7,1,6,1,2.46,-0.94,-0.94,30.8,,,,,
SL,2024-05-11,88.3,-2.76,5.27,"Scott, Christian",660670,681035,,called_strike,,,,,6,Called Strike,R,R,R,NYM,ATL,S,,,0,0,2024,0.27,0.34,0.5740466298989104,2.7458805206606316,,,,1,3,Top,,,,,,,7.650017072033181,-128.52936447789736,-0.8191130407049074,1.5970828687174057,24.5672381758905,-28.38973836429555,3.52377699919267,1.64819777513949,,,,89.9,2292,7.1,745828,621512,624413,643446,683146,596019,607043,664056,516782,53.43,,,,,,,,16,1,Slider,0,2,2,0,2,0,2,0,Standard,Standard,175,0.002,-0.037,,,,0.037,,-2,2,0.306,0.694,25,26,25,27,2,1,7,1,6,1,2.56,-0.27,-0.27,34.9,,,,,
SL,2024-05-11,88.0,-2.83,5.3,"Scott, Christian",660670,681035,strikeout,swinging_strike,,,,,14,Ronald Acuña Jr. strikes out swinging.,R,R,R,NYM,ATL,S,2,,1,2,2024,0.27,0.44,1.9256769976720776,2.24559489678178,,,,0,1,Top,,,,,,,10.994736531013322,-127.7088017707717,-2.2109658723547394,0.8031173907925889,25.168615712133192,-27.099445930912427,3.54,1.61,,,,88.3,2458,6.6,745828,621512,624413,643446,683146,596019,607043,664056,516782,53.94,,0.0,0.0,1,0,0,,1,4,Slider,0,0,0,0,0,0,0,0,Standard,Standard,153,0.015,-0.186,67.5,8.1,,0.186,,0,0,0.507,0.493,25,26,25,27,1,0,7,1,6,1,2.51,-0.27,-0.27,32.5,15.651447779499126,4.693902207493308,32.570897806840115,58.06710967133038,32.09277272337738
ST,2024-05-11,83.7,-2.84,5.21,"Scott, Christian",660670,681035,,ball,,,,,12,Ball,R,R,R,NYM,ATL,B,,,0,2,2024,1.1,0.88,1.6422035897197838,3.0251885974972494,,,,0,1,Top,,,,,,,8.24849253519872,-121.69420419894426,-0.3260301706511694,9.191280670914816,24.62634178811251,-23.6188200805784,3.54758900816896,1.62234955155053,,,,84.4,2527,6.9,745828,621512,624413,643446,683146,596019,607043,664056,516782,53.64,,,,,,,,1,3,Sweeper,0,0,0,0,0,0,0,0,Standard,Standard,77,-0.002,0.023,,,,-0.023,,0,0,0.509,0.491,25,26,25,27,1,0,7,1,6,1,2.39,-1.1,-1.1,31.9,,,,,
FF,2024-05-11,95.9,-2.93,5.32,"Scott, Christian",660670,681035,,foul,,,,,2,Foul,R,R,R,NYM,ATL,S,,,0,1,2024,-0.91,1.28,-0.2383434628747126,3.026641524133251,,,,0,1,Top,,,,,,,9.224580098726843,-139.35574936892965,-3.3697399375616963,-13.91245130543568,31.879757800625548,-14.87248696154816,3.54,1.61,,,,96.4,2367,6.7,745828,621512,624413,643446,683146,596019,607043,664056,516782,53.83,,,,,,,,1,2,4-Seam Fastball,0,0,0,0,0,0,0,0,Standard,Standard,225,0.006,-0.054,75.7,6.4,,0.054,,0,0,0.503,0.497,25,26,25,27,1,0,7,1,6,1,1.2,0.91,0.91,31.4,-1.8442665097192563,30.898337867135393,30.405268447691608,33.37805941659702,20.30239213788522
FF,2024-05-11,95.0,-2.84,5.38,"Scott, Christian",660670,681035,,swinging_strike,,,,,7,Swinging Strike,R,R,R,NYM,ATL,S,,,0,0,2024,-0.73,1.49,-0.3798481908153015,2.1557058639355366,,,,0,1,Top,,,,,,,8.11937971160337,-138.00686092160356,-6.183304279135638,-11.103833062025991,29.7783127606711,-11.84668329373094,3.6308999641203,1.67145062933592,,,,95.6,2316,6.7,745828,621512,624413,643446,683146,596019,607043,664056,516782,53.83,,,,,,,,1,1,4-Seam Fastball,0,0,0,0,0,0,0,0,Standard,Standard,219,0.003,-0.037,,,,0.037,,0,0,0.5,0.5,25,26,25,27,1,0,7,1,6,1,1.03,0.73,0.73,33.7,,,,,
SI,2024-05-10,92.2,-1.4,5.78,"Houser, Adrian",660670,605288,field_out,hit_into_play,,,,,7,"Ronald Acuña Jr. grounds out, second baseman Jeff McNeil to first baseman Pete Alonso.",R,R,R,NYM,ATL,X,4,ground_ball,0,0,2024,-1.43,0.59,-0.3178090788326397,2.1473466800405503,,518595,,2,9,Top,148.22,150.9,,,,,5.922792759204934,-133.9352707508571,-4.635998157564349,-18.455182011098454,33.24667944459713,-24.22999286389659,3.54,1.61,78,96.4,3,92.4,2116,6.9,745827,621512,624413,643446,621563,596019,607043,664056,516782,53.63,0.497,0.473,0.0,1,0,0,4,64,1,Sinker,1,4,4,1,4,1,4,1,Standard,Standard,223,0.007,-0.3,76.5,7.0,0.578,0.3,96.4,-3,3,0.036,0.964,31,26,31,27,1,4,8,2,5,1,2.13,1.43,1.43,37.3,2.8092093510832727,20.526141320478075,40.449119556007695,32.12029724723275,25.529968683059582
ST,2024-05-10,82.0,-2.88,5.1,"Ramírez, Yohan",660670,670990,field_out,hit_into_play,,,,,9,Ronald Acuña Jr. lines out sharply to shortstop Francisco Lindor.,R,R,R,NYM,ATL,X,6,line_drive,0,2,2024,1.83,0.19,0.7233699371290732,2.1982721935280485,,,,2,7,Top,103.36,138.34,,,,,4.642053948911265,-119.2225917867651,-0.2178456436661521,16.15921830487025,27.448243024948237,-30.64313377338667,3.54,1.61,166,104.3,9,82.5,2504,7.1,745827,621512,624413,643446,683146,596019,607043,664056,516782,53.36,0.742,0.689,0.0,1,0,0,4,48,3,Sweeper,0,4,4,0,4,0,4,0,Standard,Standard,68,0.002,-0.157,75.0,7.9,0.851,0.157,104.3,-4,4,0.069,0.931,29,26,29,27,1,3,9,2,4,1,3.27,-1.83,-1.83,25.7,13.057040081971516,2.3996920099024193,33.61287872114271,43.39596411057948,34.891283765092965
SI,2024-05-10,94.5,-2.85,4.94,"Ramírez, Yohan",660670,670990,,swinging_strike,,,,,7,Swinging Strike,R,R,R,NYM,ATL,S,,,0,1,2024,-1.57,0.41,-0.4426749007203876,1.9691834429932624,,,,2,7,Top,,,,,,,9.927714897300683,-137.1750266398676,-2.8995320950055303,-22.08128779301064,35.069400137226154,-26.55407166525869,3.54,1.61,,,,95.3,2153,7.2,745827,621512,624413,643446,683146,596019,607043,664056,516782,53.26,,,,,,,,48,2,Sinker,0,4,4,0,4,0,4,0,Standard,Standard,228,0.001,-0.058,82.2,7.9,,0.058,,-4,4,0.068,0.932,29,26,29,27,1,3,9,2,4,1,2.19,1.57,1.57,22.9,17.914317790214817,-7.362816435311364,32.33060491420619,30.30060429590752,36.32604145738155
ST,2024-05-10,81.5,-2.92,5.13,"Ramírez, Yohan",660670,670990,,called_strike,,,,,3,Called Strike,R,R,R,NYM,ATL,S,,,0,0,2024,1.8,0.38,0.7507241760621899,2.892411502432126,,,,2,7,Top,,,,,,,4.856543893669558,-118.46770177381556,1.0159255745874805,15.528512393537962,27.245063598814983,-29.14874818453019,3.2760111571377,1.3460523803314,,,,82.0,2468,7.2,745827,621512,624413,643446,683146,596019,607043,664056,516782,53.34,,,,,,,,48,1,Sweeper,0,4,4,0,4,0,4,0,Standard,Standard,72,0.0,-0.041,,,,0.041,,-4,4,0.068,0.932,29,26,29,27,1,3,9,2,4,1,3.12,-1.8,-1.8,28.0,,,,,
CU,2024-05-10,77.7,2.21,5.86,"Quintana, Jose",660670,500779,field_out,hit_into_play,,,,,13,Ronald Acuña Jr. lines out sharply to right fielder Starling Marte.,R,R,L,NYM,ATL,X,9,line_drive,0,1,2024,-0.35,-0.69,-0.1354557369976545,1.3116509283221598,,,,0,5,Top,169.66,74.75,,,,,-4.379990539511184,-113.0214014647486,-1.505006955949913,-2.142059477061312,22.070189956150063,-37.98436023393624,3.54,1.61,326,102.0,20,77.5,2338,6.4,745827,621512,624413,643446,683146,596019,607043,664056,516782,54.15,0.362,0.5503125,0.0,1,0,0,5,33,2,Curveball,0,4,4,0,4,0,4,0,Standard,Standard,309,0.007,-0.217,81.9,7.6,0.984,0.217,102.0,-4,4,0.105,0.895,35,26,35,27,3,2,7,2,6,1,4.49,-0.35,0.35,47.0,4.962098202141181,14.386391358928549,38.716909390404176,35.822488689964864,36.637433712499195
FF,2024-05-10,89.7,2.23,5.87,"Quintana, Jose",660670,500779,,called_strike,,,,,3,Called Strike,R,R,L,NYM,ATL,S,,,0,0,2024,0.2,1.38,0.3132230285560545,2.98921620285892,,,,0,5,Top,,,,,,,-5.155091321256818,-130.53533147340292,-4.035607088436464,3.418813217238035,28.674355461800396,-15.772616743438109,3.55128459473021,1.55077546810204,,,,89.6,2051,6.3,745827,621512,624413,643446,683146,596019,607043,664056,516782,54.17,,,,,,,,33,1,4-Seam Fastball,0,4,4,0,4,0,4,0,Standard,Standard,158,0.001,-0.037,,,,0.037,,-4,4,0.104,0.896,35,26,35,27,3,2,7,2,6,1,1.46,0.2,-0.2,46.0,,,,,
SI,2024-05-10,90.5,2.15,5.78,"Quintana, Jose",660670,500779,home_run,hit_into_play,,,,,6,Ronald Acuña Jr. homers (3) on a fly ball to center field.,R,R,L,NYM,ATL,X,,fly_ball,3,2,2024,1.15,1.33,0.3895507277925885,2.609759812444066,,,,2,3,Top,137.85,12.49,,,,,-6.888707992170673,-131.5597267087486,-4.796466758408035,14.88297683652443,29.00093469428927,-15.890019564025112,3.54,1.61,461,114.2,24,90.6,2020,6.5,745827,621512,624413,643446,683146,596019,607043,664056,516782,54.0,1.0,2.0,2.0,1,0,3,6,18,6,Sinker,0,0,0,0,1,0,1,0,Standard,Standard,162,-0.115,2.525,81.0,7.7,4.0,-2.525,114.2,0,0,0.541,0.4589999999999999,35,26,35,27,2,1,7,2,6,1,1.47,1.15,-1.15,49.7,13.327011848724986,4.970568718412256,33.30501526949082,38.58824230668997,33.47221116825716
FF,2024-05-10,89.1,2.06,5.8,"Quintana, Jose",660670,500779,,ball,,,,,11,Ball,R,R,L,NYM,ATL,B,,,2,2,2024,0.22,1.5,-0.536223995311342,3.8252488497694337,,,,2,3,Top,,,,,,,-6.88110979680957,-129.60699481773443,-1.966368456959384,4.006621421436932,28.020432031527335,-15.060420741183917,3.52158326771525,1.56920849493022,,,,89.3,2068,6.5,745827,621512,624413,643446,683146,596019,607043,664056,516782,53.96,,,,,,,,18,5,4-Seam Fastball,0,0,0,0,0,0,0,0,Standard,Standard,158,-0.004,0.106,,,,-0.106,,0,0,0.545,0.4549999999999999,35,26,35,27,2,1,7,2,6,1,1.38,0.22,-0.22,48.2,,,,,
SI,2024-05-10,90.2,2.37,5.74,"Quintana, Jose",660670,500779,,ball,,,,,12,Ball,R,R,L,NYM,ATL,B,,,1,2,2024,1.28,1.19,1.7410699354658952,2.6930284481612388,,,,2,3,Top,,,,,,,-4.313820181553232,-131.3485146484266,-4.173284563127765,15.776504702769838,28.04584182932275,-17.742171836398388,3.59616358816358,1.6114380022813,,,,90.4,2024,6.4,745827,621512,624413,643446,683146,596019,607043,664056,516782,54.09,,,,,,,,18,4,Sinker,0,0,0,0,0,0,0,0,Standard,Standard,159,-0.002,0.039,,,,-0.039,,0,0,0.547,0.4529999999999999,35,26,35,27,2,1,7,2,6,1,1.61,1.28,-1.28,45.3,,,,,
SI,2024-05-10,89.5,2.19,5.83,"Quintana, Jose",660670,500779,,foul_tip,,,,,2,Foul Tip,R,R,L,NYM,ATL,S,,,1,1,2024,0.76,1.28,-0.0798834228812613,3.2121853863518277,,,,2,3,Top,,,,,,,-7.207004118773482,-130.2041223742355,-3.14893661864774,10.149719829234389,27.439120724719857,-17.19050359865655,3.54,1.61,,,,89.6,2066,6.3,745827,621512,624413,643446,683146,596019,607043,664056,516782,54.16,,,,,,,,18,3,Sinker,0,0,0,0,0,0,0,0,Standard,Standard,163,0.003,-0.064,76.9,6.3,,0.064,,0,0,0.544,0.4559999999999999,35,26,35,27,2,1,7,2,6,1,1.57,0.76,-0.76,45.3,0.6322404010796627,29.4337479284198,32.433547102723296,34.3509891416583,22.268210481082672
FF,2024-05-10,90.3,2.12,5.83,"Quintana, Jose",660670,500779,,ball,,,,,1,Ball,R,R,L,NYM,ATL,B,,,0,1,2024,0.07,1.35,-0.7602501407581193,3.529047250637127,,,,2,3,Top,,,,,,,-7.342633725775414,-131.3724827520827,-2.6600006445422344,2.436373943432013,28.211212600324455,-16.128932341047623,3.43258683718784,1.60950242368419,,,,90.4,2124,6.4,745827,621512,624413,643446,683146,596019,607043,664056,516782,54.08,,,,,,,,18,2,4-Seam Fastball,0,0,0,0,0,0,0,0,Standard,Standard,162,-0.001,0.029,,,,-0.029,,0,0,0.545,0.4549999999999999,35,26,35,27,2,1,7,2,6,1,1.44,0.07,-0.07,45.8,,,,,
CU,2024-05-10,77.6,2.26,5.88,"Quintana, Jose",660670,500779,,foul,,,,,5,Foul,R,R,L,NYM,ATL,S,,,0,0,2024,-0.51,-0.6,-0.25618205144127,2.5284761354738756,,,,2,3,Top,,,,,,,-4.442221156564537,-112.91997617071384,0.865137044452843,-3.5688517231618264,20.805835548675688,-37.72065329558516,3.54,1.61,246,82.6,37,77.7,2265,6.4,745827,621512,624413,643446,683146,596019,607043,664056,516782,54.09,,,,,,,,18,1,Curveball,0,0,0,0,0,0,0,0,Standard,Standard,304,0.002,-0.041,76.1,6.6,,0.041,88.0,0,0,0.543,0.4569999999999999,35,26,35,27,2,1,7,2,6,1,4.39,-0.51,0.51,47.1,2.937480573302503,20.06190730763816,34.336400997525814,32.941463274142876,26.05592802995855
FF,2024-05-10,91.4,2.11,5.87,"Quintana, Jose",660670,500779,field_out,hit_into_play,,,,,4,Ronald Acuña Jr. flies out to center fielder Harrison Bader.,R,R,L,NYM,ATL,X,8,fly_ball,0,0,2024,0.38,1.29,-0.422741072374519,2.7051916375111764,,,,0,1,Top,126.39,87.32,,,,,-7.233725545115966,-132.8894809770221,-4.873553053986756,6.089666366517018,29.035629470349647,-16.066400608922752,3.50808003882955,1.57779042677656,249,84.6,49,91.6,1961,6.5,745827,621512,624413,643446,683146,596019,607043,664056,516782,53.99,0.005,0.005,0.0,1,0,0,3,1,1,4-Seam Fastball,0,0,0,0,0,0,0,0,Standard,Standard,152,0.022,-0.254,80.1,7.7,0.005,0.254,88.0,0,0,0.5,0.5,35,26,35,27,1,0,7,2,6,1,1.45,0.38,-0.38,46.2,13.701341099186966,-0.2493849400866118,35.68627516027763,31.00648863340013,33.15037923801338
FF,2024-05-08,95.0,2.32,6.03,"Booser, Cam",660670,592155,strikeout,swinging_strike,,,,,2,Ronald Acuña Jr. strikes out swinging.,R,R,L,ATL,BOS,S,2,,1,2,2024,0.48,1.7,-0.104125967727738,3.5856121355984927,,,518595,2,6,Bot,,,,,,,-7.422520367771468,-138.0542097367051,-4.497254016605192,7.92974777930354,33.26033123653682,-9.679121152932204,3.54,1.61,,,,94.5,2161,6.2,747127,657136,663853,687093,646240,678882,641933,680776,677800,54.27,,0.0,0.0,1,0,0,,53,4,4-Seam Fastball,5,0,5,0,0,5,5,0,Infield shade,Standard,146,-0.002,-0.196,76.3,7.0,,0.196,,5,5,0.97,0.97,32,26,32,27,1,3,3,1,4,2,0.85,0.48,-0.48,43.4,11.277430432491682,7.152034018672856,26.246466013859145,34.680707534126995,25.11001444506818
FF,2024-05-08,94.8,2.39,6.04,"Booser, Cam",660670,592155,,foul,,,,,6,Foul,R,R,L,ATL,BOS,S,,,1,1,2024,0.71,1.5,0.6040663669661804,2.707848551010224,,,518595,2,6,Bot,,,,,,,-6.208012595785314,-137.7791816613825,-6.338836718912826,10.358500473217925,30.443924097613028,-11.896814182374303,3.54,1.61,,,,94.2,2156,6.0,747127,657136,663853,687093,646240,678882,641933,680776,677800,54.51,,,,,,,,53,3,4-Seam Fastball,5,0,5,0,0,5,5,0,Standard,Standard,146,-0.001,-0.06,79.2,7.2,,0.06,,5,5,0.971,0.971,32,26,32,27,1,3,3,1,4,2,1.05,0.71,-0.71,42.4,4.926616430694959,24.6812719862403,29.38167505041036,44.30669067542772,22.097996250082105
FF,2024-05-08,96.1,2.36,6.08,"Booser, Cam",660670,592155,,ball,,,,,11,Ball,R,R,L,ATL,BOS,B,,,0,1,2024,0.56,1.37,-0.1573527155461026,3.8965907696385367,,,518595,2,6,Bot,,,,,,,-7.920920059052405,-139.80252145524906,-3.3183932223856556,9.141478249420764,30.979629265586247,-13.572604906962171,3.6084302398646,1.6721544591908,,,,96.0,2134,6.2,747127,657136,663853,687093,646240,678882,641933,680776,677800,54.32,,,,,,,,53,2,4-Seam Fastball,5,0,5,0,0,5,5,0,Standard,Standard,145,0.0,0.032,,,,-0.032,,5,5,0.971,0.971,32,26,32,27,1,3,3,1,4,2,1.09,0.56,-0.56,41.0,,,,,
FF,2024-05-08,95.1,2.49,6.14,"Booser, Cam",660670,592155,,called_strike,,,,,1,Called Strike,R,R,L,ATL,BOS,S,,,0,0,2024,0.58,1.18,-0.3517476394154473,3.270154153982576,,,518595,2,6,Bot,,,,,,,-8.716557006265223,-138.26701755740987,-4.557559825418301,9.232077886874988,27.872992497132376,-16.13704573539894,3.46270897512344,1.59419719383229,,,,95.2,1897,6.2,747127,657136,663853,687093,646240,678882,641933,680776,677800,54.31,,,,,,,,53,1,4-Seam Fastball,5,0,5,0,0,5,5,0,Standard,Standard,145,0.0,-0.047,,,,0.047,,5,5,0.971,0.971,32,26,32,27,1,3,3,1,4,2,1.32,0.58,-0.58,45.3,,,,,
FF,2024-05-08,92.9,-1.42,7.14,"Pivetta, Nick",660670,601713,grounded_into_double_play,hit_into_play,,,,,11,"Ronald Acuña Jr. grounds into a double play, third baseman Rafael Devers to second baseman Vaughn Grissom to first baseman Romy Gonzalez. Jarred Kelenic out at 2nd. Ronald Acuña Jr. out at 1st.",R,R,R,ATL,BOS,X,5,ground_ball,0,0,2024,-0.37,1.6,-0.9001904145484887,2.777281289136725,,,672284,1,4,Bot,100.06,170.61,,,,,2.145430857531641,-135.00827582781346,-8.896088340121361,-4.937510984108778,30.095026570170383,-10.87455135314511,3.54,1.61,47,90.4,0,93.2,2292,6.6,747127,657136,663853,687093,646240,678882,641933,680776,677800,53.91,0.34,0.306,0.0,1,0,0,2,36,1,4-Seam Fastball,5,0,5,0,0,5,5,0,Standard,Standard,194,-0.011,-0.314,72.2,7.2,0.364,0.314,90.4,5,5,0.947,0.947,31,26,31,27,3,2,35,1,6,2,1.05,0.37,0.37,56.6,9.76730758595506,-12.425833946114071,33.811983571704864,26.79863029816391,31.635027253506266
FF,2024-05-08,95.4,-1.74,6.81,"Pivetta, Nick",660670,601713,walk,ball,,,,,8,Ronald Acuña Jr. walks.,R,R,R,ATL,BOS,B,,,3,0,2024,-0.53,1.63,0.0883269912919578,1.5616924012512854,,,,2,2,Bot,,,,,,,6.053769424536669,-138.31957386014102,-11.902783098660704,-8.184679032624661,30.70689830570092,-8.701000839301525,3.53618119223159,1.60136185266042,,,,96.1,2373,6.9,747127,657136,663853,687093,646240,678882,641933,680776,677800,53.62,,0.689131,0.7,1,0,0,,19,4,4-Seam Fastball,4,0,4,0,0,4,4,0,Standard,Standard,202,0.002,0.12,,,,-0.12,,4,4,0.865,0.865,31,26,31,27,2,1,35,1,6,2,0.89,0.53,0.53,54.7,,,,,
ST,2024-05-08,84.4,-1.83,6.99,"Pivetta, Nick",660670,601713,,ball,,,,,14,Ball,R,R,R,ATL,BOS,B,,,2,0,2024,0.86,0.66,1.0739948300308946,1.8084103908446585,,,,2,2,Bot,,,,,,,5.062454491286085,-122.74724712192166,-7.046170391755432,7.748908378855409,24.18833939105239,-24.28585569499287,3.53223051297525,1.60875682926102,,,,84.9,2436,6.6,747127,657136,663853,687093,646240,678882,641933,680776,677800,53.88,,,,,,,,19,3,Sweeper,4,0,4,0,0,4,4,0,Standard,Standard,76,0.001,0.109,,,,-0.109,,4,4,0.864,0.864,31,26,31,27,2,1,35,1,6,2,2.54,-0.86,-0.86,54.8,,,,,
ST,2024-05-08,83.2,-1.76,6.92,"Pivetta, Nick",660670,601713,,ball,,,,,14,Ball,R,R,R,ATL,BOS,B,,,1,0,2024,1.38,-0.17,1.246691156654332,0.0205810140844713,,,,2,2,Bot,,,,,,,4.204433734558997,-120.82225495921318,-8.951996299642303,12.464410592232852,27.04507040255853,-32.066533928224246,3.55553435662802,1.59341684841086,,,,83.2,2473,6.8,747127,657136,663853,687093,646240,678882,641933,680776,677800,53.75,,,,,,,,19,2,Sweeper,4,0,4,0,0,4,4,0,Standard,Standard,42,0.001,0.068,,,,-0.068,,4,4,0.863,0.863,31,26,31,27,2,1,35,1,6,2,3.52,-1.38,-1.38,58.5,,,,,
FC,2024-05-08,87.9,-1.92,6.85,"Pivetta, Nick",660670,601713,,ball,,,,,14,Ball,R,R,R,ATL,BOS,B,,,0,0,2024,0.58,0.53,1.6326927388727048,1.0842670431274744,,,,2,2,Bot,,,,,,,7.464141572767256,-127.59630776515908,-9.014558073294044,4.838194995109208,26.200331050772196,-24.675052773332872,3.5638200778249,1.63469701487283,,,,88.6,2412,6.8,747127,657136,663853,687093,646240,678882,641933,680776,677800,53.65,,,,,,,,19,1,Cutter,4,0,4,0,0,4,4,0,Standard,Standard,166,0.0,0.04,,,,-0.04,,4,4,0.863,0.863,31,26,31,27,2,1,35,1,6,2,2.43,-0.58,-0.58,50.8,,,,,
FF,2024-05-08,95.1,-1.45,7.1,"Pivetta, Nick",660670,601713,field_out,hit_into_play,,,,,11,Ronald Acuña Jr. flies out to shortstop Ceddanne Rafaela.,R,R,R,ATL,BOS,X,6,fly_ball,2,2,2024,-0.23,1.55,-0.8349058149957589,2.993982210826938,,,,0,1,Bot,92.11,127.8,,,,,2.162024839847415,-138.30008870495683,-8.635341013171471,-3.486168835291224,30.959583419585364,-10.497173854981444,3.54,1.61,199,82.7,58,95.6,2364,6.6,747127,657136,663853,687093,646240,678882,641933,680776,677800,53.87,0.032,0.037,0.0,1,0,0,3,6,5,4-Seam Fastball,0,0,0,0,0,0,0,0,Standard,Standard,194,-0.019,-0.227,74.0,7.3,0.048,0.227,88.0,0,0,0.545,0.545,31,26,31,27,1,0,35,1,6,2,0.97,0.23,0.23,57.3,15.771580203732384,-19.363153750244138,33.56716843785889,24.443045999867454,34.62445452041474
FF,2024-05-08,95.4,-1.36,7.03,"Pivetta, Nick",660670,601713,,foul,,,,,5,Foul,R,R,R,ATL,BOS,S,,,2,1,2024,-0.22,1.72,0.1364458590488783,2.5951945880379035,,,,0,1,Bot,,,,,,,4.4692931811023735,-138.58392084807653,-9.949304211150752,-3.868947031500076,30.71126920684868,-7.971320982579524,3.54,1.61,160,78.2,14,96.0,2384,6.7,747127,657136,663853,687093,646240,678882,641933,680776,677800,53.79,,,,,,,,6,4,4-Seam Fastball,0,0,0,0,0,0,0,0,Standard,Standard,195,-0.006,-0.069,79.9,7.2,,0.069,88.0,0,0,0.551,0.551,31,26,31,27,1,0,35,1,6,2,0.79,0.22,0.22,57.9,0.0313367339084706,20.060353759623883,33.942772367343025,37.81986423243996,21.133890657102064
FC,2024-05-08,88.6,-1.51,7.07,"Pivetta, Nick",660670,601713,,ball,,,,,14,Ball,R,R,R,ATL,BOS,B,,,1,1,2024,0.32,0.54,0.7068243163340345,0.4107989629256867,,,,0,1,Bot,,,,,,,4.775387458475046,-128.5980597428938,-11.41584037111232,2.6241692878639995,25.14353700926875,-24.113830466181614,3.63163601012858,1.68190718271074,,,,89.4,2396,6.8,747127,657136,663853,687093,646240,678882,641933,680776,677800,53.7,,,,,,,,6,3,Cutter,0,0,0,0,0,0,0,0,Standard,Standard,166,0.004,0.053,,,,-0.053,,0,0,0.547,0.547,31,26,31,27,1,0,35,1,6,2,2.37,-0.32,-0.32,58.7,,,,,
FF,2024-05-08,94.1,-1.51,7.05,"Pivetta, Nick",660670,601713,,foul_tip,,,,,2,Foul Tip,R,R,R,ATL,BOS,S,,,1,0,2024,-0.17,1.67,0.2482786743890743,2.9763667104706855,,,,0,1,Bot,,,,,,,4.9809720119450684,-136.85274359032667,-8.661548784390252,-3.2120889877010166,28.30572030486157,-9.451763942505728,3.54,1.61,,,,95.0,2266,6.7,747127,657136,663853,687093,646240,678882,641933,680776,677800,53.79,,,,,,,,6,2,4-Seam Fastball,0,0,0,0,0,0,0,0,Standard,Standard,193,-0.004,-0.049,80.1,7.4,,0.049,,0,0,0.551,0.551,31,26,31,27,1,0,35,1,6,2,0.89,0.17,0.17,56.3,9.625801150902474,11.21019181241836,31.102865810774105,38.167893788731185,30.072041787771138
FF,2024-05-08,94.3,-1.5,7.21,"Pivetta, Nick",660670,601713,,ball,,,,,11,Ball,R,R,R,ATL,BOS,B,,,0,0,2024,-0.53,1.57,-1.4179452332132725,3.410529734399667,,,,0,1,Bot,,,,,,,1.4085778312918316,-137.1824492937053,-7.666953870204697,-7.04824808745537,30.831455170121664,-10.89517333599124,3.63091601564697,1.6550453423645,,,,94.5,2382,6.5,747127,657136,663853,687093,646240,678882,641933,680776,677800,54.02,,,,,,,,6,1,4-Seam Fastball,0,0,0,0,0,0,0,0,Standard,Standard,192,0.003,0.038,,,,-0.038,,0,0,0.548,0.548,31,26,31,27,1,0,35,1,6,2,1.0,0.53,0.53,56.8,,,,,
ST,2024-05-07,79.7,-4.26,4.67,"Weissert, Greg",660670,669711,force_out,hit_into_play,,,,,7,"Ronald Acuña Jr. grounds into a force out, shortstop Ceddanne Rafaela to second baseman Vaughn Grissom. Adam Duvall out at 2nd.",R,R,R,ATL,BOS,X,6,ground_ball,1,0,2024,1.64,0.2,-0.4989852158110881,1.6498641263469225,,,594807,2,7,Bot,105.78,154.12,,,,,5.140101991195011,-116.01750015860414,-0.2538478114040783,13.70096566747441,23.043935354999235,-30.54660649458227,3.54,1.61,47,103.7,1,78.7,2867,5.7,747126,624512,643265,687093,646240,678882,641933,680776,677800,54.79,0.492,0.443,0.0,1,0,0,4,62,2,Sweeper,2,2,2,2,2,2,2,2,Standard,Standard,77,-0.045,-0.304,76.7,7.9,0.52,0.304,103.7,0,0,0.545,0.545,29,26,29,27,1,3,3,2,6,1,3.4,-1.64,-1.64,6.1,5.577187433652653,3.7551056869418,39.50288145516031,34.68576497861023,32.95221114821783
SI,2024-05-07,94.2,-3.94,5.18,"Weissert, Greg",660670,669711,,ball,,,,,11,Ball,R,R,R,ATL,BOS,B,,,0,0,2024,-1.27,0.39,-2.3518091368584315,2.7160291877547964,,,594807,2,7,Bot,,,,,,,6.922398121016865,-137.04530570591,-1.5631628536231434,-17.588791665027593,30.58843648087931,-27.127952486353937,3.48917847098521,1.60159394786612,,,,93.8,1964,6.1,747126,624512,643265,687093,646240,678882,641933,680776,677800,54.39,,,,,,,,62,1,Sinker,2,2,2,2,2,2,2,2,Standard,Standard,237,0.004,0.034,,,,-0.034,,0,0,0.541,0.541,29,26,29,27,1,3,3,2,6,1,2.18,1.27,1.27,15.1,,,,,
FC,2024-05-07,87.0,-1.17,6.32,"Crawford, Kutter",660670,676710,field_out,hit_into_play,,,,,8,Ronald Acuña Jr. lines out to left fielder Tyler O'Neill.,R,R,R,ATL,BOS,X,7,line_drive,1,0,2024,0.34,1.01,0.1715447987948777,2.1550716844103057,,,672284,1,5,Bot,68.47,111.53,,,,,2.516319101032605,-126.7439032887754,-5.959055253728856,3.2858184251637583,21.987889787780105,-20.258790411912234,3.54,1.61,301,97.6,20,87.1,2492,6.0,747126,624512,643265,687093,646240,678882,641933,680776,677800,54.55,0.305,0.381,0.0,1,0,0,4,40,2,Cutter,2,0,2,0,0,2,2,0,Standard,Standard,190,-0.021,-0.291,80.6,8.1,0.592,0.291,97.6,2,2,0.815,0.815,28,26,28,27,3,2,6,2,6,1,1.95,-0.34,-0.34,48.6,20.004965787464908,-5.891070950397645,35.89563396978947,38.65455818024614,41.64985062753054
FC,2024-05-07,86.6,-1.06,6.39,"Crawford, Kutter",660670,676710,,ball,,,,,12,Ball,R,R,R,ATL,BOS,B,,,0,0,2024,0.32,0.95,1.2641886735748906,3.4679340926537865,,,672284,1,5,Bot,,,,,,,4.871417150181906,-126.26041748160264,-2.8184248315746965,2.6302071909771665,21.740059168897908,-21.547831150181352,3.40602296910166,1.47343742137351,,,,86.8,2466,6.0,747126,624512,643265,687093,646240,678882,641933,680776,677800,54.54,,,,,,,,40,1,Cutter,2,0,2,0,0,2,2,0,Standard,Standard,185,0.002,0.036,,,,-0.036,,2,2,0.813,0.813,28,26,28,27,3,2,6,2,6,1,2.04,-0.32,-0.32,49.5,,,,,
ST,2024-05-07,81.8,-1.21,6.19,"Crawford, Kutter",660670,676710,field_out,hit_into_play,,,,,14,Ronald Acuña Jr. flies out sharply to right fielder Wilyer Abreu.,R,R,R,ATL,BOS,X,9,fly_ball,0,2,2024,1.28,-0.33,0.619068684536172,1.2201439042009463,,,,1,3,Bot,190.93,63.68,,,,,1.6457673497255696,-119.0847810140543,-3.955860162041564,11.83537896090657,23.820815094249472,-34.77323384858391,3.54,1.61,369,101.9,35,81.4,2261,6.1,747126,624512,643265,687093,646240,678882,641933,680776,677800,54.43,0.505,1.0063478260869567,0.0,1,0,0,6,23,5,Sweeper,2,0,2,0,0,2,2,0,Standard,Standard,61,-0.007,-0.162,79.4,8.4,1.978,0.162,101.9,2,2,0.744,0.744,28,26,28,27,2,1,6,2,6,1,3.75,-1.28,-1.28,44.4,16.59009079327122,7.559445932909118,37.59356829074587,42.59072860238353,37.1606011824317
FC,2024-05-07,88.4,-1.04,6.25,"Crawford, Kutter",660670,676710,,foul,,,,,6,Foul,R,R,R,ATL,BOS,S,,,0,2,2024,0.47,0.71,0.729168655749092,2.410830809181539,,,,1,3,Bot,,,,,,,3.3324352961397024,-128.85507356697732,-4.86251839414562,4.710162466416923,22.96843470027559,-23.48284702447697,3.54,1.61,286,94.2,53,88.8,2545,6.1,747126,624512,643265,687093,646240,678882,641933,680776,677800,54.4,,,,,,,,23,4,Cutter,2,0,2,0,0,2,2,0,Standard,Standard,192,0.0,0.0,79.4,7.8,,0.0,94.2,2,2,0.744,0.744,28,26,28,27,2,1,6,2,6,1,2.16,-0.47,-0.47,46.6,9.552176222808736,13.451648939969337,31.74578881149169,44.57889399371423,28.261163395767426
FF,2024-05-07,92.4,-1.03,6.37,"Crawford, Kutter",660670,676710,,foul,,,,,2,Foul,R,R,R,ATL,BOS,S,,,0,2,2024,-0.6,1.57,-0.2696340077609422,3.310323037242442,,,,1,3,Bot,,,,,,,3.2120079884652086,-134.41565725818012,-5.360907731054693,-7.945022703391452,29.687422525182964,-12.217693941695796,3.54,1.61,239,72.7,38,91.7,2429,6.0,747126,624512,643265,687093,646240,678882,641933,680776,677800,54.54,,,,,,,,23,3,4-Seam Fastball,2,0,2,0,0,2,2,0,Standard,Standard,210,0.0,0.0,71.6,6.9,,0.0,88.0,2,2,0.744,0.744,28,26,28,27,2,1,6,2,6,1,1.11,0.6,0.6,48.8,11.763049381856666,0.2037713599998031,26.12324023034232,31.424125105220448,31.20215501333559
FF,2024-05-07,92.6,-1.0,6.31,"Crawford, Kutter",660670,676710,,foul,,,,,4,Foul,R,R,R,ATL,BOS,S,,,0,1,2024,-0.93,1.35,-0.531387304945182,2.642305051572139,,,,1,3,Bot,,,,,,,3.2030056734665053,-134.7153754779186,-6.423911247286794,-12.052764767168645,31.21548221280728,-14.58697039731838,3.54,1.61,169,64.5,51,91.8,2565,6.0,747126,624512,643265,687093,646240,678882,641933,680776,677800,54.52,,,,,,,,23,2,4-Seam Fastball,2,0,2,0,0,2,2,0,Standard,Standard,209,-0.003,-0.057,74.8,7.0,,0.057,88.0,2,2,0.747,0.747,28,26,28,27,2,1,6,2,6,1,1.33,0.93,0.93,47.2,2.853992474976436,12.966303544147284,36.42229517353145,29.07705425340009,27.89402192490222
FC,2024-05-07,86.9,-1.22,6.3,"Crawford, Kutter",660670,676710,,called_strike,,,,,5,Called Strike,R,R,R,ATL,BOS,S,,,0,0,2024,0.46,0.65,-0.1629795243836603,2.5290801806006473,,,,1,3,Bot,,,,,,,1.600989647454638,-126.61648487339326,-4.241247681563305,4.6406517292121165,23.466682012732775,-24.495712836428673,3.44704528196452,1.51961106796912,,,,86.9,2510,6.0,747126,624512,643265,687093,646240,678882,641933,680776,677800,54.5,,,,,,,,23,1,Cutter,2,0,2,0,0,2,2,0,Standard,Standard,187,-0.002,-0.037,,,,0.037,,2,2,0.749,0.749,28,26,28,27,2,1,6,2,6,1,2.33,-0.46,-0.46,47.7,,,,,
ST,2024-05-07,81.3,-1.24,6.27,"Crawford, Kutter",660670,676710,single,hit_into_play,,,,,14,Ronald Acuña Jr. singles on a ground ball to third baseman Rafael Devers.,R,R,R,ATL,BOS,X,5,ground_ball,0,1,2024,0.71,-0.16,0.9068769145499692,1.4310836341581177,,,,0,1,Bot,105.27,167.8,,,,,3.4308496070734624,-118.3327543775742,-3.8775339574065857,5.9302482404257475,24.25260049518212,-33.05671888937606,3.54,1.61,1,86.0,-46,80.7,2333,6.0,747126,624512,643265,687093,646240,678882,641933,680776,677800,54.47,0.152,0.142,0.9,1,1,0,2,6,2,Sweeper,0,0,0,0,0,0,0,0,Standard,Standard,55,0.038,0.485,75.1,8.3,0.156,-0.485,88.0,0,0,0.545,0.545,28,26,28,27,1,0,6,2,6,1,3.62,-0.71,-0.71,46.3,14.958250500037265,11.06261279145947,36.91810001791624,45.91680308147673,37.10195808634387
FF,2024-05-07,92.0,-1.26,6.35,"Crawford, Kutter",660670,676710,,foul,,,,,8,Foul,R,R,R,ATL,BOS,S,,,0,0,2024,-0.94,1.45,-0.1129047400637957,2.164297324700362,,,,0,1,Bot,,,,,,,4.907826484209708,-133.6583695147149,-7.8204001829040255,-12.318899041995351,30.512246801646462,-13.265830897244255,3.54,1.61,2,64.0,-45,91.2,2509,6.0,747126,624512,643265,687093,646240,678882,641933,680776,677800,54.47,,,,,,,,6,1,4-Seam Fastball,0,0,0,0,0,0,0,0,Standard,Standard,210,-0.003,-0.037,77.7,8.9,,0.037,88.0,0,0,0.548,0.548,28,26,28,27,1,0,6,2,6,1,1.26,0.94,0.94,45.9,27.62623852779637,-20.286564962802412,33.74114037080723,36.118056941329755,40.08899670032982
SI,2024-05-05,95.5,-2.91,6.13,"Treinen, Blake",660670,595014,field_out,hit_into_play,,,,,8,"Ronald Acuña Jr. grounds out, shortstop Mookie Betts to first baseman Freddie Freeman.",R,R,R,LAD,ATL,X,6,ground_ball,1,1,2024,-1.11,0.49,0.197393019128456,1.4903499511385172,,,,1,8,Top,113.9,151.12,,,,,10.508544468313175,-138.69039131898208,-7.656522639490609,-16.515656898879726,26.041057180905717,-24.44821782473358,3.53,1.6,,,,94.8,2274,5.6,746153,605131,518692,500743,571771,605141,621035,681624,606192,54.89,,,0.0,,0,0,,56,3,Sinker,4,1,1,4,1,4,1,4,Strategic,Standard,239,0.014,-0.243,60.9,8.1,,0.243,,3,-3,0.952,0.048,36,26,36,27,1,3,,1,1,2,1.99,1.11,1.11,28.9,10.721269230813991,16.9341384003279,40.71638372618486,40.9524631164078,23.253893435430633
SI,2024-05-05,95.9,-2.86,6.09,"Treinen, Blake",660670,595014,,ball,,,,,14,Ball,R,R,R,LAD,ATL,B,,,0,1,2024,-1.14,0.67,1.210342999833981,2.5233085793826344,,,,1,8,Top,,,,,,,13.120779607996024,-139.06366486727683,-5.328861614495312,-17.525073891238616,26.48417589990338,-22.454955754215447,3.50583844604794,1.60355260862212,,,,95.0,2382,5.6,746153,605131,518692,500743,571771,605141,621035,681624,606192,54.89,,,,,,,,56,2,Sinker,4,1,1,4,1,4,1,4,Strategic,Standard,226,-0.001,0.024,,,,-0.024,,3,-3,0.953,0.047,36,26,36,27,1,3,,1,1,2,1.8,1.14,1.14,28.5,,,,,
SI,2024-05-05,95.9,-2.77,6.2,"Treinen, Blake",660670,595014,,swinging_strike,,,,,2,Swinging Strike,R,R,R,LAD,ATL,S,,,0,0,2024,-1.16,0.81,0.0310010491978509,3.39858657723863,,,,1,8,Top,,,,,,,9.83180046877404,-139.3731031242134,-3.588600207300818,-17.259280053242225,29.978222385001917,-21.011794159047923,3.53,1.6,,,,94.4,2396,5.4,746153,605131,518692,500743,571771,605141,621035,681624,606192,55.11,,,,,,,,56,1,Sinker,4,1,1,4,1,4,1,4,Strategic,Standard,228,0.002,-0.037,76.1,7.0,,0.037,,3,-3,0.951,0.049,36,26,36,27,1,3,,1,1,2,1.67,1.16,1.16,32.2,5.483910028699369,18.331556728426108,31.204774611720524,40.52582947046517,24.0709745816879
FF,2024-05-05,93.9,2.37,5.94,"Paxton, James",660670,572020,walk,ball,,,,,11,Ronald Acuña Jr. walks.,R,R,L,LAD,ATL,B,,,3,1,2024,0.7,1.2,-0.3513280543797512,4.273367081059224,,,,1,6,Top,,,,,,,-8.612598542826762,-136.49588306109638,-1.257417683846293,10.678796576071315,29.478778886149744,-17.07125948656995,3.52379884803297,1.60749297483617,,,,94.1,2078,6.4,746153,605131,518692,500743,571771,605141,621035,681624,606192,54.08,,0.689131,0.7,1,0,0,,38,5,4-Seam Fastball,2,0,0,2,0,2,0,2,Strategic,Standard,134,-0.022,0.256,,,,-0.256,,2,-2,0.796,0.2039999999999999,35,26,36,27,3,2,6,1,6,2,1.39,0.7,-0.7,43.8,,,,,
CH,2024-05-05,83.2,2.2,6.09,"Paxton, James",660670,572020,,ball,,,,,14,Ball,R,R,L,LAD,ATL,B,,,2,1,2024,0.89,1.06,0.3085922953227906,0.582426569363246,,,,1,6,Top,,,,,,,-6.131489486840526,-120.94775074649728,-8.353034716339488,9.874380214841509,21.032404839429343,-20.41009761439996,3.49039053837016,1.57397975661111,,,,84.1,2153,6.7,746153,605131,518692,500743,571771,605141,621035,681624,606192,53.79,,,,,,,,38,4,Changeup,2,0,0,2,0,2,0,2,Standard,Standard,116,-0.01,0.122,,,,-0.122,,2,-2,0.806,0.1939999999999999,35,26,36,27,3,2,6,1,6,2,2.21,0.89,-0.89,46.1,,,,,
FF,2024-05-05,94.1,2.42,5.86,"Paxton, James",660670,572020,,called_strike,,,,,1,Called Strike,R,R,L,LAD,ATL,S,,,2,0,2024,0.87,1.18,-0.7045071433569703,3.1406355839726636,,,,1,6,Top,,,,,,,-10.019296487817796,-136.7361804626352,-4.036591248642408,12.911234898311315,26.090509275237768,-16.538772475084887,3.6397298015767,1.6268062847826,,,,94.5,2020,6.3,746153,605131,518692,500743,571771,605141,621035,681624,606192,54.21,,,,,,,,38,3,4-Seam Fastball,2,0,0,2,0,2,0,2,Standard,Standard,135,0.007,-0.065,,,,0.065,,2,-2,0.799,0.2009999999999999,35,26,36,27,3,2,6,1,6,2,1.37,0.87,-0.87,38.9,,,,,
FF,2024-05-05,93.2,2.32,6.02,"Paxton, James",660670,572020,,ball,,,,,11,Ball,R,R,L,LAD,ATL,B,,,1,0,2024,0.69,1.02,-0.4788365965305209,4.004176678084124,,,,1,6,Top,,,,,,,-8.716512240268615,-135.59859695516985,-1.7280166096366436,10.287828123981194,25.201148010476285,-19.270284491137488,3.57248329763223,1.59114295153126,,,,93.8,2090,6.3,746153,605131,518692,500743,571771,605141,621035,681624,606192,54.21,,,,,,,,38,2,4-Seam Fastball,2,0,0,2,0,2,0,2,Strategic,Standard,139,-0.007,0.072,,,,-0.072,,2,-2,0.806,0.1939999999999999,35,26,36,27,3,2,6,1,6,2,1.57,0.69,-0.69,42.1,,,,,
FF,2024-05-05,92.3,2.52,5.85,"Paxton, James",660670,572020,,ball,,,,,12,Ball,R,R,L,LAD,ATL,B,,,0,0,2024,0.75,0.99,1.2572296738347413,4.046640555630466,,,,1,6,Top,,,,,,,-4.848350778203083,-134.44817606754305,-1.015526904249409,10.111116539731883,24.632759630737382,-20.074877716949977,3.5695548267961,1.55604444243143,,,,93.1,2008,6.4,746153,605131,518692,500743,571771,605141,621035,681624,606192,54.15,,,,,,,,38,1,4-Seam Fastball,2,0,0,2,0,2,0,2,Strategic,Standard,84,-0.004,0.039,,,,-0.039,,2,-2,0.81,0.1899999999999999,35,26,36,27,3,2,6,1,6,2,1.65,0.75,-0.75,39.2,,,,,
FF,2024-05-05,92.9,2.43,6.0,"Paxton, James",660670,572020,field_out,hit_into_play,,,,,2,Ronald Acuña Jr. grounds out to first baseman Freddie Freeman.,R,R,L,LAD,ATL,X,3,ground_ball,1,2,2024,0.94,1.18,-0.1468694246480533,3.0456302760394123,,,,2,3,Top,158.11,166.87,,,,,-8.70458160866611,-135.04164105186013,-4.418167919424035,13.309081450367287,28.050702263930724,-16.915618198556064,3.53,1.6,34,84.2,-2,93.7,2148,6.7,746153,605131,518692,500743,571771,605141,621035,681624,606192,53.79,0.204,0.226,0.0,1,0,0,2,18,4,4-Seam Fastball,2,0,0,2,0,2,0,2,Standard,Standard,131,0.007,-0.18,64.6,6.0,0.228,0.18,88.0,2,-2,0.757,0.243,35,26,36,27,2,1,6,1,6,2,1.46,0.94,-0.94,41.1,-3.2577355640338093,30.25508453301481,34.737828469103846,33.32131654082864,16.96373105763667
CH,2024-05-05,83.7,2.07,6.23,"Paxton, James",660670,572020,,ball,,,,,14,Ball,R,R,L,LAD,ATL,B,,,0,2,2024,1.02,0.75,0.0526953692705034,0.8700651575814415,,,,2,3,Top,,,,,,,-6.607283034117775,-121.54923095223263,-7.365157803008411,11.36720101688513,23.802708452602342,-23.42336510482119,3.57987343677116,1.58682137479043,,,,83.0,2095,6.0,746153,605131,518692,500743,571771,605141,621035,681624,606192,54.53,,,,,,,,18,3,Changeup,2,0,0,2,0,2,0,2,Standard,Standard,119,-0.001,0.023,,,,-0.023,,2,-2,0.758,0.242,35,26,36,27,2,1,6,1,6,2,2.51,1.02,-1.02,47.2,,,,,
FF,2024-05-05,94.3,2.31,6.11,"Paxton, James",660670,572020,,foul,,,,,5,Foul,R,R,L,LAD,ATL,S,,,0,1,2024,0.86,1.1,0.1985735234250825,2.920563406712686,,,,2,3,Top,,,,,,,-7.394601707858138,-137.21849576300338,-5.082404140559168,12.44677297237858,27.816776807556906,-17.278423021381847,3.53,1.6,218,75.9,25,94.6,2132,6.3,746153,605131,518692,500743,571771,605141,621035,681624,606192,54.23,,,,,,,,18,2,4-Seam Fastball,2,0,0,2,0,2,0,2,Standard,Standard,133,0.002,-0.058,72.6,6.6,,0.058,88.0,2,-2,0.756,0.244,35,26,36,27,2,1,6,1,6,2,1.44,0.86,-0.86,42.2,-3.490364000081881,29.862660697173848,35.03321254869323,40.08429035837956,16.918921190166856
KC,2024-05-05,79.9,2.08,6.22,"Paxton, James",660670,572020,,called_strike,,,,,5,Called Strike,R,R,L,LAD,ATL,S,,,0,0,2024,-0.3,-0.3,-0.0018570975712666,2.7204714261417156,,,,2,3,Top,,,,,,,-4.039882881088968,-116.38702389873964,-0.4922619828257701,-2.026845303848175,19.60977990970761,-35.064959762571874,3.55232968157542,1.52663669385299,,,,80.4,2006,6.4,746153,605131,518692,500743,571771,605141,621035,681624,606192,54.15,,,,,,,,18,1,Knuckle Curve,2,0,0,2,0,2,0,2,Standard,Standard,331,0.002,-0.041,,,,0.041,,2,-2,0.754,0.246,35,26,36,27,2,1,6,1,6,2,3.84,-0.3,0.3,47.7,,,,,
CH,2024-05-05,83.1,2.1,6.2,"Paxton, James",660670,572020,strikeout,swinging_strike,,,,,13,Ronald Acuña Jr. strikes out swinging.,R,R,L,LAD,ATL,S,2,,1,2,2024,1.0,1.01,-0.1565291863928949,0.995349052050034,,,,0,1,Top,,,,,,,-7.184499029066087,-120.5913994611954,-7.420741653050011,11.239984438835856,24.76552455942504,-21.00058590844261,3.53,1.6,,,,83.4,2039,6.7,746153,605131,518692,500743,571771,605141,621035,681624,606192,53.76,,0.0,0.0,1,0,0,,1,6,Changeup,0,0,0,0,0,0,0,0,Standard,Standard,114,0.015,-0.186,82.3,9.2,,0.186,,0,0,0.507,0.493,35,26,36,27,1,0,6,1,6,2,2.32,1.0,-1.0,46.2,27.211695474515327,-15.23636022941239,46.8823254288323,36.11109920239312,41.85359921025719
FC,2024-05-05,83.9,2.44,6.06,"Paxton, James",660670,572020,,ball,,,,,8,Ball,R,R,L,LAD,ATL,B,,,0,2,2024,-0.16,0.33,-0.173348688874668,1.6137770100149678,,,,0,1,Top,,,,,,,-5.707304494164226,-121.94945744840275,-4.394274232356361,-0.23560221982065,28.60816175483241,-28.13483740228482,3.67615032014044,1.71851230281728,,,,83.0,1906,6.2,746153,605131,518692,500743,571771,605141,621035,681624,606192,54.31,,,,,,,,1,5,Cutter,0,0,0,0,0,0,0,0,Standard,Standard,194,-0.002,0.023,,,,-0.023,,0,0,0.509,0.491,35,26,36,27,1,0,6,1,6,2,2.97,-0.16,0.16,40.6,,,,,
FF,2024-05-05,93.3,2.28,6.12,"Paxton, James",660670,572020,,foul,,,,,5,Foul,R,R,L,LAD,ATL,S,,,0,2,2024,1.0,1.29,0.1295288422385009,2.7501416465162025,,,,0,1,Top,,,,,,,-7.732564671346861,-135.59853140541108,-5.757389598428589,13.948986258745576,28.673823706513197,-15.116202823606155,3.53,1.6,165,76.4,16,93.5,2068,6.4,746153,605131,518692,500743,571771,605141,621035,681624,606192,54.1,,,,,,,,1,4,4-Seam Fastball,0,0,0,0,0,0,0,0,Standard,Standard,135,0.0,0.0,,,,0.0,88.0,0,0,0.509,0.491,35,26,36,27,1,0,6,1,6,2,1.32,1.0,-1.0,41.5,,,,,
CH,2024-05-05,81.9,2.19,6.23,"Paxton, James",660670,572020,,foul,,,,,14,Foul,R,R,L,LAD,ATL,S,,,0,2,2024,1.02,0.91,1.290118007324602,1.9813413283100585,,,,0,1,Top,,,,,,,-4.001158092260491,-119.2546605862259,-4.834140175793234,10.529530382341378,22.101552630375178,-22.7456706477484,3.53,1.6,177,64.3,39,82.1,1985,6.3,746153,605131,518692,500743,571771,605141,621035,681624,606192,54.21,,,,,,,,1,3,Changeup,0,0,0,0,0,0,0,0,Standard,Standard,114,0.0,0.0,53.7,7.5,,0.0,88.0,0,0,0.509,0.491,35,26,36,27,1,0,6,1,6,2,2.47,1.02,-1.02,47.2,1.4770277956614433,23.117085040864698,33.35928005525819,52.6250475439374,19.109156751574076
FF,2024-05-05,92.6,2.35,6.19,"Paxton, James",660670,572020,,called_strike,,,,,2,Called Strike,R,R,L,LAD,ATL,S,,,0,1,2024,1.04,1.24,0.1442962822624907,3.3687443410646987,,,,0,1,Top,,,,,,,-7.907008400659156,-134.67210508381268,-4.143909417683991,14.32188510345856,27.38220580338247,-16.321007214566485,3.5556402529565,1.64452785479477,,,,93.0,2033,6.4,746153,605131,518692,500743,571771,605141,621035,681624,606192,54.08,,,,,,,,1,2,4-Seam Fastball,0,0,0,0,0,0,0,0,Standard,Standard,134,0.006,-0.054,,,,0.054,,0,0,0.503,0.497,35,26,36,27,1,0,6,1,6,2,1.41,1.04,-1.04,42.7,,,,,
FF,2024-05-05,92.2,2.48,6.16,"Paxton, James",660670,572020,,foul,,,,,4,Foul,R,R,L,LAD,ATL,S,,,0,0,2024,0.86,1.16,-0.2792679844012113,2.566652974854776,,,,0,1,Top,,,,,,,-8.838010581143129,-133.9689814563369,-5.829176709073102,12.224213291679163,26.567328018216536,-17.136552054174995,3.5508438256525,1.6209252627345,228,73.3,32,92.1,2064,6.1,746153,605131,518692,500743,571771,605141,621035,681624,606192,54.35,,,,,,,,1,1,4-Seam Fastball,0,0,0,0,0,0,0,0,Standard,Standard,138,0.003,-0.037,71.4,7.0,,0.037,88.0,0,0,0.5,0.5,35,26,36,27,1,0,6,1,6,2,1.51,0.86,-0.86,42.7,0.0170440320837696,12.909133090896471,41.573595871438066,33.35213455840701,19.950967674170364
SL,2024-05-04,87.4,-1.47,5.23,"Varland, Gus",660670,681402,single,hit_into_play,,,,,5,Ronald Acuña Jr. singles on a sharp line drive to center fielder James Outman.,R,R,R,LAD,ATL,X,8,line_drive,2,2,2024,0.4,-0.23,-0.0861517877705758,2.6444834526384593,,,,0,8,Top,111.67,58.06,,,,,2.520109885231427,-127.36766591606424,0.3402584146472953,3.9383630551452327,23.894255468655658,-35.0060719971459,3.52,1.58,302,105.2,16,88.1,2348,6.4,746155,669257,518692,666158,571970,605141,606192,681546,681624,54.07,0.576,0.639,0.9,1,1,0,5,67,5,Slider,10,2,2,10,2,10,2,10,Standard,Standard,39,-0.002,0.476,,,0.945,-0.476,105.2,8,-8,0.998,0.002,27,26,28,27,1,3,3,1,7,1,3.19,-0.4,-0.4,44.4,,,,,
SL,2024-05-04,89.0,-1.43,5.34,"Varland, Gus",660670,681402,,ball,,,,,14,Ball,R,R,R,LAD,ATL,B,,,1,2,2024,0.3,-0.29,0.4940237709750624,1.22608185979596,,,,0,8,Top,,,,,,,4.107679852191564,-129.70442229026884,-3.5223697449584006,2.5704034745057776,24.731922882454818,-35.04094132621156,3.45608007626423,1.55822426785569,,,,89.4,2311,6.2,746155,669257,518692,666158,571970,605141,606192,681546,681624,54.26,,,,,,,,67,4,Slider,10,2,2,10,2,10,2,10,Standard,Standard,35,0.0,0.04,,,,-0.04,,8,-8,0.998,0.002,27,26,28,27,1,3,3,1,7,1,3.14,-0.3,-0.3,48.6,,,,,
SL,2024-05-04,90.2,-1.46,5.32,"Varland, Gus",660670,681402,,ball,,,,,14,Ball,R,R,R,LAD,ATL,B,,,0,2,2024,0.16,-0.4,0.7718617027726978,1.1224881364159756,,,,0,8,Top,,,,,,,5.206908934420556,-131.25748868387302,-3.627584229133253,0.7581370884652446,27.776970192385793,-36.20756231999442,3.45081818154202,1.5847644210005,,,,90.2,2156,6.3,746155,669257,518692,666158,571970,605141,606192,681546,681624,54.21,,,,,,,,67,3,Slider,10,2,2,10,2,10,2,10,Standard,Standard,37,0.0,0.023,,,,-0.023,,8,-8,0.998,0.002,27,26,28,27,1,3,3,1,7,1,3.2,-0.16,-0.16,44.6,,,,,
SL,2024-05-04,88.3,-1.24,5.32,"Varland, Gus",660670,681402,,swinging_strike,,,,,14,Swinging Strike,R,R,R,LAD,ATL,S,,,0,1,2024,0.17,-0.47,0.7331759189128151,1.3338770228728518,,,,0,8,Top,,,,,,,4.457123098015863,-128.6779602980331,-2.6775406059423723,0.9952760615449552,25.178504552990848,-37.14599792703011,3.52,1.58,,,,88.5,2231,6.2,746155,669257,518692,666158,571970,605141,606192,681546,681624,54.32,,,,,,,,67,2,Slider,10,2,2,10,2,10,2,10,Standard,Standard,36,0.0,-0.054,52.1,6.9,,0.054,,8,-8,0.998,0.002,27,26,28,27,1,3,3,1,7,1,3.38,-0.17,-0.17,47.6,-11.923540080399546,38.977455985352414,43.4767389397219,46.049003785854154,9.826904886595864
FF,2024-05-04,94.5,-1.28,5.38,"Varland, Gus",660670,681402,,called_strike,,,,,6,Called Strike,R,R,R,LAD,ATL,S,,,0,0,2024,-0.87,1.37,0.7251134352538491,2.318118033958164,,,,0,8,Top,,,,,,,7.190587347449941,-137.49958445770903,-5.37997811586616,-12.589006393142505,29.10723822988331,-13.778971481462648,3.48871406979599,1.59092469237822,,,,95.1,2210,6.5,746155,669257,518692,666158,571970,605141,606192,681546,681624,53.96,,,,,,,,67,1,4-Seam Fastball,10,2,2,10,2,10,2,10,Standard,Standard,222,0.0,-0.037,,,,0.037,,8,-8,0.998,0.002,27,26,28,27,1,3,3,1,7,1,1.17,0.87,0.87,53.4,,,,,
FF,2024-05-04,95.2,-1.59,6.02,"Glasnow, Tyler",660670,607192,double,hit_into_play,,,,,5,Ronald Acuña Jr. doubles (6) on a sharp line drive to right fielder Andy Pages.,R,R,R,LAD,ATL,X,9,line_drive,2,0,2024,-0.27,1.19,-0.1248470576876609,2.260820452270967,,,,0,6,Top,214.01,85.37,,,,,4.545386815559806,-138.5611297029926,-7.108317927904895,-4.365028008389095,27.944508130469192,-15.467939174707418,3.52,1.58,357,107.7,20,97.9,2420,7.6,746155,669257,518692,666158,571970,605141,606192,681546,681624,52.94,0.729,1.2864468085106382,1.25,1,1,1,6,46,3,4-Seam Fastball,7,1,1,7,1,7,1,7,Standard,Standard,188,-0.013,0.586,81.5,7.3,2.415,-0.586,107.7,6,-6,0.969,0.031,30,26,31,27,3,2,7,1,6,1,1.3,0.27,0.27,60.8,5.9754209437656955,17.262725597069377,37.7197285347232,36.85855544591294,25.22441318836761
FF,2024-05-04,95.6,-1.65,6.2,"Glasnow, Tyler",660670,607192,,ball,,,,,11,Ball,R,R,R,LAD,ATL,B,,,1,0,2024,0.01,1.46,-0.7615048772632362,3.767290747796952,,,,0,6,Top,,,,,,,2.3594249645232974,-139.2860774282186,-4.179282249102312,-0.3432507512235725,29.202222264508254,-12.422026291733593,3.58182524403233,1.61309165961122,,,,97.5,2434,7.1,746155,669257,518692,666158,571970,605141,606192,681546,681624,53.37,,,,,,,,46,2,4-Seam Fastball,7,1,1,7,1,7,1,7,Standard,Standard,186,-0.003,0.069,,,,-0.069,,6,-6,0.972,0.028,30,26,31,27,3,2,7,1,6,1,1.02,-0.01,-0.01,60.0,,,,,
SI,2024-05-04,96.9,-1.51,5.93,"Glasnow, Tyler",660670,607192,,ball,,,,,14,Ball,R,R,R,LAD,ATL,B,,,0,0,2024,-0.76,1.13,0.7811483379775033,1.2956765043439151,,,,0,6,Top,,,,,,,8.038250862416614,-140.65959158599568,-9.598877599062536,-11.91058770348499,31.4166552055186,-15.173280253919494,3.51607485823812,1.57936910658875,,,,98.9,2503,7.5,746155,669257,518692,666158,571970,605141,606192,681546,681624,53.02,,,,,,,,46,1,Sinker,7,1,1,7,1,7,1,7,Standard,Standard,193,-0.001,0.038,,,,-0.038,,6,-6,0.973,0.027,30,26,31,27,3,2,7,1,6,1,1.31,0.76,0.76,60.2,,,,,
SL,2024-05-04,89.9,-1.95,5.93,"Glasnow, Tyler",660670,607192,single,hit_into_play,,,,,5,Ronald Acuña Jr. singles on a sharp ground ball to left fielder Teoscar Hernández.,R,R,R,LAD,ATL,X,7,ground_ball,1,0,2024,0.34,0.24,-0.0264019761276034,2.2180498110660234,,,,0,4,Top,81.51,114.73,,,,,4.100607550790773,-130.94619328680298,-3.881911257887736,3.2252015060360995,24.115517868569007,-28.821182708390804,3.52,1.58,15,103.4,-8,91.9,2742,7.1,746155,669257,518692,666158,571970,605141,606192,681546,681624,53.35,0.358,0.322,0.9,1,1,0,2,25,2,Slider,3,0,0,3,0,3,0,3,Standard,Standard,185,-0.035,0.41,80.8,8.0,0.382,-0.41,103.4,3,-3,0.81,0.1899999999999999,30,26,31,27,2,1,7,1,6,1,2.54,-0.34,-0.34,51.3,12.720512860968572,1.5172261999117311,33.85357173327422,37.753014166860254,39.67917895479489
CU,2024-05-04,83.5,-1.66,6.08,"Glasnow, Tyler",660670,607192,,ball,,,,,14,Ball,R,R,R,LAD,ATL,B,,,0,0,2024,0.08,-1.03,1.0181208529108277,0.5007613844254055,,,,0,4,Top,,,,,,,6.100941903820345,-121.50127561756555,-4.440884186153726,-0.3688652518356978,23.33195473741566,-41.709339327543326,3.59649921655079,1.62499448704874,,,,84.7,2860,7.1,746155,669257,518692,666158,571970,605141,606192,681546,681624,53.45,,,,,,,,25,1,Curveball,3,0,0,3,0,3,0,3,Standard,Standard,10,-0.004,0.038,,,,-0.038,,3,-3,0.814,0.186,30,26,31,27,2,1,7,1,6,1,4.29,-0.08,-0.08,55.6,,,,,
FF,2024-05-04,95.1,-1.77,6.04,"Glasnow, Tyler",660670,607192,field_out,hit_into_play,,,,,14,"Ronald Acuña Jr. grounds out, second baseman Gavin Lux to first baseman Freddie Freeman.",R,R,R,LAD,ATL,X,4,ground_ball,1,0,2024,-0.15,0.83,0.320177167790884,1.2097527545996576,,,,0,1,Top,149.75,151.22,,,,,5.9640313665339555,-138.22164296236534,-9.127732935486758,-3.103543989938228,27.002989691195516,-19.85994468184262,3.57333544715161,1.63355339993091,7,92.6,-9,97.9,2471,7.7,746155,669257,518692,666158,571970,605141,606192,681546,681624,52.84,0.231,0.237,0.0,1,0,0,2,1,2,4-Seam Fastball,0,0,0,0,0,0,0,0,Standard,Standard,191,0.026,-0.292,,,0.235,0.292,92.6,0,0,0.496,0.504,30,26,31,27,1,0,7,1,6,1,1.68,0.15,0.15,53.1,,,,,
FF,2024-05-04,94.6,-1.65,6.11,"Glasnow, Tyler",660670,607192,,ball,,,,,14,Ball,R,R,R,LAD,ATL,B,,,0,0,2024,0.1,1.28,1.2614247744902451,1.4116810362434655,,,,0,1,Top,,,,,,,7.5009304318992305,-137.3588566571793,-9.622509197784682,-0.202968285308505,27.46497886270816,-14.065453874969556,3.46952473219444,1.66579825747533,,,,96.6,2402,7.3,746155,669257,518692,666158,571970,605141,606192,681546,681624,53.16,,,,,,,,1,1,4-Seam Fastball,0,0,0,0,0,0,0,0,Standard,Standard,197,-0.004,0.038,,,,-0.038,,0,0,0.5,0.5,30,26,31,27,1,0,7,1,6,1,1.26,-0.1,-0.1,54.8,,,,,
SL,2024-05-03,87.0,-0.61,5.88,"Grove, Michael",660670,675627,field_out,hit_into_play,,,,,6,Ronald Acuña Jr. pops out to shortstop Mookie Betts.,R,R,R,LAD,ATL,X,6,popup,3,2,2024,0.29,0.14,0.6284654395871684,2.52247072454016,,594807,,0,11,Top,126.62,143.85,,,,,2.4324536805388433,-126.71854633396492,-2.194686960255025,2.5826747729431294,25.79582944648521,-30.39955736845165,3.5,1.57,153,92.6,64,88.3,2392,7.1,746152,669257,518692,571771,571970,605141,621035,681624,606192,53.44,0.011,0.012,0.0,1,0,0,3,77,6,Slider,3,3,3,3,3,3,3,3,Infield shade,Standard,78,0.117,-0.31,80.5,8.1,0.017,0.31,92.6,0,0,0.492,0.508,27,26,28,27,1,4,3,2,2,1,2.86,-0.29,-0.29,57.9,16.940710990631977,-8.976374004772648,30.563267777529536,41.948830729197,40.1787694178271
SL,2024-05-03,87.9,-0.64,5.81,"Grove, Michael",660670,675627,,blocked_ball,,,,,14,Ball In Dirt,R,R,R,LAD,ATL,B,,,2,2,2024,0.38,0.23,2.1939415590251383,0.0622125740035937,,594807,,0,11,Top,,,,,,,6.168351091385325,-127.73198642798312,-8.421618542127293,2.9749169041514025,25.737627555587142,-28.09332953517986,3.52734379008608,1.70143460820856,,,,89.3,2499,7.2,746152,669257,518692,571771,571970,605141,621035,681624,606192,53.34,,,,,,,,77,5,Slider,3,3,3,3,3,3,3,3,Infield shade,Standard,63,-0.024,0.063,,,,-0.063,,0,0,0.516,0.484,27,26,28,27,1,4,3,2,2,1,2.72,-0.38,-0.38,58.1,,,,,
SL,2024-05-03,86.4,-0.82,5.88,"Grove, Michael",660670,675627,,called_strike,,,,,3,Called Strike,R,R,R,LAD,ATL,S,,,2,1,2024,0.49,0.11,0.7893545222976044,3.1659658209479713,,594807,,0,11,Top,,,,,,,2.8689169410291164,-125.82719793865168,-0.4768752311751839,4.621922998719707,24.87025707810286,-31.131566131206004,3.5261593293328,1.66752989559051,,,,87.6,2443,7.0,746152,669257,518692,571771,571970,605141,621035,681624,606192,53.54,,,,,,,,77,4,Slider,3,3,3,3,3,3,3,3,Standard,Standard,82,0.021,-0.06,,,,0.06,,0,0,0.495,0.505,27,26,28,27,1,4,3,2,2,1,2.93,-0.49,-0.49,54.5,,,,,
SI,2024-05-03,95.8,-0.78,5.93,"Grove, Michael",660670,675627,,ball,,,,,12,Ball,R,R,R,LAD,ATL,B,,,1,1,2024,-0.76,1.32,0.1297490391600119,3.8250400917252114,,594807,,0,11,Top,,,,,,,4.191008765948761,-139.50572968923177,-3.041840238573227,-10.878120169039224,28.636060585183316,-14.350625757985837,3.54125901540579,1.69510283544107,,,,97.6,2330,7.1,746152,669257,518692,571771,571970,605141,621035,681624,606192,53.44,,,,,,,,77,3,Sinker,3,3,3,3,3,3,3,3,Standard,Standard,195,-0.01,0.041,,,,-0.041,,0,0,0.505,0.495,27,26,28,27,1,4,3,2,2,1,1.14,0.76,0.76,56.4,,,,,
SL,2024-05-03,86.5,-0.91,5.83,"Grove, Michael",660670,675627,,foul,,,,,5,Foul,R,R,R,LAD,ATL,S,,,1,0,2024,0.5,0.0,-0.2017697683193088,2.431370271217031,,594807,,0,11,Top,,,,,,,0.6796344129225318,-125.94662324382467,-1.8861152479497871,5.126392980390302,27.282532167322778,-31.940879300230275,3.5,1.57,150,65.8,17,87.6,2464,7.1,746152,669257,518692,571771,571970,605141,621035,681624,606192,53.43,,,,,,,,77,2,Slider,3,3,3,3,3,3,3,3,Infield shade,Standard,87,0.01,-0.036,,,,0.036,88.0,0,0,0.495,0.505,27,26,28,27,1,4,3,2,2,1,3.05,-0.5,-0.5,58.1,,,,,
SL,2024-05-03,85.9,-0.64,5.88,"Grove, Michael",660670,675627,,ball,,,,,14,Ball,R,R,R,LAD,ATL,B,,,0,0,2024,0.57,0.1,1.206510595957495,2.241431235984892,,594807,,0,11,Top,,,,,,,3.2635240756633923,-125.06232082763324,-2.540310106115193,5.193192929643992,27.4132047373226,-30.763758167305557,3.58748585183315,1.67683979947262,,,,86.9,2381,7.1,746152,669257,518692,571771,571970,605141,621035,681624,606192,53.41,,,,,,,,77,1,Slider,3,3,3,3,3,3,3,3,Standard,Standard,81,0.162,0.038,,,,-0.038,,0,0,0.333,0.667,27,26,28,27,1,4,3,2,2,1,3.0,-0.57,-0.57,57.2,,,,,
FF,2024-05-03,95.5,-2.79,5.3,"Hudson, Daniel",660670,543339,home_run,hit_into_play,,,,,3,Ronald Acuña Jr. homers (2) on a fly ball to left center field.,R,R,R,LAD,ATL,X,,fly_ball,3,2,2024,-0.56,1.11,0.3558007202517087,3.4769521949579394,,,,1,8,Top,51.07,65.76,,,,,9.60345193523195,-138.91578504513666,-1.713773253803954,-9.3209681876832,29.245280193904104,-17.52398819205604,3.5,1.57,378,103.3,38,96.3,2382,6.6,746152,669257,518692,500743,571970,605141,571771,681624,606192,53.88,0.447,0.8976363636363637,2.0,1,0,3,5,55,6,4-Seam Fastball,2,1,1,2,2,2,2,2,Standard,Standard,223,-0.244,1.506,80.4,7.7,1.766,-1.506,103.3,1,-1,0.79,0.2099999999999999,37,26,37,27,1,3,3,2,5,1,1.38,0.56,0.56,26.0,17.054818099596428,-13.221555457012224,26.196723864857884,39.28786205292751,37.25774811957372
SL,2024-05-03,89.0,-2.8,5.43,"Hudson, Daniel",660670,543339,,ball,,,,,14,Ball,R,R,R,LAD,ATL,B,,,2,2,2024,-0.39,0.48,1.3471955182153912,0.4082473851582513,,,,1,8,Top,,,,,,,11.023656505920822,-129.11073976977835,-7.386290883793245,-6.325110378937351,21.890180806431825,-25.567073347725408,3.52579040674764,1.57583846482995,,,,89.8,2701,6.5,746152,669257,518692,500743,571970,605141,571771,681624,606192,53.95,,,,,,,,55,5,Slider,2,1,1,2,1,2,1,2,Standard,Standard,218,-0.015,0.108,,,,-0.108,,1,-1,0.805,0.1949999999999999,37,26,37,27,1,3,3,2,5,1,2.37,0.39,0.39,31.6,,,,,
SL,2024-05-03,88.1,-2.87,5.47,"Hudson, Daniel",660670,543339,,called_strike,,,,,9,Called Strike,R,R,R,LAD,ATL,S,,,2,1,2024,-0.31,0.67,0.5141901974150254,2.035902582322377,,,,1,8,Top,,,,,,,8.866345168940494,-128.09453028859545,-3.696808196223288,-5.024983822509463,23.173894983890616,-24.25943510647266,3.68733944589327,1.73645159324772,,,,88.6,2650,6.4,746152,669257,518692,500743,571970,605141,571771,681624,606192,54.11,,,,,,,,55,4,Slider,2,1,1,2,1,2,1,2,Standard,Standard,201,0.012,-0.078,,,,0.078,,1,-1,0.793,0.2069999999999999,37,26,37,27,1,3,3,2,5,1,2.25,0.31,0.31,29.9,,,,,
SI,2024-05-03,96.1,-2.89,5.27,"Hudson, Daniel",660670,543339,,ball,,,,,13,Ball,R,R,R,LAD,ATL,B,,,1,1,2024,-1.37,1.03,-0.2989199515150338,1.025655665961234,,,,1,8,Top,,,,,,,10.02036988434445,-139.50923446061867,-8.034963533371045,-20.164562974314833,30.52309928856428,-17.00447368673368,3.58892149677246,1.60549687730121,,,,96.7,2360,6.7,746152,669257,518692,500743,571970,605141,571771,681624,606192,53.82,,,,,,,,55,3,Sinker,2,1,1,2,1,2,1,2,Standard,Standard,223,-0.008,0.059,,,,-0.059,,1,-1,0.801,0.1989999999999999,37,26,37,27,1,3,3,2,5,1,1.44,1.37,1.37,26.4,,,,,
SI,2024-05-03,94.2,-2.85,5.23,"Hudson, Daniel",660670,543339,,ball,,,,,13,Ball,R,R,R,LAD,ATL,B,,,0,1,2024,-1.23,0.97,-0.1140745937128713,1.4395037527425512,,,,1,8,Top,,,,,,,9.92022468856046,-136.75864297137156,-6.330780798232372,-17.59633186959887,29.67530279544036,-18.746894242031573,3.55036521563389,1.63137638755795,,,,95.1,2274,6.9,746152,669257,518692,500743,571970,605141,571771,681624,606192,53.61,,,,,,,,55,2,Sinker,2,1,1,2,1,2,1,2,Standard,Standard,218,-0.004,0.024,,,,-0.024,,1,-1,0.805,0.1949999999999999,37,26,37,27,1,3,3,2,5,1,1.61,1.23,1.23,26.7,,,,,
SL,2024-05-03,88.1,-2.8,5.49,"Hudson, Daniel",660670,543339,,swinging_strike,,,,,9,Swinging Strike,R,R,R,LAD,ATL,S,,,0,0,2024,-0.26,0.39,0.7061522289030715,1.8050741287304644,,,,1,8,Top,,,,,,,9.026751874274977,-128.0355818511041,-3.684012767147759,-4.567063494577879,23.402722849262886,-27.377591591813164,3.5,1.57,,,,88.1,2631,6.1,746152,669257,518692,500743,571970,605141,571771,681624,606192,54.38,,,,,,,,55,1,Slider,2,1,1,2,1,2,1,2,Standard,Standard,157,0.006,-0.037,78.8,8.4,,0.037,,1,-1,0.799,0.2009999999999999,37,26,37,27,1,3,3,2,5,1,2.53,0.26,0.26,29.7,21.911524485786327,-14.568794134008895,31.696842498149373,46.13858602029556,47.574244671852625
FF,2024-05-03,95.6,-1.71,5.57,"Stone, Gavin",660670,694813,strikeout,swinging_strike,,,,,2,Ronald Acuña Jr. strikes out swinging.,R,R,R,LAD,ATL,S,2,,1,2,2024,-0.79,1.32,-0.1779452960117428,3.324232618310669,,,,2,5,Top,,,,,,,5.868465282578089,-139.14330692393017,-3.3181938139860296,-11.55031841540745,29.566640296435036,-14.447810281389078,3.5,1.57,,,,96.7,2241,6.8,746152,669257,518692,666158,571970,605141,606192,681546,681624,53.73,,0.0,0.0,1,0,0,,37,5,4-Seam Fastball,2,1,1,2,1,2,1,2,Standard,Standard,218,0.011,-0.18,70.9,6.3,,0.18,,1,-1,0.697,0.303,25,26,26,27,3,2,7,2,5,1,1.16,0.79,0.79,49.5,5.951492656074462,24.882148413403343,31.937566995815175,32.61700327409044,22.243222448368705
CH,2024-05-03,88.4,-1.63,5.54,"Stone, Gavin",660670,694813,,foul,,,,,8,Foul,R,R,R,LAD,ATL,S,,,1,2,2024,-1.33,0.46,0.2210085633478089,1.577122334271611,,,,2,5,Top,,,,,,,7.339728033396043,-128.57973422309664,-4.61570424576135,-16.29906349976153,25.04009348030326,-26.27184241846224,3.5,1.57,1,51.3,-61,89.2,1755,6.7,746152,669257,518692,666158,571970,605141,606192,681546,681624,53.83,,,,,,,,37,4,Changeup,2,1,1,2,1,2,1,2,Standard,Standard,238,0.0,0.0,81.2,8.0,,0.0,88.0,1,-1,0.697,0.303,25,26,26,27,3,2,7,2,5,1,2.44,1.33,1.33,46.4,10.2742074075334,-11.903074713667706,39.8981290855137,37.314901921208744,43.93195353822094
FF,2024-05-03,96.0,-1.79,5.59,"Stone, Gavin",660670,694813,,foul,,,,,12,Foul,R,R,R,LAD,ATL,S,,,1,1,2024,-0.97,1.44,0.9610286743377622,2.890366665894369,,,,2,5,Top,,,,,,,9.523030948780582,-139.47176345593903,-4.833215767018702,-14.755153902971411,29.741212932434607,-12.481503234013683,3.5,1.57,249,78.1,30,96.6,2298,6.6,746152,669257,518692,666158,571970,605141,606192,681546,681624,53.92,,,,,,,,37,3,4-Seam Fastball,2,1,1,2,1,2,1,2,Standard,Standard,212,0.003,-0.064,71.2,7.3,,0.064,88.0,1,-1,0.694,0.306,25,26,26,27,3,2,7,2,5,1,1.04,0.97,0.97,48.4,9.661921478341675,17.469638267850478,28.876429357312745,48.11618905266488,25.04410166860258
CH,2024-05-03,87.2,-1.66,5.54,"Stone, Gavin",660670,694813,,swinging_strike,,,,,5,Swinging Strike,R,R,R,LAD,ATL,S,,,1,0,2024,-1.23,0.65,-0.1979959873948913,2.510297143463583,,,,2,5,Top,,,,,,,6.108026573636683,-126.84311512985764,-2.501354237807326,-14.48369036133042,24.646208316996212,-24.867413935491765,3.5,1.57,,,,88.4,1576,7.0,746152,669257,518692,666158,571970,605141,606192,681546,681624,53.55,,,,,,,,37,2,Changeup,2,1,1,2,1,2,1,2,Standard,Standard,241,0.003,-0.051,77.7,9.1,,0.051,,1,-1,0.691,0.309,25,26,26,27,3,2,7,2,5,1,2.34,1.23,1.23,46.8,28.741031111845455,-47.0551272453218,32.616821051557814,34.47800307849616,58.34052811924616
SI,2024-05-03,95.0,-1.88,5.61,"Stone, Gavin",660670,694813,,ball,,,,,11,Ball,R,R,R,LAD,ATL,B,,,0,0,2024,-1.37,0.81,-1.189386352928487,3.381790083065542,,,,2,5,Top,,,,,,,4.906319161640818,-138.2596749981255,-1.993876360228966,-18.662882365734127,30.822748272565583,-21.567953120201995,3.57011730325345,1.70249905320354,,,,95.4,2087,6.5,746152,669257,518692,666158,571970,605141,606192,681546,681624,54.01,,,,,,,,37,1,Sinker,2,1,1,2,1,2,1,2,Standard,Standard,220,-0.002,0.04,,,,-0.04,,1,-1,0.693,0.307,25,26,26,27,3,2,7,2,5,1,1.72,1.37,1.37,47.7,,,,,
SI,2024-05-03,95.3,-1.9,5.61,"Stone, Gavin",660670,694813,field_out,hit_into_play,,,,,4,Ronald Acuña Jr. lines out to pitcher Gavin Stone.,R,R,R,LAD,ATL,X,1,line_drive,2,1,2024,-1.44,0.79,-0.7520722802068687,2.812678739589132,,,,0,3,Top,127.14,168.73,,,,,6.272631600434347,-138.76457703948634,-3.5188557421808007,-20.0089428515797,29.371078477840264,-21.4157228158776,3.5,1.57,85,67.6,7,96.0,2097,6.6,746152,669257,518692,666158,571970,605141,606192,681546,681624,53.94,0.198,0.178,0.0,1,0,0,2,19,4,Sinker,0,1,1,0,1,0,1,0,Standard,Standard,216,0.025,-0.296,,,0.202,0.296,88.0,-1,1,0.385,0.615,25,26,26,27,2,1,7,2,5,1,1.71,1.44,1.44,46.6,,,,,
FF,2024-05-03,94.5,-1.78,5.56,"Stone, Gavin",660670,694813,,ball,,,,,12,Ball,R,R,R,LAD,ATL,B,,,1,1,2024,-0.8,1.22,0.4889253329321926,4.243891371319847,,,,0,3,Top,,,,,,,7.684949854954824,-137.4011390462069,-0.4469950486314414,-11.80053265363985,30.387584636451365,-16.871061826705436,3.62280611335268,1.69938761707648,,,,94.5,2199,6.3,746152,669257,518692,666158,571970,605141,606192,681546,681624,54.18,,,,,,,,19,3,4-Seam Fastball,0,1,1,0,1,0,1,0,Standard,Standard,221,-0.004,0.053,,,,-0.053,,-1,1,0.389,0.611,25,26,26,27,2,1,7,2,5,1,1.34,0.8,0.8,45.3,,,,,
SI,2024-05-03,94.0,-1.79,5.47,"Stone, Gavin",660670,694813,,foul,,,,,9,Foul,R,R,R,LAD,ATL,S,,,1,0,2024,-1.27,1.2,0.4048639454291085,2.0915640690563535,,,,0,3,Top,,,,,,,8.576178607151512,-136.63620145232358,-5.781789115294738,-17.763244698191887,27.955093034846584,-15.96006615364922,3.5,1.57,341,98.0,35,94.9,1997,6.7,746152,669257,518692,666158,571970,605141,606192,681546,681624,53.77,,,,,,,,19,2,Sinker,0,1,1,0,1,0,1,0,Standard,Standard,223,0.004,-0.049,75.2,7.5,,0.049,98.0,-1,1,0.385,0.615,25,26,26,27,2,1,7,2,5,1,1.37,1.27,1.27,43.0,5.864115944460494,22.91922828912777,34.01469229232202,42.77115887669464,22.86468329825733
SI,2024-05-03,94.4,-1.92,5.66,"Stone, Gavin",660670,694813,,ball,,,,,11,Ball,R,R,R,LAD,ATL,B,,,0,0,2024,-1.42,1.0,-1.5798236845691511,3.494760556211564,,,,0,3,Top,,,,,,,4.059920072796038,-137.5051675249757,-2.1998272819199443,-18.948782452252477,29.033310399716623,-19.212067127343744,3.64033993370558,1.71679871029432,,,,95.0,2064,6.5,746152,669257,518692,666158,571970,605141,606192,681546,681624,54.01,,,,,,,,19,1,Sinker,0,1,1,0,1,0,1,0,Standard,Standard,217,-0.003,0.038,,,,-0.038,,-1,1,0.388,0.612,25,26,26,27,2,1,7,2,5,1,1.55,1.42,1.42,46.5,,,,,
FF,2024-05-03,95.1,-1.8,5.56,"Stone, Gavin",660670,694813,single,hit_into_play,,,,,4,Ronald Acuña Jr. singles on a fly ball to center fielder James Outman.,R,R,R,LAD,ATL,X,8,fly_ball,0,0,2024,-0.84,1.27,-0.6749630454444969,2.82017405357338,,,,0,1,Top,110.86,101.64,,,,,4.871649236964811,-138.465433525215,-4.407146181251593,-11.922197837226822,30.6743591216843,-15.078786082105568,3.5000013738614,1.57000114583349,241,74.1,41,95.7,2170,6.6,746152,669257,518692,666158,571970,605141,606192,681546,681624,53.94,0.187,0.174,0.9,1,1,0,3,1,1,4-Seam Fastball,0,0,0,0,0,0,0,0,Standard,Standard,222,-0.036,0.448,74.4,7.3,0.215,-0.448,88.0,0,0,0.5,0.5,25,26,26,27,1,0,7,2,5,1,1.25,0.84,0.84,44.5,8.152016855339989,-2.9477342227885424,33.61127137339866,28.130964323780837,32.71624631904186
FC,2024-05-01,89.8,-2.39,5.74,"Voth, Austin",660670,608723,strikeout,swinging_strike,,,,,14,Ronald Acuña Jr. strikes out swinging.,R,R,R,SEA,ATL,S,2,,1,2,2024,0.55,0.76,1.0187748575792397,1.7058933314922928,,,,0,9,Top,,,,,,,7.299140463097768,-130.6002345075098,-5.685989192776232,5.006975860132586,24.68768638237422,-22.548720402692748,3.49,1.57,,,,90.6,2413,6.6,745261,664874,664034,593871,649966,664238,668942,677594,571745,53.92,,0.0,0.0,1,0,0,,72,4,Cutter,2,5,5,2,5,2,5,2,Standard,Standard,160,0.003,-0.186,79.9,8.8,,0.186,,-3,3,0.035,0.965,32,26,32,27,1,4,2,1,6,2,2.05,-0.55,-0.55,41.3,20.92424684677029,-13.02706564163372,32.975989452447514,46.73324553985098,41.50983017257093
FC,2024-05-01,87.6,-2.39,5.87,"Voth, Austin",660670,608723,,swinging_strike,,,,,6,Swinging Strike,R,R,R,SEA,ATL,S,,,1,1,2024,0.63,0.47,0.8171569946911343,2.4348521914739374,,,,0,9,Top,,,,,,,6.460816179614638,-127.50547759289412,-3.170872488010783,5.703093912206648,24.31944275871843,-26.610033927946574,3.49,1.57,,,,88.1,2370,6.4,745261,664874,664034,593871,649966,664238,668942,677594,571745,54.11,,,,,,,,72,3,Cutter,2,5,5,2,5,2,5,2,Infield shade,Standard,153,0.001,-0.056,73.3,7.3,,0.056,,-3,3,0.034,0.966,32,26,32,27,1,4,2,1,6,2,2.48,-0.63,-0.63,40.6,2.583275051112584,31.19487360771329,31.146553620864424,48.92981057191761,16.69671095382297
FF,2024-05-01,93.7,-2.32,5.71,"Voth, Austin",660670,608723,,ball,,,,,9,Ball,R,R,R,SEA,ATL,B,,,0,1,2024,-0.52,1.34,0.512033014043529,1.6124278806021808,,,,0,9,Top,,,,,,,8.49898263007821,-136.09205725796704,-7.855030570634475,-8.297416454717276,28.545974269897865,-13.958559271064113,3.53815453205333,1.47626017746786,,,,94.1,2309,6.6,745261,664874,664034,593871,649966,664238,668942,677594,571745,53.95,,,,,,,,72,2,4-Seam Fastball,2,5,5,2,5,2,5,2,Standard,Standard,212,-0.001,0.025,,,,-0.025,,-3,3,0.035,0.965,32,26,32,27,1,4,2,1,6,2,1.26,0.52,0.52,40.8,,,,,
FC,2024-05-01,88.3,-2.32,5.82,"Voth, Austin",660670,608723,,swinging_strike,,,,,14,Swinging Strike,R,R,R,SEA,ATL,S,,,0,0,2024,0.52,0.64,1.2477903929023866,1.992175673816334,,,,0,9,Top,,,,,,,7.62534565287951,-128.49857889795769,-4.6441692757937885,4.352019015880975,24.01972888897958,-24.27230509748823,3.49,1.57,,,,88.8,2355,6.4,745261,664874,664034,593871,649966,664238,668942,677594,571745,54.11,,,,,,,,72,1,Cutter,2,5,5,2,5,2,5,2,Infield shade,Standard,167,0.001,-0.037,42.1,7.5,,0.037,,-3,3,0.034,0.966,32,26,32,27,1,4,2,1,6,2,2.25,-0.52,-0.52,39.0,7.7759698342863,20.118232667343385,39.19951188710625,52.68700144860069,23.889618283443436
ST,2024-05-01,80.2,-4.08,4.44,"Miller, Tyson",660670,668338,strikeout,swinging_strike,,,,,14,Ronald Acuña Jr. strikes out swinging.,R,R,R,SEA,ATL,S,2,,2,2,2024,1.12,0.92,1.317602576642124,1.4392911570511495,,,,1,6,Top,,,,,,,9.939448462864254,-116.38329983024724,-1.6196970027271314,8.153436849301844,23.128099608058744,-23.70924713913853,3.49,1.57,,,,81.1,2610,7.2,745261,664874,664034,593871,649966,664238,664059,677594,571745,53.34,,0.0,0.0,1,0,0,,50,5,Sweeper,1,5,5,1,5,1,5,1,Standard,Standard,80,0.004,-0.225,65.1,8.8,,0.225,,-4,4,0.09,0.91,28,26,29,27,1,3,7,1,2,2,2.66,-1.12,-1.12,14.1,23.31588293682646,-16.025503170416126,38.51260892351927,50.08850300425972,45.34632594251638
FF,2024-05-01,91.1,-3.65,4.79,"Miller, Tyson",660670,668338,,ball,,,,,12,Ball,R,R,R,SEA,ATL,B,,,1,2,2024,-0.18,1.28,0.930514451253712,3.7984368971077185,,,,1,6,Top,,,,,,,12.070637851502568,-132.24298556233575,0.7023934252057406,-4.661537589436942,28.12749312851235,-17.492345654646616,3.47177794018503,1.63868470112954,,,,92.5,2303,7.2,745261,664874,664034,593871,649966,664238,664059,677594,571745,53.27,,,,,,,,50,4,4-Seam Fastball,1,5,5,1,5,1,5,1,Standard,Standard,216,0.0,0.043,,,,-0.043,,-4,4,0.09,0.91,28,26,29,27,1,3,7,1,2,2,1.48,0.18,0.18,24.4,,,,,
FF,2024-05-01,89.9,-3.84,4.6,"Miller, Tyson",660670,668338,,foul,,,,,4,Foul,R,R,R,SEA,ATL,S,,,1,1,2024,-0.09,0.99,-0.6923798998557658,2.717374294265901,,,,1,6,Top,,,,,,,8.129745737034513,-130.80384090403086,-0.799734027773089,-2.6947428677930194,26.84539345584252,-20.80449982486544,3.49,1.57,197,82.2,70,91.5,2226,7.2,745261,664874,664034,593871,649966,664238,664059,677594,571745,53.3,,,,,,,,50,3,4-Seam Fastball,1,5,5,1,5,1,5,1,Standard,Standard,223,0.001,-0.061,72.4,7.7,,0.061,88.0,-4,4,0.089,0.911,28,26,29,27,1,3,7,1,2,2,1.82,0.09,0.09,18.6,16.731257403713432,-18.50623608436195,39.1418516579658,28.707267987233596,38.272641875907155
ST,2024-05-01,81.5,-3.83,4.61,"Miller, Tyson",660670,668338,,ball,,,,,12,Ball,R,R,R,SEA,ATL,B,,,0,1,2024,1.24,1.02,1.3559220563835748,3.0478240314655705,,,,1,6,Top,,,,,,,9.398173156435222,-118.33703292859508,1.1861363161908942,9.936998623879097,22.19410159132686,-23.036011791614605,3.50369922948038,1.67384788758893,,,,82.7,2450,7.2,745261,664874,664034,593871,649966,664238,664059,677594,571745,53.31,,,,,,,,50,2,Sweeper,1,5,5,1,5,1,5,1,Standard,Standard,88,-0.001,0.024,,,,-0.024,,-4,4,0.09,0.91,28,26,29,27,1,3,7,1,2,2,2.42,-1.24,-1.24,17.6,,,,,
ST,2024-05-01,79.7,-4.27,4.43,"Miller, Tyson",660670,668338,,called_strike,,,,,1,Called Strike,R,R,R,SEA,ATL,S,,,0,0,2024,1.37,1.08,-0.4182163045998941,3.1609898139244357,,,,1,6,Top,,,,,,,5.9880985687891055,-116.03761604785512,1.9377941393471545,11.294353151689483,21.13911612974814,-22.979540925241626,3.47483137317364,1.59748189913164,,,,81.0,2487,7.1,745261,664874,664034,593871,649966,664238,664059,677594,571745,53.41,,,,,,,,50,1,Sweeper,1,5,5,1,5,1,5,1,Standard,Standard,88,0.001,-0.037,,,,0.037,,-4,4,0.089,0.911,28,26,29,27,1,3,7,1,2,2,2.5,-1.37,-1.37,17.2,,,,,
FF,2024-05-01,93.6,-1.62,5.6,"Hancock, Emerson",660670,676106,single,hit_into_play,,,,,4,Ronald Acuña Jr. singles on a ground ball to left fielder Sam Haggerty. Orlando Arcia scores.,R,R,R,SEA,ATL,X,7,ground_ball,2,1,2024,-1.05,1.12,-0.6344910430424625,2.694933915877576,,606115,,2,4,Top,80.97,113.19,,,,,4.885670592159022,-136.1923747979828,-4.253556718101915,-14.144991666307748,29.37893985776794,-17.467687870021926,3.49,1.57,137,90.9,9,94.0,2341,6.5,745261,664874,664034,593871,649966,664238,664059,677594,571745,54.04,0.545,0.499,0.9,1,1,0,4,30,4,4-Seam Fastball,0,1,1,0,2,0,2,0,Standard,Standard,227,-0.1,0.661,75.3,7.2,0.606,-0.661,90.9,-1,1,0.392,0.608,25,26,25,27,3,2,5,1,6,2,1.48,1.05,1.05,27.8,13.23220495502525,0.6254140040264183,35.30500723793382,28.90343442508722,31.53070511245127
SI,2024-05-01,91.9,-1.85,5.41,"Hancock, Emerson",660670,676106,,ball,,,,,13,Ball,R,R,R,SEA,ATL,B,,,1,1,2024,-1.57,0.5,-1.464702080461613,1.980346755517775,,606115,,2,4,Top,,,,,,,4.3810468384646795,-133.68841664643207,-3.874079566740519,-19.70752607322421,31.68568513726907,-25.57954190773212,3.55306323513923,1.64495606714139,,,,91.7,2238,6.4,745261,664874,664034,593871,649966,664238,664059,677594,571745,54.1,,,,,,,,30,3,Sinker,0,1,1,0,1,0,1,0,Standard,Standard,237,-0.003,0.039,,,,-0.039,,-1,1,0.395,0.605,25,26,25,27,3,2,5,1,6,2,2.23,1.57,1.57,22.1,,,,,
FF,2024-05-01,92.1,-1.75,5.73,"Hancock, Emerson",660670,676106,,swinging_strike,,,,,2,Swinging Strike,R,R,R,SEA,ATL,S,,,1,0,2024,-0.93,1.26,-0.2309082787681884,3.4316085376851833,,606115,,2,4,Top,,,,,,,5.890050673857834,-133.9224714918958,-2.6889936966043657,-12.487145973418563,30.52137345831168,-16.714202266236786,3.49,1.57,,,,92.0,2350,6.4,745261,664874,664034,593871,649966,664238,664059,677594,571745,54.11,,,,,,,,30,2,4-Seam Fastball,0,1,1,0,1,0,1,0,Standard,Standard,224,0.003,-0.043,51.9,6.0,,0.043,,-1,1,0.392,0.608,25,26,25,27,3,2,5,1,6,2,1.45,0.93,0.93,32.2,1.7870627567741435,37.05401960054148,36.29104324974213,34.5382381233899,13.81881114186443
SI,2024-05-01,91.4,-1.86,5.51,"Hancock, Emerson",660670,676106,,ball,,,,,13,Ball,R,R,R,SEA,ATL,B,,,0,0,2024,-1.41,0.68,-1.4462066827202575,2.133421342152309,,606115,,2,4,Top,,,,,,,4.086606245704079,-133.08905503268244,-4.106117376563613,-17.657723209894357,28.717177091280178,-23.378050999304875,3.57689781957841,1.66850924517907,,,,91.4,2226,6.3,745261,664874,664034,593871,649966,664238,664059,677594,571745,54.21,,,,,,,,30,1,Sinker,0,1,1,0,1,0,1,0,Standard,Standard,229,-0.001,0.014,,,,-0.014,,-1,1,0.393,0.607,25,26,25,27,3,2,5,1,6,2,2.04,1.41,1.41,24.2,,,,,
CH,2024-05-01,87.9,-1.75,5.51,"Hancock, Emerson",660670,676106,single,hit_into_play,,,,,2,Ronald Acuña Jr. singles on a sharp line drive to left fielder Sam Haggerty.,R,R,R,SEA,ATL,X,7,line_drive,1,1,2024,-1.48,0.2,0.2582687006524158,2.8954899839852053,,,,1,3,Top,89.65,91.09,,,,,7.94137186960273,-127.69396428625656,-0.5706948043199689,-17.9169042354544,28.431673832011946,-30.102633848335465,3.49,1.57,203,111.8,10,87.6,1850,6.4,745261,664874,664034,593871,649966,664238,664059,677594,571745,54.15,0.884,0.918,0.9,1,1,0,5,16,3,Changeup,0,0,0,0,0,0,0,0,Standard,Standard,259,-0.029,0.434,78.6,7.5,1.218,-0.434,111.8,0,0,0.526,0.474,25,26,25,27,2,1,5,1,6,2,2.78,1.48,1.48,27.5,14.810228801415755,1.423236439190752,31.09399382556474,40.58855929742043,35.44444988144491
FF,2024-05-01,94.2,-1.52,5.77,"Hancock, Emerson",660670,676106,,ball,,,,,3,Ball,R,R,R,SEA,ATL,B,,,0,1,2024,-1.03,1.06,0.5423331730727352,3.6941040574122086,,,,1,3,Top,,,,,,,7.653803814145878,-136.90483260756014,-1.995570773964917,-14.680572123815368,32.018459737528346,-18.676595576309555,3.61350018948552,1.73001202058572,,,,94.1,2471,6.5,745261,664874,664034,593871,649966,664238,664059,677594,571745,54.04,,,,,,,,16,2,4-Seam Fastball,0,0,0,0,0,0,0,0,Standard,Standard,227,-0.002,0.024,,,,-0.024,,0,0,0.528,0.472,25,26,25,27,2,1,5,1,6,2,1.53,1.03,1.03,33.4,,,,,
FF,2024-05-01,94.8,-1.63,5.71,"Hancock, Emerson",660670,676106,,swinging_strike,,,,,6,Swinging Strike,R,R,R,SEA,ATL,S,,,0,0,2024,-1.11,1.37,0.3677620214275143,2.6756026871555667,,,,1,3,Top,,,,,,,7.742735876219155,-137.80646477667543,-5.3397859266092125,-15.909798736664396,30.530992565919995,-13.695060279264757,3.49,1.57,,,,95.2,2382,6.6,745261,664874,664034,593871,649966,664238,664059,677594,571745,53.93,,,,,,,,16,1,4-Seam Fastball,0,0,0,0,0,0,0,0,Standard,Standard,227,0.003,-0.037,80.1,7.7,,0.037,,0,0,0.525,0.475,25,26,25,27,2,1,5,1,6,2,1.17,1.11,1.11,29.7,12.349825118903436,10.745658720689256,35.892369278939384,41.03123803555689,24.047699537178683
CH,2024-05-01,86.6,-1.91,5.51,"Hancock, Emerson",660670,676106,strikeout,called_strike,,,,,2,Ronald Acuña Jr. called out on strikes.,R,R,R,SEA,ATL,S,2,,0,2,2024,-1.47,0.24,0.0527206499549737,3.0140875649384493,,,,0,1,Top,,,,,,,7.709776203117808,-125.9710636674338,-0.2630953425123341,-17.23231722390874,24.849362276792213,-29.742404018207708,3.48262237578269,1.60196046591802,,,,86.9,1888,6.5,745261,664874,664034,593871,649966,664238,664059,677594,571745,54.04,,0.0,0.0,1,0,0,,1,4,Changeup,0,0,0,0,0,0,0,0,Standard,Standard,264,0.013,-0.163,,,,0.163,,0,0,0.509,0.491,25,26,25,27,1,0,5,1,6,2,2.79,1.47,1.47,28.6,,,,,
FF,2024-05-01,93.7,-1.78,5.86,"Hancock, Emerson",660670,676106,,foul,,,,,2,Foul,R,R,R,SEA,ATL,S,,,0,2,2024,-1.05,1.39,0.2299477365560289,2.8999791810703304,,,,0,1,Top,,,,,,,7.553336399126041,-136.1168220332806,-4.967970997644299,-14.693439509168362,30.898157161977306,-14.006419588033708,3.48267624048762,1.56307294391723,212,75.6,43,94.0,2313,6.6,745261,664874,664034,593871,649966,664238,664059,677594,571745,53.88,,,,,,,,1,3,4-Seam Fastball,0,0,0,0,0,0,0,0,Standard,Standard,225,0.0,0.0,74.5,7.3,,0.0,88.0,0,0,0.509,0.491,25,26,25,27,1,0,5,1,6,2,1.22,1.05,1.05,31.8,9.594412605302663,8.836931232620321,35.11978234616901,38.54864013358401,25.936103546740323
FF,2024-05-01,93.5,-1.86,5.75,"Hancock, Emerson",660670,676106,,foul,,,,,2,Foul,R,R,R,SEA,ATL,S,,,0,1,2024,-1.31,1.21,-0.0918651949668569,3.279560882812429,,,,0,1,Top,,,,,,,7.4811702068746095,-135.99978777177014,-3.306985514278042,-17.91163760859783,29.105120247359743,-16.589437833435277,3.49,1.57,185,83.9,74,94.1,2277,6.6,745261,664874,664034,593871,649966,664238,664059,677594,571745,53.91,,,,,,,,1,2,4-Seam Fastball,0,0,0,0,0,0,0,0,Standard,Standard,225,0.006,-0.054,74.6,7.6,,0.054,88.0,0,0,0.503,0.497,25,26,25,27,1,0,5,1,6,2,1.39,1.31,1.31,30.9,17.591821073117035,-3.7162692481022734,29.83512795707128,36.218973104532054,34.640314631591394
FF,2024-05-01,93.7,-1.96,5.68,"Hancock, Emerson",660670,676106,,foul,,,,,5,Foul,R,R,R,SEA,ATL,S,,,0,0,2024,-1.22,1.27,0.007365292787606,2.766815112920744,,,,0,1,Top,,,,,,,7.81056190726884,-136.2183387719502,-4.630773112129416,-16.89450801258618,28.8132644761462,-15.529948934633763,3.49,1.57,191,81.2,69,94.4,2247,6.6,745261,664874,664034,593871,649966,664238,664059,677594,571745,53.86,,,,,,,,1,1,4-Seam Fastball,0,0,0,0,0,0,0,0,Standard,Standard,227,0.003,-0.037,74.8,8.2,,0.037,88.0,0,0,0.5,0.5,25,26,25,27,1,0,5,1,6,2,1.33,1.22,1.22,30.5,15.185827617127268,-9.32968032980975,34.179032373726656,38.25954479358917,32.620973123761175
FF,2024-04-30,98.4,-0.67,6.44,"Stanek, Ryne",660670,592773,field_out,hit_into_play,,,,,5,Ronald Acuña Jr. lines out to right fielder Mitch Haniger. Travis d'Arnaud to 3rd.,R,R,R,SEA,ATL,X,9,line_drive,2,2,2024,-0.69,1.61,-0.1415402951554906,2.638798527746121,,518595,672284,0,8,Top,190.61,106.6,,,,,3.0355218161773423,-143.18219296720866,-8.561491658780886,-10.2325595251888,31.569899175947768,-8.277714658630638,3.49,1.57,280,90.3,22,98.1,2279,6.0,745260,663728,664034,593871,668942,664238,670042,677594,571745,54.47,0.205,0.232,0.0,1,0,0,3,58,6,4-Seam Fastball,3,0,0,3,0,3,0,3,Standard,Standard,203,0.046,-0.195,78.6,6.9,0.352,0.195,90.3,3,-3,0.815,0.185,32,26,33,27,1,3,3,1,5,1,0.74,0.69,0.69,50.0,1.0485797465894504,17.029953631498195,32.72698465558187,34.9588529959019,22.75903351461964
FF,2024-04-30,98.7,-0.62,6.49,"Stanek, Ryne",660670,592773,,foul,,,,,1,Foul,R,R,R,SEA,ATL,S,,,2,2,2024,-0.89,1.55,-0.7071564128068737,2.952429917361534,,518595,672284,0,8,Top,,,,,,,1.8340589537125231,-143.5730953529359,-7.727274866621868,-12.715006099219073,35.23233826356502,-9.158344653558178,3.49,1.57,121,80.3,8,98.1,2348,6.1,745260,663728,664034,593871,668942,664238,670042,677594,571745,54.39,,,,,,,,58,5,4-Seam Fastball,3,0,0,3,0,3,0,3,Standard,Standard,207,0.0,0.0,28.9,5.0,,0.0,88.0,3,-3,0.815,0.185,32,26,33,27,1,3,3,1,5,1,0.8,0.89,0.89,48.7,-24.694414999512208,42.38803908487599,39.84355076737197,27.003086967392218,7.3146590037202515
FF,2024-04-30,98.9,-0.95,6.22,"Stanek, Ryne",660670,592773,,foul,,,,,5,Foul,R,R,R,SEA,ATL,S,,,2,1,2024,-0.81,1.59,0.1723839231357964,2.365186374487025,,518595,672284,0,8,Top,,,,,,,4.91233294805294,-143.69190443439436,-8.722499893444153,-12.335298657577535,33.91761333095343,-8.29365432717989,3.49,1.57,206,80.1,61,98.3,2315,6.1,745260,663728,664034,593871,668942,664238,670042,677594,571745,54.4,,,,,,,,58,4,4-Seam Fastball,3,0,0,3,0,3,0,3,Standard,Standard,212,0.021,-0.095,76.5,7.6,,0.095,88.0,3,-3,0.794,0.2059999999999999,32,26,33,27,1,3,3,1,5,1,0.75,0.81,0.81,44.0,10.593085329036436,8.918634818662543,35.34691736480253,38.548210132780255,32.48839389367539
FF,2024-04-30,98.6,-0.83,6.38,"Stanek, Ryne",660670,592773,,ball,,,,,11,Ball,R,R,R,SEA,ATL,B,,,1,1,2024,-0.75,1.59,-1.0876799902416432,3.158778359073493,,518595,672284,0,8,Top,,,,,,,1.0451756103301613,-143.52920236634864,-6.973368658823505,-10.573504687671187,33.997839627554065,-8.779825238252775,3.50982355007187,1.64234175044672,,,,98.1,2320,6.0,745260,663728,664034,593871,668942,664238,670042,677594,571745,54.47,,,,,,,,58,3,4-Seam Fastball,3,0,0,3,0,3,0,3,Standard,Standard,212,-0.014,0.053,,,,-0.053,,3,-3,0.808,0.1919999999999999,32,26,33,27,1,3,3,1,5,1,0.76,0.75,0.75,46.0,,,,,
FF,2024-04-30,99.4,-0.94,6.25,"Stanek, Ryne",660670,592773,,foul,,,,,7,Foul,R,R,R,SEA,ATL,S,,,1,0,2024,-0.81,1.33,-0.2858584910787318,2.0696568714666643,,518595,672284,0,8,Top,,,,,,,3.6691335454370697,-144.3586490997156,-9.030285685536166,-12.147515894408052,37.31860994127817,-11.64808286819787,3.49,1.57,235,78.9,40,98.5,2091,6.1,745260,663728,664034,593871,668942,664238,670042,677594,571745,54.37,,,,,,,,58,2,4-Seam Fastball,3,0,0,3,0,3,0,3,Standard,Standard,213,0.014,-0.055,78.1,7.2,,0.055,88.0,3,-3,0.794,0.2059999999999999,32,26,33,27,1,3,3,1,5,1,1.01,0.81,0.81,44.1,-1.7293096887764463,17.85912071559808,38.56053491870768,34.43144389324499,23.679214026922164
FF,2024-04-30,98.8,-0.83,6.37,"Stanek, Ryne",660670,592773,,ball,,,,,14,Ball,R,R,R,SEA,ATL,B,,,0,0,2024,-0.79,1.37,0.4304891053265004,1.1925120942249072,,518595,672284,0,8,Top,,,,,,,5.238655274632464,-143.31859130336494,-11.710292868385318,-12.11684385664882,35.2312383642937,-10.649865865477503,3.56578609298506,1.62987158368116,,,,97.8,2119,6.1,745260,663728,664034,593871,668942,664238,670042,677594,571745,54.44,,,,,,,,58,1,4-Seam Fastball,3,0,0,3,0,3,0,3,Standard,Standard,208,-0.011,0.045,,,,-0.045,,3,-3,0.805,0.1949999999999999,32,26,33,27,1,3,3,1,5,1,0.99,0.79,0.79,46.5,,,,,
FF,2024-04-30,96.8,-2.37,5.13,"Castillo, Luis",660670,622491,field_out,hit_into_play,,,,,4,Ronald Acuña Jr. flies out to left fielder Luke Raley.,R,R,R,SEA,ATL,X,7,fly_ball,1,1,2024,-1.08,1.17,-0.4837067728565001,2.841783614140652,,,,2,5,Top,123.64,184.0,,,,,7.364814221647769,-140.7464708590714,-3.1682667054074845,-16.087878035146026,32.032166128174914,-16.077218489932378,3.49,1.57,302,99.9,49,95.1,2234,5.3,745260,663728,664034,593871,668942,664238,670042,677594,571745,55.16,0.016,0.028,0.0,1,0,0,3,39,3,4-Seam Fastball,3,0,0,3,0,3,0,3,Standard,Standard,238,0.009,-0.244,77.0,7.7,0.05,0.244,99.9,3,-3,0.875,0.125,31,26,32,27,3,2,5,1,6,1,1.27,1.08,1.08,16.6,19.867259804859216,-13.007413546692725,33.74467497000397,31.159992477459703,40.723025262899824
FF,2024-04-30,95.7,-2.36,5.13,"Castillo, Luis",660670,622491,,foul,,,,,11,Foul,R,R,R,SEA,ATL,S,,,1,0,2024,-1.12,1.04,-0.9082530188383806,2.5453889772619256,,,,2,5,Top,,,,,,,6.212011888524785,-139.20223301778995,-3.475308207018397,-15.90231962277444,31.507254981469508,-18.13410888931922,3.49,1.57,258,108.5,14,94.0,2144,5.3,745260,663728,664034,593871,668942,664238,670042,677594,571745,55.19,,,,,,,,39,2,4-Seam Fastball,3,0,0,3,0,3,0,3,Standard,Standard,240,0.001,-0.051,74.7,7.3,,0.051,108.5,3,-3,0.874,0.126,31,26,32,27,3,2,5,1,6,1,1.46,1.12,1.12,16.1,13.01684653082947,-15.41371059877342,35.39531130837412,25.828793281369773,37.73418854923752
FF,2024-04-30,96.1,-2.46,5.18,"Castillo, Luis",660670,622491,,ball,,,,,11,Ball,R,R,R,SEA,ATL,B,,,0,0,2024,-0.98,1.28,-0.000467035906554,4.04783799601998,,,,2,5,Top,,,,,,,8.541486076811728,-139.69240059185933,-0.3030998257598302,-14.772263268045725,31.92720356967639,-15.584744292524473,3.56001517021841,1.61907999568694,,,,94.0,2290,5.2,745260,663728,664034,593871,668942,664238,670042,677594,571745,55.32,,,,,,,,39,1,4-Seam Fastball,3,0,0,3,0,3,0,3,Standard,Standard,233,-0.001,0.04,,,,-0.04,,3,-3,0.875,0.125,31,26,32,27,3,2,5,1,6,1,1.2,0.98,0.98,15.8,,,,,
FF,2024-04-30,96.7,-2.27,5.13,"Castillo, Luis",660670,622491,strikeout,swinging_strike,,,,,12,Ronald Acuña Jr. strikes out swinging.,R,R,R,SEA,ATL,S,2,,3,2,2024,-1.07,1.2,0.8671580955417462,2.8727877991723036,,,,1,3,Top,,,,,,,10.584718605539528,-140.4663401181712,-3.173127470552323,-16.418920070356123,28.707865622188148,-15.73328540122287,3.49,1.57,,,,95.3,2292,5.4,745260,663728,664034,593871,668942,664238,670042,677594,571745,55.13,,0.0,0.0,1,0,0,,18,8,4-Seam Fastball,0,0,0,0,0,0,0,0,Standard,Standard,238,0.022,-0.332,74.3,7.1,,0.332,,0,0,0.521,0.479,31,26,32,27,2,1,5,1,6,1,1.23,1.07,1.07,21.2,5.522834262444407,23.053023745694937,31.901686531917942,46.05061107275806,18.785352096101995
FF,2024-04-30,96.9,-2.27,5.02,"Castillo, Luis",660670,622491,,foul,,,,,5,Foul,R,R,R,SEA,ATL,S,,,3,2,2024,-1.14,0.99,-0.0525163226807392,2.442410186241226,,,,1,3,Top,,,,,,,8.35351273542363,-140.91082900879888,-3.5740573519023,-17.045152162537327,29.439252288067298,-18.338097583442245,3.49,1.57,252,77.1,33,95.5,2188,5.3,745260,663728,664034,593871,668942,664238,670042,677594,571745,55.19,,,,,,,,18,7,4-Seam Fastball,0,0,0,0,0,0,0,0,Standard,Standard,238,0.0,0.0,76.1,7.3,,0.0,88.0,0,0,0.521,0.479,31,26,32,27,2,1,5,1,6,1,1.43,1.14,1.14,15.8,3.997449085066881,8.598547290234157,39.79121884525598,35.114159933338456,22.620640474033685
FF,2024-04-30,96.5,-2.35,5.08,"Castillo, Luis",660670,622491,,foul,,,,,8,Foul,R,R,R,SEA,ATL,S,,,3,2,2024,-1.02,1.07,-0.1418089012842106,1.9899689880627247,,,,1,3,Top,,,,,,,8.030260846509686,-140.3572301807603,-5.050818401585294,-15.204600971519207,30.131491840986467,-16.995549633046345,3.49,1.57,215,75.5,38,95.0,2032,5.3,745260,663728,664034,593871,668942,664238,670042,677594,571745,55.17,,,,,,,,18,6,4-Seam Fastball,0,0,0,0,0,0,0,0,Standard,Standard,238,0.0,0.0,75.5,7.5,,0.0,88.0,0,0,0.521,0.479,31,26,32,27,2,1,5,1,6,1,1.37,1.02,1.02,15.9,3.131312164135619,6.078736276431367,42.30372009224223,33.448221370319644,25.34838315699865
SL,2024-04-30,87.9,-2.35,4.72,"Castillo, Luis",660670,622491,,ball,,,,,14,Ball,R,R,R,SEA,ATL,B,,,2,2,2024,-0.27,0.38,1.5462559847538813,0.8311161497710939,,,,1,3,Top,,,,,,,9.812092401184314,-127.70838780156927,-4.10293899437356,-4.802930602986519,23.320513076311403,-27.336872838832544,3.59557676324609,1.54281746846336,,,,86.7,2213,5.3,745260,663728,664034,593871,668942,664238,670042,677594,571745,55.15,,,,,,,,18,5,Slider,0,0,0,0,0,0,0,0,Standard,Standard,263,-0.007,0.108,,,,-0.108,,0,0,0.528,0.472,31,26,32,27,2,1,5,1,6,1,2.55,0.27,0.27,8.9,,,,,
SL,2024-04-30,87.2,-2.5,4.81,"Castillo, Luis",660670,622491,,ball,,,,,7,Ball,R,R,R,SEA,ATL,B,,,1,2,2024,-0.15,0.31,-0.7458491760173243,1.5062986264996838,,,,1,3,Top,,,,,,,4.4580631744060035,-126.9514310712883,-2.379495420809479,-2.553612889739523,26.1931366616682,-28.590652678151113,3.49843675873723,1.5141914096052,,,,85.8,2206,5.4,745260,663728,664034,593871,668942,664238,670042,677594,571745,55.11,,,,,,,,18,4,Slider,0,0,0,0,0,0,0,0,Standard,Standard,239,-0.002,0.043,,,,-0.043,,0,0,0.53,0.47,31,26,32,27,2,1,5,1,6,1,2.69,0.15,0.15,12.7,,,,,
FF,2024-04-30,95.9,-2.39,5.07,"Castillo, Luis",660670,622491,,foul_tip,,,,,2,Foul Tip,R,R,R,SEA,ATL,S,,,1,1,2024,-1.09,0.96,-0.1465430759185164,2.9199125981287404,,,,1,3,Top,,,,,,,8.211102313264009,-139.56647770218936,-2.2642620176370696,-15.979920308618745,28.240486480882492,-19.243869447318986,3.49,1.57,,,,94.6,2169,5.3,745260,663728,664034,593871,668942,664238,670042,677594,571745,55.21,,,,,,,,18,3,4-Seam Fastball,0,0,0,0,0,0,0,0,Standard,Standard,236,0.004,-0.061,78.0,6.8,,0.061,,0,0,0.526,0.474,31,26,32,27,2,1,5,1,6,1,1.5,1.09,1.09,15.8,2.0210797637765254,17.58657441428168,34.89927984543379,34.620687610714896,24.512631719454262
SL,2024-04-30,87.9,-2.48,4.81,"Castillo, Luis",660670,622491,,ball,,,,,14,Ball,R,R,R,SEA,ATL,B,,,0,1,2024,-0.03,0.34,1.1185512778342832,0.5621621579542571,,,,1,3,Top,,,,,,,8.608093740941307,-127.76494255180975,-4.846201469348131,-1.9045062481318504,24.028035383085037,-27.67389860057167,3.52832287911227,1.57826922947205,,,,86.7,2308,5.4,745260,663728,664034,593871,668942,664238,670042,677594,571745,55.13,,,,,,,,18,2,Slider,0,0,0,0,0,0,0,0,Standard,Standard,244,-0.002,0.024,,,,-0.024,,0,0,0.528,0.472,31,26,32,27,2,1,5,1,6,1,2.6,0.03,0.03,11.7,,,,,
FF,2024-04-30,94.9,-2.44,5.12,"Castillo, Luis",660670,622491,,called_strike,,,,,6,Called Strike,R,R,R,SEA,ATL,S,,,0,0,2024,-0.77,1.15,0.5204808251947578,2.4213112137794432,,,,1,3,Top,,,,,,,9.24240860782725,-137.8806081545669,-3.9072511094078526,-11.817159198267651,29.42976961012653,-16.729124729645665,3.48664866131404,1.5366830654235,,,,93.0,2212,5.2,745260,663728,664034,593871,668942,664238,670042,677594,571745,55.34,,,,,,,,18,1,4-Seam Fastball,0,0,0,0,0,0,0,0,Standard,Standard,236,0.003,-0.037,,,,0.037,,0,0,0.525,0.475,31,26,32,27,2,1,5,1,6,1,1.38,0.77,0.77,14.9,,,,,
FF,2024-04-30,96.9,-2.38,5.15,"Castillo, Luis",660670,622491,strikeout,swinging_strike,,,,,3,Ronald Acuña Jr. strikes out swinging.,R,R,R,SEA,ATL,S,2,,3,2,2024,-1.22,1.09,0.3500400831486847,2.9273206050683127,,,,0,1,Top,,,,,,,9.861286675490849,-140.79601514481956,-2.851868631801699,-18.36205711798936,29.88705114932942,-17.19405833130865,3.49,1.57,,,,95.2,2363,5.3,745260,663728,664034,593871,668942,664238,670042,677594,571745,55.25,,0.0,0.0,1,0,0,,1,7,4-Seam Fastball,0,0,0,0,0,0,0,0,Standard,Standard,234,0.027,-0.333,77.4,7.5,,0.333,,0,0,0.495,0.505,31,26,32,27,1,0,5,1,6,1,1.33,1.22,1.22,16.2,13.16051976997306,10.884146914515169,33.581672182415495,40.6931513329274,24.029304215775156
SI,2024-04-30,96.0,-2.38,4.96,"Castillo, Luis",660670,622491,,foul,,,,,14,Foul,R,R,R,SEA,ATL,S,,,3,2,2024,-1.41,0.49,0.9643789255292634,2.0908488606137867,,,,0,1,Top,,,,,,,11.781548004252135,-139.3512470664727,-3.085217814351318,-20.91478514586341,28.29103043436366,-25.27051173885939,3.49,1.57,254,77.5,34,94.5,2118,5.4,745260,663728,664034,593871,668942,664238,670042,677594,571745,55.14,,,,,,,,1,6,Sinker,0,0,0,0,0,0,0,0,Standard,Standard,238,0.0,0.0,62.0,7.6,,0.0,88.0,0,0,0.495,0.505,31,26,32,27,1,0,5,1,6,1,1.98,1.41,1.41,12.5,1.7832572044691168,25.786715124042885,31.471358327171902,48.586562876194776,14.908139905865257
FF,2024-04-30,97.1,-2.51,5.23,"Castillo, Luis",660670,622491,,ball,,,,,11,Ball,R,R,R,SEA,ATL,B,,,2,2,2024,-0.92,1.15,-0.4942362866088398,4.140184450512589,,,,0,1,Top,,,,,,,7.355259618795294,-141.27981725323195,-0.0044918473651591,-14.027375444981788,32.999236259235225,-17.01409744467445,3.53418185513046,1.5652966327434,,,,95.3,2299,5.3,745260,663728,664034,593871,668942,664238,670042,677594,571745,55.19,,,,,,,,1,5,4-Seam Fastball,0,0,0,0,0,0,0,0,Standard,Standard,234,-0.008,0.107,,,,-0.107,,0,0,0.503,0.497,31,26,32,27,1,0,5,1,6,1,1.27,0.92,0.92,18.1,,,,,
FF,2024-04-30,96.2,-2.55,5.07,"Castillo, Luis",660670,622491,,ball,,,,,12,Ball,R,R,R,SEA,ATL,B,,,1,2,2024,-0.83,0.98,0.6895712155116105,3.9610291705108134,,,,0,1,Top,,,,,,,10.246859591033468,-139.71548846631356,0.4158290212916802,-13.212856328523378,31.082646873617797,-19.61940550697111,3.47581953510472,1.50733324035925,,,,94.3,2224,5.3,745260,663728,664034,593871,668942,664238,670042,677594,571745,55.23,,,,,,,,1,4,4-Seam Fastball,0,0,0,0,0,0,0,0,Standard,Standard,235,-0.004,0.04,,,,-0.04,,0,0,0.507,0.493,31,26,32,27,1,0,5,1,6,1,1.49,0.83,0.83,16.5,,,,,
FF,2024-04-30,96.7,-2.56,5.14,"Castillo, Luis",660670,622491,,foul,,,,,2,Foul,R,R,R,SEA,ATL,S,,,1,1,2024,-0.93,1.3,-0.1933493905490029,3.3576958320363164,,,,0,1,Top,,,,,,,8.250602628743088,-140.61276859396366,-2.1109241478958714,-14.2089092788846,32.260838459376686,-14.712152236685856,3.49,1.57,,,,94.9,2291,5.3,745260,663728,664034,593871,668942,664238,670042,677594,571745,55.21,,,,,,,,1,3,4-Seam Fastball,0,0,0,0,0,0,0,0,Standard,Standard,235,0.006,-0.056,72.7,6.6,,0.056,,0,0,0.501,0.499,31,26,32,27,1,0,5,1,6,1,1.15,0.93,0.93,16.3,6.846364016255746,15.38894469686148,31.02840551727237,35.42053146754724,23.90312736153912
SL,2024-04-30,85.2,-2.67,4.93,"Castillo, Luis",660670,622491,,ball,,,,,11,Ball,R,R,R,SEA,ATL,B,,,0,1,2024,0.05,0.44,-1.4908034507177783,2.9515335765270576,,,,0,1,Top,,,,,,,2.636988299389351,-124.17404501954464,0.7219381599627762,-0.0197981506477193,24.177731145011432,-28.00543268764338,3.42963873637213,1.56266185148088,,,,83.9,2149,5.3,745260,663728,664034,593871,668942,664238,670042,677594,571745,55.19,,,,,,,,1,2,Slider,0,0,0,0,0,0,0,0,Standard,Standard,208,-0.002,0.025,,,,-0.025,,0,0,0.503,0.497,31,26,32,27,1,0,5,1,6,1,2.69,-0.05,-0.05,14.4,,,,,
FF,2024-04-30,95.0,-2.38,5.2,"Castillo, Luis",660670,622491,,swinging_strike,,,,,2,Swinging Strike,R,R,R,SEA,ATL,S,,,0,0,2024,-1.07,1.12,0.0527110036645859,3.006914606145328,,,,0,1,Top,,,,,,,8.584626580758329,-138.23071822191068,-2.5846120960388523,-15.581667759211886,28.749610036929816,-17.383077862892733,3.49,1.57,,,,93.6,2256,5.3,745260,663728,664034,593871,668942,664238,670042,677594,571745,55.2,,,,,,,,1,1,4-Seam Fastball,0,0,0,0,0,0,0,0,Standard,Standard,231,0.003,-0.037,76.2,7.6,,0.037,,0,0,0.5,0.5,31,26,32,27,1,0,5,1,6,1,1.39,1.07,1.07,17.1,16.08335521389448,2.1203015205965636,33.0866206420399,39.34834159480047,30.690386450124706
FF,2024-04-29,93.4,-2.34,5.61,"Voth, Austin",660670,608723,strikeout,called_strike,,,,,9,Ronald Acuña Jr. called out on strikes.,R,R,R,SEA,ATL,S,2,,2,2,2024,-0.42,1.2,0.4976238989730789,2.0794292720958705,,,672284,0,9,Top,,,,,,,8.243522942338524,-135.76694547783177,-6.002319793822061,-6.9967326439859425,29.615281425420335,-16.119262378207758,3.48237932537777,1.60219394809886,,,,93.6,2175,6.5,745263,663728,670042,593871,649966,660844,668942,677594,571745,54.04,,0.0,0.0,1,0,0,,57,5,4-Seam Fastball,0,1,1,0,1,0,1,0,Standard,Standard,210,0.02,-0.228,,,,0.228,,-1,1,0.144,0.856,32,26,32,27,1,3,5,1,2,1,1.41,0.42,0.42,36.0,,,,,
FF,2024-04-29,92.9,-2.45,5.68,"Voth, Austin",660670,608723,,ball,,,,,11,Ball,R,R,R,SEA,ATL,B,,,1,2,2024,-0.58,1.32,-0.9240848468080204,3.8370102581880374,,,672284,0,9,Top,,,,,,,5.179498890972887,-135.18614061396715,-1.836133223365443,-8.273484058840381,29.15314206177428,-15.748546350057945,3.48540309203546,1.58748012635347,,,,93.1,2164,6.4,745263,663728,670042,593871,649966,660844,668942,677594,571745,54.13,,,,,,,,57,4,4-Seam Fastball,0,1,1,0,1,0,1,0,Standard,Standard,212,-0.004,0.045,,,,-0.045,,-1,1,0.148,0.852,32,26,32,27,1,3,5,1,2,1,1.32,0.58,0.58,37.1,,,,,
CU,2024-04-29,74.1,-2.61,5.58,"Voth, Austin",660670,608723,,called_strike,,,,,4,Called Strike,R,R,R,SEA,ATL,S,,,1,1,2024,1.41,-1.13,-0.3811365388830356,2.3153510022013313,,,672284,0,9,Top,,,,,,,2.0801029607467303,-107.76087706128313,2.711308206401351,10.464452401118542,21.865320265576862,-41.69247496439608,3.48156304662112,1.51195766684823,,,,73.8,2807,6.4,745263,663728,670042,593871,649966,660844,668942,677594,571745,54.05,,,,,,,,57,3,Curveball,0,1,1,0,1,0,1,0,Standard,Standard,44,0.006,-0.049,,,,0.049,,-1,1,0.142,0.858,32,26,32,27,1,3,5,1,2,1,5.35,-1.41,-1.41,36.0,,,,,
FC,2024-04-29,87.9,-2.39,5.7,"Voth, Austin",660670,608723,,ball,,,,,12,Ball,R,R,R,SEA,ATL,B,,,0,1,2024,0.27,0.48,0.6299612028925081,3.7506501382954585,,,672284,0,9,Top,,,,,,,6.753274171570703,-127.9702439724712,0.3794602220239318,1.6625774875193209,25.741508992333667,-27.148596749154656,3.48341973437236,1.60670456500507,,,,88.2,2332,6.4,745263,663728,670042,593871,649966,660844,668942,677594,571745,54.12,,,,,,,,57,2,Cutter,0,1,1,0,1,0,1,0,Standard,Standard,141,-0.002,0.034,,,,-0.034,,-1,1,0.144,0.856,32,26,32,27,1,3,5,1,2,1,2.46,-0.27,-0.27,39.9,,,,,
FF,2024-04-29,92.6,-2.32,5.74,"Voth, Austin",660670,608723,,foul,,,,,6,Foul,R,R,R,SEA,ATL,S,,,0,0,2024,-0.37,1.62,0.4305772292886768,2.674419661420781,,,672284,0,9,Top,,,,,,,7.81422158730522,-134.45511522885187,-5.4662672149022375,-6.317277210342456,32.25361375289546,-11.620428683811504,3.49,1.58,251,76.8,33,92.1,2330,6.3,745263,663728,670042,593871,649966,660844,668942,677594,571745,54.17,,,,,,,,57,1,4-Seam Fastball,0,1,1,0,1,0,1,0,Standard,Standard,204,0.003,-0.042,81.5,8.1,,0.042,88.0,-1,1,0.141,0.859,32,26,32,27,1,3,5,1,2,1,1.08,0.37,0.37,39.1,20.741226568925025,-10.655059249134156,32.19753675723428,40.35975626487121,42.591718695761536
FF,2024-04-29,94.8,-1.26,5.56,"Miller, Bryce",660670,682243,single,hit_into_play,,,,,9,"Ronald Acuña Jr. singles on a ground ball to second baseman Jorge Polanco, deflected by shortstop Dylan Moore.",R,R,R,SEA,ATL,X,6,ground_ball,1,2,2024,-0.58,1.46,0.6366983823825058,1.8691121930192909,,,,0,7,Top,113.49,142.96,,,,,6.280785820217931,-137.81443927851342,-7.254377362488552,-8.793875091686282,31.63271181197601,-12.167758554253188,3.49,1.58,14,98.1,-6,95.1,2347,6.6,745263,663728,664034,593871,649966,664238,664059,677594,571745,53.9,0.313,0.282,0.9,1,1,0,2,39,4,4-Seam Fastball,0,0,0,0,0,0,0,0,Standard,Standard,211,-0.071,0.516,79.4,8.0,0.337,-0.516,98.1,0,0,0.512,0.488,25,26,26,27,3,2,5,1,6,1,1.09,0.58,0.58,43.4,6.957690417123856,2.21030363805408,34.209651140205125,44.69640042645205,28.9054010169073
FF,2024-04-29,94.4,-1.26,5.75,"Miller, Bryce",660670,682243,,ball,,,,,11,Ball,R,R,R,SEA,ATL,B,,,0,2,2024,-0.57,1.56,-0.3121141629000051,3.9328963444258993,,,,0,7,Top,,,,,,,3.731009546329271,-137.50736856934097,-2.5097840035327943,-8.0703677821647,31.538267726987257,-12.11496306091697,3.51098432978379,1.5469982721815,,,,94.5,2343,6.4,745263,663728,664034,593871,649966,664238,664059,677594,571745,54.15,,,,,,,,39,3,4-Seam Fastball,0,0,0,0,0,0,0,0,Standard,Standard,208,-0.004,0.023,,,,-0.023,,0,0,0.516,0.484,25,26,26,27,3,2,5,1,6,1,1.0,0.57,0.57,46.7,,,,,
FF,2024-04-29,95.2,-1.27,5.7,"Miller, Bryce",660670,682243,,swinging_strike,,,,,2,Swinging Strike,R,R,R,SEA,ATL,S,,,0,1,2024,-0.64,1.58,-0.2576304512927588,3.4454673451077897,,,,0,7,Top,,,,,,,4.0893224771887695,-138.5097783820945,-3.7973949961310898,-9.173857744019465,32.77525136124645,-11.238718906193345,3.49,1.58,,,,95.0,2476,6.3,745263,663728,664034,593871,649966,664238,664059,677594,571745,54.16,,,,,,,,39,2,4-Seam Fastball,0,0,0,0,0,0,0,0,Standard,Standard,205,0.01,-0.054,52.2,6.2,,0.054,,0,0,0.506,0.494,25,26,26,27,3,2,5,1,6,1,0.95,0.64,0.64,48.6,4.430439821626225,21.109811528059957,33.47296138234634,33.92071864872676,22.022732760333312
FF,2024-04-29,93.9,-1.38,5.65,"Miller, Bryce",660670,682243,,foul,,,,,2,Foul,R,R,R,SEA,ATL,S,,,0,0,2024,-0.64,1.54,0.101558577175801,3.067091263042615,,,,0,7,Top,,,,,,,5.25801056362217,-136.57415859374038,-4.356576878188901,-9.19241893185807,30.38116366861519,-12.162062533460684,3.49,1.58,228,76.6,26,94.0,2345,6.4,745263,663728,664034,593871,649966,664238,664059,677594,571745,54.09,,,,,,,,39,1,4-Seam Fastball,0,0,0,0,0,0,0,0,Standard,Standard,208,0.006,-0.037,77.9,7.5,,0.037,88.0,0,0,0.5,0.5,25,26,26,27,3,2,5,1,6,1,1.05,0.64,0.64,45.5,12.498283598800064,8.06629358722351,29.778430566413107,38.949117887374854,26.152321869947865
FF,2024-04-29,95.8,-1.22,5.73,"Miller, Bryce",660670,682243,strikeout,foul_tip,,,,,12,Ronald Acuña Jr. strikes out on a foul tip.,R,R,R,SEA,ATL,S,2,,0,2,2024,-0.49,1.63,0.0465783422771238,3.795051066735544,,,,0,4,Top,,,,,,,4.450041279725597,-139.41627873294496,-3.155080750496772,-7.447087892482889,33.63917971290727,-10.443666376001756,3.49,1.58,,,,95.6,2519,6.3,745263,663728,664034,593871,649966,664238,664059,677594,571745,54.16,,0.0,0.0,1,0,0,,20,3,4-Seam Fastball,0,0,0,0,0,0,0,0,Standard,Standard,207,0.016,-0.163,76.4,7.3,,0.163,,0,0,0.511,0.489,25,26,26,27,2,1,5,1,6,1,0.86,0.49,0.49,44.1,16.123658868413585,1.7219374498497662,24.695093148679774,35.19227532719144,25.51623164182084
FF,2024-04-29,95.1,-1.32,5.52,"Miller, Bryce",660670,682243,,swinging_strike,,,,,6,Swinging Strike,R,R,R,SEA,ATL,S,,,0,1,2024,-0.67,1.61,0.2773089579451662,2.23590326480686,,,,0,4,Top,,,,,,,5.673330178313585,-138.23041920125067,-6.516243602473788,-9.887073955236016,33.77252233895617,-10.268948962661884,3.49,1.58,,,,94.6,2392,6.3,745263,663728,664034,593871,649966,664238,664059,677594,571745,54.21,,,,,,,,20,2,4-Seam Fastball,0,0,0,0,0,0,0,0,Standard,Standard,217,0.007,-0.054,79.5,7.3,,0.054,,0,0,0.504,0.496,25,26,26,27,2,1,5,1,6,1,0.93,0.67,0.67,42.4,-1.144382687603568,22.187517405597617,36.7534339762078,39.16101276132404,21.317345429516273
FF,2024-04-29,95.1,-1.27,5.64,"Miller, Bryce",660670,682243,,swinging_strike,,,,,9,Swinging Strike,R,R,R,SEA,ATL,S,,,0,0,2024,-0.64,1.59,0.6480029395291862,1.8787865485857589,,,,0,4,Top,,,,,,,6.463133787212958,-138.14777442963234,-7.747724820065563,-9.62188995352795,31.835438859931404,-10.301005325110184,3.49,1.58,,,,95.0,2441,6.4,745263,663728,664034,593871,649966,664238,664059,677594,571745,54.13,,,,,,,,20,1,4-Seam Fastball,0,0,0,0,0,0,0,0,Standard,Standard,211,0.004,-0.037,71.0,7.6,,0.037,,0,0,0.5,0.5,25,26,26,27,2,1,5,1,6,1,0.95,0.64,0.64,44.7,-0.4306251981890704,26.397796200054916,39.28673649531328,46.250036947869745,17.94558840574161
FF,2024-04-29,96.0,-1.09,5.71,"Miller, Bryce",660670,682243,strikeout,called_strike,,,,,4,Ronald Acuña Jr. called out on strikes.,R,R,R,SEA,ATL,S,2,,1,2,2024,-0.48,1.66,-0.7195209639113315,2.8278913301229376,,,,0,1,Top,,,,,,,2.0719153490543674,-139.76332716877062,-5.787511538759471,-6.790343041493659,33.16931515279944,-9.295925850354369,3.53548841083256,1.65000737912231,,,,96.1,2375,6.5,745263,663728,664034,593871,649966,664238,664059,677594,571745,54.03,,0.0,0.0,1,0,0,,1,4,4-Seam Fastball,0,0,0,0,0,0,0,0,Standard,Standard,206,0.015,-0.186,,,,0.186,,0,0,0.507,0.493,25,26,26,27,1,0,5,1,6,1,0.82,0.48,0.48,44.8,,,,,
FF,2024-04-29,95.9,-1.1,5.71,"Miller, Bryce",660670,682243,,foul,,,,,5,Foul,R,R,R,SEA,ATL,S,,,1,1,2024,-0.47,1.57,-0.2353896809065872,2.3702359044642236,,,,0,1,Top,,,,,,,3.3444585032632377,-139.49766908302894,-6.76858827958897,-6.88653941247483,32.95380949934568,-10.315244784551275,3.49,1.58,213,75.5,49,95.7,2376,6.3,745263,663728,664034,593871,649966,664238,664059,677594,571745,54.18,,,,,,,,1,3,4-Seam Fastball,0,0,0,0,0,0,0,0,Standard,Standard,206,0.006,-0.056,74.5,7.4,,0.056,88.0,0,0,0.501,0.499,25,26,26,27,1,0,5,1,6,1,0.92,0.47,0.47,43.9,7.519127900325789,1.85361567413748,39.38711972081639,33.56460765373515,29.324259534648412
FF,2024-04-29,96.1,-1.19,5.7,"Miller, Bryce",660670,682243,,ball,,,,,1,Ball,R,R,R,SEA,ATL,B,,,0,1,2024,-0.65,1.45,-0.6262161679683719,3.3631939900560504,,,,0,1,Top,,,,,,,2.9583380846049527,-139.9070460084807,-3.8436767448517903,-9.19900064039354,34.544293230220305,-12.544469642235445,3.51828384085645,1.65812130855971,,,,95.8,2408,6.3,745263,663728,664034,593871,649966,664238,664059,677594,571745,54.2,,,,,,,,1,2,4-Seam Fastball,0,0,0,0,0,0,0,0,Standard,Standard,208,-0.002,0.025,,,,-0.025,,0,0,0.503,0.497,25,26,26,27,1,0,5,1,6,1,1.03,0.65,0.65,43.8,,,,,
FF,2024-04-29,95.0,-1.4,5.68,"Miller, Bryce",660670,682243,,swinging_strike,,,,,6,Swinging Strike,R,R,R,SEA,ATL,S,,,0,0,2024,-0.37,1.69,0.3118929852409959,2.4519070988146505,,,,0,1,Top,,,,,,,5.306042704316076,-138.04835507059502,-6.497860382997288,-5.981661033318403,33.850936575953156,-9.358906196073832,3.48020534073019,1.57066940899671,,,,94.5,2494,6.3,745263,663728,664034,593871,649966,664238,664059,677594,571745,54.21,,,,,,,,1,1,4-Seam Fastball,0,0,0,0,0,0,0,0,Standard,Standard,208,0.003,-0.037,78.8,7.9,,0.037,,0,0,0.5,0.5,25,26,26,27,1,0,5,1,6,1,0.86,0.37,0.37,43.5,11.37459081651756,2.875232429794756,37.062464636796975,41.52331165399599,27.054646394489467
FF,2024-04-28,95.2,-1.79,5.61,"Beede, Tyler",660670,595881,strikeout,called_strike,,,,,12,Ronald Acuña Jr. called out on strikes.,R,R,R,ATL,CLE,S,2,,0,2,2024,-1.01,0.94,0.8887083247460077,2.7678244948123023,,,518595,2,9,Bot,,,,,,,9.339743474054414,-138.30454137923903,-3.922623413019811,-15.077902959031167,30.81988798040369,-19.398477512035008,3.57486065962424,1.57786714998733,,,,95.5,1861,6.5,747125,666310,647304,665926,608070,677587,680757,671289,657656,53.98,,0.0,0.0,1,0,0,,74,4,4-Seam Fastball,3,3,3,3,3,3,3,3,Strategic,Standard,231,-0.038,-0.17,,,,0.17,,0,0,0.538,0.538,31,26,31,27,1,4,2,1,4,1,1.58,1.01,1.01,31.8,,,,,
FF,2024-04-28,96.2,-1.75,5.53,"Beede, Tyler",660670,595881,,foul,,,,,6,Foul,R,R,R,ATL,CLE,S,,,0,2,2024,-1.03,0.85,0.4851768405970975,2.504245015413251,,,518595,2,9,Bot,,,,,,,8.29264951278335,-139.7651639231035,-4.336733182467899,-15.385963383176817,33.40773601880061,-20.218354164781683,3.49,1.58,110,80.5,8,96.3,1916,6.6,747125,666310,647304,665926,608070,677587,680757,671289,657656,53.94,,,,,,,,74,3,4-Seam Fastball,3,3,3,3,3,3,3,3,Strategic,Standard,231,0.0,0.0,76.2,7.1,,0.0,88.0,0,0,0.538,0.538,31,26,31,27,1,4,2,1,4,1,1.63,1.03,1.03,32.6,2.345460500346451,23.201239375060144,33.70893348684994,40.49966742187401,21.33748577293289
FF,2024-04-28,95.2,-1.96,5.58,"Beede, Tyler",660670,595881,,called_strike,,,,,6,Called Strike,R,R,R,ATL,CLE,S,,,0,1,2024,-1.02,0.79,0.590242472884625,2.3788796345915433,,,518595,2,9,Bot,,,,,,,9.007291262172377,-138.25221358510754,-4.515336038210681,-15.175887484427813,32.28851335395499,-21.14572631414439,3.54736112397297,1.57786714998733,,,,95.2,1886,6.5,747125,666310,647304,665926,608070,677587,680757,671289,657656,54.02,,,,,,,,74,2,4-Seam Fastball,3,3,3,3,3,3,3,3,Strategic,Standard,233,-0.016,-0.054,,,,0.054,,0,0,0.554,0.554,31,26,31,27,1,4,2,1,4,1,1.74,1.02,1.02,29.9,,,,,
FS,2024-04-28,86.0,-1.93,5.54,"Beede, Tyler",660670,595881,,foul,,,,,7,Foul,R,R,R,ATL,CLE,S,,,0,0,2024,-1.39,0.41,-0.3674560677932372,1.985942161019172,,,518595,2,9,Bot,,,,,,,6.59095301656543,-125.13021109427235,-3.0035679748799846,-15.971689289084043,25.58640880757998,-27.50945164135311,3.49,1.58,,,,86.6,1165,6.7,747125,666310,647304,665926,608070,677587,680757,671289,657656,53.81,,,,,,,,74,1,Split-Finger,3,3,3,3,3,3,3,3,Strategic,Standard,250,-0.009,-0.047,75.8,8.7,,0.047,,0,0,0.563,0.563,31,26,31,27,1,4,2,1,4,1,2.68,1.39,1.39,33.4,27.506393523944546,-25.31450363612633,36.65110431135635,31.016113793570973,46.14867195151302
FF,2024-04-28,96.2,-2.56,6.36,"Gaddis, Hunter",660670,683769,single,hit_into_play,,,,,5,Ronald Acuña Jr. singles on a sharp line drive to center fielder Tyler Freeman.,R,R,R,ATL,CLE,X,8,line_drive,2,2,2024,-0.73,1.26,0.1409269264418075,2.6905126325500492,,,,0,8,Bot,123.53,77.15,,,,,8.921563340824248,-139.75479187682902,-7.08806898772615,-11.556628412228758,29.529801662953886,-14.174362525375996,3.49,1.58,160,111.3,9,97.3,2422,6.9,747125,666310,647304,665926,608070,677587,680757,671289,657656,53.61,0.863,0.866,0.9,1,1,0,5,61,5,4-Seam Fastball,1,3,1,3,3,1,1,3,Standard,Standard,205,0.089,0.476,79.4,7.3,1.124,-0.476,111.3,-2,-2,0.16,0.16,26,26,26,27,1,3,1,1,2,1,1.2,0.73,0.73,32.8,12.275283072727904,10.298922517010585,32.068191217082806,35.47293080658574,29.668211819530928
SL,2024-04-28,86.5,-2.57,6.47,"Gaddis, Hunter",660670,683769,,ball,,,,,14,Ball,R,R,R,ATL,CLE,B,,,1,2,2024,0.25,0.06,0.233644884703141,0.7574897623167995,,,,0,8,Bot,,,,,,,6.218797308446504,-125.654479092441,-7.586663486776137,1.3968233397187546,24.979494463309788,-30.186336178177296,3.4897642572374,1.55038876754373,,,,87.2,2572,6.8,747125,666310,647304,665926,608070,677587,680757,671289,657656,53.75,,,,,,,,61,4,Slider,1,3,1,3,3,1,1,3,Standard,Standard,95,0.006,0.04,,,,-0.04,,-2,-2,0.154,0.154,26,26,26,27,1,3,1,1,2,1,2.99,-0.25,-0.25,38.4,,,,,
SL,2024-04-28,88.6,-2.58,6.52,"Gaddis, Hunter",660670,683769,,called_strike,,,,,3,Called Strike,R,R,R,ATL,CLE,S,,,1,1,2024,0.2,0.31,0.4266921088200354,3.1482535407713885,,,,0,8,Bot,,,,,,,6.992114749633655,-128.8413603219852,-2.817132204311693,0.6798685025198135,27.50911551895544,-28.323101599032174,3.49236244746951,1.55038876754373,,,,89.3,2491,6.8,747125,666310,647304,665926,608070,677587,680757,671289,657656,53.69,,,,,,,,61,3,Slider,1,3,1,3,3,1,1,3,Standard,Standard,120,-0.011,-0.056,,,,0.056,,-2,-2,0.165,0.165,26,26,26,27,1,3,1,1,2,1,2.6,-0.2,-0.2,39.8,,,,,
SL,2024-04-28,88.9,-2.67,6.42,"Gaddis, Hunter",660670,683769,,called_strike,,,,,6,Called Strike,R,R,R,ATL,CLE,S,,,1,0,2024,0.2,0.46,0.7866563750681036,2.254340186726523,,,,0,8,Bot,,,,,,,8.140570858836302,-129.25300092939602,-5.243230798221015,0.7857281006472727,24.230427194083212,-26.16579560780208,3.4897642572374,1.55038876754373,,,,90.3,2422,7.0,747125,666310,647304,665926,608070,677587,680757,671289,657656,53.51,,,,,,,,61,2,Slider,1,3,1,3,3,1,1,3,Standard,Standard,121,-0.01,-0.049,,,,0.049,,-2,-2,0.175,0.175,26,26,26,27,1,3,1,1,2,1,2.41,-0.2,-0.2,37.2,,,,,
CH,2024-04-28,81.0,-2.23,6.29,"Gaddis, Hunter",660670,683769,,ball,,,,,14,Ball,R,R,R,ATL,CLE,B,,,0,0,2024,-1.83,0.9,0.9318411238155572,0.0429380826091136,,,,0,8,Bot,,,,,,,10.653701773893934,-117.06130097597752,-8.924245190664578,-18.96168095424037,25.820598284343433,-22.14863905124538,3.46486332271447,1.57786714998733,,,,81.1,2457,7.1,747125,666310,647304,665926,608070,677587,680757,671289,657656,53.4,,,,,,,,61,1,Changeup,1,3,1,3,3,1,1,3,Standard,Standard,244,0.008,0.038,,,,-0.038,,-2,-2,0.167,0.167,26,26,26,27,1,3,1,1,2,1,2.67,1.83,1.83,36.9,,,,,
SL,2024-04-28,79.7,-3.33,4.46,"Sandlin, Nick",660670,680704,strikeout,swinging_strike,,,,,8,Ronald Acuña Jr. strikes out swinging.,R,R,R,ATL,CLE,S,2,,1,2,2024,0.41,0.53,0.1019899453473082,2.0780579605578233,,,644433,1,5,Bot,,,,,,,6.798379297184549,-115.8978516244539,0.5727420299903917,2.367039267278999,22.95592491465397,-27.77098922529923,3.49,1.58,,,,79.8,2551,6.5,747125,666310,647304,665926,608070,677587,680757,671289,686823,53.96,,0.0,0.0,1,0,0,,41,4,Slider,1,2,1,2,2,1,1,2,Standard,Standard,92,-0.031,-0.182,76.0,8.5,,0.182,,-1,-1,0.406,0.406,27,26,27,27,1,2,1,1,2,1,3.08,-0.41,-0.41,7.5,26.861062231632506,-29.464609581415814,36.59932016965934,35.266278657151716,49.84943856214579
FS,2024-04-28,82.9,-3.43,4.6,"Sandlin, Nick",660670,680704,,foul,,,,,9,Foul,R,R,R,ATL,CLE,S,,,1,1,2024,-1.37,0.07,0.3783061959487275,1.9003170328468824,,,644433,1,5,Bot,,,,,,,11.419988811787832,-120.2406599835852,0.1936240693131727,-15.407479028067067,21.731223601382784,-31.748326123513987,3.49,1.58,2,52.5,-42,83.4,1624,6.7,747125,666310,647304,665926,608070,677587,680757,671289,686823,53.85,,,,,,,,41,3,Split-Finger,1,2,1,2,2,1,1,2,Standard,Standard,270,-0.012,-0.059,72.0,8.4,,0.059,88.0,-1,-1,0.418,0.418,27,26,27,27,1,2,1,1,2,1,3.25,1.37,1.37,6.0,19.68440444018918,-12.417831110275056,34.77406553949596,39.74603656709049,43.48850597141491
FS,2024-04-28,85.5,-3.31,4.76,"Sandlin, Nick",660670,680704,,called_strike,,,,,14,Called Strike,R,R,R,ATL,CLE,S,,,1,0,2024,-1.52,-0.11,0.8664881231003367,1.6053514586646331,,,644433,1,5,Bot,,,,,,,12.948426764492348,-123.81741468817611,-0.8026527537006343,-18.31469630661567,26.451418744136223,-33.40473830922214,3.49214089631653,1.45681891370887,,,,85.5,1719,6.7,747125,666310,647304,665926,608070,677587,680757,671289,686823,53.82,,,,,,,,41,2,Split-Finger,1,2,1,2,2,1,1,2,Standard,Standard,267,-0.008,-0.047,,,,0.047,,-1,-1,0.426,0.426,27,26,27,27,1,2,1,1,2,1,3.28,1.52,1.52,12.0,,,,,
FF,2024-04-28,92.0,-3.36,4.99,"Sandlin, Nick",660670,680704,,ball,,,,,11,Ball,R,R,R,ATL,CLE,B,,,0,0,2024,-1.28,1.3,-1.5703260736816849,4.524899475936259,,,644433,1,5,Bot,,,,,,,7.327012807382123,-133.6748415401043,1.9359113871158953,-16.93739182557291,33.07268375028699,-17.469592584168396,3.60236031612788,1.60534611683166,,,,91.7,2382,6.6,747125,666310,647304,665926,608070,677587,680757,671289,686823,53.95,,,,,,,,41,1,4-Seam Fastball,1,2,1,2,2,1,1,2,Standard,Standard,234,0.006,0.036,,,,-0.036,,-1,-1,0.42,0.42,27,26,27,27,1,2,1,1,2,1,1.43,1.28,1.28,17.3,,,,,
SI,2024-04-28,91.8,-1.12,5.37,"Lively, Ben",660670,594902,strikeout,swinging_strike,,,,,6,Ronald Acuña Jr. strikes out swinging.,R,R,R,ATL,CLE,S,2,,2,2,2024,-1.12,1.11,0.6990702687597403,2.379028974026482,,,,1,3,Bot,,,,,,,7.103450795710154,-133.4841937953071,-4.1497461416561165,-14.920206360045366,29.216901431724175,-18.235247434584004,3.49,1.58,,,,92.7,1922,6.9,747125,666310,647304,665926,608070,677587,680757,671289,686823,53.58,,0.0,0.0,1,0,0,,24,8,Sinker,0,1,0,1,1,0,0,1,Strategic,Standard,212,-0.016,-0.225,68.8,7.5,,0.225,,-1,-1,0.406,0.406,32,26,32,27,2,1,5,1,6,1,1.61,1.12,1.12,38.3,2.5431813980994193,23.619133404275484,35.78336352355514,43.43616542329396,20.57110928966877
SI,2024-04-28,90.3,-1.16,5.43,"Lively, Ben",660670,594902,,foul,,,,,3,Foul,R,R,R,ATL,CLE,S,,,2,2,2024,-0.9,1.23,0.2940116500376132,3.271369258353774,,,,1,3,Bot,,,,,,,5.612000866618932,-131.44155010107062,-2.089942719552367,-11.561519476181385,26.59943424587164,-17.611812658925412,3.49,1.58,113,86.9,71,91.9,2064,7.1,747125,666310,647304,665926,608070,677587,680757,671289,686823,53.36,,,,,,,,24,7,Sinker,0,1,0,1,1,0,0,1,Standard,Standard,209,0.0,0.0,75.0,7.3,,0.0,88.0,-1,-1,0.406,0.406,32,26,32,27,2,1,5,1,6,1,1.55,0.9,0.9,36.5,10.52373405883593,4.641266224715141,29.58760413851162,38.22371355318391,31.88582668210771
SI,2024-04-28,91.0,-1.25,5.39,"Lively, Ben",660670,594902,,foul,,,,,2,Foul,R,R,R,ATL,CLE,S,,,2,2,2024,-0.82,0.89,0.0010703877288447,3.184149394263601,,,,1,3,Bot,,,,,,,4.957151903049175,-132.71724170050516,-1.708288497916639,-10.627453220702042,22.092781255694817,-21.338862827124697,3.49,1.58,,,,93.3,1987,7.0,747125,666310,647304,665926,608070,677587,680757,671289,686823,53.47,,,,,,,,24,6,Sinker,0,1,0,1,1,0,0,1,Standard,Standard,214,0.0,0.0,76.6,6.8,,0.0,,-1,-1,0.406,0.406,32,26,32,27,2,1,5,1,6,1,1.8,0.82,0.82,35.3,5.00704320780597,17.87799723190215,31.993884326306677,35.00553920250237,25.489939453803665
ST,2024-04-28,79.0,-1.6,5.29,"Lively, Ben",660670,594902,,foul,,,,,4,Foul,R,R,R,ATL,CLE,S,,,2,2,2024,0.72,0.21,-0.5719214133651175,2.3063008457886913,,,,1,3,Bot,,,,,,,0.9160665052036217,-115.12400696079392,-0.1014324969264053,6.231696515015971,20.86969011414598,-30.480643919839753,3.49,1.58,315,113.1,19,80.4,2083,7.1,747125,666310,647304,665926,608070,677587,680757,671289,686823,53.39,,,,,,,,24,5,Sweeper,0,1,0,1,1,0,0,1,Standard,Standard,68,0.0,0.0,78.8,7.7,,0.0,113.1,-1,-1,0.406,0.406,32,26,32,27,2,1,5,1,6,1,3.42,-0.72,-0.72,34.0,17.48260234747741,-13.506600902358096,36.19291532085059,27.580163415967164,44.35229646832534
SI,2024-04-28,89.2,-1.05,5.47,"Lively, Ben",660670,594902,,ball,,,,,1,Ball,R,R,R,ATL,CLE,B,,,1,2,2024,-1.18,1.18,-0.7557395414373821,3.480179130033257,,,,1,3,Bot,,,,,,,3.262417050973216,-129.9179222224275,-1.3221651192238706,-13.9854752181293,29.11186515776052,-18.851567475227352,3.40967217221786,1.46757290675905,,,,90.3,2041,7.1,747125,666310,647304,665926,608070,677587,680757,671289,686823,53.43,,,,,,,,24,4,Sinker,0,1,0,1,1,0,0,1,Standard,Standard,212,0.003,0.043,,,,-0.043,,-1,-1,0.403,0.403,32,26,32,27,2,1,5,1,6,1,1.7,1.18,1.18,37.6,,,,,
SI,2024-04-28,89.0,-1.3,5.35,"Lively, Ben",660670,594902,,foul_tip,,,,,5,Foul Tip,R,R,R,ATL,CLE,S,,,1,1,2024,-1.15,1.15,-0.1913257570757458,2.4375857711974636,,,,1,3,Bot,,,,,,,5.215824896381696,-129.54946234177345,-3.558225767644479,-14.067624087434684,27.60087818854044,-18.742193569679547,3.49,1.58,,,,90.3,2009,7.1,747125,666310,647304,665926,608070,677587,680757,671289,686823,53.37,,,,,,,,24,3,Sinker,0,1,0,1,1,0,0,1,Standard,Standard,215,-0.005,-0.061,75.8,7.1,,0.061,,-1,-1,0.408,0.408,32,26,32,27,2,1,5,1,6,1,1.74,1.15,1.15,36.2,2.336945471049467,18.530830630338222,39.101196657118656,33.53819465727749,23.90323764900984
ST,2024-04-28,78.4,-1.44,5.29,"Lively, Ben",660670,594902,,swinging_strike,,,,,14,Swinging Strike,R,R,R,ATL,CLE,S,,,1,0,2024,1.0,0.03,0.8457204266676264,1.7990238578715858,,,,1,3,Bot,,,,,,,3.150944481814155,-114.15913776645812,-0.7112880260980037,8.09164418798609,22.369652091667067,-32.01782963157482,3.49,1.58,,,,79.8,2008,7.4,747125,666310,647304,665926,608070,677587,680757,671289,686823,53.14,,,,,,,,24,2,Sweeper,0,1,0,1,1,0,0,1,Standard,Standard,66,-0.004,-0.051,79.8,8.7,,0.051,,-1,-1,0.412,0.412,32,26,32,27,2,1,5,1,6,1,3.69,-1.0,-1.0,36.0,26.95135918452232,-31.805754597315424,36.26224648897072,44.266214705882376,63.00215717044371
CU,2024-04-28,78.0,-1.59,5.38,"Lively, Ben",660670,594902,,ball,,,,,1,Ball,R,R,R,ATL,CLE,B,,,0,0,2024,0.88,-0.1,-0.635549950008717,3.377700863723474,,,,1,3,Bot,,,,,,,0.4308850033843677,-113.59889478340128,2.7142890774954846,7.63972256856156,18.326537771577687,-33.637826445123174,3.51702769483828,1.46750356962619,,,,79.3,2091,6.9,747125,666310,647304,665926,608070,677587,680757,671289,686823,53.64,,,,,,,,24,1,Curveball,0,1,0,1,1,0,0,1,Standard,Standard,68,0.003,0.039,,,,-0.039,,-1,-1,0.409,0.409,32,26,32,27,2,1,5,1,6,1,3.8,-0.88,-0.88,35.8,,,,,
SI,2024-04-28,91.0,-1.08,5.4,"Lively, Ben",660670,594902,field_out,hit_into_play,,,,,9,Ronald Acuña Jr. flies out sharply to center fielder Tyler Freeman.,R,R,R,ATL,CLE,X,8,fly_ball,2,2,2024,-1.0,0.96,0.7342869306370702,1.914653955139625,,,,0,1,Bot,123.28,48.47,,,,,6.836123113511996,-132.39396558403186,-5.034125528709252,-13.231546585968225,26.92050439105818,-19.96105796941652,3.49,1.58,372,100.4,25,93.0,1913,7.4,747125,666310,647304,665926,608070,677587,680757,671289,686823,53.12,0.465,0.8341818181818182,0.0,1,0,0,6,5,5,Sinker,0,0,0,0,0,0,0,0,Standard,Standard,214,-0.019,-0.227,73.7,8.7,1.58,0.227,100.4,0,0,0.545,0.545,32,26,32,27,1,0,5,1,6,1,1.78,1.0,1.0,37.6,20.62644946421695,0.1382574140392046,36.74758763541865,44.87263996156737,36.48630566619185
SI,2024-04-28,88.9,-1.18,5.41,"Lively, Ben",660670,594902,,foul,,,,,4,Foul,R,R,R,ATL,CLE,S,,,2,1,2024,-1.02,0.71,-0.6015063745922572,2.555938139980322,,,,0,1,Bot,,,,,,,3.6305609223901327,-129.54753341662703,-2.4951622441567154,-12.257050455335246,26.13053475597148,-23.866865836435476,3.49,1.58,127,50.0,51,90.5,1840,7.1,747125,666310,647304,665926,608070,677587,680757,671289,686823,53.41,,,,,,,,5,4,Sinker,0,0,0,0,0,0,0,0,Standard,Standard,218,-0.006,-0.069,76.2,7.1,,0.069,88.0,0,0,0.551,0.551,32,26,32,27,1,0,5,1,6,1,2.16,1.02,1.02,39.0,3.923710855759763,9.231019409761508,36.057483141583155,29.84493740978065,28.32999880691909
FF,2024-04-28,89.3,-1.39,5.53,"Lively, Ben",660670,594902,,ball,,,,,11,Ball,R,R,R,ATL,CLE,B,,,1,1,2024,-0.53,1.42,-1.0203515481041474,3.339933596257527,,,,0,1,Bot,,,,,,,2.0578641284687835,-130.1026882714191,-2.3987370643128676,-6.415861555898167,28.30507306492994,-15.731419323472624,3.4897642572374,1.66030577305273,,,,90.5,2031,7.1,747125,666310,647304,665926,608070,677587,680757,671289,686823,53.45,,,,,,,,5,3,4-Seam Fastball,0,0,0,0,0,0,0,0,Standard,Standard,214,0.004,0.053,,,,-0.053,,0,0,0.547,0.547,32,26,32,27,1,0,5,1,6,1,1.44,0.53,0.53,36.4,,,,,
SI,2024-04-28,88.2,-1.34,5.58,"Lively, Ben",660670,594902,,ball,,,,,11,Ball,R,R,R,ATL,CLE,B,,,0,1,2024,-0.95,0.73,-0.3389365475092538,3.621881456521314,,,,0,1,Bot,,,,,,,4.472661089237396,-128.5285174217268,-0.2426547338419414,-11.42119647370196,24.861803289867535,-24.181373304543925,3.4897642572374,1.55038876754373,,,,89.6,1838,6.9,747125,666310,647304,665926,608070,677587,680757,671289,686823,53.58,,,,,,,,5,2,Sinker,0,0,0,0,0,0,0,0,Standard,Standard,211,0.002,0.025,,,,-0.025,,0,0,0.545,0.545,32,26,32,27,1,0,5,1,6,1,2.17,0.95,0.95,38.4,,,,,
SI,2024-04-28,90.2,-1.23,5.5,"Lively, Ben",660670,594902,,called_strike,,,,,6,Called Strike,R,R,R,ATL,CLE,S,,,0,0,2024,-0.98,0.76,0.5736150134449544,2.6957048159987016,,,,0,1,Bot,,,,,,,6.6510981023539255,-131.2499453269941,-2.6719183730025424,-12.715689746701592,27.131024016726673,-22.989831277553,3.4897642572374,1.55038876754373,,,,91.3,1797,6.9,747125,666310,647304,665926,608070,677587,680757,671289,686823,53.58,,,,,,,,5,1,Sinker,0,0,0,0,0,0,0,0,Standard,Standard,216,-0.003,-0.037,,,,0.037,,0,0,0.548,0.548,32,26,32,27,1,0,5,1,6,1,2.03,0.98,0.98,39.0,,,,,
SL,2024-04-27,80.4,-3.33,4.44,"Sandlin, Nick",660670,680704,field_out,hit_into_play,,,,,4,"Ronald Acuña Jr. grounds out, shortstop Gabriel Arias to first baseman Josh Naylor.",R,R,R,ATL,CLE,X,6,ground_ball,2,1,2024,1.09,0.36,-0.3542156348332457,2.6389953382532267,,672284,,0,11,Bot,101.18,151.58,,,,,4.541696557280518,-117.00665993698188,2.0533602151381656,8.99840093794937,23.65588672703339,-29.564898048482757,3.52,1.59,30,106.5,-3,80.2,2574,6.3,747131,681807,647304,665926,608070,672356,680757,671289,657656,54.21,0.426,0.384,0.0,1,0,0,4,80,4,Slider,2,4,2,4,4,2,2,4,Standard,Standard,90,-0.099,-0.236,79.4,7.1,0.445,0.236,106.5,-2,-2,0.223,0.223,27,26,27,27,1,4,2,1,1,1,3.19,-1.09,-1.09,8.3,12.908353899969894,1.141558501085467,33.822929980219456,30.01804145786288,31.35379619576564
FF,2024-04-27,92.4,-3.21,4.84,"Sandlin, Nick",660670,680704,,foul,,,,,1,Foul,R,R,R,ATL,CLE,S,,,2,0,2024,-0.85,1.08,-0.4530838261250913,3.3359979643380084,,672284,,0,11,Bot,,,,,,,8.912572276698127,-134.26647695504423,-0.3196072829909203,-12.224411534815651,30.523032138773353,-19.28810449121241,3.52,1.59,191,76.0,18,92.7,2357,6.7,747131,681807,647304,665926,608070,672356,680757,671289,657656,53.82,,,,,,,,80,3,4-Seam Fastball,2,4,2,4,4,2,2,4,Standard,Standard,244,-0.025,-0.045,76.7,7.5,,0.045,88.0,-2,-2,0.248,0.248,27,26,27,27,1,4,2,1,1,1,1.61,0.85,0.85,10.4,21.566604056307025,-5.149841125209154,30.179825430249373,30.029197940029736,32.90949575460682
FF,2024-04-27,92.5,-3.47,4.91,"Sandlin, Nick",660670,680704,,ball,,,,,12,Ball,R,R,R,ATL,CLE,B,,,1,0,2024,-1.0,0.98,0.993852285213812,4.364849992728948,,672284,,0,11,Bot,,,,,,,13.55006465937916,-134.00655097274702,2.322607617200706,-14.919272600132796,27.759584882633657,-21.105988450950537,3.65735995943012,1.60534611683166,,,,92.6,2423,6.5,747131,681807,647304,665926,608070,672356,680757,671289,657656,54.02,,,,,,,,80,2,4-Seam Fastball,2,4,2,4,4,2,2,4,Standard,Standard,243,0.025,0.05,,,,-0.05,,-2,-2,0.223,0.223,27,26,27,27,1,4,2,1,1,1,1.7,1.0,1.0,13.3,,,,,
FF,2024-04-27,92.2,-2.98,5.02,"Sandlin, Nick",660670,680704,,ball,,,,,11,Ball,R,R,R,ATL,CLE,B,,,0,0,2024,-0.84,1.16,-1.228110241767232,4.050803140375036,,672284,,0,11,Bot,,,,,,,6.296819293220874,-134.13011449708543,0.863840065443214,-11.54010601650218,29.025258903524858,-18.60690606355732,3.60236031612788,1.60534611683166,,,,92.2,2356,6.3,747131,681807,647304,665926,608070,672356,680757,671289,657656,54.17,,,,,,,,80,1,4-Seam Fastball,2,4,2,4,4,2,2,4,Standard,Standard,239,0.012,0.038,,,,-0.038,,-2,-2,0.211,0.211,27,26,27,27,1,4,2,1,1,1,1.53,0.84,0.84,14.2,,,,,
FF,2024-04-27,96.7,-2.79,6.57,"Gaddis, Hunter",660670,683769,field_out,hit_into_play,,,,,5,"Ronald Acuña Jr. grounds out, third baseman José Ramírez to first baseman Josh Naylor.",R,R,R,ATL,CLE,X,5,ground_ball,2,1,2024,-0.47,1.23,0.1697976383348834,2.3417207307521792,,672284,,2,8,Bot,100.16,160.2,,,,,9.027766947437769,-140.34006502698196,-8.581482430342735,-8.222428922877068,31.588011147434543,-14.068825701846889,3.52,1.59,60,97.3,2,97.4,2253,6.8,747131,666310,647304,665926,608070,672356,680757,671289,686823,53.7,0.497,0.476,0.0,1,0,0,4,59,4,4-Seam Fastball,2,2,2,2,2,2,2,2,Standard,Standard,206,-0.083,-0.31,80.8,8.2,0.573,0.31,97.3,0,0,0.583,0.583,26,26,26,27,1,3,2,1,1,1,1.22,0.47,0.47,36.2,19.741197670127836,-8.936906115990633,34.63895851389563,38.134839651568974,38.15433560544806
SL,2024-04-27,89.6,-2.59,6.64,"Gaddis, Hunter",660670,683769,,ball,,,,,14,Ball,R,R,R,ATL,CLE,B,,,1,1,2024,0.59,0.08,2.0263598648729912,1.0140079916706553,,672284,,2,8,Bot,,,,,,,10.212214463693403,-129.94294966687505,-8.084375984611052,4.594896279700401,26.51822113413867,-29.767731763275417,3.51970209414869,1.52279006846372,,,,90.2,2493,6.8,747131,666310,647304,665926,608070,672356,680757,671289,686823,53.74,,,,,,,,59,3,Slider,2,2,2,2,2,2,2,2,Standard,Standard,115,0.005,0.039,,,,-0.039,,0,0,0.578,0.578,26,26,26,27,1,3,2,1,1,1,2.78,-0.59,-0.59,38.0,,,,,
FF,2024-04-27,96.7,-2.73,6.59,"Gaddis, Hunter",660670,683769,,swinging_strike,,,,,9,Swinging Strike,R,R,R,ATL,CLE,S,,,1,0,2024,-0.57,1.34,0.6359678292108244,2.0015329040256216,,672284,,2,8,Bot,,,,,,,10.296114651484103,-140.1591910975759,-9.76577625724174,-9.736264593233503,30.33763299276688,-12.362266105377891,3.52,1.59,,,,97.2,2303,6.7,747131,666310,647304,665926,608070,672356,680757,671289,686823,53.79,,,,,,,,59,2,4-Seam Fastball,2,2,2,2,2,2,2,2,Standard,Standard,205,-0.005,-0.043,76.9,7.6,,0.043,,0,0,0.583,0.583,26,26,26,27,1,3,2,1,1,1,1.1,0.57,0.57,34.8,9.054162047706372,21.17840254460971,37.654490871807006,46.83877773328384,24.2225520346946
CH,2024-04-27,80.7,-2.53,5.93,"Gaddis, Hunter",660670,683769,,blocked_ball,,,,,14,Ball In Dirt,R,R,R,ATL,CLE,B,,,0,0,2024,-1.78,0.37,0.4231812725553519,-1.5066724289097793,,672284,,2,8,Bot,,,,,,,10.14220708239372,-116.62309450178444,-10.6370647557536,-18.221776088527115,24.08248760890249,-26.67100162153055,3.49229587288234,1.57774809704667,,,,81.6,2232,7.5,747131,666310,647304,665926,608070,672356,680757,671289,686823,52.99,,,,,,,,59,1,Changeup,2,2,2,2,2,2,2,2,Standard,Standard,247,0.001,0.014,,,,-0.014,,0,0,0.582,0.582,26,26,26,27,1,3,2,1,1,1,3.2,1.78,1.78,29.7,,,,,
CH,2024-04-27,82.3,-2.14,6.61,"Bibee, Tanner",660670,676440,field_out,hit_into_play,,,,,6,Ronald Acuña Jr. flies out sharply to center fielder Tyler Freeman.,R,R,R,ATL,CLE,X,8,fly_ball,2,2,2024,-0.76,1.05,0.8186876722147954,2.443314209675876,,,,2,6,Bot,127.0,187.56,,,,,8.21902941982561,-119.62037558455592,-5.022538041961701,-8.801194560983411,21.907530197075012,-21.247955858796143,3.52,1.59,393,103.7,25,82.9,2029,6.7,747131,666310,647304,665926,608070,672356,680757,671289,686823,53.85,0.743,1.4257540983606556,0.0,1,0,0,6,41,6,Changeup,0,0,0,0,0,0,0,0,Strategic,Standard,212,-0.014,-0.219,76.7,8.2,2.762,0.219,103.7,0,0,0.514,0.514,25,26,25,27,3,2,6,1,6,1,2.3,0.76,0.76,55.6,21.336351599217664,-5.283246198963676,33.055679856878754,43.788086461403914,37.34530960405765
FC,2024-04-27,88.2,-2.51,6.55,"Bibee, Tanner",660670,676440,,foul,,,,,9,Foul,R,R,R,ATL,CLE,S,,,2,2,2024,0.72,0.35,0.6511050905262465,1.7695122556424847,,,,2,6,Bot,,,,,,,6.197269012031145,-128.2718640787988,-6.280232616203539,6.707907537360705,26.382407031197413,-27.24516073868257,3.52,1.59,225,72.9,33,88.6,2843,6.6,747131,666310,647304,665926,608070,672356,680757,671289,686823,53.95,,,,,,,,41,5,Cutter,0,0,0,0,0,0,0,0,Strategic,Standard,85,0.0,0.0,73.8,8.0,,0.0,88.0,0,0,0.514,0.514,25,26,25,27,3,2,6,1,6,1,2.59,-0.72,-0.72,50.1,8.733702893366164,12.841286620919552,37.481879421770095,41.214128513404304,30.23553231673354
FF,2024-04-27,94.7,-2.17,6.6,"Bibee, Tanner",660670,676440,,foul,,,,,1,Foul,R,R,R,ATL,CLE,S,,,2,1,2024,0.08,1.46,-0.283728627758236,2.945512202313299,,,,2,6,Bot,,,,,,,4.782752700982705,-137.6742810946609,-7.126076172838188,-0.0870065083918378,31.57544716219665,-12.241395442587534,3.52,1.59,237,74.3,42,95.1,2424,6.6,747131,666310,647304,665926,608070,672356,680757,671289,686823,53.86,,,,,,,,41,4,4-Seam Fastball,0,0,0,0,0,0,0,0,Strategic,Standard,197,-0.005,-0.084,78.0,6.8,,0.084,88.0,0,0,0.519,0.519,25,26,25,27,3,2,6,1,6,1,1.1,-0.08,-0.08,55.7,8.869448701361234,7.151328338672233,33.40044065910036,32.6211238011927,31.31117059288769
FF,2024-04-27,95.0,-2.24,6.56,"Bibee, Tanner",660670,676440,,ball,,,,,13,Ball,R,R,R,ATL,CLE,B,,,1,1,2024,-0.33,1.23,-1.144427052189529,1.564170046480709,,,,2,6,Bot,,,,,,,3.634719257098955,-138.08143214247596,-10.21830309284532,-5.0439659950394224,30.690109041206043,-14.36749632941702,3.51970209414869,1.60522799222075,,,,95.4,2427,6.6,747131,666310,647304,665926,608070,672356,680757,671289,686823,53.91,,,,,,,,41,3,4-Seam Fastball,0,0,0,0,0,0,0,0,Strategic,Standard,201,0.003,0.058,,,,-0.058,,0,0,0.516,0.516,25,26,25,27,3,2,6,1,6,1,1.3,0.33,0.33,54.8,,,,,
CH,2024-04-27,82.9,-2.18,6.63,"Bibee, Tanner",660670,676440,,called_strike,,,,,6,Called Strike,R,R,R,ATL,CLE,S,,,1,0,2024,-1.11,0.83,0.4848392122346685,2.2562545420416673,,,,2,6,Bot,,,,,,,8.263447924371624,-120.3392495946106,-5.096408945466453,-12.457092588526002,24.30624835132234,-23.233361800587137,3.46479580185776,1.55026878657356,,,,82.8,2178,6.4,747131,666310,647304,665926,608070,672356,680757,671289,686823,54.06,,,,,,,,41,2,Changeup,0,0,0,0,0,0,0,0,Strategic,Standard,215,-0.003,-0.051,,,,0.051,,0,0,0.519,0.519,25,26,25,27,3,2,6,1,6,1,2.51,1.11,1.11,53.2,,,,,
FF,2024-04-27,95.6,-2.34,6.47,"Bibee, Tanner",660670,676440,,ball,,,,,13,Ball,R,R,R,ATL,CLE,B,,,0,0,2024,-0.12,1.45,-0.9724676875348804,2.2432024229753167,,,,2,6,Bot,,,,,,,3.8929372431792593,-138.89126517600664,-8.77526334712946,-2.455628553810031,32.06172179645637,-11.678108988627432,3.51970209414869,1.55026878657356,,,,95.9,2482,6.6,747131,666310,647304,665926,608070,672356,680757,671289,686823,53.9,,,,,,,,41,1,4-Seam Fastball,0,0,0,0,0,0,0,0,Strategic,Standard,203,0.002,0.04,,,,-0.04,,0,0,0.517,0.517,25,26,25,27,3,2,6,1,6,1,1.06,0.12,0.12,52.1,,,,,
FF,2024-04-27,96.5,-2.19,6.54,"Bibee, Tanner",660670,676440,strikeout,called_strike,,,,,13,Ronald Acuña Jr. called out on strikes.,R,R,R,ATL,CLE,S,2,,2,2,2024,-0.45,1.39,-0.3383701711421312,1.403090686547798,,,,2,3,Bot,,,,,,,5.973901472826478,-139.9799319265464,-11.285153249004544,-7.305566275545269,31.88360068773595,-11.50638441741106,3.54700354604793,1.57717951893827,,,,96.9,2438,6.7,747131,666310,647304,665926,608070,672356,680757,671289,686823,53.78,,0.0,0.0,1,0,0,,22,5,4-Seam Fastball,0,0,0,0,0,0,0,0,Strategic,Standard,205,-0.01,-0.219,,,,0.219,,0,0,0.51,0.51,25,26,25,27,2,1,6,1,6,1,1.08,0.45,0.45,52.7,,,,,
CH,2024-04-27,83.3,-2.1,6.65,"Bibee, Tanner",660670,676440,,ball,,,,,14,Ball,R,R,R,ATL,CLE,B,,,1,2,2024,-1.23,0.86,0.7665645512398691,1.315419705958268,,,,2,3,Bot,,,,,,,8.996422349281312,-120.85012791457808,-7.455892143549306,-13.847756585070206,23.28680587485164,-22.45361180412336,3.51970209414869,1.55026878657356,,,,83.3,2082,6.5,747131,666310,647304,665926,608070,672356,680757,671289,686823,54.05,,,,,,,,22,4,Changeup,0,0,0,0,0,0,0,0,Strategic,Standard,210,0.002,0.039,,,,-0.039,,0,0,0.508,0.508,25,26,25,27,2,1,6,1,6,1,2.44,1.23,1.23,55.1,,,,,
FC,2024-04-27,85.5,-2.52,6.43,"Bibee, Tanner",660670,676440,,foul,,,,,8,Foul,R,R,R,ATL,CLE,S,,,1,1,2024,0.8,0.04,-0.0188991404502567,1.6568509188774545,,,,2,3,Bot,,,,,,,4.304320352705826,-124.49802971512771,-5.070999183530616,7.438601143258752,25.15183236386262,-30.89626659436208,3.52,1.59,6,77.9,-18,85.8,2909,6.5,747131,666310,647304,665926,608070,672356,680757,671289,686823,54.03,,,,,,,,22,3,Cutter,0,0,0,0,0,0,0,0,Strategic,Standard,68,-0.003,-0.064,80.0,8.3,,0.064,88.0,0,0,0.511,0.511,25,26,25,27,2,1,6,1,6,1,3.07,-0.8,-0.8,46.0,24.9681773875925,-15.429851383068602,37.50459950349252,34.90341870252231,49.6117742689738
CH,2024-04-27,81.6,-2.13,6.54,"Bibee, Tanner",660670,676440,,called_strike,,,,,6,Called Strike,R,R,R,ATL,CLE,S,,,1,0,2024,-1.24,0.81,0.6714738389292565,2.360449422992199,,,,2,3,Bot,,,,,,,8.720191705260047,-118.44392254441402,-4.3349950012873455,-13.39292980060549,23.556418362277512,-23.89907841202602,3.51970209414869,1.57774809704667,,,,81.7,2023,6.6,747131,666310,647304,665926,608070,672356,680757,671289,686823,53.94,,,,,,,,22,2,Changeup,0,0,0,0,0,0,0,0,Standard,Standard,213,-0.002,-0.051,,,,0.051,,0,0,0.513,0.513,25,26,25,27,2,1,6,1,6,1,2.64,1.24,1.24,53.7,,,,,
CH,2024-04-27,82.7,-2.16,6.5,"Bibee, Tanner",660670,676440,,ball,,,,,12,Ball,R,R,R,ATL,CLE,B,,,0,0,2024,-1.14,0.84,1.2676181840271548,2.832126189872053,,,,2,3,Bot,,,,,,,10.069504454341091,-120.02506224515209,-3.5139741042443995,-12.905639750084957,21.848872350761013,-23.540173851262225,3.51970209414869,1.57774809704667,,,,83.2,2083,6.6,747131,666310,647304,665926,608070,672356,680757,671289,686823,53.89,,,,,,,,22,1,Changeup,0,0,0,0,0,0,0,0,Standard,Standard,211,0.001,0.04,,,,-0.04,,0,0,0.512,0.512,25,26,25,27,2,1,6,1,6,1,2.49,1.14,1.14,54.9,,,,,
FC,2024-04-27,87.2,-2.59,6.36,"Bibee, Tanner",660670,676440,strikeout,foul_tip,,,,,6,Ronald Acuña Jr. strikes out on a foul tip.,R,R,R,ATL,CLE,S,2,,1,2,2024,0.72,0.01,0.6602096587887465,2.2654702608595336,,,,0,1,Bot,,,,,,,6.383715906605191,-126.89236187999327,-3.7253050169771393,6.464220301154964,26.079122809321102,-31.488615883103407,3.52,1.59,,,,87.8,2797,6.7,747131,666310,647304,665926,608070,672356,680757,671289,686823,53.84,,0.0,0.0,1,0,0,,6,6,Cutter,0,0,0,0,0,0,0,0,Standard,Standard,78,-0.015,-0.186,76.8,7.6,,0.186,,0,0,0.541,0.541,25,26,25,27,1,0,6,1,6,1,2.99,-0.72,-0.72,49.8,12.207720353103204,14.6421945241273,29.700067908405387,44.22685561301729,32.23485039350031
FC,2024-04-27,87.9,-2.64,6.41,"Bibee, Tanner",660670,676440,,foul,,,,,2,Foul,R,R,R,ATL,CLE,S,,,1,2,2024,0.55,0.35,-0.2352711387899324,3.050376393531361,,,,0,1,Bot,,,,,,,4.724213095630002,-127.96429640434418,-2.763850546829611,5.014823013726644,26.63448370568894,-27.941086761296283,3.52,1.59,128,73.8,10,88.4,2842,6.6,747131,666310,647304,665926,608070,672356,680757,671289,686823,53.91,,,,,,,,6,5,Cutter,0,0,0,0,0,0,0,0,Strategic,Standard,102,0.0,0.0,78.8,7.1,,0.0,88.0,0,0,0.541,0.541,25,26,25,27,1,0,6,1,6,1,2.6,-0.55,-0.55,45.1,12.945834564242562,5.138253859842352,31.721773700812797,35.37359944316325,27.64463620110995
FF,2024-04-27,94.8,-2.41,6.64,"Bibee, Tanner",660670,676440,,foul,,,,,5,Foul,R,R,R,ATL,CLE,S,,,1,2,2024,-0.31,1.25,-0.0922531411396939,2.231124638153937,,,,0,1,Bot,,,,,,,6.774923307889766,-137.7744308993545,-8.681366686166697,-5.472353529857041,30.178732328427262,-14.462969292710964,3.52,1.59,164,76.2,14,95.2,2492,6.6,747131,666310,647304,665926,608070,672356,680757,671289,686823,53.93,,,,,,,,6,4,4-Seam Fastball,0,0,0,0,0,0,0,0,Standard,Standard,207,0.0,0.0,75.6,7.0,,0.0,88.0,0,0,0.541,0.541,25,26,25,27,1,0,6,1,6,1,1.29,0.31,0.31,52.8,1.5092133054962236,24.932158579905497,38.17043538860703,37.12550022231652,20.23907729040928
FF,2024-04-27,95.5,-2.4,6.61,"Bibee, Tanner",660670,676440,,ball,,,,,11,Ball,R,R,R,ATL,CLE,B,,,0,2,2024,-0.39,1.18,-1.0042667716062508,3.008724981864198,,,,0,1,Bot,,,,,,,4.582645051021133,-139.00208858123693,-6.548682504941408,-6.082329146678163,30.351743638623397,-15.636666713378371,3.5472964429667,1.68767110929349,,,,96.1,2453,6.5,747131,666310,647304,665926,608070,672356,680757,671289,686823,53.97,,,,,,,,6,3,4-Seam Fastball,0,0,0,0,0,0,0,0,Standard,Standard,207,0.002,0.023,,,,-0.023,,0,0,0.539,0.539,25,26,25,27,1,0,6,1,6,1,1.31,0.39,0.39,54.5,,,,,
FC,2024-04-27,85.0,-2.54,6.46,"Bibee, Tanner",660670,676440,,foul,,,,,6,Foul,R,R,R,ATL,CLE,S,,,0,1,2024,0.74,0.25,0.4033271828546938,2.57010462367521,,,,0,1,Bot,,,,,,,5.432155576148495,-123.67851573151933,-3.2610031374463,6.416436596378176,26.4711347174954,-29.099641664788017,3.52,1.59,184,86.2,64,85.1,2813,6.5,747131,666310,647304,665926,608070,672356,680757,671289,686823,53.98,,,,,,,,6,2,Cutter,0,0,0,0,0,0,0,0,Standard,Standard,71,-0.006,-0.054,78.2,7.7,,0.054,88.0,0,0,0.545,0.545,25,26,25,27,1,0,6,1,6,1,2.92,-0.74,-0.74,47.7,27.674691628411,22.484835191835177,31.154377209597826,43.42633029268181,32.82142633973877
FF,2024-04-27,93.7,-2.33,6.59,"Bibee, Tanner",660670,676440,,called_strike,,,,,1,Called Strike,R,R,R,ATL,CLE,S,,,0,0,2024,-0.38,1.3,-0.573692568174373,3.0537878564526677,,,,0,1,Bot,,,,,,,5.408114787324772,-136.26690720130475,-6.2862536924278345,-5.95326583688955,31.107571507009663,-14.735952844036662,3.51970209414869,1.60522799222075,,,,93.9,2350,6.5,747131,666310,647304,665926,608070,672356,680757,671289,686823,53.96,,,,,,,,6,1,4-Seam Fastball,0,0,0,0,0,0,0,0,Standard,Standard,200,-0.003,-0.037,,,,0.037,,0,0,0.548,0.548,25,26,25,27,1,0,6,1,6,1,1.3,0.38,0.38,52.8,,,,,
CH,2024-04-26,84.5,-0.97,5.91,"Avila, Pedro",660670,658648,strikeout,swinging_strike,,,,,14,Ronald Acuña Jr. strikes out swinging.,R,R,R,ATL,CLE,S,2,,3,2,2024,-0.03,0.05,1.0244919966141544,0.762117200204885,,,,2,8,Bot,,,,,,,4.740749034462646,-122.91303095557936,-5.758456708202321,-1.216446006312353,24.887594589895468,-30.749421775194275,3.54,1.6,,,,85.2,1837,6.8,747129,681807,672356,671289,608070,677587,680757,657656,664314,53.67,,0.0,0.0,1,0,0,,65,6,Changeup,6,1,6,1,1,6,6,1,Standard,Standard,157,0.0,-0.325,74.8,9.3,,0.325,,5,5,0.994,0.994,27,26,27,27,1,4,2,2,6,1,3.15,0.03,0.03,48.5,28.94757200703286,-20.300847190962543,40.75854528955132,47.0916328001279,48.772291726854405
CH,2024-04-26,84.3,-0.83,5.96,"Avila, Pedro",660670,658648,,ball,,,,,14,Ball,R,R,R,ATL,CLE,B,,,2,2,2024,-0.11,0.08,0.7134411887087189,-0.0036404935265004,,,,2,8,Bot,,,,,,,3.855142920919513,-122.5433754329318,-7.729808477989194,-1.8633446346715252,23.44100441318529,-30.06177372555659,3.46698662202893,1.60098376487134,,,,85.4,1591,7.0,747129,681807,672356,671289,608070,677587,680757,657656,664314,53.55,,,,,,,,65,5,Changeup,6,1,6,1,1,6,6,1,Standard,Standard,174,0.0,0.106,,,,-0.106,,5,5,0.994,0.994,27,26,27,27,1,4,2,2,6,1,3.12,0.11,0.11,48.6,,,,,
FF,2024-04-26,95.8,-1.43,5.3,"Avila, Pedro",660670,658648,,ball,,,,,2,Ball,R,R,R,ATL,CLE,B,,,1,2,2024,-0.24,0.92,-0.0576182245853634,3.1683679334868007,,,,2,8,Bot,,,,,,,4.164421873018008,-139.50625707160418,-2.134742995340573,-4.0443811986038165,30.98211066883784,-19.82234127365127,3.52225187019268,1.66420655109496,,,,96.1,2402,6.4,747129,681807,672356,671289,608070,677587,680757,657656,664314,54.1,,,,,,,,65,4,4-Seam Fastball,6,1,6,1,1,6,6,1,Standard,Standard,221,0.0,0.039,,,,-0.039,,5,5,0.994,0.994,27,26,27,27,1,4,2,2,6,1,1.55,0.24,0.24,27.6,,,,,
CU,2024-04-26,78.9,-0.6,6.05,"Avila, Pedro",660670,658648,,called_strike,,,,,9,Called Strike,R,R,R,ATL,CLE,S,,,1,1,2024,0.39,-1.48,0.4595749465779681,1.5854377479872197,,,,2,8,Bot,,,,,,,1.5973857380841283,-114.87111592611625,-0.0757680675655727,3.086736759573214,23.337530905363256,-45.4460324569512,3.29759773830309,1.50067742937974,,,,79.3,2745,6.8,747129,681807,672356,671289,608070,677587,680757,657656,664314,53.73,,,,,,,,65,3,Curveball,6,1,6,1,1,6,6,1,Standard,Standard,18,0.0,-0.064,,,,0.064,,5,5,0.994,0.994,27,26,27,27,1,4,2,2,6,1,5.17,-0.39,-0.39,53.5,,,,,
SI,2024-04-26,94.8,-0.74,6.06,"Avila, Pedro",660670,658648,,ball,,,,,13,Ball,R,R,R,ATL,CLE,B,,,0,1,2024,-1.03,0.94,-0.5772737660073466,1.1943764696970216,,,,2,8,Bot,,,,,,,2.739307950366476,-137.9082344483737,-9.245450020553609,-13.761382141179238,29.30789213225446,-18.315291028364285,3.3148404183099,1.51796298462649,,,,95.6,2440,6.7,747129,681807,672356,671289,608070,677587,680757,657656,664314,53.85,,,,,,,,65,2,Sinker,6,1,6,1,1,6,6,1,Standard,Standard,203,0.0,0.029,,,,-0.029,,5,5,0.994,0.994,27,26,27,27,1,4,2,2,6,1,1.58,1.03,1.03,50.4,,,,,
FF,2024-04-26,95.7,-0.88,6.05,"Avila, Pedro",660670,658648,,swinging_strike,,,,,2,Swinging Strike,R,R,R,ATL,CLE,S,,,0,0,2024,-0.34,1.22,-0.0391569970399351,2.974298883752624,,,,2,8,Bot,,,,,,,3.004156765142935,-139.40875747996844,-5.3219424365437416,-5.0315919870084125,28.973494073247707,-15.314897618744126,3.54,1.6,,,,96.7,2340,6.6,747129,681807,672356,671289,608070,677587,680757,657656,664314,53.87,,,,,,,,65,1,4-Seam Fastball,6,1,6,1,1,6,6,1,Standard,Standard,208,0.0,-0.041,78.6,7.0,,0.041,,5,5,0.994,0.994,27,26,27,27,1,4,2,2,6,1,1.25,0.34,0.34,49.2,6.376320457462323,18.80105847985602,32.10302647689042,39.45652679554227,24.62028072654019
FF,2024-04-26,93.9,-1.68,5.52,"Beede, Tyler",660670,595881,walk,ball,,,,,14,Ronald Acuña Jr. walks.,R,R,R,ATL,CLE,B,,,3,2,2024,-1.18,0.83,1.633169700953611,2.0282511849778446,,,,2,6,Bot,,,,,,,11.19239314258271,-136.2170132892581,-5.106295404028344,-17.19570243094394,31.68326952158098,-20.87327667178449,3.43981570251287,1.5300737952205,,,,93.8,1807,6.5,747129,595978,681807,672356,608070,677587,680757,671289,657656,53.99,,0.689131,0.7,1,0,0,,50,6,4-Seam Fastball,4,1,4,1,1,4,4,1,Standard,Standard,236,0.003,0.267,,,,-0.267,,3,3,0.899,0.899,31,26,31,27,1,3,2,2,2,1,1.79,1.18,1.18,36.2,,,,,
FS,2024-04-26,86.5,-1.89,5.47,"Beede, Tyler",660670,595881,,foul,,,,,7,Foul,R,R,R,ATL,CLE,S,,,3,1,2024,-1.16,0.3,-0.3400405023268638,2.0444307478459254,,,,2,6,Bot,,,,,,,6.069000572848612,-125.9480944230942,-2.638571343013697,-13.527595679616908,23.948331314865015,-28.62121537240913,3.54,1.6,7,89.6,-17,87.1,1382,6.5,747129,595978,681807,672356,608070,677587,680757,671289,657656,54.02,,,,,,,,50,5,Split-Finger,4,1,4,1,1,4,4,1,Standard,Standard,247,-0.001,-0.089,82.6,8.0,,0.089,89.6,3,3,0.9,0.9,31,26,31,27,1,3,2,2,2,1,2.72,1.16,1.16,34.6,20.11463589930543,-12.66702065725662,34.291924898650485,33.413466597067206,44.63211481703
FF,2024-04-26,93.3,-1.92,5.5,"Beede, Tyler",660670,595881,,ball,,,,,14,Ball,R,R,R,ATL,CLE,B,,,2,1,2024,-0.98,0.96,1.2389406242339438,2.047112402901966,,,,2,6,Bot,,,,,,,10.276323243493565,-135.47551496660395,-5.245966666773536,-14.28163565636461,28.03350625454263,-19.302791942375997,3.50131694401751,1.52741821059492,,,,93.5,1919,6.4,747129,595978,681807,672356,608070,677587,680757,671289,657656,54.1,,,,,,,,50,4,4-Seam Fastball,4,1,4,1,1,4,4,1,Standard,Standard,235,0.002,0.112,,,,-0.112,,3,3,0.898,0.898,31,26,31,27,1,3,2,2,2,1,1.65,0.98,0.98,28.0,,,,,
FF,2024-04-26,94.1,-1.92,5.5,"Beede, Tyler",660670,595881,,foul,,,,,6,Foul,R,R,R,ATL,CLE,S,,,2,0,2024,-1.03,0.76,0.4294175700026946,2.2294867780871805,,,,2,6,Bot,,,,,,,8.367600066628542,-136.93497121462832,-4.539038126742809,-14.721146396469589,26.379491276745057,-21.74816696914508,3.54,1.6,258,77.9,35,94.4,1879,6.2,747129,595978,681807,672356,608070,677587,680757,671289,657656,54.31,,,,,,,,50,3,4-Seam Fastball,4,1,4,1,1,4,4,1,Standard,Standard,239,-0.001,-0.061,76.4,7.2,,0.061,88.0,3,3,0.899,0.899,31,26,31,27,1,3,2,2,2,1,1.78,1.03,1.03,30.9,1.293849771770392,24.552930972745106,36.43698128644779,41.28942446124104,22.253381691160847
FS,2024-04-26,85.9,-2.07,5.36,"Beede, Tyler",660670,595881,,ball,,,,,14,Ball,R,R,R,ATL,CLE,B,,,1,0,2024,-1.46,0.12,0.0456947154279947,0.8520905404212056,,,,2,6,Bot,,,,,,,7.982002282983899,-124.91542799594016,-4.685486225413413,-16.928483671887506,24.07375758538742,-30.223174209706137,3.46216619596721,1.55240940007036,,,,86.2,1345,6.4,747129,595978,681807,672356,608070,677587,680757,671289,657656,54.1,,,,,,,,50,2,Split-Finger,4,1,4,1,1,4,4,1,Standard,Standard,250,0.001,0.068,,,,-0.068,,3,3,0.898,0.898,31,26,31,27,1,3,2,2,2,1,2.97,1.46,1.46,31.2,,,,,
CU,2024-04-26,77.8,-1.96,5.43,"Beede, Tyler",660670,595881,,ball,,,,,14,Ball,R,R,R,ATL,CLE,B,,,0,0,2024,1.23,-0.38,0.3320508338161263,1.408091225035724,,,,2,6,Bot,,,,,,,2.6571522196387543,-113.28051125742816,-0.9946191577000844,10.034892456081009,21.96131670036462,-35.48159193612166,3.43835894692204,1.59261743213376,,,,77.3,2146,6.1,747129,595978,681807,672356,608070,677587,680757,671289,657656,54.44,,,,,,,,50,1,Curveball,4,1,4,1,1,4,4,1,Standard,Standard,48,0.0,0.04,,,,-0.04,,3,3,0.898,0.898,31,26,31,27,1,3,2,2,2,1,4.16,-1.23,-1.23,31.5,,,,,
CH,2024-04-26,82.5,2.02,5.53,"Allen, Logan",660670,671106,field_out,hit_into_play,,,,,14,"Ronald Acuña Jr. grounds out, third baseman José Ramírez to first baseman David Fry.",R,R,L,ATL,CLE,X,5,ground_ball,1,1,2024,0.08,0.33,0.0173473800488141,0.6697654123916355,,,,0,5,Bot,103.09,160.31,,,,,-4.704485585757824,-120.05757790711816,-5.182274826102242,1.6934912484535314,23.074401338471855,-28.16094058924981,3.54,1.6,11,86.7,-4,82.5,849,6.3,747129,595978,681807,672356,608070,677587,680757,671289,657656,54.23,0.204,0.21,0.0,1,0,0,2,38,3,Changeup,3,1,3,1,1,3,3,1,Infield shade,Standard,130,-0.014,-0.243,70.6,8.4,0.208,0.243,88.0,2,2,0.811,0.811,25,26,26,27,3,2,6,2,6,1,3.01,0.08,-0.08,50.5,17.826022133580967,3.2932578197850497,47.392890335591424,36.41072756521515,37.859357868062425
SI,2024-04-26,89.9,1.96,5.56,"Allen, Logan",660670,671106,,ball,,,,,14,Ball,R,R,L,ATL,CLE,B,,,0,1,2024,1.09,1.08,0.5990186980683927,1.3033738818557032,,,,0,5,Bot,,,,,,,-5.668601569693995,-130.7536010111372,-6.892359929028377,13.630469050546973,25.967652113879097,-18.531825031626074,3.46025805756256,1.59874225419611,,,,90.2,2130,6.4,747129,595978,681807,672356,608070,677587,680757,671289,657656,54.12,,,,,,,,38,2,Sinker,3,1,3,1,1,3,3,1,Infield shade,Standard,156,0.001,0.025,,,,-0.025,,2,2,0.81,0.81,25,26,26,27,3,2,6,2,6,1,1.73,1.09,-1.09,50.0,,,,,
FF,2024-04-26,90.3,1.96,5.52,"Allen, Logan",660670,671106,,called_strike,,,,,7,Called Strike,R,R,L,ATL,CLE,S,,,0,0,2024,0.47,1.32,-0.7742107752832352,1.8320678538909672,,,,0,5,Bot,,,,,,,-7.801856205519542,-131.1959698831633,-6.0376927181946325,7.022309590822539,27.223599355441735,-15.872087108398285,3.52316302949122,1.62942364327897,,,,90.4,2172,6.4,747129,595978,681807,672356,608070,677587,680757,671289,657656,54.12,,,,,,,,38,1,4-Seam Fastball,3,1,3,1,1,3,3,1,Standard,Standard,150,-0.002,-0.037,,,,0.037,,2,2,0.812,0.812,25,26,26,27,3,2,6,2,6,1,1.48,0.47,-0.47,46.6,,,,,
ST,2024-04-26,79.1,2.06,5.49,"Allen, Logan",660670,671106,field_out,hit_into_play,,,,,8,Ronald Acuña Jr. flies out to right fielder Ramón Laureano.,R,R,L,ATL,CLE,X,9,fly_ball,2,1,2024,-1.07,0.37,-0.1466772754934842,2.175248981020404,,,594807,1,3,Bot,160.04,100.37,,,,,-2.836769276068175,-115.1742386530225,-1.1594305504921023,-8.975739079917624,21.085429908421123,-28.853859211400295,3.54,1.6,260,90.0,51,79.4,2237,6.4,747129,595978,681807,672356,608070,677587,680757,671289,657656,54.09,0.013,0.019,0.0,1,0,0,3,23,4,Sweeper,0,1,0,1,1,0,0,1,Standard,Standard,295,-0.041,-0.29,,,0.026,0.29,90.0,-1,-1,0.445,0.445,25,26,26,27,2,1,6,2,6,1,3.26,-1.07,1.07,47.3,,,,,
SI,2024-04-26,92.0,2.03,5.54,"Allen, Logan",660670,671106,,ball,,,,,12,Ball,R,R,L,ATL,CLE,B,,,1,1,2024,0.98,1.26,1.469817177858447,2.5795645008805206,,,594807,1,3,Bot,,,,,,,-3.552254396038365,-133.94459812520734,-4.384938388807891,12.619425907263114,29.16122290221125,-16.323840783612372,3.46008995900022,1.59294566818609,,,,92.1,2004,6.3,747129,595978,681807,672356,608070,677587,680757,671289,657656,54.19,,,,,,,,23,3,Sinker,0,1,0,1,1,0,0,1,Standard,Standard,153,0.007,0.046,,,,-0.046,,-1,-1,0.438,0.438,25,26,26,27,2,1,6,2,6,1,1.44,0.98,-0.98,42.3,,,,,
CH,2024-04-26,81.2,2.03,5.41,"Allen, Logan",660670,671106,,blocked_ball,,,,,13,Ball In Dirt,R,R,L,ATL,CLE,B,,,0,1,2024,0.03,0.09,-0.4961660278676428,0.6735706073442032,,,594807,1,3,Bot,,,,,,,-5.744535883586706,-118.0352234792092,-4.091778309558277,1.5226861498101,24.904374372812946,-30.69844854700368,3.43184463519549,1.59638234646621,,,,81.1,888,6.5,747129,595978,681807,672356,608070,677587,680757,671289,657656,53.98,,,,,,,,23,2,Changeup,0,1,0,1,1,0,0,1,Standard,Standard,108,0.003,0.029,,,,-0.029,,-1,-1,0.435,0.435,25,26,26,27,2,1,6,2,6,1,3.41,0.03,-0.03,45.3,,,,,
FC,2024-04-26,86.9,1.96,5.51,"Allen, Logan",660670,671106,,called_strike,,,,,4,Called Strike,R,R,L,ATL,CLE,S,,,0,0,2024,-0.04,0.81,-0.4472707285643673,2.785641851424499,,,594807,1,3,Bot,,,,,,,-5.71526467013442,-126.53949542411988,-2.066860318767027,0.6948728424483819,23.863097579784935,-23.226592526965764,3.45307492792527,1.55418410501266,,,,87.4,2120,6.4,747129,595978,681807,672356,608070,677587,680757,671289,657656,54.08,,,,,,,,23,1,Cutter,0,1,0,1,1,0,0,1,Standard,Standard,171,-0.005,-0.04,,,,0.04,,-1,-1,0.44,0.44,25,26,26,27,2,1,6,2,6,1,2.19,-0.04,0.04,43.3,,,,,
SI,2024-04-26,91.4,2.09,5.49,"Allen, Logan",660670,671106,walk,ball,,,,,12,Ronald Acuña Jr. walks.,R,R,L,ATL,CLE,B,,,3,2,2024,1.12,1.25,1.2767911324233283,2.6616659255737782,,,,0,1,Bot,,,,,,,-4.45905192218492,-133.00583435610412,-3.919544278128308,14.20447619994836,30.050347147820514,-16.698749436673985,3.40112242484133,1.60538991865072,,,,91.4,2005,6.4,747129,595978,681807,672356,608070,677587,680757,671289,657656,54.09,,0.689131,0.7,1,0,0,,6,6,Sinker,0,1,0,1,1,0,0,1,Strategic,Standard,152,0.032,0.371,,,,-0.371,,-1,-1,0.454,0.454,25,26,26,27,1,0,6,2,6,1,1.49,1.12,-1.12,44.8,,,,,
FF,2024-04-26,91.5,1.91,5.62,"Allen, Logan",660670,671106,,ball,,,,,12,Ball,R,R,L,ATL,CLE,B,,,2,2,2024,0.62,1.19,1.0489275282320685,2.6297176619487344,,,,0,1,Bot,,,,,,,-3.511611070972827,-133.12258657413864,-4.210103315548601,8.100229770926415,30.068366757751036,-17.344327878861385,3.45531049803607,1.56478400651677,,,,91.4,2111,6.4,747129,595978,681807,672356,608070,677587,680757,671289,657656,54.13,,,,,,,,6,5,4-Seam Fastball,0,1,0,1,1,0,0,1,Standard,Standard,153,0.01,0.107,,,,-0.107,,-1,-1,0.444,0.444,25,26,26,27,1,0,6,2,6,1,1.54,0.62,-0.62,48.4,,,,,
FC,2024-04-26,86.1,2.05,5.63,"Allen, Logan",660670,671106,,ball,,,,,13,Ball,R,R,L,ATL,CLE,B,,,1,2,2024,-0.42,0.46,-1.647307344029204,2.349299117937483,,,,0,1,Bot,,,,,,,-7.921475758602879,-125.25251145467428,-2.53876663447863,-2.9783168813123972,23.100919285821817,-26.98486343939888,3.51666515145401,1.59472162290204,,,,86.5,2337,6.3,747129,595978,681807,672356,608070,677587,680757,671289,657656,54.16,,,,,,,,6,4,Cutter,0,1,0,1,1,0,0,1,Standard,Standard,204,0.003,0.04,,,,-0.04,,-1,-1,0.441,0.441,25,26,26,27,1,0,6,2,6,1,2.59,-0.42,0.42,46.7,,,,,
SI,2024-04-26,91.6,2.08,5.53,"Allen, Logan",660670,671106,,called_strike,,,,,9,Called Strike,R,R,L,ATL,CLE,S,,,1,1,2024,1.07,1.38,0.4820138306285493,1.679110815524432,,,,0,1,Bot,,,,,,,-6.371129298838543,-133.1535831761128,-6.849550389185285,14.14481947131469,28.347909331910465,-14.405367838808273,3.47885618404888,1.58831708970477,,,,91.7,1982,6.4,747129,595978,681807,672356,608070,677587,680757,671289,657656,54.09,,,,,,,,6,3,Sinker,0,1,0,1,1,0,0,1,Standard,Standard,148,-0.006,-0.056,,,,0.056,,-1,-1,0.447,0.447,25,26,26,27,1,0,6,2,6,1,1.34,1.07,-1.07,46.5,,,,,
SI,2024-04-26,91.0,2.03,5.56,"Allen, Logan",660670,671106,,ball,,,,,14,Ball,R,R,L,ATL,CLE,B,,,0,1,2024,1.22,1.13,1.1278663351101068,1.802085224398976,,,,0,1,Bot,,,,,,,-4.873759005217703,-132.44292895392152,-5.981024160668625,15.351781956062638,27.50150429032062,-17.764238319223693,3.42118836801149,1.56196658051751,,,,91.2,1987,6.3,747129,595978,681807,672356,608070,677587,680757,671289,657656,54.15,,,,,,,,6,2,Sinker,0,1,0,1,1,0,0,1,Standard,Standard,153,0.003,0.025,,,,-0.025,,-1,-1,0.444,0.444,25,26,26,27,1,0,6,2,6,1,1.61,1.22,-1.22,47.8,,,,,
FF,2024-04-26,91.4,2.09,5.64,"Allen, Logan",660670,671106,,called_strike,,,,,6,Called Strike,R,R,L,ATL,CLE,S,,,0,0,2024,0.57,1.09,0.3910018227559991,2.3445659639998766,,,,0,1,Bot,,,,,,,-5.52214201874304,-133.0793266228319,-4.812443684459032,7.883756790277942,27.540870150715097,-18.409880699519064,3.4372016019727,1.57806082182559,,,,91.8,1968,6.4,747129,595978,681807,672356,608070,677587,680757,671289,657656,54.06,,,,,,,,6,1,4-Seam Fastball,0,1,0,1,1,0,0,1,Standard,Standard,145,-0.004,-0.037,,,,0.037,,-1,-1,0.448,0.448,25,26,26,27,1,0,6,2,6,1,1.63,0.57,-0.57,48.8,,,,,
FC,2024-04-24,92.2,-0.99,6.23,"Faucher, Calvin",660670,676534,grounded_into_double_play,hit_into_play,,,,,7,"Ronald Acuña Jr. grounds into a double play, third baseman Emmanuel Rivera to first baseman Luis Arraez. Luke Williams out at 3rd. Ronald Acuña Jr. out at 1st.",R,R,R,ATL,MIA,X,5,ground_ball,0,1,2024,0.34,-0.15,-0.6683806436203663,1.6674850127854426,,663897,518595,1,9,Bot,96.42,170.0,,,,,0.0850997212317897,-134.29676076568998,-5.435218387840446,4.086151981070712,27.92560848156086,-33.11659458658669,3.54,1.62,2,107.5,-36,91.8,2745,5.9,747132,542194,650333,660644,656896,641313,624503,665862,660821,54.63,0.131,0.118,0.0,1,0,0,2,71,2,Cutter,3,3,3,3,3,3,3,3,Standard,Standard,111,-0.196,-0.267,85.7,7.4,0.135,0.267,107.5,0,0,0.696,0.696,28,26,29,27,1,4,3,1,2,2,2.82,-0.34,-0.34,54.8,1.0439889071546502,4.2239133614664715,40.51602707083921,30.939637191322277,27.18365518253112
FC,2024-04-24,92.7,-0.91,6.23,"Faucher, Calvin",660670,676534,,called_strike,,,,,11,Called Strike,R,R,R,ATL,MIA,S,,,0,0,2024,0.41,0.24,-0.8312720674072835,2.7737337489747556,,663897,518595,1,9,Bot,,,,,,,-0.6804023886608278,-135.08538564131644,-3.6119206590141633,5.18954274512405,27.030474122059097,-28.67341132334361,3.46590370422475,1.55140202843236,,,,92.5,2847,5.9,747132,542194,650333,660644,656896,641313,624503,665862,660821,54.61,,,,,,,,71,1,Cutter,3,3,3,3,3,3,3,3,Standard,Standard,112,-0.014,-0.039,,,,0.039,,0,0,0.71,0.71,28,26,29,27,1,4,3,1,2,2,2.39,-0.41,-0.41,53.7,,,,,
FF,2024-04-24,94.1,2.84,6.01,"Nardi, Andrew",660670,677053,walk,ball,,,,,2,Ronald Acuña Jr. walks.,R,R,L,ATL,MIA,B,,,3,2,2024,0.64,1.39,0.1259611392511143,3.2659632715377356,,,,2,7,Bot,,,,,,,-8.511897802048072,-136.72026495064625,-4.501169370500582,9.876095372004452,30.303394055533197,-13.872014645999885,3.46590370422475,1.60636035408136,,,,94.7,2285,6.7,747132,542194,605137,650333,656896,641313,624503,665862,660821,53.79,,0.689131,0.7,1,0,0,,52,6,4-Seam Fastball,3,1,3,1,1,3,3,1,Standard,Standard,147,0.005,0.267,,,,-0.267,,2,2,0.869,0.869,25,26,26,27,1,3,3,1,2,2,1.19,0.64,-0.64,51.4,,,,,
FF,2024-04-24,94.4,2.87,6.06,"Nardi, Andrew",660670,677053,,ball,,,,,11,Ball,R,R,L,ATL,MIA,B,,,2,2,2024,0.8,1.45,-1.0581104238072765,2.9796051376110895,,,,2,7,Bot,,,,,,,-12.029105460775884,-136.86649877363735,-5.557575825224712,12.700079542948664,30.18300477551339,-12.773561755023795,3.4750702925713,1.53308317954386,,,,94.7,2343,6.6,747132,542194,605137,650333,656896,641313,624503,665862,660821,53.85,,,,,,,,52,5,4-Seam Fastball,3,1,3,1,1,3,3,1,Standard,Standard,141,0.002,0.106,,,,-0.106,,2,2,0.867,0.867,25,26,26,27,1,3,3,1,2,2,1.12,0.8,-0.8,47.4,,,,,
FF,2024-04-24,95.4,2.85,6.12,"Nardi, Andrew",660670,677053,,ball,,,,,11,Ball,R,R,L,ATL,MIA,B,,,1,2,2024,0.75,1.35,-0.046448730340007,3.880138298995379,,,,2,7,Bot,,,,,,,-9.335527344969956,-138.57573615903712,-3.304709070047094,11.742712641149629,31.697413447808707,-14.176251302134531,3.4750702925713,1.56056165649064,,,,95.8,2344,6.6,747132,542194,605137,650333,656896,641313,624503,665862,660821,53.86,,,,,,,,52,4,4-Seam Fastball,3,1,3,1,1,3,3,1,Standard,Standard,143,0.001,0.039,,,,-0.039,,2,2,0.866,0.866,25,26,26,27,1,3,3,1,2,2,1.16,0.75,-0.75,48.1,,,,,
SL,2024-04-24,84.2,2.95,6.1,"Nardi, Andrew",660670,677053,,foul,,,,,7,Foul,R,R,L,ATL,MIA,S,,,1,1,2024,-0.96,0.25,-0.8270182140062569,1.733354366545301,,,,2,7,Bot,,,,,,,-6.896317142908776,-122.4757926181584,-4.230194471128072,-8.170078078241568,25.623566663331395,-28.96365015824149,3.54,1.62,137,90.1,73,84.5,2389,6.6,747132,542194,605137,650333,656896,641313,624503,665862,660821,53.87,,,,,,,,52,3,Slider,3,1,3,1,1,3,3,1,Standard,Standard,293,-0.002,-0.064,75.9,8.1,,0.064,90.1,2,2,0.868,0.868,25,26,26,27,1,3,3,1,2,2,2.98,-0.96,0.96,51.4,17.25892078222228,-7.824382170505413,41.77376730522385,31.013345900361134,40.461162076670625
FF,2024-04-24,95.4,2.9,6.14,"Nardi, Andrew",660670,677053,,ball,,,,,12,Ball,R,R,L,ATL,MIA,B,,,0,1,2024,0.57,1.41,0.0553944269244499,4.062622020819414,,,,2,7,Bot,,,,,,,-8.793429107153477,-138.763956429821,-3.035256201671914,9.25914747134794,30.47337466647705,-13.391514526277762,3.39257226349018,1.42317531833735,,,,95.8,2256,6.5,747132,542194,605137,650333,656896,641313,624503,665862,660821,53.98,,,,,,,,52,2,4-Seam Fastball,3,1,3,1,1,3,3,1,Standard,Standard,142,0.001,0.029,,,,-0.029,,2,2,0.867,0.867,25,26,26,27,1,3,3,1,2,2,1.09,0.57,-0.57,46.8,,,,,
FF,2024-04-24,94.7,2.93,6.16,"Nardi, Andrew",660670,677053,,called_strike,,,,,3,Called Strike,R,R,L,ATL,MIA,S,,,0,0,2024,0.58,1.36,0.5683848127045329,3.174557964533038,,,,2,7,Bot,,,,,,,-7.501657100737536,-137.7718934660113,-5.192964347912836,9.034890486413437,29.724858368758525,-13.86085441361833,3.50256994676602,1.56056165649064,,,,95.3,2274,6.6,747132,542194,605137,650333,656896,641313,624503,665862,660821,53.92,,,,,,,,52,1,4-Seam Fastball,3,1,3,1,1,3,3,1,Standard,Standard,145,-0.001,-0.041,,,,0.041,,2,2,0.868,0.868,25,26,26,27,1,3,3,1,2,2,1.18,0.58,-0.58,52.0,,,,,
FF,2024-04-24,96.1,-2.13,5.99,"Smith, Burch",660670,572143,strikeout,swinging_strike,,,,,1,Ronald Acuña Jr. strikes out swinging.,R,R,R,ATL,MIA,S,2,,0,2,2024,-0.09,1.52,-0.505835344124273,3.126630764368789,672284,,,2,4,Bot,,,,,,,4.541439251340277,-139.7384125941733,-5.437332932366186,-2.2622518150380864,34.03586979388409,-11.289975638794951,3.54,1.62,,,,96.5,2406,6.7,747132,542194,605137,650333,656896,641313,624503,665862,660821,53.78,,0.0,0.0,1,0,0,,34,3,4-Seam Fastball,3,1,3,1,1,3,3,1,Infield shade,Standard,196,-0.017,-0.167,69.8,6.8,,0.167,,2,2,0.768,0.768,34,26,34,27,1,2,2,1,2,2,0.97,0.09,0.09,42.0,9.066215514388515,6.801717842162249,34.762509845608605,31.40080487438772,27.528471118283292
FF,2024-04-24,96.4,-2.39,5.89,"Smith, Burch",660670,572143,,foul,,,,,7,Foul,R,R,R,ATL,MIA,S,,,0,1,2024,-0.51,1.21,-0.7868633100748289,2.033767125433255,672284,,,2,4,Bot,,,,,,,5.475609014552358,-140.09073795087494,-7.452975338242663,-7.930478922335156,33.070178429908054,-14.758339203610966,3.54,1.62,197,67.1,35,97.2,2253,6.9,747132,542194,605137,650333,656896,641313,624503,665862,660821,53.57,,,,,,,,34,2,4-Seam Fastball,3,1,3,1,1,3,3,1,Standard,Standard,204,-0.007,-0.058,73.6,6.7,,0.058,88.0,2,2,0.775,0.775,34,26,34,27,1,2,2,1,2,2,1.26,0.51,0.51,41.7,-8.007731056364586,16.473203367371315,44.57317795289568,26.653773547357048,24.468468120843575
FC,2024-04-24,88.9,-2.56,5.67,"Smith, Burch",660670,572143,,called_strike,,,,,2,Called Strike,R,R,R,ATL,MIA,S,,,0,0,2024,0.35,0.54,-0.2467411402884232,2.934369127813542,672284,,,2,4,Bot,,,,,,,4.985454455969528,-129.40779575377292,-1.844893947594839,2.937527654664288,25.484430362804037,-25.92272227524824,3.42007144290072,1.53308317954386,,,,89.8,2291,6.7,747132,542194,605137,650333,656896,641313,624503,665862,660821,53.83,,,,,,,,34,1,Cutter,3,1,3,1,1,3,3,1,Standard,Standard,149,-0.004,-0.039,,,,0.039,,2,2,0.779,0.779,34,26,34,27,1,2,2,1,2,2,2.33,-0.35,-0.35,36.0,,,,,
SI,2024-04-24,95.8,-2.47,6.01,"Sánchez, Sixto",660670,664350,grounded_into_double_play,hit_into_play,,,,,13,"Ronald Acuña Jr. grounds into a double play, third baseman Emmanuel Rivera to second baseman Luis Arraez to first baseman Josh Bell. Chadwick Tromp out at 2nd. Ronald Acuña Jr. out at 1st.",R,R,R,ATL,MIA,X,5,ground_ball,1,0,2024,-1.47,0.41,-1.1740606205787028,2.247179698622377,,,644433,1,2,Bot,106.72,171.22,,,,,6.718216655384522,-139.36926254928744,-5.246254146308498,-20.725998477296606,31.848658236557377,-25.762863255310823,3.54,1.62,6,81.0,-19,95.4,2069,6.1,747132,542194,605137,650333,656896,641313,624503,665862,660821,54.37,0.079,0.074,0.0,1,0,0,2,17,2,Sinker,2,1,2,1,1,2,2,1,Standard,Standard,228,-0.049,-0.35,71.8,7.0,0.083,0.35,88.0,1,1,0.661,0.661,25,26,26,27,2,1,4,1,6,2,2.07,1.47,1.47,35.4,-5.403276604503051,4.358331873224385,40.0556986579385,25.837035215501587,28.165953751874937
FC,2024-04-24,88.0,-2.43,5.95,"Sánchez, Sixto",660670,664350,,ball,,,,,14,Ball,R,R,R,ATL,MIA,B,,,0,0,2024,0.33,0.3,1.1328137530327769,2.027446670698588,,,644433,1,2,Bot,,,,,,,7.950543781130651,-127.94063816917917,-4.048194587886902,2.0060409322961195,25.414378330727633,-28.23212917075188,3.475103934672,1.58810020474779,,,,87.9,2359,6.2,747132,542194,605137,650333,656896,641313,624503,665862,660821,54.3,,,,,,,,17,1,Cutter,2,1,2,1,1,2,2,1,Standard,Standard,159,0.003,0.036,,,,-0.036,,1,1,0.658,0.658,25,26,26,27,2,1,4,1,6,2,2.64,-0.33,-0.33,34.8,,,,,
FF,2024-04-24,96.7,-2.09,6.3,"Sánchez, Sixto",660670,664350,walk,ball,,,,,13,Ronald Acuña Jr. walks.,R,R,R,ATL,MIA,B,,,3,2,2024,-0.49,1.38,-0.0502671955351513,1.44499257609866,,,,0,1,Bot,,,,,,,6.493531811033768,-140.37521873143473,-10.381114887297011,-7.984125206281712,33.168545452521464,-11.744044231904146,3.52093591029732,1.57894053621227,,,,95.6,2274,5.9,747132,542194,605137,650333,656896,641313,624503,665862,660821,54.59,,0.689131,0.7,1,0,0,,4,6,4-Seam Fastball,0,0,0,0,0,0,0,0,Infield shade,Standard,214,0.03,0.371,,,,-0.371,,0,0,0.553,0.553,25,26,26,27,1,0,4,1,6,2,1.08,0.49,0.49,41.4,,,,,
SI,2024-04-24,97.0,-2.4,6.15,"Sánchez, Sixto",660670,664350,,ball,,,,,13,Ball,R,R,R,ATL,MIA,B,,,2,2,2024,-1.37,0.58,-0.1739390228632145,1.2332349695389868,,,,0,1,Bot,,,,,,,8.963552128633726,-140.70918165189192,-8.803958094308813,-20.197972267334357,31.73499327870023,-22.640815074703394,3.49343663502514,1.57894053621227,,,,96.0,2134,5.9,747132,542194,605137,650333,656896,641313,624503,665862,660821,54.64,,,,,,,,4,5,Sinker,0,0,0,0,0,0,0,0,Infield shade,Standard,226,0.008,0.107,,,,-0.107,,0,0,0.545,0.545,25,26,26,27,1,0,4,1,6,2,1.86,1.37,1.37,36.5,,,,,
SI,2024-04-24,94.8,-2.59,6.09,"Sánchez, Sixto",660670,664350,,swinging_strike,,,,,11,Swinging Strike,R,R,R,ATL,MIA,S,,,2,1,2024,-1.21,0.76,-0.8723814603937146,2.8738346763844618,,,,0,1,Bot,,,,,,,7.114408450931075,-137.91073685402816,-4.408283718989265,-17.05997680701624,29.99420776129853,-21.71041046358762,3.54,1.62,,,,93.9,2119,5.7,747132,542194,605137,650333,656896,641313,624503,665862,660821,54.78,,,,,,,,4,4,Sinker,0,0,0,0,0,0,0,0,Infield shade,Standard,222,-0.006,-0.069,65.7,5.9,,0.069,,0,0,0.551,0.551,25,26,26,27,1,0,4,1,6,2,1.78,1.21,1.21,35.5,-10.008163538392786,39.82148399926309,38.442565935325135,27.9082500211128,15.811568017127144
FC,2024-04-24,84.7,-2.54,5.9,"Sánchez, Sixto",660670,664350,,ball,,,,,14,Ball,R,R,R,ATL,MIA,B,,,1,1,2024,0.6,0.06,0.9198158767697032,2.462646081494347,,,,0,1,Bot,,,,,,,6.8173441740743215,-123.3038412299219,-1.850986016430924,4.923139271406588,22.883569496105537,-31.365520467257213,3.52093591029732,1.6338990916805,,,,84.2,2349,5.8,747132,542194,605137,650333,656896,641313,624503,665862,660821,54.73,,,,,,,,4,3,Cutter,0,0,0,0,0,0,0,0,Infield shade,Standard,111,0.004,0.053,,,,-0.053,,0,0,0.547,0.547,25,26,26,27,1,0,4,1,6,2,3.09,-0.6,-0.6,33.7,,,,,
FC,2024-04-24,83.5,-2.58,5.98,"Sánchez, Sixto",660670,664350,,foul,,,,,9,Foul,R,R,R,ATL,MIA,S,,,1,0,2024,0.59,0.21,0.3549182628124046,2.15303452962075,,,,0,1,Bot,,,,,,,5.537362727123182,-121.56134437499666,-2.7876047933326387,4.737197920858524,23.7972756926317,-29.7031943145476,3.54,1.62,4,71.0,-31,82.7,2238,5.7,747132,542194,605137,650333,656896,641313,624503,665862,660821,54.8,,,,,,,,4,2,Cutter,0,0,0,0,0,0,0,0,Infield shade,Standard,146,-0.004,-0.049,77.9,8.2,,0.049,88.0,0,0,0.551,0.551,25,26,26,27,1,0,4,1,6,2,3.05,-0.59,-0.59,33.5,20.673158545373003,-6.7842995551695875,35.42552899698837,42.6474500817849,41.206744440926784
FF,2024-04-24,94.5,-2.52,6.34,"Sánchez, Sixto",660670,664350,,ball,,,,,13,Ball,R,R,R,ATL,MIA,B,,,0,0,2024,-0.4,1.19,-1.2628872187071,2.401096233595271,,,,0,1,Bot,,,,,,,4.1150025289356265,-137.41421029128196,-7.154856394501376,-5.989592201132724,29.932770976475265,-15.668250700526832,3.52093591029732,1.60641952572995,,,,93.4,2069,5.6,747132,542194,605137,650333,656896,641313,624503,665862,660821,54.86,,,,,,,,4,1,4-Seam Fastball,0,0,0,0,0,0,0,0,Infield shade,Standard,214,0.003,0.038,,,,-0.038,,0,0,0.548,0.548,25,26,26,27,1,0,4,1,6,2,1.36,0.4,0.4,39.6,,,,,
SI,2024-04-23,92.6,-2.09,5.11,"Cronin, Declan",660670,686539,walk,ball,,,,,11,Ronald Acuña Jr. walks.,R,R,R,ATL,MIA,B,,,3,1,2024,-0.56,0.07,-1.246211665499931,2.6871516255613495,518595,671739,,2,8,Bot,,,,,,,3.3826263817743913,-134.81563534551768,-0.5280797147256725,-7.588796461939015,28.948005537388617,-31.47155654315673,3.54846780717241,1.55152249299906,,,,92.4,2532,6.1,747130,663743,656896,650333,672640,641313,650559,665862,541645,54.37,,0.689131,0.7,1,0,0,,62,5,Sinker,5,0,5,0,0,5,5,0,Infield shade,Standard,241,0.0,0.078,,,,-0.078,,5,5,0.995,0.995,26,26,27,27,1,4,1,1,4,1,2.59,0.56,0.56,20.5,,,,,
SL,2024-04-23,87.2,-1.91,5.18,"Cronin, Declan",660670,686539,,ball,,,,,14,Ball,R,R,R,ATL,MIA,B,,,2,1,2024,0.75,-0.41,0.7807013143317101,1.371193459005236,518595,671739,,2,8,Bot,,,,,,,4.9430977996946455,-126.99375252662075,-2.2192207481720194,7.244997157680924,23.5092538367377,-36.40958032868097,3.49347007459556,1.55152249299906,,,,87.6,2711,6.3,747130,663743,656896,650333,672640,641313,650559,665862,541645,54.25,,,,,,,,62,4,Slider,5,0,5,0,0,5,5,0,Infield shade,Standard,46,0.0,0.047,,,,-0.047,,5,5,0.995,0.995,26,26,27,27,1,4,1,1,4,1,3.38,-0.75,-0.75,20.1,,,,,
SI,2024-04-23,93.7,-2.16,5.1,"Cronin, Declan",660670,686539,,ball,,,,,13,Ball,R,R,R,ATL,MIA,B,,,1,1,2024,-0.61,-0.26,-1.6250856330539625,2.4267430595871793,518595,671739,,2,8,Bot,,,,,,,2.725311015662573,-136.55713755293746,-0.6569565571115838,-8.276757258807448,27.252761979904736,-35.55044951884965,3.49347007459556,1.52404514699104,,,,93.9,2506,6.1,747130,663743,656896,650333,672640,641313,650559,665862,541645,54.38,,,,,,,,62,3,Sinker,5,0,5,0,0,5,5,0,Infield shade,Standard,238,0.0,0.016,,,,-0.016,,5,5,0.995,0.995,26,26,27,27,1,4,1,1,4,1,2.83,0.61,0.61,14.7,,,,,
SL,2024-04-23,88.9,-2.01,5.21,"Cronin, Declan",660670,686539,,ball,,,,,14,Ball,R,R,R,ATL,MIA,B,,,0,1,2024,0.68,-0.31,1.3868661850386892,1.720336603693458,518595,671739,,2,8,Bot,,,,,,,6.888108569783447,-129.45683693964563,-1.9432916681183907,6.488143213212957,23.579221362319927,-35.46829003239376,3.49347007459556,1.55152249299906,,,,89.4,2801,6.3,747130,663743,656896,650333,672640,641313,650559,665862,541645,54.23,,,,,,,,62,2,Slider,5,0,5,0,0,5,5,0,Infield shade,Standard,50,0.0,0.037,,,,-0.037,,5,5,0.995,0.995,26,26,27,27,1,4,1,1,4,1,3.16,-0.68,-0.68,17.0,,,,,
SL,2024-04-23,88.3,-1.85,5.28,"Cronin, Declan",660670,686539,,swinging_strike,,,,,5,Swinging Strike,R,R,R,ATL,MIA,S,,,0,0,2024,0.39,-0.28,0.0785510099342189,2.6371486076638333,518595,671739,,2,8,Bot,,,,,,,3.884874230559205,-128.68654498165876,0.1626662557323528,3.601842990040961,24.37955944773249,-35.497652369940646,3.53,1.61,,,,88.5,2710,6.2,747130,663743,656896,650333,672640,641313,650559,665862,541645,54.35,,,,,,,,62,1,Slider,5,0,5,0,0,5,5,0,Infield shade,Standard,40,0.0,-0.046,82.7,6.2,,0.046,,5,5,0.995,0.995,26,26,27,27,1,4,1,1,4,1,3.17,-0.39,-0.39,20.1,-17.83127358251875,35.271737350951526,39.5961576938876,39.825569229837285,18.163340496276717
SI,2024-04-23,95.8,-1.08,5.75,"Bender, Anthony",660670,669622,force_out,hit_into_play,,,,,8,"Ronald Acuña Jr. grounds into a force out, fielded by third baseman Otto Lopez. Michael Harris II out at 3rd.",R,R,R,ATL,MIA,X,5,ground_ball,0,0,2024,-1.37,0.05,-0.1258140211554539,1.9643499141255676,,671739,664058,2,6,Bot,97.63,171.22,,,,,5.578606816834046,-139.3524382417266,-4.438377265771821,-19.09769331022791,33.780540195584955,-30.696207679263825,3.53,1.61,4,75.4,-28,95.0,2233,6.0,747130,663743,656896,650333,672640,641313,650559,665862,541645,54.51,0.044,0.08,0.0,1,0,0,2,46,1,Sinker,5,0,5,0,0,5,5,0,Infield shade,Standard,236,-0.005,-0.28,77.5,7.9,0.048,0.28,88.0,5,5,0.973,0.973,29,26,29,27,1,3,3,1,5,1,2.45,1.37,1.37,20.8,15.997205559688766,-3.997017083997513,39.37822226765207,37.93714715268884,34.032487252404835
FC,2024-04-23,83.3,2.58,6.09,"Rogers, Trevor",660670,669432,field_out,hit_into_play,,,,,13,"Ronald Acuña Jr. grounds out, shortstop Tim Anderson to first baseman Emmanuel Rivera.",R,R,L,ATL,MIA,X,6,ground_ball,0,0,2024,-0.43,0.5,-0.4699283526746645,0.7610980940900456,,,,1,5,Bot,122.84,196.25,,,,,-6.19701565242696,-121.00912170463972,-6.792748348033595,-3.005695665054776,23.50687409920655,-26.124143956823023,3.53,1.61,19,92.3,-1,83.8,2311,6.7,747130,663743,656896,650333,672640,641313,650559,665862,541645,53.83,0.37,0.338,0.0,1,0,0,2,34,1,Cutter,2,0,2,0,0,2,2,0,Infield shade,Standard,185,-0.011,-0.256,70.3,8.3,0.394,0.256,92.3,2,2,0.797,0.797,26,26,27,27,3,2,6,1,6,1,2.79,-0.43,0.43,25.9,14.118217174436383,13.329166111248204,49.25946980890917,33.25655302164324,34.48011465717348
FF,2024-04-23,91.2,2.56,5.83,"Rogers, Trevor",660670,669432,field_out,hit_into_play,,,,,14,Ronald Acuña Jr. pops out to second baseman Luis Arraez.,R,R,L,ATL,MIA,X,4,popup,3,0,2024,0.97,1.15,0.8385118810931347,2.328299506128463,,671739,,2,2,Bot,146.1,133.48,,,,,-6.469600853747588,-132.57452029129715,-5.414840461939238,12.857594269581003,28.08414406856275,-17.578212243898317,3.53,1.61,174,88.8,64,91.8,2441,6.7,747130,663743,656896,650333,672640,641313,650559,665862,541645,53.81,0.005,0.005,0.0,1,0,0,3,16,4,4-Seam Fastball,2,0,2,0,0,2,2,0,Infield shade,Standard,126,-0.028,-0.387,79.2,8.7,0.005,0.387,88.8,2,2,0.74,0.74,26,26,27,27,2,1,6,1,6,1,1.59,0.97,-0.97,20.3,22.593865054905695,-7.619928872981589,35.91124798733644,47.219833348730475,39.98043783230009
FF,2024-04-23,92.9,2.66,5.93,"Rogers, Trevor",660670,669432,,ball,,,,,3,Ball,R,R,L,ATL,MIA,B,,,2,0,2024,0.82,1.22,0.4598072433290079,3.4535469337485294,,671739,,2,2,Bot,,,,,,,-7.458033365972369,-135.18395622370235,-3.262504652085287,11.656516365336987,28.59234202063423,-16.681334849359903,3.43840276339986,1.52389340234253,,,,93.5,2480,6.6,747130,663743,656896,650333,672640,641313,650559,665862,541645,53.94,,,,,,,,16,3,4-Seam Fastball,2,0,2,0,0,2,2,0,Infield shade,Standard,124,0.002,0.048,,,,-0.048,,2,2,0.738,0.738,26,26,27,27,2,1,6,1,6,1,1.42,0.82,-0.82,23.2,,,,,
FC,2024-04-23,81.7,2.48,5.82,"Rogers, Trevor",660670,669432,,ball,,,,,14,Ball,R,R,L,ATL,MIA,B,,,1,0,2024,-0.44,-0.26,0.625008320540261,1.3779078190225391,,671739,,2,2,Bot,,,,,,,-3.348261173443854,-118.93610975313042,-2.869100765395359,-3.380136851420307,25.798784567028715,-34.19577592796549,3.46603960271007,1.5516439962999,,,,81.9,2185,6.7,747130,663743,656896,650333,672640,641313,650559,665862,541645,53.83,,,,,,,,16,2,Cutter,2,0,2,0,0,2,2,0,Infield shade,Standard,217,0.001,0.024,,,,-0.024,,2,2,0.737,0.737,26,26,27,27,2,1,6,1,6,1,3.7,-0.44,0.44,23.0,,,,,
FF,2024-04-23,91.7,2.6,5.96,"Rogers, Trevor",660670,669432,,ball,,,,,12,Ball,R,R,L,ATL,MIA,B,,,0,0,2024,0.83,1.04,0.8774413619612389,3.147165201704784,,671739,,2,2,Bot,,,,,,,-6.169577286262543,-133.37601568057343,-3.5080738610381808,11.172128144673968,28.11435851271922,-19.25155778367944,3.5210351301501,1.5516439962999,,,,92.3,2341,6.6,747130,663743,656896,650333,672640,641313,650559,665862,541645,53.89,,,,,,,,16,1,4-Seam Fastball,2,0,2,0,0,2,2,0,Infield shade,Standard,129,0.001,0.014,,,,-0.014,,2,2,0.736,0.736,26,26,27,27,2,1,6,1,6,1,1.67,0.83,-0.83,22.3,,,,,
CH,2024-04-23,86.0,2.69,5.71,"Rogers, Trevor",660670,669432,double,hit_into_play,,,,,13,Ronald Acuña Jr. doubles (5) on a line drive to right fielder Avisaíl García.,R,R,L,ATL,MIA,X,9,line_drive,2,2,2024,0.87,-0.07,-0.0737916169200861,1.419901060063307,,,,0,1,Bot,198.15,122.49,,,,,-8.423120542676603,-125.11924595328372,-3.9032233620024144,10.729456474350451,21.78126855452136,-32.41183635021506,3.53,1.61,206,92.4,14,87.5,1651,6.9,747130,663743,656896,650333,672640,641313,650559,665862,541645,53.57,0.958,0.913,1.25,1,1,1,4,4,5,Changeup,0,0,0,0,0,0,0,0,Infield shade,Standard,106,0.062,0.721,76.1,7.3,1.128,-0.721,92.4,0,0,0.545,0.545,26,26,27,27,1,0,6,1,6,1,3.12,0.87,-0.87,22.4,-0.1206997300599239,23.910340451218733,43.56378139899507,36.795833903250625,25.619936603664613
FF,2024-04-23,91.2,2.66,5.92,"Rogers, Trevor",660670,669432,,ball,,,,,12,Ball,R,R,L,ATL,MIA,B,,,1,2,2024,0.65,1.25,0.840657254023708,3.4388590305735844,,,,0,1,Bot,,,,,,,-6.008314001730739,-132.69632316231122,-3.049895052103306,8.982382161454467,28.504803808799483,-16.981056834220187,3.54840051266547,1.63381257154646,,,,91.8,2335,6.7,747130,663743,656896,650333,672640,641313,650559,665862,541645,53.81,,,,,,,,4,4,4-Seam Fastball,0,0,0,0,0,0,0,0,Infield shade,Standard,131,0.004,0.04,,,,-0.04,,0,0,0.541,0.541,26,26,27,27,1,0,6,1,6,1,1.49,0.65,-0.65,23.2,,,,,
FF,2024-04-23,92.1,2.86,6.03,"Rogers, Trevor",660670,669432,,ball,,,,,12,Ball,R,R,L,ATL,MIA,B,,,0,2,2024,0.6,1.16,1.6463660010337118,3.8794491600233423,,,,0,1,Bot,,,,,,,-4.421015500205554,-134.2276427808707,-2.2374460784947066,8.12258469293775,25.54425212303201,-17.83478195326605,3.57603120207224,1.66155544508418,,,,93.4,2338,6.7,747130,663743,656896,650333,672640,641313,650559,665862,541645,53.79,,,,,,,,4,3,4-Seam Fastball,0,0,0,0,0,0,0,0,Infield shade,Standard,130,0.002,0.023,,,,-0.023,,0,0,0.539,0.539,26,26,27,27,1,0,6,1,6,1,1.5,0.6,-0.6,23.8,,,,,
FC,2024-04-23,80.7,2.73,5.95,"Rogers, Trevor",660670,669432,,called_strike,,,,,9,Called Strike,R,R,L,ATL,MIA,S,,,0,1,2024,-0.51,0.37,0.6315106648187462,1.6974913541720569,,,,0,1,Bot,,,,,,,-3.7261597804553026,-117.5275179222838,-3.569183690412748,-4.022423696337537,21.806194666406295,-28.257250199189727,3.5210351301501,1.60659856876416,,,,81.5,2200,6.7,747130,663743,656896,650333,672640,641313,650559,665862,541645,53.79,,,,,,,,4,2,Cutter,0,0,0,0,0,0,0,0,Infield shade,Standard,222,-0.006,-0.054,,,,0.054,,0,0,0.545,0.545,26,26,27,27,1,0,6,1,6,1,3.12,-0.51,0.51,24.6,,,,,
CH,2024-04-23,83.2,2.73,5.9,"Rogers, Trevor",660670,669432,,called_strike,,,,,9,Called Strike,R,R,L,ATL,MIA,S,,,0,0,2024,0.86,-0.01,0.6948319052193986,1.8123176823196865,,,,0,1,Bot,,,,,,,-6.403838045546044,-120.97278746262324,-2.9066648678014753,9.73872183606278,23.723065589409146,-31.893783509876528,3.60352942207099,1.60659856876416,,,,83.8,1445,6.7,747130,663743,656896,650333,672640,641313,650559,665862,541645,53.77,,,,,,,,4,1,Changeup,0,0,0,0,0,0,0,0,Infield shade,Standard,109,-0.003,-0.037,,,,0.037,,0,0,0.548,0.548,26,26,27,27,1,0,6,1,6,1,3.31,0.86,-0.86,23.5,,,,,
SL,2024-04-22,86.8,-1.78,5.18,"Cronin, Declan",660670,686539,strikeout,swinging_strike,,,,,12,Ronald Acuña Jr. strikes out swinging.,R,R,R,ATL,MIA,S,2,,1,2,2024,0.57,-0.36,0.8811184739015038,2.85129062650762,,671739,672284,2,8,Bot,,,,,,,5.174717378507191,-126.3671578293006,1.272783572535203,5.215290935795989,22.99146540811315,-36.51001163164617,3.5,1.61,,,,86.7,2848,6.0,747134,663743,605137,650333,656896,641313,624503,665862,660821,54.51,,0.0,0.0,1,0,0,,67,4,Slider,3,0,3,0,0,3,3,0,Infield shade,Standard,39,-0.004,-0.189,72.3,7.2,,0.189,,3,3,0.97,0.97,26,26,27,27,1,4,3,1,1,1,3.36,-0.57,-0.57,16.2,6.290574799579602,27.058427205175803,31.08300551846576,45.74272368365483,20.47994052945626
SI,2024-04-22,93.1,-1.94,5.15,"Cronin, Declan",660670,686539,,called_strike,,,,,4,Called Strike,R,R,R,ATL,MIA,S,,,1,1,2024,-1.03,-0.09,-0.787596827672838,2.6351119980826465,,671739,672284,2,8,Bot,,,,,,,5.22119576266244,-135.5735373408384,-0.5360880317901683,-13.816538533246666,27.62213230062561,-33.36472521777997,3.46583645362389,1.60624277580207,,,,93.6,2490,6.4,747134,663743,605137,650333,656896,641313,624503,665862,660821,54.13,,,,,,,,67,3,Sinker,3,0,3,0,0,3,3,0,Infield shade,Standard,242,-0.001,-0.076,,,,0.076,,3,3,0.971,0.971,26,26,27,27,1,4,3,1,1,1,2.7,1.03,1.03,16.7,,,,,
SI,2024-04-22,93.5,-1.84,5.17,"Cronin, Declan",660670,686539,,ball,,,,,14,Ball,R,R,R,ATL,MIA,B,,,0,1,2024,-0.83,-0.14,1.4503381384604217,1.7702553500355034,,671739,672284,2,8,Bot,,,,,,,10.289178009019215,-135.83512984412494,-2.73546912361249,-12.447580238477125,27.056416124335207,-33.5414272346895,3.49966580530392,1.6337237309308,,,,93.7,2491,6.3,747134,663743,605137,650333,656896,641313,624503,665862,660821,54.21,,,,,,,,67,2,Sinker,3,0,3,0,0,3,3,0,Infield shade,Standard,242,0.001,0.033,,,,-0.033,,3,3,0.97,0.97,26,26,27,27,1,4,3,1,1,1,2.74,0.83,0.83,16.2,,,,,
SI,2024-04-22,94.6,-1.83,5.19,"Cronin, Declan",660670,686539,,swinging_strike,,,,,5,Swinging Strike,R,R,R,ATL,MIA,S,,,0,0,2024,-1.12,0.05,-0.2260116533404623,2.690509729534435,,671739,672284,2,8,Bot,,,,,,,6.668011590535758,-137.73733074821865,-1.0081688104492592,-15.668571429002396,28.417366394537336,-31.50509255195135,3.5,1.61,,,,95.0,2484,6.3,747134,663743,605137,650333,656896,641313,624503,665862,660821,54.17,,,,,,,,67,1,Sinker,3,0,3,0,0,3,3,0,Infield shade,Standard,240,-0.001,-0.048,76.9,6.5,,0.048,,3,3,0.971,0.971,26,26,27,27,1,4,3,1,1,1,2.48,1.12,1.12,19.0,0.2128054624403645,32.474159693300166,34.802100718520656,36.43280653521366,18.612649840210608
CU,2024-04-22,80.4,-2.33,6.04,"Smith, Burch",660670,572143,field_out,hit_into_play,,,,,7,Ronald Acuña Jr. flies out to right fielder Jesús Sánchez.,R,R,R,ATL,MIA,X,9,fly_ball,0,0,2024,0.8,-1.3,-0.5114914982432264,1.9387952755106992,,,,0,7,Bot,170.78,69.88,,,,,2.528368037847887,-117.00282491250468,0.1574465102278683,6.756465229780295,24.789253737118266,-44.26119976436523,3.5,1.61,338,98.2,26,80.5,2532,6.6,747134,663743,605137,650333,656896,641313,624503,665862,660821,53.87,0.364,0.6513333333333333,0.0,1,0,0,6,55,1,Curveball,3,0,3,0,0,3,3,0,Standard,Standard,44,-0.005,-0.254,76.3,7.4,1.228,0.254,98.2,3,3,0.941,0.941,34,26,34,27,1,3,3,1,2,1,4.86,-0.8,-0.8,42.2,4.169130253365735,4.9673751084127185,41.266879075682944,32.58364228608718,33.41996204276266
ST,2024-04-22,83.7,3.1,5.68,"Weathers, Ryan",660670,677960,field_out,hit_into_play,,,,,11,"Ronald Acuña Jr. grounds out, pitcher Ryan Weathers to first baseman Josh Bell.",R,R,L,ATL,MIA,X,1,ground_ball,0,0,2024,-0.55,0.67,-0.8468095306866233,2.580112370348534,,,664058,2,4,Bot,125.51,185.76,,,,,-7.916218985190712,-121.54103402757929,-1.943232659467932,-3.670189329772437,26.583027988212592,-25.37322045921017,3.5,1.61,7,51.9,-19,82.3,2487,5.7,747134,663743,605137,650333,656896,641313,624503,665862,660821,54.78,0.1,0.109,0.0,1,0,0,1,35,1,Sweeper,3,0,3,0,0,3,3,0,Infield shade,Standard,304,-0.011,-0.271,53.8,6.1,0.104,0.271,88.0,3,3,0.847,0.847,24,26,25,27,3,2,6,1,6,1,2.63,-0.55,0.55,30.0,-0.4865257521853851,32.95848842955082,38.907942220146474,28.44832953183261,26.021105397272592
CH,2024-04-22,88.1,2.85,5.67,"Weathers, Ryan",660670,677960,field_out,hit_into_play,,,,,6,"Ronald Acuña Jr. grounds out, third baseman Emmanuel Rivera to first baseman Josh Bell.",R,R,L,ATL,MIA,X,5,ground_ball,1,1,2024,1.31,0.42,0.6072930569742387,2.232329350324601,,,,1,3,Bot,98.7,158.14,,,,,-8.056547116893807,-128.00965948417092,-3.0990005330038057,16.02038979704836,26.49064482542245,-27.055585539064552,3.5,1.61,4,78.1,-30,87.0,1873,5.7,747134,663743,605137,650333,656896,641313,624503,665862,660821,54.83,0.048,0.094,0.0,1,0,0,2,21,3,Changeup,0,0,0,0,0,0,0,0,Infield shade,Standard,120,-0.017,-0.243,76.3,8.1,0.052,0.243,88.0,0,0,0.529,0.529,24,26,25,27,2,1,6,1,6,1,2.52,1.31,-1.31,31.1,16.18233066343657,1.1025505936151303,31.377666045621535,46.758130780481494,33.90736833337025
SL,2024-04-22,93.8,2.66,6.04,"Weathers, Ryan",660670,677960,,ball,,,,,13,Ball,R,R,L,ATL,MIA,B,,,0,1,2024,0.21,0.39,-1.6001268763449856,1.3439297342031775,,,,1,3,Bot,,,,,,,-11.362814113873617,-136.10330889834646,-7.223428792668006,5.032741072380605,28.2559966627863,-25.874124530703934,3.52087031931073,1.66126299565563,,,,93.1,2589,5.9,747134,663743,605137,650333,656896,641313,624503,665862,660821,54.61,,,,,,,,21,2,Slider,0,0,0,0,0,0,0,0,Infield shade,Standard,161,0.002,0.024,,,,-0.024,,0,0,0.527,0.527,24,26,25,27,2,1,6,1,6,1,2.2,0.21,-0.21,43.6,,,,,
SI,2024-04-22,94.1,2.88,5.79,"Weathers, Ryan",660670,677960,,foul,,,,,4,Foul,R,R,L,ATL,MIA,S,,,0,0,2024,1.46,0.78,-0.6401669166014363,2.5201835721235195,,,,1,3,Bot,,,,,,,-12.16209432945827,-136.4324680090875,-4.408473268896133,20.94536007230743,29.839087351416666,-21.653551108113614,3.5,1.61,201,77.0,55,92.7,2406,5.6,747134,663743,605137,650333,656896,641313,624503,665862,660821,54.85,,,,,,,,21,1,Sinker,0,0,0,0,0,0,0,0,Infield shade,Standard,134,-0.003,-0.037,77.6,7.0,,0.037,88.0,0,0,0.53,0.53,24,26,25,27,2,1,6,1,6,1,1.82,1.46,-1.46,32.2,3.379593059866172,2.118417923987288,36.112331968142165,29.394338524166507,31.931022054465203
CH,2024-04-22,86.7,2.99,5.79,"Weathers, Ryan",660670,677960,single,hit_into_play,,,,,7,Ronald Acuña Jr. singles on a line drive to left fielder Nick Gordon.,R,R,L,ATL,MIA,X,7,line_drive,3,2,2024,0.96,0.83,-0.5516273310054479,1.9684647590344264,,,,0,1,Bot,65.68,112.76,,,,,-10.300297013806922,-125.87607862180114,-4.641618468192133,12.158818730968184,23.08315309703892,-22.51861236512622,3.5,1.61,261,88.4,21,86.1,1518,5.8,747134,663743,605137,650333,656896,641313,624503,665862,660821,54.67,0.353,0.344,0.9,1,1,0,3,6,6,Changeup,0,0,0,0,0,0,0,0,Infield shade,Standard,131,0.03,0.369,74.2,7.8,0.463,-0.369,88.4,0,0,0.553,0.553,24,26,25,27,1,0,6,1,6,1,2.19,0.96,-0.96,34.7,7.878096999982768,-10.991481358638437,45.47732494517879,28.079931583436284,37.98440761523379
FF,2024-04-22,95.6,2.95,5.89,"Weathers, Ryan",660670,677960,,called_strike,,,,,14,Called Strike,R,R,L,ATL,MIA,S,,,3,1,2024,1.14,1.13,0.856523691440773,2.268443350473328,,,,0,1,Bot,,,,,,,-7.999112329728722,-138.95105048857894,-6.43074653687359,16.58618493301321,29.63505055571092,-16.207376820900365,3.47196454791809,1.550902235092,,,,94.8,2168,5.8,747134,663743,605137,650333,656896,641313,624503,665862,660821,54.71,,,,,,,,6,5,4-Seam Fastball,0,0,0,0,0,0,0,0,Infield shade,Standard,129,-0.009,-0.085,,,,0.085,,0,0,0.562,0.562,24,26,25,27,1,0,6,1,6,1,1.36,1.14,-1.14,37.3,,,,,
FF,2024-04-22,96.7,2.91,5.96,"Weathers, Ryan",660670,677960,,ball,,,,,12,Ball,R,R,L,ATL,MIA,B,,,2,1,2024,0.85,1.37,1.2489515661836772,3.7714649341005577,,,,0,1,Bot,,,,,,,-6.276091986995233,-140.78638406702038,-3.3974939804041813,12.643053593617312,30.73943520640471,-13.33234384878821,3.52090305912624,1.66132098607658,,,,95.7,2376,5.6,747134,663743,605137,650333,656896,641313,624503,665862,660821,54.91,,,,,,,,6,4,4-Seam Fastball,0,0,0,0,0,0,0,0,Infield shade,Standard,136,0.011,0.122,,,,-0.122,,0,0,0.551,0.551,24,26,25,27,1,0,6,1,6,1,1.06,0.85,-0.85,35.4,,,,,
ST,2024-04-22,82.4,3.27,5.72,"Weathers, Ryan",660670,677960,,ball,,,,,13,Ball,R,R,L,ATL,MIA,B,,,1,1,2024,-1.23,-0.24,-2.588703788741883,0.3962558368582858,,,,0,1,Bot,,,,,,,-10.722764989829972,-119.52501354797252,-4.940954932888224,-9.41559232712061,25.51876996689709,-33.61821133093943,3.49973189819538,1.64300048799839,,,,80.7,2624,5.5,747134,663743,605137,650333,656896,641313,624503,665862,660821,54.96,,,,,,,,6,3,Sweeper,0,0,0,0,0,0,0,0,Infield shade,Standard,301,0.004,0.053,,,,-0.053,,0,0,0.547,0.547,24,26,25,27,1,0,6,1,6,1,3.65,-1.23,1.23,33.8,,,,,
FF,2024-04-22,95.3,2.8,5.97,"Weathers, Ryan",660670,677960,,ball,,,,,11,Ball,R,R,L,ATL,MIA,B,,,0,1,2024,1.28,1.24,-1.2891863172493527,2.621955136225171,,,,0,1,Bot,,,,,,,-13.398961661452702,-138.14659942945678,-5.875460533186317,19.23483168340933,28.975491537793733,-15.065132573798696,3.49973189819538,1.64300048799839,,,,94.1,2378,5.7,747134,663743,605137,650333,656896,641313,624503,665862,660821,54.83,,,,,,,,6,2,4-Seam Fastball,0,0,0,0,0,0,0,0,Infield shade,Standard,134,0.002,0.025,,,,-0.025,,0,0,0.545,0.545,24,26,25,27,1,0,6,1,6,1,1.28,1.28,-1.28,34.0,,,,,
ST,2024-04-22,80.1,3.29,5.89,"Weathers, Ryan",660670,677960,,called_strike,,,,,5,Called Strike,R,R,L,ATL,MIA,S,,,0,0,2024,-0.82,0.31,0.2105404210049499,2.27521506528596,,,,0,1,Bot,,,,,,,-5.198128893540404,-116.61690701360814,-1.8804715462016044,-6.63809544186593,20.63581769675507,-29.230174728729207,3.47507018766928,1.609495940255,,,,79.4,2628,5.7,747134,663743,605137,650333,656896,641313,624503,665862,660821,54.83,,,,,,,,6,1,Sweeper,0,0,0,0,0,0,0,0,Infield shade,Standard,299,-0.003,-0.037,,,,0.037,,0,0,0.548,0.548,24,26,25,27,1,0,6,1,6,1,3.23,-0.82,0.82,32.2,,,,,
FC,2024-04-21,92.3,-2.69,6.04,"Robertson, David",660670,502085,single,hit_into_play,,,,,11,Ronald Acuña Jr. singles on a line drive to right fielder Adolis García.,R,R,R,ATL,TEX,X,9,line_drive,3,2,2024,0.19,1.3,-0.9128711015237851,2.8288183210824895,,,,0,8,Bot,158.93,107.29,,,,,4.126357940891877,-134.35370353106532,-5.238925589873737,1.4367192177797468,29.033238301850215,-15.482908742999149,3.48,1.59,192,69.9,22,93.1,2494,6.7,747133,668800,663993,543760,669701,608369,694497,665750,666969,53.77,0.947,0.865,0.9,1,1,0,4,62,6,Cutter,3,6,3,6,6,3,3,6,Standard,Standard,187,0.045,0.369,59.3,6.2,0.997,-0.369,88.0,-3,-3,0.095,0.095,39,26,39,27,1,3,4,1,3,1,1.37,-0.19,-0.19,46.7,-6.282475555275423,9.606111430697991,37.88232000800806,24.418954072705937,27.131426153199065
FC,2024-04-21,91.8,-2.64,5.89,"Robertson, David",660670,502085,,ball,,,,,13,Ball,R,R,R,ATL,TEX,B,,,2,2,2024,0.38,1.36,-0.3857800039624486,1.1874348139734872,,,,0,8,Bot,,,,,,,4.935492320266907,-133.45615660250957,-9.070651670045203,3.4728319637151035,27.9178384399422,-14.175648275443413,3.49343663502514,1.55146213079236,,,,92.7,2553,6.8,747133,668800,663993,543760,669701,608369,694497,665750,666969,53.68,,,,,,,,62,5,Cutter,3,6,3,6,6,3,3,6,Standard,Standard,191,0.012,0.107,,,,-0.107,,-3,-3,0.083,0.083,39,26,39,27,1,3,4,1,3,1,1.34,-0.38,-0.38,43.0,,,,,
KC,2024-04-21,83.3,-2.57,6.03,"Robertson, David",660670,502085,,called_strike,,,,,5,Called Strike,R,R,R,ATL,TEX,S,,,2,1,2024,0.81,-1.15,0.2285295678807427,2.443597276310127,,,,0,8,Bot,,,,,,,4.865388140961086,-121.124587833816,0.5465624309008374,6.825615008551369,26.083092123142,-43.72123017988192,3.49343663502514,1.57894053621227,,,,83.5,2726,6.7,747133,668800,663993,543760,669701,608369,694497,665750,666969,53.78,,,,,,,,62,4,Knuckle Curve,3,6,3,6,6,3,3,6,Standard,Standard,39,-0.009,-0.069,,,,0.069,,-3,-3,0.092,0.092,39,26,39,27,1,3,4,1,3,1,4.46,-0.81,-0.81,44.8,,,,,
SI,2024-04-21,93.4,-2.55,5.94,"Robertson, David",660670,502085,,ball,,,,,13,Ball,R,R,R,ATL,TEX,B,,,1,1,2024,-1.1,1.18,-1.6763572371520024,2.5170121870856192,,,,0,8,Bot,,,,,,,4.716420934481433,-135.78844571545812,-5.698056104755926,-14.586347694825797,31.17001883432733,-16.46555315091321,3.52093591029732,1.52398431713264,,,,94.1,2348,6.9,747133,668800,663993,543760,669701,608369,694497,665750,666969,53.64,,,,,,,,62,3,Sinker,3,6,3,6,6,3,3,6,Standard,Standard,203,0.006,0.053,,,,-0.053,,-3,-3,0.086,0.086,39,26,39,27,1,3,4,1,3,1,1.44,1.1,1.1,45.0,,,,,
SI,2024-04-21,93.3,-2.44,6.01,"Robertson, David",660670,502085,,swinging_strike,,,,,1,Swinging Strike,R,R,R,ATL,TEX,S,,,1,0,2024,-1.01,1.19,-0.7943113889119291,2.9566131969164413,,,,0,8,Bot,,,,,,,6.5191871937051165,-135.63640190314385,-4.715930520201928,-13.897374953591484,30.433009887496503,-16.680797586859644,3.48,1.59,,,,94.0,2234,6.8,747133,668800,663993,543760,669701,608369,694497,665750,666969,53.72,,,,,,,,62,2,Sinker,3,6,3,6,6,3,3,6,Standard,Standard,200,-0.006,-0.049,59.8,5.6,,0.049,,-3,-3,0.092,0.092,39,26,39,27,1,3,4,1,3,1,1.44,1.01,1.01,47.7,-12.937688295047243,51.63295379734351,41.69926121609434,28.742111564297257,15.792489214984275
FC,2024-04-21,91.6,-2.69,6.09,"Robertson, David",660670,502085,,ball,,,,,11,Ball,R,R,R,ATL,TEX,B,,,0,0,2024,0.27,1.45,-1.5084029645240806,2.7858900645064915,,,,0,8,Bot,,,,,,,2.411236243202154,-133.321740406823,-5.676166679897952,2.716710963864567,27.664603150554207,-13.840032209353495,3.57593486273682,1.57894053621227,,,,92.4,2497,6.7,747133,668800,663993,543760,669701,608369,694497,665750,666969,53.8,,,,,,,,62,1,Cutter,3,6,3,6,6,3,3,6,Standard,Standard,187,0.005,0.038,,,,-0.038,,-3,-3,0.087,0.087,39,26,39,27,1,3,4,1,3,1,1.26,-0.27,-0.27,47.9,,,,,
SI,2024-04-21,94.7,-1.43,5.86,"Lorenzen, Michael",660670,547179,field_out,hit_into_play,,,,,4,Ronald Acuña Jr. lines out sharply to center fielder Leody Taveras.,R,R,R,ATL,TEX,X,8,line_drive,2,0,2024,-1.47,0.59,-0.4050770120927824,2.296616730781563,,,,1,5,Bot,150.98,69.72,,,,,5.93938235451602,-137.6726136446674,-4.929804313651319,-19.971024517968186,31.51255707468732,-23.704810284536624,3.48,1.59,327,101.2,22,94.4,2205,6.2,747133,668800,663993,543760,669701,608369,694497,665750,666969,54.26,0.427,0.6972692307692306,0.0,1,0,0,5,40,3,Sinker,3,4,3,4,4,3,3,4,Standard,Standard,227,-0.036,-0.367,77.3,7.4,1.287,0.367,101.2,-1,-1,0.393,0.393,32,26,32,27,3,2,6,1,6,1,1.96,1.47,1.47,41.6,12.310112195984615,15.322433002735066,38.48054773402626,33.01090391776171,31.073432578233728
SI,2024-04-21,94.4,-1.43,5.95,"Lorenzen, Michael",660670,547179,,ball,,,,,11,Ball,R,R,R,ATL,TEX,B,,,1,0,2024,-1.33,0.99,-1.1790479846375757,2.5763459776463264,,,,1,5,Bot,,,,,,,3.6272391504720303,-137.35365996425534,-5.297033082399936,-17.655250395847837,31.115614025271665,-18.71992486501207,3.54843532222056,1.55146213079236,,,,94.6,2312,6.5,747133,668800,663993,543760,669701,608369,694497,665750,666969,54.02,,,,,,,,40,2,Sinker,3,4,3,4,4,3,3,4,Standard,Standard,221,0.007,0.072,,,,-0.072,,-1,-1,0.386,0.386,32,26,32,27,3,2,6,1,6,1,1.58,1.33,1.33,41.3,,,,,
SL,2024-04-21,87.0,-1.38,5.97,"Lorenzen, Michael",660670,547179,,ball,,,,,11,Ball,R,R,R,ATL,TEX,B,,,0,0,2024,0.11,0.01,-0.8592231618340653,3.9343972107078824,,,,1,5,Bot,,,,,,,1.0344443317874583,-126.62166365068408,1.3236702075093194,0.9849464951219236,27.314713506093813,-32.55487056752877,3.46593750445832,1.49650710288017,,,,87.4,2588,6.7,747133,668800,663993,543760,669701,608369,694497,665750,666969,53.85,,,,,,,,40,1,Slider,3,4,3,4,4,3,3,4,Standard,Standard,88,0.004,0.039,,,,-0.039,,-1,-1,0.382,0.382,32,26,32,27,3,2,6,1,6,1,3.01,-0.11,-0.11,48.2,,,,,
SI,2024-04-21,94.5,-1.33,6.0,"Lorenzen, Michael",660670,547179,field_out,hit_into_play,,,,,13,"Ronald Acuña Jr. grounds out, shortstop Corey Seager to first baseman Nathaniel Lowe.",R,R,R,ATL,TEX,X,6,ground_ball,1,0,2024,-1.39,0.83,-0.9327123087145556,1.576937390588982,,,641645,2,2,Bot,116.0,140.43,,,,,4.0981969582372315,-137.44243848861052,-7.628235410944351,-18.54382997095806,29.992526302759476,-20.137758923944062,3.48,1.59,3,93.2,-25,93.8,2229,5.9,747133,668800,663993,543760,669701,608369,694497,665750,666969,54.6,0.131,0.118,0.0,1,0,0,2,17,2,Sinker,3,0,3,0,0,3,3,0,Standard,Standard,221,-0.014,-0.304,67.0,7.0,0.155,0.304,93.2,3,3,0.808,0.808,32,26,32,27,2,1,6,1,6,1,1.72,1.39,1.39,46.1,-6.877916432267944,16.204522877540523,46.585503245638414,27.964497012754897,21.79415690310617
FF,2024-04-21,94.0,-1.33,6.0,"Lorenzen, Michael",660670,547179,,ball,,,,,13,Ball,R,R,R,ATL,TEX,B,,,0,0,2024,-0.9,1.46,-1.035821381372812,1.8257012265017476,,,641645,2,2,Bot,,,,,,,2.7455929474457297,-136.70192596202924,-8.240227252832932,-11.882332151102792,32.054453260517654,-12.234919527520846,3.57593486273682,1.60641952572995,,,,93.2,2431,6.0,747133,668800,663993,543760,669701,608369,694497,665750,666969,54.52,,,,,,,,17,1,4-Seam Fastball,3,0,3,0,0,3,3,0,Standard,Standard,217,0.001,0.034,,,,-0.034,,3,3,0.807,0.807,32,26,32,27,2,1,6,1,6,1,1.14,0.9,0.9,43.0,,,,,
CH,2024-04-21,86.7,-1.41,6.09,"Lorenzen, Michael",660670,547179,single,hit_into_play,,,,,7,Ronald Acuña Jr. singles on a sharp line drive to left fielder Evan Carter.,R,R,R,ATL,TEX,X,7,line_drive,1,1,2024,-1.46,1.06,-0.4028473883848589,1.8799528744665912,,,,0,1,Bot,72.88,92.39,,,,,5.340780160038687,-126.0931227508616,-5.949848878821648,-16.707121495820235,26.060800723720444,-19.842278540484287,3.48,1.59,187,112.7,11,85.7,2089,5.7,747133,668800,663993,543760,669701,608369,694497,665750,666969,54.77,0.874,0.928,0.9,1,1,0,6,4,3,Changeup,0,0,0,0,0,0,0,0,Standard,Standard,238,0.036,0.46,82.0,8.3,1.261,-0.46,112.7,0,0,0.547,0.547,32,26,32,27,1,0,6,1,6,1,1.98,1.46,1.46,40.8,22.92541613348443,-3.9854878301058,39.38973609038903,35.918805717623385,38.087583511751674
SI,2024-04-21,96.0,-1.3,6.12,"Lorenzen, Michael",660670,547179,,ball,,,,,14,Ball,R,R,R,ATL,TEX,B,,,0,1,2024,-1.42,0.99,0.344214053759581,1.3102114802415308,,,,0,1,Bot,,,,,,,7.486180321091546,-139.42681507605982,-9.294374874724744,-20.181706518631817,31.109987715887986,-17.323175127249254,3.57593486273682,1.6338990916805,,,,95.2,2405,5.9,747133,668800,663993,543760,669701,608369,694497,665750,666969,54.57,,,,,,,,4,2,Sinker,0,0,0,0,0,0,0,0,Standard,Standard,219,0.002,0.025,,,,-0.025,,0,0,0.545,0.545,32,26,32,27,1,0,6,1,6,1,1.49,1.42,1.42,42.0,,,,,
SI,2024-04-21,95.6,-1.39,6.09,"Lorenzen, Michael",660670,547179,,foul,,,,,5,Foul,R,R,R,ATL,TEX,S,,,0,0,2024,-1.41,0.98,-0.2290941946381339,2.8641693110440007,,,,0,1,Bot,,,,,,,6.159734156690294,-139.0695065001796,-5.056192333846017,-19.619927142243363,31.61622939181808,-18.492082335480944,3.48,1.59,225,76.4,26,94.7,2302,5.8,747133,668800,663993,543760,669701,608369,694497,665750,666969,54.7,,,,,,,,4,1,Sinker,0,0,0,0,0,0,0,0,Standard,Standard,219,-0.003,-0.037,77.0,7.3,,0.037,88.0,0,0,0.548,0.548,32,26,32,27,1,0,6,1,6,1,1.52,1.41,1.41,49.0,5.740608735181702,14.022984143179016,31.46054073423539,37.310590570632414,26.03017734869649
SL,2024-04-20,90.3,-0.37,5.92,"Pruitt, Austin",660670,643493,walk,ball,,,,,14,Ronald Acuña Jr. walks.,R,R,R,ATL,TEX,B,,,3,2,2024,0.42,0.31,0.9804838731944978,1.7369782607132809,,,,2,8,Bot,,,,,,,2.438242888086811,-131.5109712570725,-5.102838621397587,4.349695496388685,27.541645026979527,-27.70025211923273,3.59966327701942,1.5893698538725,,,,89.6,2590,5.8,747135,669087,663993,543760,669701,608369,677649,608671,666969,54.74,,0.689131,0.7,1,0,0,,68,6,Slider,5,2,5,2,2,5,5,2,Standard,Standard,166,0.002,0.267,,,,-0.267,,3,3,0.967,0.967,34,26,35,27,1,4,1,1,,1,2.48,-0.42,-0.42,52.7,,,,,
CH,2024-04-20,88.2,-0.26,5.91,"Pruitt, Austin",660670,643493,,ball,,,,,13,Ball,R,R,R,ATL,TEX,B,,,2,2,2024,-1.11,0.42,-1.540737421508505,0.3224945179845884,,,,2,8,Bot,,,,,,,-0.8128789005129219,-128.2809521326371,-8.328977564947412,-12.177132133777585,24.75819486844256,-26.153007132765993,3.51691669145136,1.5893698538725,,,,87.7,1729,5.8,747135,669087,663993,543760,669701,608369,677649,608671,666969,54.66,,,,,,,,68,5,Changeup,5,2,5,2,2,5,5,2,Standard,Standard,212,0.0,0.106,,,,-0.106,,3,3,0.967,0.967,34,26,35,27,1,4,1,1,,1,2.5,1.11,1.11,55.6,,,,,
SL,2024-04-20,88.6,-0.4,5.91,"Pruitt, Austin",660670,643493,,ball,,,,,14,Ball,R,R,R,ATL,TEX,B,,,1,2,2024,0.39,0.24,1.0596956173101466,0.6597334363179819,,,,2,8,Bot,,,,,,,2.7206382221894905,-128.96802615947396,-7.255536836142557,3.9113684730383063,24.227620094569875,-28.33396148269582,3.62724898526436,1.62773559501689,,,,88.2,2596,5.8,747135,669087,663993,543760,669701,608369,677649,608671,666969,54.7,,,,,,,,68,4,Slider,5,2,5,2,2,5,5,2,Standard,Standard,152,0.0,0.039,,,,-0.039,,3,3,0.967,0.967,34,26,35,27,1,4,1,1,,1,2.64,-0.39,-0.39,57.0,,,,,
SI,2024-04-20,92.3,-0.35,5.94,"Pruitt, Austin",660670,643493,,foul,,,,,11,Foul,R,R,R,ATL,TEX,S,,,1,1,2024,-1.03,0.84,-0.8844438919703679,2.5923943183692746,,,,2,8,Bot,,,,,,,0.8700633943894578,-134.4341744379861,-4.483991138252322,-12.640200681664773,29.50360673240897,-21.28042289542056,3.48,1.59,178,68.2,23,91.6,2436,5.8,747135,669087,663993,543760,669701,608369,677649,608671,666969,54.67,,,,,,,,68,3,Sinker,5,2,5,2,2,5,5,2,Standard,Standard,200,0.0,-0.064,74.2,6.7,,0.064,88.0,3,3,0.967,0.967,34,26,35,27,1,4,1,1,,1,1.84,1.03,1.03,53.7,3.888362955978808,9.796504237831408,41.26218813115829,26.637349986159993,28.266555884961782
SI,2024-04-20,92.3,-0.51,5.96,"Pruitt, Austin",660670,643493,,ball,,,,,13,Ball,R,R,R,ATL,TEX,B,,,0,1,2024,-1.04,0.75,-1.2437457667937508,2.477725132996783,,,,2,8,Bot,,,,,,,0.3898894201574505,-134.42922952655903,-4.641046651902263,-12.632717770707933,29.5556662958556,-22.290617890546898,3.5444971288852,1.65521747768788,,,,91.3,2390,5.7,747135,669087,663993,543760,669701,608369,677649,608671,666969,54.85,,,,,,,,68,2,Sinker,5,2,5,2,2,5,5,2,Standard,Standard,202,0.0,0.029,,,,-0.029,,3,3,0.967,0.967,34,26,35,27,1,4,1,1,,1,1.92,1.04,1.04,52.4,,,,,
SL,2024-04-20,88.7,-0.42,5.94,"Pruitt, Austin",660670,643493,,foul,,,,,6,Foul,R,R,R,ATL,TEX,S,,,0,0,2024,0.41,0.36,0.2913246587008609,2.2600154042250375,,,,2,8,Bot,,,,,,,0.88085586775441,-129.20096783009205,-3.722701972822427,4.453638551770781,24.74315588778511,-27.59592282147074,3.48,1.59,230,76.4,40,88.1,2567,5.7,747135,669087,663993,543760,669701,608369,677649,608671,666969,54.81,,,,,,,,68,1,Slider,5,2,5,2,2,5,5,2,Standard,Standard,157,0.0,-0.041,76.0,7.1,,0.041,88.0,3,3,0.967,0.967,34,26,35,27,1,4,1,1,,1,2.51,-0.41,-0.41,55.9,2.8889568382682453,29.00878998014213,34.89387591540415,43.18397397362703,23.188611028629257
SL,2024-04-20,89.2,-1.55,5.99,"Gray, Jon",660670,592351,strikeout,called_strike,,,,,3,Ronald Acuña Jr. called out on strikes.,R,R,R,ATL,TEX,S,2,,1,2,2024,0.3,0.32,0.5463226333563457,3.1324817240448906,,518595,641645,1,6,Bot,,,,,,,4.545210539454953,-129.97226773150163,-1.751496946416927,2.5593716229947,24.978264380148183,-28.380857387491822,3.5444971288852,1.5893698538725,,,,90.0,2287,6.5,747135,668800,663993,543760,669701,608369,694497,665750,666969,53.97,,0.0,0.0,1,0,0,,52,4,Slider,3,2,3,2,2,3,3,2,Standard,Standard,165,-0.028,-0.177,,,,0.177,,1,1,0.762,0.762,32,26,33,27,1,3,4,1,4,1,2.52,-0.3,-0.3,36.8,,,,,
FF,2024-04-20,96.4,-1.73,5.73,"Gray, Jon",660670,592351,,ball,,,,,11,Ball,R,R,R,ATL,TEX,B,,,0,2,2024,-0.99,1.07,-0.8798381100210197,2.800686525895933,,518595,641645,1,6,Bot,,,,,,,4.5576762266013375,-140.34280449627315,-4.676968622769108,-14.15535489657618,31.55733532427214,-17.200019583130327,3.59966327701942,1.65521747768788,,,,97.2,1981,6.7,747135,668800,663993,543760,669701,608369,694497,665750,666969,53.81,,,,,,,,52,3,4-Seam Fastball,3,2,3,2,2,3,3,2,Standard,Standard,217,0.004,0.022,,,,-0.022,,1,1,0.758,0.758,32,26,33,27,1,3,4,1,4,1,1.38,0.99,0.99,30.5,,,,,
FF,2024-04-20,95.5,-1.62,5.75,"Gray, Jon",660670,592351,,called_strike,,,,,11,Called Strike,R,R,R,ATL,TEX,S,,,0,1,2024,-0.89,1.16,-0.8321047115044133,3.0372108681830463,,518595,641645,1,6,Bot,,,,,,,4.102590417064229,-139.08991244345927,-4.180269812114322,-12.436345215477337,30.026549271017775,-16.34850597233774,3.5993295017394,1.65476138087799,,,,96.3,1953,6.6,747135,668800,663993,543760,669701,608369,694497,665750,666969,53.87,,,,,,,,52,2,4-Seam Fastball,3,2,3,2,2,3,3,2,Standard,Standard,215,-0.01,-0.048,,,,0.048,,1,1,0.768,0.768,32,26,33,27,1,3,4,1,4,1,1.33,0.89,0.89,33.0,,,,,
FF,2024-04-20,95.9,-1.56,5.69,"Gray, Jon",660670,592351,,foul,,,,,8,Foul,R,R,R,ATL,TEX,S,,,0,0,2024,-0.79,1.3,-0.2663948108239226,1.8446287684614509,,518595,641645,1,6,Bot,,,,,,,5.2763513970031335,-139.446022626529,-7.56384650090913,-11.552895648236904,31.91696979711062,-13.695750348318343,3.48,1.59,256,89.1,50,96.7,2101,6.8,747135,668800,663993,543760,669701,608369,694497,665750,666969,53.66,,,,,,,,52,1,4-Seam Fastball,3,2,3,2,2,3,3,2,Standard,Standard,216,-0.006,-0.039,76.6,8.0,,0.039,89.1,1,1,0.774,0.774,32,26,33,27,1,3,4,1,4,1,1.19,0.79,0.79,33.3,11.756277967830032,9.77553945153399,41.148146066953025,36.01236775202661,27.720765565394593
FS,2024-04-20,87.8,-2.27,5.61,"Eovaldi, Nathan",660670,543135,field_out,hit_into_play,,,,,7,"Ronald Acuña Jr. grounds out, shortstop Corey Seager to first baseman Nathaniel Lowe.",R,R,R,ATL,TEX,X,6,ground_ball,0,0,2024,-1.26,0.18,-0.371227208887259,1.5204262570641194,,,,0,4,Bot,107.94,153.03,,,,,7.275698042954919,-127.69853946708524,-4.2518046927187125,-15.290706747381051,23.744929028504185,-29.530406342599026,3.48,1.59,7,104.0,-13,88.9,1513,6.8,747135,668800,663993,543760,669701,608369,694497,665750,666969,53.71,0.31,0.331,0.0,1,0,0,2,35,1,Split-Finger,3,2,3,2,2,3,3,2,Standard,Standard,243,-0.021,-0.254,83.0,7.8,0.314,0.254,104.0,1,1,0.685,0.685,34,26,34,27,3,2,6,1,6,1,2.75,1.26,1.26,31.7,10.879735973673393,13.95510377903133,37.08871927450032,34.79862684852033,33.09667584604814
FF,2024-04-20,95.9,-2.21,5.52,"Eovaldi, Nathan",660670,543135,hit_by_pitch,hit_by_pitch,,,,,11,Ronald Acuña Jr. hit by pitch.,R,R,R,ATL,TEX,B,,,1,2,2024,-1.04,1.08,-0.8774296393243508,3.3553078730884387,,641645,,1,2,Bot,,,,,,,5.910579142765848,-139.5614203568985,-2.5919773703632853,-14.97357270458012,30.27322729806119,-17.677135537612685,3.48,1.59,,,,96.6,2206,6.6,747135,668800,663993,543760,669701,608369,694497,665750,666969,53.92,,0.720192,0.7,1,0,0,,19,4,4-Seam Fastball,1,2,1,2,2,1,1,2,Standard,Standard,223,0.037,0.27,,,,-0.27,,-1,-1,0.452,0.452,34,26,34,27,2,1,6,1,6,1,1.39,1.04,1.04,28.0,,,,,
CU,2024-04-20,78.2,-2.08,5.83,"Eovaldi, Nathan",660670,543135,,swinging_strike,,,,,14,Swinging Strike,R,R,R,ATL,TEX,S,,,1,1,2024,0.8,-0.23,1.0331315007663968,2.0319564735805344,,641645,,1,2,Bot,,,,,,,5.257138743252847,-113.85158393057664,-0.9367101382885475,6.11152747497207,19.472775248042616,-34.2140137870709,3.48,1.59,,,,78.8,1931,6.5,747135,668800,663993,543760,669701,608369,694497,665750,666969,54.01,,,,,,,,19,3,Curveball,1,2,1,2,2,1,1,2,Standard,Standard,36,-0.01,-0.062,76.1,8.5,,0.062,,-1,-1,0.462,0.462,34,26,34,27,2,1,6,1,6,1,3.93,-0.8,-0.8,37.0,26.579103684697277,-19.956210201566417,35.87748725288094,48.502324689198545,52.14895634479808
FF,2024-04-20,95.4,-2.32,5.49,"Eovaldi, Nathan",660670,543135,,ball,,,,,11,Ball,R,R,R,ATL,TEX,B,,,0,1,2024,-1.24,1.1,-0.6049035950235857,3.797795087161658,,641645,,1,2,Bot,,,,,,,7.347002904688843,-138.80268895382827,-1.3199144246861465,-17.67885654678934,30.519201974647643,-17.819767181687908,3.55828800699079,1.58651619347004,,,,96.2,2154,6.7,747135,668800,663993,543760,669701,608369,694497,665750,666969,53.81,,,,,,,,19,2,4-Seam Fastball,1,2,1,2,2,1,1,2,Standard,Standard,238,0.004,0.021,,,,-0.021,,-1,-1,0.458,0.458,34,26,34,27,2,1,6,1,6,1,1.4,1.24,1.24,25.7,,,,,
FF,2024-04-20,96.0,-2.36,5.43,"Eovaldi, Nathan",660670,543135,,called_strike,,,,,4,Called Strike,R,R,R,ATL,TEX,S,,,0,0,2024,-1.19,1.01,-0.7655577033256928,2.9556534244242263,,641645,,1,2,Bot,,,,,,,6.943610873658696,-139.77417336665172,-3.302262749015192,-17.099219558417023,29.429694007740633,-18.33260566555441,3.58587108120702,1.61399533803101,,,,96.8,2177,6.5,747135,668800,663993,543760,669701,608369,694497,665750,666969,53.96,,,,,,,,19,1,4-Seam Fastball,1,2,1,2,2,1,1,2,Standard,Standard,233,-0.006,-0.036,,,,0.036,,-1,-1,0.464,0.464,34,26,34,27,2,1,6,1,6,1,1.45,1.19,1.19,26.1,,,,,
FS,2024-04-20,87.3,-2.36,5.64,"Eovaldi, Nathan",660670,543135,single,hit_into_play,,,,,7,Ronald Acuña Jr. singles on a ground ball to third baseman Josh Smith.,R,R,R,ATL,TEX,X,5,ground_ball,3,2,2024,-1.19,-0.18,-0.3114883658022906,1.593657474120557,,,,0,1,Bot,103.09,170.61,,,,,7.415089170040208,-127.04011651740184,-3.2340089323016663,-14.350623280572968,24.95440750768242,-33.70894120547497,3.48,1.59,4,89.7,-25,87.8,1605,6.5,747135,668800,663993,543760,669701,608369,694497,665750,666969,53.96,0.097,0.087,0.9,1,1,0,2,4,6,Split-Finger,0,0,0,0,0,0,0,0,Standard,Standard,245,0.03,0.369,79.3,7.8,0.121,-0.369,89.7,0,0,0.553,0.553,34,26,34,27,1,0,6,1,6,1,3.16,1.19,1.19,30.8,12.803103269242127,-9.439045971926594,42.261556571870656,31.281045979424213,34.79061209820898
FS,2024-04-20,89.2,-2.29,5.75,"Eovaldi, Nathan",660670,543135,,foul,,,,,8,Foul,R,R,R,ATL,TEX,S,,,3,1,2024,-1.26,0.77,-0.0187670841503533,1.8577019616391337,,,,0,1,Bot,,,,,,,8.292273760991025,-129.63328887151468,-5.193617439435846,-15.916786736615627,25.86310196737363,-22.609408646813364,3.48,1.59,5,,-13,89.9,1755,6.7,747135,668800,663993,543760,669701,608369,694497,665750,666969,53.84,,,,,,,,4,5,Split-Finger,0,0,0,0,0,0,0,0,Standard,Standard,240,-0.009,-0.085,81.1,8.7,,0.085,,0,0,0.562,0.562,34,26,34,27,1,0,6,1,6,1,2.09,1.26,1.26,32.3,25.6782538221367,-16.50670759135757,33.97692550618391,37.35037809401785,43.61939808248865
FF,2024-04-20,96.8,-2.4,5.42,"Eovaldi, Nathan",660670,543135,,ball,,,,,14,Ball,R,R,R,ATL,TEX,B,,,2,1,2024,-1.13,0.94,0.0373654771832512,1.5168437137279518,,,,0,1,Bot,,,,,,,9.115832567905745,-140.58789705807175,-7.025631059419814,-17.03222117361385,31.315110362039785,-18.289777871386004,3.62731764223732,1.6553010873702,,,,97.1,2211,6.5,747135,668800,663993,543760,669701,608369,694497,665750,666969,53.97,,,,,,,,4,4,4-Seam Fastball,0,0,0,0,0,0,0,0,Standard,Standard,236,0.011,0.122,,,,-0.122,,0,0,0.551,0.551,34,26,34,27,1,0,6,1,6,1,1.5,1.13,1.13,26.8,,,,,
FC,2024-04-20,93.1,-2.35,5.57,"Eovaldi, Nathan",660670,543135,,ball,,,,,14,Ball,R,R,R,ATL,TEX,B,,,1,1,2024,-0.05,0.68,2.442823310966229,1.9494106069369088,,,,0,1,Bot,,,,,,,12.453481844966468,-135.07866154220517,-5.049260712384223,-3.0769264381474857,26.99358534143944,-22.935868347944748,3.62731764223732,1.60033965976264,,,,93.7,2299,6.6,747135,668800,663993,543760,669701,608369,694497,665750,666969,53.9,,,,,,,,4,3,Cutter,0,0,0,0,0,0,0,0,Standard,Standard,207,0.004,0.053,,,,-0.053,,0,0,0.547,0.547,34,26,34,27,1,0,6,1,6,1,1.95,0.05,0.05,29.2,,,,,
FS,2024-04-20,89.5,-2.39,5.62,"Eovaldi, Nathan",660670,543135,,ball,,,,,14,Ball,R,R,R,ATL,TEX,B,,,0,1,2024,-1.29,0.47,0.1165550482008301,1.0029133200184328,,,,0,1,Bot,,,,,,,8.904128212778733,-129.97784492581266,-6.420760601263427,-16.403056437744628,25.51490038793641,-25.65593175780509,3.59973219320572,1.6553010873702,,,,89.8,1825,6.5,747135,668800,663993,543760,669701,608369,694497,665750,666969,54.04,,,,,,,,4,2,Split-Finger,0,0,0,0,0,0,0,0,Standard,Standard,249,0.002,0.025,,,,-0.025,,0,0,0.545,0.545,34,26,34,27,1,0,6,1,6,1,2.37,1.29,1.29,30.1,,,,,
FF,2024-04-20,95.8,-2.43,5.6,"Eovaldi, Nathan",660670,543135,,called_strike,,,,,2,Called Strike,R,R,R,ATL,TEX,S,,,0,0,2024,-1.11,1.01,0.1549647911779754,3.2437729534551374,,,,0,1,Bot,,,,,,,9.36404242736391,-139.17124033244906,-2.8929429527395527,-16.507923037518488,31.023355824543515,-18.56960984274437,3.62731764223732,1.60033965976264,,,,96.1,2226,6.5,747135,668800,663993,543760,669701,608369,694497,665750,666969,53.98,,,,,,,,4,1,4-Seam Fastball,0,0,0,0,0,0,0,0,Standard,Standard,229,-0.003,-0.037,,,,0.037,,0,0,0.548,0.548,34,26,34,27,1,0,6,1,6,1,1.48,1.11,1.11,29.6,,,,,
SI,2024-04-19,95.6,-1.89,5.67,"Winn, Cole",660670,668390,walk,ball,,,,,11,Ronald Acuña Jr. walks.,R,R,R,ATL,TEX,B,,,3,2,2024,-1.12,0.95,-1.592549035151841,3.0531878851877448,,,,0,7,Bot,,,,,,,3.368784496254156,-139.20976906334073,-3.4896352020092007,-15.371343424980283,30.561752717442964,-19.173347429025068,3.51183575444318,1.62485758460243,,,,97.0,2232,7.0,747136,641680,677649,543760,669701,608369,694671,665750,666969,53.5,,0.689131,0.7,1,0,0,,55,6,Sinker,7,3,7,3,3,7,7,3,Standard,Standard,212,0.003,0.371,,,,-0.371,,4,4,0.972,0.972,24,26,25,27,1,3,5,2,4,1,1.53,1.12,1.12,42.1,,,,,
FS,2024-04-19,86.1,-1.98,5.52,"Winn, Cole",660670,668390,,ball,,,,,14,Ball,R,R,R,ATL,TEX,B,,,2,2,2024,-0.93,0.27,1.6141649499769604,0.4499460022459134,,,,0,7,Bot,,,,,,,10.566050785209748,-124.85487338788172,-6.426306215854098,-11.803564058881609,23.442110650914582,-28.252986565080487,3.42934139053648,1.54242402030831,,,,87.5,1529,7.2,747136,641680,677649,543760,669701,608369,694671,665750,666969,53.31,,,,,,,,55,5,Split-Finger,7,3,7,3,3,7,7,3,Standard,Standard,237,0.001,0.107,,,,-0.107,,4,4,0.971,0.971,24,26,25,27,1,3,5,2,4,1,2.81,0.93,0.93,37.3,,,,,
SI,2024-04-19,95.7,-2.03,5.56,"Winn, Cole",660670,668390,,called_strike,,,,,3,Called Strike,R,R,R,ATL,TEX,S,,,2,1,2024,-1.18,0.76,0.3860332496155818,3.16930052038808,,,,0,7,Bot,,,,,,,9.208283893447035,-139.1754199892072,-2.468967145617692,-17.411375328161967,29.323960104250823,-21.892372831177944,3.45683935945593,1.59737914859986,,,,97.4,2331,7.2,747136,641680,677649,543760,669701,608369,694671,665750,666969,53.34,,,,,,,,55,4,Sinker,7,3,7,3,3,7,7,3,Standard,Standard,214,0.0,-0.069,,,,0.069,,4,4,0.971,0.971,24,26,25,27,1,3,5,2,4,1,1.72,1.18,1.18,38.1,,,,,
SI,2024-04-19,94.7,-1.81,5.6,"Winn, Cole",660670,668390,,ball,,,,,9,Ball,R,R,R,ATL,TEX,B,,,1,1,2024,-1.21,0.96,0.7575828443093,2.0503375827892345,,,,0,7,Bot,,,,,,,9.51935432118844,-137.6371988699861,-5.828031990342856,-17.47759871593923,28.49160819200234,-18.77437157880974,3.42916663359891,1.51462011387594,,,,96.0,2245,7.0,747136,641680,677649,543760,669701,608369,694671,665750,666969,53.54,,,,,,,,55,3,Sinker,7,3,7,3,3,7,7,3,Standard,Standard,214,0.0,0.053,,,,-0.053,,4,4,0.971,0.971,24,26,25,27,1,3,5,2,4,1,1.57,1.21,1.21,41.3,,,,,
FS,2024-04-19,85.8,-2.01,5.48,"Winn, Cole",660670,668390,,ball,,,,,14,Ball,R,R,R,ATL,TEX,B,,,0,1,2024,-0.88,0.16,2.0577066999467224,1.0426773952370865,,,,0,7,Bot,,,,,,,11.54716519795608,-124.51309968205136,-4.634553742899541,-11.368443271392108,23.51697677762472,-29.71916994508121,3.40177340437793,1.54230272356266,,,,87.1,1688,7.1,747136,641680,677649,543760,669701,608369,694671,665750,666969,53.39,,,,,,,,55,2,Split-Finger,7,3,7,3,3,7,7,3,Standard,Standard,236,0.0,0.025,,,,-0.025,,4,4,0.971,0.971,24,26,25,27,1,3,5,2,4,1,2.93,0.88,0.88,36.6,,,,,
SI,2024-04-19,95.3,-2.1,5.65,"Winn, Cole",660670,668390,,foul,,,,,4,Foul,R,R,R,ATL,TEX,S,,,0,0,2024,-1.31,0.85,-0.660662293498818,2.590594059623035,,,,0,7,Bot,,,,,,,6.8011436312663935,-138.60315751523126,-4.3618445626131175,-18.36696074366729,30.383637522519045,-20.463065526750352,3.48,1.59,203,73.3,53,96.5,2357,6.9,747136,641680,677649,543760,669701,608369,694671,665750,666969,53.56,,,,,,,,55,1,Sinker,7,3,7,3,3,7,7,3,Standard,Standard,215,0.0,-0.037,65.2,7.1,,0.037,88.0,4,4,0.971,0.971,24,26,25,27,1,3,5,2,4,1,1.66,1.31,1.31,39.0,2.647268949518987,18.13390536889655,35.43459946798383,33.2536275977714,23.502643209522383
FF,2024-04-19,90.9,2.97,5.05,"Heaney, Andrew",660670,571760,strikeout,called_strike,,,,,2,Ronald Acuña Jr. called out on strikes.,R,R,L,ATL,TEX,S,2,,3,2,2024,1.35,1.06,-0.1444713109416651,3.3878571866573326,,,,1,5,Bot,,,,,,,-10.725615561039294,-131.9608219373381,-0.5064049589210529,18.01757141747404,27.6282054730874,-19.83721676669761,3.55760178686442,1.64305903882584,,,,91.1,2416,6.5,747136,641680,677649,543760,669701,608369,694671,665750,666969,53.97,,0.0,0.0,1,0,0,,37,6,4-Seam Fastball,3,1,3,1,1,3,3,1,Standard,Standard,127,-0.013,-0.332,,,,0.332,,2,2,0.799,0.799,33,26,33,27,3,2,6,2,6,1,1.7,1.35,-1.35,30.5,,,,,
SL,2024-04-19,82.3,2.9,5.1,"Heaney, Andrew",660670,571760,,ball,,,,,13,Ball,R,R,L,ATL,TEX,B,,,2,2,2024,-0.19,-0.22,-0.8943196679855359,1.211362195611838,,,,1,5,Bot,,,,,,,-8.287965721802298,-119.80153735277626,-1.969516251941726,-0.4616225658175365,19.78220706891813,-34.2044251940489,3.53010233117964,1.64305903882584,,,,83.2,2519,6.6,747136,641680,677649,543760,669701,608369,694671,665750,666969,53.92,,,,,,,,37,5,Slider,3,1,3,1,1,3,3,1,Standard,Standard,323,0.004,0.108,,,,-0.108,,2,2,0.795,0.795,33,26,33,27,3,2,6,2,6,1,3.55,-0.19,0.19,28.3,,,,,
CH,2024-04-19,85.0,2.9,5.12,"Heaney, Andrew",660670,571760,,ball,,,,,14,Ball,R,R,L,ATL,TEX,B,,,1,2,2024,1.34,0.44,0.8217400052659367,0.7373454088692575,,,,1,5,Bot,,,,,,,-7.609765745572672,-123.55827496144316,-4.856445460069909,15.286724235689356,24.16240852239887,-26.909335004273107,3.55760178686442,1.58955201322028,,,,85.5,2119,6.6,747136,641680,677649,543760,669701,608369,694671,665750,666969,53.86,,,,,,,,37,4,Changeup,3,1,3,1,1,3,3,1,Standard,Standard,117,0.001,0.043,,,,-0.043,,2,2,0.794,0.794,33,26,33,27,3,2,6,2,6,1,2.72,1.34,-1.34,27.3,,,,,
FF,2024-04-19,91.5,2.97,5.06,"Heaney, Andrew",660670,571760,,swinging_strike,,,,,1,Swinging Strike,R,R,L,ATL,TEX,S,,,1,1,2024,1.0,1.26,-0.6879559644584148,3.2736646607082456,,,,1,5,Bot,,,,,,,-11.370957179015916,-132.76395058718867,-1.3292743423739366,14.21367605805477,28.304564440302432,-17.15470661049276,3.48,1.59,,,,91.5,2487,6.5,747136,641680,677649,543760,669701,608369,694671,665750,666969,54.04,,,,,,,,37,3,4-Seam Fastball,3,1,3,1,1,3,3,1,Standard,Standard,124,-0.002,-0.061,76.9,6.4,,0.061,,2,2,0.796,0.796,33,26,33,27,3,2,6,2,6,1,1.48,1.0,-1.0,28.8,8.819714420892666,14.50447338552986,32.90599502560756,29.34015905579138,22.789452350584924
FF,2024-04-19,90.6,2.93,5.05,"Heaney, Andrew",660670,571760,,swinging_strike,,,,,1,Swinging Strike,R,R,L,ATL,TEX,S,,,1,0,2024,1.11,1.19,-0.6293472068123542,3.053692802148226,,,,1,5,Bot,,,,,,,-11.315225293416226,-131.5092045593025,-1.5902164572353734,15.223665879239883,27.758752606228686,-18.15899302227743,3.48,1.59,,,,91.1,2462,6.7,747136,641680,677649,543760,669701,608369,694671,665750,666969,53.79,,,,,,,,37,2,4-Seam Fastball,3,1,3,1,1,3,3,1,Standard,Standard,122,-0.003,-0.051,,,,0.051,,2,2,0.799,0.799,33,26,33,27,3,2,6,2,6,1,1.59,1.11,-1.11,32.2,,,,,
CH,2024-04-19,83.3,2.89,5.25,"Heaney, Andrew",660670,571760,,ball,,,,,14,Ball,R,R,L,ATL,TEX,B,,,0,0,2024,1.38,0.4,1.4453724080472266,1.9263389999329008,,,,1,5,Bot,,,,,,,-6.030947300880562,-121.25847284928123,-1.982286807377107,14.767380214113922,23.16592762718374,-28.036072814915354,3.55760178686442,1.61557928243606,,,,83.6,2069,6.4,747136,641680,677649,543760,669701,608369,694671,665750,666969,54.06,,,,,,,,37,1,Changeup,3,1,3,1,1,3,3,1,Standard,Standard,112,0.002,0.039,,,,-0.039,,2,2,0.797,0.797,33,26,33,27,3,2,6,2,6,1,2.88,1.38,-1.38,28.8,,,,,
SL,2024-04-19,82.3,3.08,5.12,"Heaney, Andrew",660670,571760,field_out,hit_into_play,,,,,8,"Ronald Acuña Jr. grounds out, shortstop Corey Seager to first baseman Ezequiel Duran.",R,R,L,ATL,TEX,X,6,ground_ball,0,2,2024,-0.41,-0.07,0.1604470653623869,1.919542669426713,,,,2,2,Bot,108.33,143.47,,,,,-5.8459220818329,-119.8380965096396,-0.6046231564333799,-2.836227540041708,22.919842931912807,-32.995307029835125,3.48,1.59,60,109.0,2,82.4,2654,6.3,747136,641680,677649,543760,669701,608369,694671,665750,666969,54.17,0.547,0.494,0.0,1,0,0,4,18,3,Slider,2,1,2,1,1,2,2,1,Standard,Standard,309,-0.005,-0.157,81.4,8.0,0.592,0.157,109.0,1,1,0.617,0.617,33,26,33,27,2,1,6,2,6,1,3.43,-0.41,0.41,30.6,6.616441175323557,-4.436797730963844,39.83650123247898,38.78169768057109,31.054391255286596
FF,2024-04-19,91.2,2.92,5.07,"Heaney, Andrew",660670,571760,,foul,,,,,4,Foul,R,R,L,ATL,TEX,S,,,0,1,2024,1.29,1.09,-0.6782569273609051,2.709468184248888,,,,2,2,Bot,,,,,,,-11.858797930030525,-132.36667935616288,-2.3974923379598594,17.63153982491447,27.40966375515818,-18.984551805129502,3.48,1.59,185,74.1,19,91.5,2462,6.6,747136,641680,677649,543760,669701,608369,694671,665750,666969,53.93,,,,,,,,18,2,4-Seam Fastball,2,1,2,1,1,2,2,1,Standard,Standard,122,-0.003,-0.058,78.6,7.5,,0.058,88.0,1,1,0.62,0.62,33,26,33,27,2,1,6,2,6,1,1.66,1.29,-1.29,28.5,11.994532583569097,-3.4986338770410454,36.27905034730023,29.63315499041498,32.35976290004528
SL,2024-04-19,81.9,2.91,5.2,"Heaney, Andrew",660670,571760,,swinging_strike,,,,,13,Swinging Strike,R,R,L,ATL,TEX,S,,,0,0,2024,-0.22,-0.11,-0.8358901391384467,0.8615942509360135,,,,2,2,Bot,,,,,,,-8.070818685177903,-119.00595605588953,-3.0155752265534073,-0.5373711784243029,22.93767208098104,-32.8381845433545,3.48,1.59,,,,82.2,2615,6.6,747136,641680,677649,543760,669701,608369,694671,665750,666969,53.93,,,,,,,,18,1,Slider,2,1,2,1,1,2,2,1,Standard,Standard,327,-0.001,-0.041,,,,0.041,,1,1,0.621,0.621,33,26,33,27,2,1,6,2,6,1,3.52,-0.22,0.22,34.9,,,,,
FF,2024-04-19,91.8,2.86,5.33,"Heaney, Andrew",660670,571760,walk,ball,,,,,12,Ronald Acuña Jr. walks.,R,R,L,ATL,TEX,B,,,3,2,2024,1.17,1.1,0.0233039692690033,4.807261409066619,,,,0,1,Bot,,,,,,,-9.749965960217734,-133.30821345258332,2.174151817628048,16.07637653784565,28.377912911001875,-19.768732539258902,3.56676831795685,1.67969961091926,,,,92.1,2421,6.5,747136,641680,677649,543760,669701,608369,694671,665750,666969,53.95,,0.689131,0.7,1,0,0,,5,7,4-Seam Fastball,0,1,0,1,1,0,0,1,Standard,Standard,133,0.032,0.371,,,,-0.371,,-1,-1,0.454,0.454,33,26,33,27,1,0,6,2,6,1,1.61,1.17,-1.17,32.6,,,,,
FF,2024-04-19,92.4,2.86,5.21,"Heaney, Andrew",660670,571760,,ball,,,,,3,Ball,R,R,L,ATL,TEX,B,,,2,2,2024,1.14,1.07,0.7455533646030286,3.1817265940079844,,,,0,1,Bot,,,,,,,-7.880077584890864,-134.37439660516245,-1.6756088810338927,15.468595285080772,28.39283908152808,-19.07317086621814,3.56653894863957,1.65177604263825,,,,92.7,2419,6.4,747136,641680,677649,543760,669701,608369,694671,665750,666969,54.05,,,,,,,,5,6,4-Seam Fastball,0,1,0,1,1,0,0,1,Standard,Standard,128,0.01,0.107,,,,-0.107,,-1,-1,0.444,0.444,33,26,33,27,1,0,6,2,6,1,1.6,1.14,-1.14,30.3,,,,,
SL,2024-04-19,84.1,2.95,5.25,"Heaney, Andrew",660670,571760,,foul,,,,,7,Foul,R,R,L,ATL,TEX,S,,,2,2,2024,-0.16,0.16,-0.4386238507786328,1.8516659692665576,,,,0,1,Bot,,,,,,,-7.572153544374008,-122.366847986888,-1.8284998829877153,-0.1615293960909725,23.93451232237982,-30.36766337594904,3.48,1.59,,,,84.5,2565,6.5,747136,641680,677649,543760,669701,608369,694671,665750,666969,54.0,,,,,,,,5,5,Slider,0,1,0,1,1,0,0,1,Standard,Standard,299,0.0,0.0,61.0,7.5,,0.0,,-1,-1,0.444,0.444,33,26,33,27,1,0,6,2,6,1,3.06,-0.16,0.16,31.6,8.727045348157752,5.044279086147649,40.929208483097966,30.888100416493984,31.93634419363423
FF,2024-04-19,92.0,2.83,5.25,"Heaney, Andrew",660670,571760,,called_strike,,,,,1,Called Strike,R,R,L,ATL,TEX,S,,,2,1,2024,1.19,1.15,-0.6336292119586646,3.218171524138576,,,,0,1,Bot,,,,,,,-11.409562293851678,-133.44337276604492,-1.7360599178856375,16.820532311762292,30.771859780256595,-18.2642019964884,3.56676831795685,1.67969961091926,,,,91.9,2548,6.6,747136,641680,677649,543760,669701,608369,694671,665750,666969,53.93,,,,,,,,5,4,4-Seam Fastball,0,1,0,1,1,0,0,1,Standard,Standard,133,-0.008,-0.069,,,,0.069,,-1,-1,0.452,0.452,33,26,33,27,1,0,6,2,6,1,1.57,1.19,-1.19,31.4,,,,,
FF,2024-04-19,91.6,2.84,5.3,"Heaney, Andrew",660670,571760,,ball,,,,,11,Ball,R,R,L,ATL,TEX,B,,,1,1,2024,1.15,1.28,-0.5966568515798512,4.199729637306616,,,,0,1,Bot,,,,,,,-11.18820955306946,-132.91964402938308,0.3898290944304111,16.10489985666759,29.895204618190093,-17.367145342420383,3.59426793973486,1.67969961091926,,,,91.6,2523,6.5,747136,641680,677649,543760,669701,608369,694671,665750,666969,53.97,,,,,,,,5,3,4-Seam Fastball,0,1,0,1,1,0,0,1,Standard,Standard,132,0.005,0.053,,,,-0.053,,-1,-1,0.447,0.447,33,26,33,27,1,0,6,2,6,1,1.46,1.15,-1.15,31.9,,,,,
FF,2024-04-19,91.6,2.88,5.24,"Heaney, Andrew",660670,571760,,ball,,,,,11,Ball,R,R,L,ATL,TEX,B,,,0,1,2024,1.29,1.1,-0.657471652280365,3.7178665205962673,,,,0,1,Bot,,,,,,,-11.750155797817843,-132.9317071874402,-0.2989151822946151,17.80872468033414,29.438962605495497,-19.299502850049052,3.59426793973486,1.65221910129665,,,,91.7,2465,6.6,747136,641680,677649,543760,669701,608369,694671,665750,666969,53.94,,,,,,,,5,2,4-Seam Fastball,0,1,0,1,1,0,0,1,Standard,Standard,129,0.003,0.025,,,,-0.025,,-1,-1,0.444,0.444,33,26,33,27,1,0,6,2,6,1,1.64,1.29,-1.29,30.8,,,,,
CU,2024-04-19,76.3,2.83,5.6,"Heaney, Andrew",660670,571760,,called_strike,,,,,7,Called Strike,R,R,L,ATL,TEX,S,,,0,0,2024,-1.0,-0.33,-0.7155492152604545,1.694149259899508,,,,0,1,Bot,,,,,,,-5.643022135220019,-110.9994347539657,-0.5586717171003195,-7.145702963900504,20.76743787053151,-34.99794541513591,3.59426793973486,1.65221910129665,,,,75.9,2614,6.1,747136,641680,677649,543760,669701,608369,694671,665750,666969,54.41,,,,,,,,5,1,Curveball,0,1,0,1,1,0,0,1,Infield shade,Standard,324,-0.004,-0.037,,,,0.037,,-1,-1,0.448,0.448,33,26,33,27,1,0,6,2,6,1,4.26,-1.0,1.0,38.8,,,,,
CH,2024-04-17,89.5,3.12,5.33,"Hader, Josh",660670,623352,strikeout,swinging_strike_blocked,,,,,14,Ronald Acuña Jr. strikes out swinging.,R,R,L,HOU,ATL,S,2,,3,2,2024,0.93,0.44,0.1029897469667225,0.4033277850301795,,,,1,9,Top,,,,,,,-9.493714137553374,-129.8197480632427,-7.079475833056142,12.533509789320869,28.52793770143694,-25.853645313907503,3.5,1.57,,,,90.2,1635,7.0,746401,605170,572138,514888,608324,665161,670541,643289,663656,53.51,,0.0,0.0,1,0,0,,73,6,Changeup,4,4,4,4,4,4,4,4,Standard,Standard,118,0.056,-0.332,,,,0.332,,0,0,0.549,0.4509999999999999,30,26,30,27,1,4,2,1,2,2,2.44,0.93,-0.93,26.1,,,,,
SI,2024-04-17,96.2,2.94,5.84,"Hader, Josh",660670,623352,,ball,,,,,12,Ball,R,R,L,HOU,ATL,B,,,2,2,2024,0.55,1.62,0.4738343886057917,3.6964026362066393,,,,1,9,Top,,,,,,,-7.881134567777972,-139.8515330420655,-3.746488464571139,9.08469502510304,35.06056248652676,-10.389085668152678,3.54258979202839,1.67768191630906,,,,96.9,1954,7.0,746401,605170,572138,514888,608324,665161,670541,643289,663656,53.49,,,,,,,,73,5,Sinker,4,4,4,4,4,4,4,4,Standard,Standard,150,-0.016,0.108,,,,-0.108,,0,0,0.565,0.435,30,26,30,27,1,4,2,1,2,2,0.87,0.55,-0.55,35.9,,,,,
CH,2024-04-17,89.9,3.07,5.39,"Hader, Josh",660670,623352,,ball,,,,,14,Ball,R,R,L,HOU,ATL,B,,,1,2,2024,1.11,0.23,1.6881611643454588,1.3781327007567663,,,,1,9,Top,,,,,,,-5.868235764498006,-130.78469614267223,-4.477128921391599,13.995262337091752,28.82640196242933,-28.80457882904228,3.5115735528118,1.74538002983219,,,,91.0,1499,7.1,746401,605170,572138,514888,608324,665161,670541,643289,663656,53.42,,,,,,,,73,4,Changeup,4,4,4,4,4,4,4,4,Standard,Standard,120,-0.007,0.043,,,,-0.043,,0,0,0.572,0.428,30,26,30,27,1,4,2,1,2,2,2.61,1.11,-1.11,23.4,,,,,
SI,2024-04-17,97.8,2.9,5.81,"Hader, Josh",660670,623352,,ball,,,,,11,Ball,R,R,L,HOU,ATL,B,,,0,2,2024,0.96,1.5,-0.2474668407705056,3.785961686533322,,,,1,9,Top,,,,,,,-10.799763390468886,-141.96730845418392,-3.3964004344137564,15.5276218534354,35.37629890103138,-11.349260496021316,3.62707335255058,1.76205303620539,,,,98.4,1970,6.9,746401,605170,572138,514888,608324,665161,670541,643289,663656,53.57,,,,,,,,73,3,Sinker,4,4,4,4,4,4,4,4,Standard,Standard,148,-0.005,0.02,,,,-0.02,,0,0,0.577,0.423,30,26,30,27,1,4,2,1,2,2,0.91,0.96,-0.96,35.9,,,,,
SI,2024-04-17,96.5,2.84,5.76,"Hader, Josh",660670,623352,,foul,,,,,4,Foul,R,R,L,HOU,ATL,S,,,0,1,2024,0.52,1.71,-0.6952766546139398,2.6664481309279555,,,,1,9,Top,,,,,,,-10.721051921800008,-139.9579420986814,-6.560005538385306,9.389917606748728,33.77172836164186,-8.351451699582627,3.5,1.57,147,67.2,15,97.3,2215,7.1,746401,605170,572138,514888,608324,665161,670541,643289,663656,53.43,,,,,,,,73,2,Sinker,4,4,4,4,4,4,4,4,Standard,Standard,148,0.012,-0.057,65.9,6.3,,0.057,88.0,0,0,0.565,0.435,30,26,30,27,1,4,2,1,2,2,0.77,0.52,-0.52,34.4,-9.421784289883496,30.582073967594855,42.38181095429149,30.939625745431876,16.270255930905982
SI,2024-04-17,96.6,2.81,5.82,"Hader, Josh",660670,623352,,foul,,,,,4,Foul,R,R,L,HOU,ATL,S,,,0,0,2024,0.57,1.8,-0.6709605856047969,2.585171866970553,,,,1,9,Top,,,,,,,-10.676509193457392,-140.07282038925325,-7.145210627836563,10.018638314364951,34.14530123496172,-7.054369410704015,3.5,1.57,134,72.7,71,97.2,2411,7.0,746401,605170,572138,514888,608324,665161,670541,643289,663656,53.51,,,,,,,,73,1,Sinker,4,4,4,4,4,4,4,4,Standard,Standard,155,0.007,-0.037,76.6,7.4,,0.037,88.0,0,0,0.558,0.4419999999999999,30,26,30,27,1,4,2,1,2,2,0.68,0.57,-0.57,36.2,11.986455218001764,5.6611496441008216,39.22608769578202,30.85029674776039,30.586261020422643
FF,2024-04-17,95.6,-1.95,5.48,"Abreu, Bryan",660670,650556,strikeout,swinging_strike,,,,,9,Ronald Acuña Jr. strikes out swinging.,R,R,R,HOU,ATL,S,2,,2,2,2024,-0.45,1.3,0.8009239675202925,1.7882467891224412,,,,2,7,Top,,,,,,,8.304033215402912,-138.80353542009553,-7.048642404337014,-7.693228134478629,32.053196328779585,-13.9675322188994,3.5,1.57,,,,96.1,2304,6.7,746401,605170,547989,514888,608324,665161,670541,643289,663656,53.75,,0.0,0.0,1,0,0,,57,5,4-Seam Fastball,4,2,2,4,2,4,2,4,Standard,Standard,215,0.012,-0.219,76.8,7.8,,0.219,,2,-2,0.875,0.125,27,26,27,27,1,3,2,1,2,2,1.21,0.45,0.45,37.1,8.129923468663147,14.739451397910878,36.428783952497405,45.88776838991414,22.32129790978535
FF,2024-04-17,95.0,-2.02,5.58,"Abreu, Bryan",660670,650556,,swinging_strike,,,,,11,Swinging Strike,R,R,R,HOU,ATL,S,,,2,1,2024,-0.3,1.31,-0.3217343688565033,3.789717909215633,,,,2,7,Top,,,,,,,5.145276250435809,-138.25892122641275,-1.9577267262866629,-5.0069141459440845,31.66082517102143,-15.201117534046237,3.5,1.57,,,,95.6,2343,6.7,746401,605170,547989,514888,608324,665161,670541,643289,663656,53.81,,,,,,,,57,4,4-Seam Fastball,4,2,2,4,2,4,2,4,Standard,Standard,206,0.004,-0.084,45.3,6.2,,0.084,,2,-2,0.871,0.129,27,26,27,27,1,3,2,1,2,2,1.22,0.3,0.3,38.8,9.623433460588384,21.864036892662135,31.09337842780556,36.6958963685195,17.55082672440825
SL,2024-04-17,86.6,-1.86,5.87,"Abreu, Bryan",660670,650556,,ball,,,,,14,Ball,R,R,R,HOU,ATL,B,,,1,1,2024,0.57,-0.59,1.8642854641890416,1.2752471928444358,,,,2,7,Top,,,,,,,7.780479804436065,-125.92352922700752,-3.5442229593701127,4.390904553679125,26.713192280657704,-37.90360543636817,3.4909956018915,1.70634689983579,,,,87.0,2970,6.7,746401,605170,547989,514888,608324,665161,670541,643289,663656,53.8,,,,,,,,57,3,Slider,4,2,2,4,2,4,2,4,Standard,Standard,50,-0.003,0.058,,,,-0.058,,2,-2,0.874,0.126,27,26,27,27,1,3,2,1,2,2,3.65,-0.57,-0.57,46.9,,,,,
FF,2024-04-17,96.9,-1.88,5.65,"Abreu, Bryan",660670,650556,,ball,,,,,3,Ball,R,R,R,HOU,ATL,B,,,0,1,2024,-0.5,1.36,0.733419342782961,3.251812759733705,,,,2,7,Top,,,,,,,8.155358294165737,-140.90290973363196,-3.9453202791292457,-8.542688615897154,33.99007436214604,-13.411756713345133,3.42946703885386,1.60955790409935,,,,97.2,2396,6.7,746401,605170,547989,514888,608324,665161,670541,643289,663656,53.84,,,,,,,,57,2,4-Seam Fastball,4,2,2,4,2,4,2,4,Standard,Standard,202,-0.001,0.029,,,,-0.029,,2,-2,0.875,0.125,27,26,27,27,1,3,2,1,2,2,1.09,0.5,0.5,46.6,,,,,
FF,2024-04-17,97.5,-1.85,5.75,"Abreu, Bryan",660670,650556,,foul,,,,,7,Foul,R,R,R,HOU,ATL,S,,,0,0,2024,-0.54,1.53,-0.8132450353234235,1.9019164609282555,,,,2,7,Top,,,,,,,4.069299365294764,-141.6496937080246,-8.387847809420364,-8.246126150952136,33.805207635155575,-9.82239664486401,3.5,1.57,,,,98.0,2407,6.8,746401,605170,547989,514888,608324,665161,670541,643289,663656,53.72,,,,,,,,57,1,4-Seam Fastball,4,2,2,4,2,4,2,4,Standard,Standard,209,0.002,-0.041,77.7,7.1,,0.041,,2,-2,0.873,0.127,27,26,27,27,1,3,2,1,2,2,0.88,0.54,0.54,43.6,-2.87760578567938,12.768357242633035,44.13305075603425,30.01621832910775,22.81660532713673
ST,2024-04-17,78.3,-1.72,5.55,"France, J.P.",660670,641585,home_run,hit_into_play,,,,,9,Ronald Acuña Jr. homers (1) on a fly ball to center field.,R,R,R,HOU,ATL,X,,fly_ball,0,0,2024,1.54,0.26,0.3005269099551741,2.099723124038676,,,,0,5,Top,133.24,28.36,,,,,1.5214786907786402,-113.9567691854764,-1.0062535475679382,12.974200022756069,23.245169668590524,-29.950359677634815,3.5,1.57,422,109.5,34,78.0,2617,6.3,746401,605170,547989,514888,608324,665161,670541,643289,663656,54.2,0.917,1.8668,2.0,1,0,3,6,36,1,Sweeper,1,1,1,1,2,1,2,1,Standard,Standard,74,-0.138,1.114,79.3,8.1,3.676,-1.114,109.5,0,0,0.5,0.5,29,26,29,27,3,2,5,1,6,2,3.49,-1.54,-1.54,38.3,19.223165576768892,2.5149283793388495,34.69290502929643,40.473344615739315,40.37678651026635
FC,2024-04-17,85.7,-1.6,5.61,"France, J.P.",660670,641585,field_error,hit_into_play,,,,,8,Ronald Acuña Jr. reaches on a fielding error by shortstop Jeremy Peña.,R,R,R,HOU,ATL,X,6,ground_ball,2,0,2024,0.29,0.73,0.2081905263813402,1.63703380692894,,,,0,3,Top,104.36,153.1,,,,,3.678378073837463,-124.73599248546476,-4.623597391077503,2.3383985090909856,23.516544311028714,-23.845952123544887,3.5,1.57,53,109.8,1,85.9,2670,6.3,746401,605170,547989,514888,608324,665161,670541,643289,663656,54.23,0.537,0.495,0.9,1,0,0,4,19,3,Cutter,1,1,1,1,1,1,1,1,Standard,Standard,145,-0.029,0.377,82.9,8.0,0.588,-0.377,109.8,0,0,0.488,0.512,29,26,29,27,2,1,5,1,6,2,2.36,-0.29,-0.29,40.0,13.75626222661769,5.836810220150934,37.71772428542832,39.58336257164922,37.26852510056649
FF,2024-04-17,90.4,-1.36,5.74,"France, J.P.",660670,641585,,ball,,,,,11,Ball,R,R,R,HOU,ATL,B,,,1,0,2024,-0.53,1.46,-0.9092939858273384,3.1509914936850123,,,,0,3,Top,,,,,,,2.2494547367731226,-131.60201781873815,-3.562146475530387,-6.630377953462916,30.17289518649734,-14.74563189139192,3.59905362846241,1.72951850903205,,,,90.0,2219,6.2,746401,605170,547989,514888,608324,665161,670541,643289,663656,54.3,,,,,,,,19,2,4-Seam Fastball,1,1,1,1,1,1,1,1,Standard,Standard,208,-0.008,0.069,,,,-0.069,,0,0,0.496,0.504,29,26,29,27,2,1,5,1,6,2,1.35,0.53,0.53,43.1,,,,,
FF,2024-04-17,90.4,-1.38,5.85,"France, J.P.",660670,641585,,ball,,,,,12,Ball,R,R,R,HOU,ATL,B,,,0,0,2024,-0.37,1.39,0.1519865753395715,3.8106422084896314,,,,0,3,Top,,,,,,,4.572892281143254,-131.63154281655991,-2.0842948909752015,-5.26007336938272,28.9038974265454,-15.846662437314787,3.56532946629895,1.66070407102619,,,,90.0,2268,6.1,746401,605170,547989,514888,608324,665161,670541,643289,663656,54.42,,,,,,,,19,1,4-Seam Fastball,1,1,1,1,1,1,1,1,Standard,Standard,202,-0.004,0.038,,,,-0.038,,0,0,0.5,0.5,29,26,29,27,2,1,5,1,6,2,1.41,0.37,0.37,46.3,,,,,
FC,2024-04-17,87.6,-1.48,5.79,"France, J.P.",660670,641585,single,hit_into_play,,,,,6,Ronald Acuña Jr. singles on a fly ball to center fielder Mauricio Dubón.,R,R,R,HOU,ATL,X,8,fly_ball,0,0,2024,0.58,0.91,0.704790368286788,2.636133793766312,,,,0,1,Top,145.38,97.89,,,,,4.073882774792947,-127.43979368279436,-3.330513821809981,5.398288070080337,27.72618644369043,-21.773541953193053,3.51763510394576,1.5878932265088,247,73.8,38,87.4,2670,6.3,746401,605170,547989,514888,608324,665161,670541,643289,663656,54.22,0.197,0.184,0.9,1,1,0,3,1,1,Cutter,0,0,0,0,0,0,0,0,Standard,Standard,159,-0.036,0.448,78.0,8.3,0.231,-0.448,88.0,0,0,0.5,0.5,29,26,29,27,1,0,5,1,6,2,2.07,-0.58,-0.58,41.7,-7.154499482857482,-26.68732069431202,40.88191674938259,44.956729780052015,41.06437918303992
FS,2024-04-16,88.1,-1.89,6.2,"Whitley, Forrest",660670,666215,hit_by_pitch,hit_by_pitch,,,,,11,Ronald Acuña Jr. hit by pitch.,R,R,R,HOU,ATL,B,,,1,2,2024,-0.7,-0.17,-2.7051088021189673,3.3347909860258143,,644433,,1,9,Top,,,,,,,-0.5256622991908725,-128.374752975535,-0.4852742598595193,-7.567287628349935,27.992475575248555,-34.12480959849792,3.5,1.57,,,,88.4,740,6.5,746400,673237,572138,514888,608324,665161,676801,676694,663656,53.95,,0.720192,0.7,1,0,0,,66,4,Split-Finger,0,6,6,0,6,0,6,0,Standard,Standard,249,0.0,0.27,,,,-0.27,,-6,6,0.002,0.998,26,26,27,27,1,4,,1,139,1,3.11,0.7,0.7,35.5,,,,,
FF,2024-04-16,96.1,-1.87,6.15,"Whitley, Forrest",660670,666215,,foul,,,,,1,Foul,R,R,R,HOU,ATL,S,,,1,1,2024,-0.93,1.21,-0.4321922944999413,3.311329034734527,,644433,,1,9,Top,,,,,,,5.942583457123236,-139.84962070966114,-4.673071340624539,-13.516613645785956,32.57287453605418,-15.509054028771784,3.5,1.57,355,98.1,30,96.4,2203,6.6,746400,673237,572138,514888,608324,665161,676801,676694,663656,53.94,,,,,,,,66,3,4-Seam Fastball,0,6,6,0,6,0,6,0,Standard,Standard,221,0.0,-0.062,79.6,7.7,,0.062,98.1,-6,6,0.002,0.998,26,26,27,27,1,4,,1,139,1,1.27,0.93,0.93,34.6,23.312440821330075,-14.579732475852197,27.179112527210243,34.809738020219186,41.459169613223594
FS,2024-04-16,88.5,-1.81,6.17,"Whitley, Forrest",660670,666215,,ball,,,,,11,Ball,R,R,R,HOU,ATL,B,,,0,1,2024,-0.51,0.0,-1.097172331123797,2.6516215243658388,,644433,,1,9,Top,,,,,,,2.80511259449715,-128.87391521498796,-2.490644205436647,-6.254212733399197,29.321488878086992,-31.81680715239018,3.3280298809545,1.47522004822639,,,,88.6,682,6.5,746400,673237,572138,514888,608324,665161,676801,676694,663656,53.98,,,,,,,,66,2,Split-Finger,0,6,6,0,6,0,6,0,Standard,Standard,250,0.0,0.021,,,,-0.021,,-6,6,0.002,0.998,26,26,27,27,1,4,,1,139,1,2.93,0.51,0.51,36.7,,,,,
FF,2024-04-16,97.8,-1.87,6.18,"Whitley, Forrest",660670,666215,,foul,,,,,4,Foul,R,R,R,HOU,ATL,S,,,0,0,2024,-1.07,1.36,-0.5092201506423966,2.2995164936231456,,644433,,1,9,Top,,,,,,,6.138138005344321,-142.07227913403906,-8.06310109377359,-15.887081060622007,35.71913978450186,-12.047334489232272,3.5,1.57,223,79.3,37,97.5,2406,6.4,746400,673237,572138,514888,608324,665161,676801,676694,663656,54.05,,,,,,,,66,1,4-Seam Fastball,0,6,6,0,6,0,6,0,Standard,Standard,217,0.0,-0.036,78.4,8.2,,0.036,88.0,-6,6,0.002,0.998,26,26,27,27,1,4,,1,139,1,1.05,1.07,1.07,36.8,15.684382166964776,-8.316369782252178,38.8066340441887,34.040867008001875,36.14563034126326
FF,2024-04-16,94.6,-1.86,6.0,"Dubin, Shawn",660670,681869,strikeout,called_strike,,,,,1,Ronald Acuña Jr. called out on strikes.,R,R,R,HOU,ATL,S,2,,0,2,2024,-0.68,1.29,-0.5677420795947266,3.131886565647359,,644433,,0,8,Top,,,,,,,4.897012951694231,-137.57981028517435,-4.623667022517711,-9.762242902757448,32.6980627747771,-15.011680412814387,3.35926419139805,1.47522004822639,,,,94.3,2182,6.3,746400,673237,572138,514888,608324,665161,676801,676694,663656,54.2,,0.0,0.0,1,0,0,,54,3,4-Seam Fastball,0,2,2,0,2,0,2,0,,,217,0.014,-0.206,,,,0.206,,-2,2,0.111,0.889,28,26,29,27,1,3,3,1,5,1,1.28,0.68,0.68,45.5,,,,,
FF,2024-04-16,95.1,-1.95,5.94,"Dubin, Shawn",660670,681869,,foul_tip,,,,,5,Foul Tip,R,R,R,HOU,ATL,S,,,0,1,2024,-0.78,1.46,-0.0918454207816752,2.473957252470446,,644433,,0,8,Top,,,,,,,6.626626097005042,-138.15940667784523,-6.659756414543549,-11.583189557438448,33.79101870867153,-12.117169978749963,3.5,1.57,,,,94.7,2259,6.4,746400,673237,572138,514888,608324,665161,676801,676694,663656,54.14,,,,,,,,54,2,4-Seam Fastball,0,2,2,0,2,0,2,0,,,222,0.006,-0.067,76.9,6.8,,0.067,,-2,2,0.105,0.895,28,26,29,27,1,3,3,1,5,1,1.08,0.78,0.78,41.3,3.329860824391198,26.496529086665316,36.004822885463334,38.44203981031955,22.51011807916253
CH,2024-04-16,89.2,-1.98,5.75,"Dubin, Shawn",660670,681869,,swinging_strike,,,,,5,Swinging Strike,R,R,R,HOU,ATL,S,,,0,0,2024,-1.24,0.21,-0.1930549452696128,2.2181135049213148,,644433,,0,8,Top,,,,,,,7.011930765365615,-129.76306172023462,-3.078162288131269,-15.494757711030273,28.31258844561536,-29.38829083174825,3.5,1.57,,,,89.1,1518,6.3,746400,673237,572138,514888,608324,665161,676801,676694,663656,54.17,,,,,,,,54,1,Changeup,0,2,2,0,2,0,2,0,,,245,0.003,-0.035,79.2,8.4,,0.035,,-2,2,0.102,0.898,28,26,29,27,1,3,3,1,5,1,2.67,1.24,1.24,41.9,19.048976476699217,-18.14348816872739,28.291362638184,36.56270202869024,47.34509162838678
FC,2024-04-16,93.1,-0.66,6.5,"Brown, Hunter",660670,686613,field_out,hit_into_play,,,,,14,"Ronald Acuña Jr. grounds out, second baseman Jose Altuve to first baseman Jon Singleton.",R,R,R,HOU,ATL,X,4,ground_ball,2,1,2024,0.58,1.15,0.6382961452863914,1.244291550941168,,,,1,6,Top,149.23,152.59,,,,,2.0635989909532815,-135.33244729309104,-10.281458652681469,6.652945315567148,29.02429153074149,-15.981697146974623,3.5,1.57,3,85.6,-19,93.6,2512,6.6,746400,673237,572138,514888,608324,665161,676801,676694,663656,53.92,0.068,0.061,0.0,1,0,0,2,39,4,Cutter,0,1,1,0,1,0,1,0,Standard,Standard,179,0.022,-0.302,75.0,7.9,0.072,0.302,88.0,-1,1,0.362,0.638,25,26,26,27,3,2,5,1,5,1,1.48,-0.58,-0.58,70.0,11.958710757727776,21.372620057606316,36.2643790119641,47.61330575613361,22.947852577554748
FC,2024-04-16,91.7,-0.69,6.54,"Brown, Hunter",660670,686613,,ball,,,,,14,Ball,R,R,R,HOU,ATL,B,,,1,1,2024,0.54,0.82,1.6123120190555615,2.3563260009614586,,,,1,6,Top,,,,,,,4.675239857382268,-133.48373918073528,-6.535291753910732,5.423687665177256,28.43229057878587,-21.109985875096132,3.51871448076483,1.70958523671085,,,,92.2,2425,6.5,746400,673237,572138,514888,608324,665161,676801,676694,663656,53.96,,,,,,,,39,3,Cutter,0,1,1,0,1,0,1,0,Standard,Standard,176,-0.004,0.059,,,,-0.059,,-1,1,0.366,0.634,25,26,26,27,3,2,5,1,5,1,1.88,-0.54,-0.54,66.9,,,,,
KC,2024-04-16,81.7,-0.88,6.26,"Brown, Hunter",660670,686613,,ball,,,,,14,Ball,R,R,R,HOU,ATL,B,,,0,1,2024,0.37,-1.43,0.9337070993765504,0.0282247373166555,,,,1,6,Top,,,,,,,3.3827369622813377,-118.80099658866584,-4.5769027284178865,2.685638675971754,26.87138484451852,-44.778425968916146,3.41142323137537,1.56761677413834,,,,81.5,2510,6.6,746400,673237,572138,514888,608324,665161,676801,676694,663656,53.87,,,,,,,,39,2,Knuckle Curve,0,1,1,0,1,0,1,0,Standard,Standard,11,-0.002,0.024,,,,-0.024,,-1,1,0.368,0.632,25,26,26,27,3,2,5,1,5,1,4.9,-0.37,-0.37,72.3,,,,,
FF,2024-04-16,94.3,-0.95,6.41,"Brown, Hunter",660670,686613,,swinging_strike,,,,,11,Swinging Strike,R,R,R,HOU,ATL,S,,,0,0,2024,-0.16,1.57,-1.1079600442676163,3.1799928591909845,,,,1,6,Top,,,,,,,-0.0727372263791144,-137.22193154879966,-6.177078020435446,-1.9526002492105043,33.48606549329727,-11.155843587119078,3.5,1.57,,,,94.5,2320,6.6,746400,673237,572138,514888,608324,665161,676801,676694,663656,53.88,,,,,,,,39,1,4-Seam Fastball,0,1,1,0,1,0,1,0,Standard,Standard,192,0.003,-0.037,35.3,5.4,,0.037,,-1,1,0.365,0.635,25,26,26,27,3,2,5,1,5,1,1.01,0.16,0.16,70.8,-4.851363270386598,28.38374129637851,38.45485189892015,26.84874909062333,19.86882665470283
FF,2024-04-16,95.5,-0.66,6.49,"Brown, Hunter",660670,686613,field_out,hit_into_play,,,,,2,Ronald Acuña Jr. lines out to right fielder Kyle Tucker.,R,R,R,HOU,ATL,X,9,line_drive,1,0,2024,-0.04,1.35,-0.1140673449956492,3.1103067561266187,,,,2,3,Top,170.93,67.33,,,,,1.5341817209827784,-138.90928228768405,-6.325178087938931,-0.8446477098795425,32.63021315917661,-13.524857285304163,3.5,1.57,344,98.1,22,95.9,2235,6.7,746400,673237,572138,514888,608324,665161,676801,676694,663656,53.84,0.295,0.489,0.0,1,0,0,5,18,2,4-Seam Fastball,0,1,1,0,1,0,1,0,Standard,Standard,191,0.012,-0.295,77.8,6.9,0.895,0.295,98.1,-1,1,0.425,0.575,25,26,26,27,2,1,5,1,5,1,1.16,0.04,0.04,73.7,9.052304171014528,9.943529927170587,26.240960592934623,37.77471492049924,29.254244658593432
KC,2024-04-16,83.3,-0.83,6.45,"Brown, Hunter",660670,686613,,ball,,,,,13,Ball,R,R,R,HOU,ATL,B,,,0,0,2024,0.1,-1.52,-0.7719119898172908,0.5486467209661221,,,,2,3,Top,,,,,,,-0.0652370187777501,-121.24920656254145,-4.030382329075695,0.9951182751614294,27.229781630613797,-46.37069568872274,3.41398258511523,1.57549868677431,,,,83.4,2545,6.7,746400,673237,572138,514888,608324,665161,676801,676694,663656,53.79,,,,,,,,18,1,Knuckle Curve,0,1,1,0,1,0,1,0,Standard,Standard,7,-0.001,0.04,,,,-0.04,,-1,1,0.426,0.5740000000000001,25,26,26,27,2,1,5,1,5,1,4.85,-0.1,-0.1,69.5,,,,,
FF,2024-04-16,93.1,-0.63,6.33,"Brown, Hunter",660670,686613,single,hit_into_play,,,,,4,Ronald Acuña Jr. singles on a line drive to right fielder Kyle Tucker.,R,R,R,HOU,ATL,X,9,line_drive,0,1,2024,-0.37,1.46,-0.7965359165584298,2.4152589611272504,,,,0,1,Top,166.44,109.77,,,,,0.3980581337975928,-135.55608760728182,-7.5702951775413325,-4.69308777315786,27.71954322721681,-12.790145808559329,3.5,1.57,199,73.0,20,94.0,2185,6.6,746400,673237,572138,514888,608324,665161,676801,676694,663656,53.88,0.947,0.87,0.9,1,1,0,4,1,2,4-Seam Fastball,0,0,0,0,0,0,0,0,Standard,Standard,192,-0.039,0.485,,,1.022,-0.485,88.0,0,0,0.503,0.497,25,26,26,27,1,0,5,1,5,1,1.16,0.37,0.37,75.2,,,,,
FF,2024-04-16,96.7,-0.66,6.42,"Brown, Hunter",660670,686613,,foul,,,,,4,Foul,R,R,R,HOU,ATL,S,,,0,0,2024,-0.03,1.64,-0.5818847413543161,2.283541037442932,,,,0,1,Top,,,,,,,0.2720501962400729,-140.59878987481798,-9.212321187835006,-0.4674843589542328,32.62060586424886,-8.58226801475437,3.5,1.57,179,64.8,48,97.1,2377,6.6,746400,673237,572138,514888,608324,665161,676801,676694,663656,53.91,,,,,,,,1,1,4-Seam Fastball,0,0,0,0,0,0,0,0,Standard,Standard,192,0.003,-0.037,77.8,7.2,,0.037,88.0,0,0,0.5,0.5,25,26,26,27,1,0,5,1,5,1,0.81,0.03,0.03,66.4,0.4448488004332803,12.402277682531771,37.86485227197431,30.616015104024747,27.38226792248765
SL,2024-04-15,87.5,3.05,5.63,"Hader, Josh",660670,623352,single,hit_into_play,,,,,9,Ronald Acuña Jr. singles on a ground ball to center fielder Mauricio Dubón. Orlando Arcia to 2nd.,R,R,L,HOU,ATL,X,8,ground_ball,1,2,2024,-0.02,0.37,0.7944245577180794,1.7089839502519952,,,606115,0,9,Top,122.61,95.82,,,,,-5.478328025634058,-127.27526032591696,-4.072689912083089,1.0370222730715517,28.94955942653535,-27.448430784471956,3.53,1.59,60,98.2,3,88.2,2344,7.0,746406,673237,547989,514888,608324,665161,676801,643289,663656,53.48,0.5,0.456,0.9,1,1,0,4,70,4,Slider,1,3,3,1,3,1,3,1,Standard,Standard,147,-0.019,0.506,71.3,8.3,0.548,-0.506,98.2,-2,2,0.068,0.932,30,26,30,27,1,4,1,1,2,1,2.63,-0.02,0.02,32.8,16.84914693213405,11.634671786472218,36.03593886838179,45.858448531556895,24.681880921307872
SI,2024-04-15,95.4,2.88,5.84,"Hader, Josh",660670,623352,,ball,,,,,13,Ball,R,R,L,HOU,ATL,B,,,0,2,2024,0.56,1.64,-2.0615049034670045,2.126617584818451,,,606115,0,9,Top,,,,,,,-14.397830316235432,-137.96460531576514,-7.819280834466275,10.476158506686804,31.92307990724648,-9.546787350203768,3.39495788549792,1.43482104752906,,,,96.0,2122,7.1,746406,673237,547989,514888,608324,665161,676801,643289,663656,53.41,,,,,,,,70,3,Sinker,1,3,3,1,3,1,3,1,Standard,Standard,149,-0.001,0.033,,,,-0.033,,-2,2,0.069,0.931,30,26,30,27,1,4,1,1,2,1,0.91,0.56,-0.56,38.4,,,,,
SL,2024-04-15,87.0,2.98,5.61,"Hader, Josh",660670,623352,,swinging_strike_blocked,,,,,13,Swinging Strike (Blocked),R,R,L,HOU,ATL,S,,,0,1,2024,0.2,0.26,-0.6602989777565633,0.351683969239827,,,606115,0,9,Top,,,,,,,-9.24154495796464,-126.29517935650767,-7.044265570805926,3.993344982031541,24.96229966032736,-28.13372256364374,3.53,1.59,,,,88.0,2366,7.0,746406,673237,547989,514888,608324,665161,676801,643289,663656,53.51,,,,,,,,70,2,Slider,1,3,3,1,3,1,3,1,Standard,Standard,123,0.002,-0.048,67.8,8.6,,0.048,,-2,2,0.067,0.933,30,26,30,27,1,4,1,1,2,1,2.76,0.2,-0.2,32.8,19.306179579672133,-3.7462757278216854,46.37389145936396,33.85349626023336,37.192203750372656
SI,2024-04-15,95.1,2.81,5.86,"Hader, Josh",660670,623352,,foul,,,,,14,Foul,R,R,L,HOU,ATL,S,,,0,0,2024,0.6,1.66,0.1992854873283377,1.26439603810501,,,606115,0,9,Top,,,,,,,-8.287165222631149,-137.87298709316428,-10.152384178849342,9.53743668656056,32.90677893920821,-8.837600390848833,3.53,1.59,1,53.1,-41,95.8,2229,7.1,746406,673237,547989,514888,608324,665161,676801,643289,663656,53.44,,,,,,,,70,1,Sinker,1,3,3,1,3,1,3,1,Standard,Standard,148,0.002,-0.042,67.4,8.7,,0.042,88.0,-2,2,0.065,0.935,30,26,30,27,1,4,1,1,2,1,0.89,0.6,-0.6,36.3,22.15193638421052,1.9583842913982108,40.451070237426805,45.21388218142714,36.2790702548322
CH,2024-04-15,92.0,-1.23,4.79,"Montero, Rafael",660670,606160,double,hit_into_play,,,,,13,Ronald Acuña Jr. hits a ground-rule double (4) on a line drive down the right-field line.,R,R,R,HOU,ATL,X,,line_drive,2,2,2024,-1.46,0.5,-0.1934959602783494,1.2056725159810042,,,,1,7,Top,219.28,116.94,,,,,5.914511483048292,-133.7735923838148,-4.361035368109653,-18.814884553958304,30.995647022272006,-25.346768006296777,3.53,1.59,267,91.2,21,93.3,2120,7.3,746406,673237,547989,514888,608324,665161,676801,643289,663656,53.21,0.263,0.289,1.25,1,1,1,3,53,7,Changeup,1,2,2,1,2,1,2,1,Standard,Standard,238,-0.051,0.688,76.5,7.8,0.415,-0.688,91.2,-1,1,0.335,0.665,33,26,34,27,1,3,2,1,2,1,2.21,1.46,1.46,34.2,-6.488431408138065,10.73807537878666,42.31368809896869,35.580559324114674,24.5936426319416
FF,2024-04-15,96.6,-1.31,5.09,"Montero, Rafael",660670,606160,,ball,,,,,11,Ball,R,R,R,HOU,ATL,B,,,1,2,2024,-0.77,1.32,-1.2614651489429338,3.9729529536758865,,,,1,7,Top,,,,,,,1.8667690834766908,-140.60861105804725,-0.3675402665631942,-10.654679425123414,35.13824297814081,-14.897526537794633,3.42541689197026,1.56644640052455,,,,95.2,2449,5.7,746406,673237,547989,514888,608324,665161,676801,643289,663656,54.8,,,,,,,,53,6,4-Seam Fastball,1,2,2,1,2,1,2,1,Standard,Standard,227,-0.003,0.043,,,,-0.043,,-1,1,0.338,0.6619999999999999,33,26,34,27,1,3,2,1,2,1,1.14,0.77,0.77,30.1,,,,,
FF,2024-04-15,96.3,-1.03,5.14,"Montero, Rafael",660670,606160,,foul,,,,,3,Foul,R,R,R,HOU,ATL,S,,,1,2,2024,-1.01,1.19,0.6180082220648774,3.0628954166423212,,,,1,7,Top,,,,,,,6.599553385558417,-139.98660535275124,-2.561940547692166,-14.86716410888194,34.225182730596266,-16.194445901589805,3.53,1.59,161,83.1,66,95.1,2359,5.8,746406,673237,547989,514888,608324,665161,676801,643289,663656,54.67,,,,,,,,53,5,4-Seam Fastball,1,2,2,1,2,1,2,1,Standard,Standard,217,0.0,0.0,73.5,7.5,,0.0,88.0,-1,1,0.338,0.6619999999999999,33,26,34,27,1,3,2,1,2,1,1.29,1.01,1.01,32.8,11.991135122658555,11.302052663049311,23.272242718644073,45.57507226815571,28.665313448655084
FF,2024-04-15,96.6,-1.34,5.1,"Montero, Rafael",660670,606160,,foul,,,,,11,Foul,R,R,R,HOU,ATL,S,,,1,2,2024,-1.07,1.37,-0.900706076884718,3.5939223626976826,,,,1,7,Top,,,,,,,3.569133754783748,-140.58225507834936,-1.5185628990874789,-14.919188547289968,34.54814442393732,-13.975506676724018,3.53,1.59,125,64.2,69,95.4,2457,5.8,746406,673237,547989,514888,608324,665161,676801,643289,663656,54.73,,,,,,,,53,4,4-Seam Fastball,1,2,2,1,2,1,2,1,Standard,Standard,227,0.0,0.0,71.6,7.0,,0.0,88.0,-1,1,0.338,0.6619999999999999,33,26,34,27,1,3,2,1,2,1,1.09,1.07,1.07,30.6,10.995602270062257,1.82946707921026,26.364007408003527,28.559611922492685,29.431261056886303
CH,2024-04-15,92.3,-1.28,4.86,"Montero, Rafael",660670,606160,,foul,,,,,13,Foul,R,R,R,HOU,ATL,S,,,1,1,2024,-1.58,0.21,-0.7463054183155164,1.459445147576862,,,,1,7,Top,,,,,,,4.751666240754585,-134.18006771939108,-3.197909628850719,-20.080139200233408,32.62123404700045,-29.058694803491655,3.53,1.59,2,45.4,-43,91.0,2193,5.8,746406,673237,547989,514888,608324,665161,676801,643289,663656,54.66,,,,,,,,53,3,Changeup,1,2,2,1,2,1,2,1,Standard,Standard,237,0.005,-0.061,80.7,7.7,,0.061,88.0,-1,1,0.333,0.667,33,26,34,27,1,3,2,1,2,1,2.49,1.58,1.58,27.1,7.885610112323037,2.503697960726967,42.62729509369576,30.637853546235345,32.28202407166569
FF,2024-04-15,95.7,-1.39,5.07,"Montero, Rafael",660670,606160,,swinging_strike,,,,,1,Swinging Strike,R,R,R,HOU,ATL,S,,,1,0,2024,-0.87,1.45,-0.3949709136678826,3.4990237346302457,,,,1,7,Top,,,,,,,4.5703972941017375,-139.24033887880796,-1.719304549968261,-12.405496173824009,35.50473061768365,-13.289998496747115,3.53,1.59,,,,94.7,2501,6.0,746406,673237,547989,514888,608324,665161,676801,643289,663656,54.5,,,,,,,,53,2,4-Seam Fastball,1,2,2,1,2,1,2,1,Standard,Standard,225,0.004,-0.051,76.1,7.0,,0.051,,-1,1,0.329,0.671,33,26,34,27,1,3,2,1,2,1,1.07,0.87,0.87,32.6,12.41111653866943,9.844270885419798,26.80952713497754,34.98990650217746,25.422551506751596
FF,2024-04-15,96.0,-1.39,5.16,"Montero, Rafael",660670,606160,,ball,,,,,11,Ball,R,R,R,HOU,ATL,B,,,0,0,2024,-0.96,1.37,-0.964599643948032,3.648441419599586,,,,1,7,Top,,,,,,,3.281749779744232,-139.75871362149906,-1.4233213597608034,-13.332076672616312,35.97993876243112,-14.303669135627304,3.39964028544907,1.50453411732446,,,,94.9,2461,6.0,746406,673237,547989,514888,608324,665161,676801,643289,663656,54.53,,,,,,,,53,1,4-Seam Fastball,1,2,2,1,2,1,2,1,Standard,Standard,228,-0.003,0.039,,,,-0.039,,-1,1,0.332,0.6679999999999999,33,26,34,27,1,3,2,1,2,1,1.13,0.96,0.96,31.8,,,,,
FC,2024-04-15,88.1,-1.1,5.11,"Arrighetti, Spencer",660670,681293,strikeout,swinging_strike,,,,,14,Ronald Acuña Jr. strikes out swinging.,R,R,R,HOU,ATL,S,2,,3,2,2024,0.32,0.9,1.106702985412258,2.0056319251255896,,,,2,4,Top,,,,,,,4.796631288832295,-128.26588796408964,-3.3609616013761054,2.4770214242590067,27.638836560289175,-21.767955135125472,3.53,1.59,,,,89.7,2517,7.4,746406,673237,547989,514888,608324,665161,676801,643289,663656,53.14,,0.0,0.0,1,0,0,,32,6,Cutter,1,2,2,1,2,1,2,1,Infield shade,Standard,198,0.013,-0.325,78.6,8.9,,0.325,,-1,1,0.415,0.585,24,26,24,27,3,2,5,1,9,1,2.04,-0.32,-0.32,24.1,20.24834977457597,-18.266039847847907,28.554732537064336,50.19692703289352,43.09512898891603
FF,2024-04-15,94.3,-0.94,5.42,"Arrighetti, Spencer",660670,681293,,ball,,,,,12,Ball,R,R,R,HOU,ATL,B,,,2,2,2024,-0.81,1.29,0.0001015119366281,4.210504141140621,,,,2,4,Top,,,,,,,4.350738323929362,-137.18728521492145,-0.2591867288261985,-11.189450519362843,32.907665311727534,-16.20653868938823,3.39097024590578,1.49251563964832,,,,96.4,2272,7.7,746406,673237,547989,514888,608324,665161,676801,643289,663656,52.83,,,,,,,,32,5,4-Seam Fastball,1,2,2,1,2,1,2,1,Infield shade,Standard,214,-0.004,0.106,,,,-0.106,,-1,1,0.419,0.581,24,26,24,27,3,2,5,1,9,1,1.3,0.81,0.81,32.0,,,,,
FF,2024-04-15,93.7,-1.0,5.38,"Arrighetti, Spencer",660670,681293,,ball,,,,,11,Ball,R,R,R,HOU,ATL,B,,,1,2,2024,-0.86,1.42,-1.797682269185675,4.99806352350929,,,,2,4,Top,,,,,,,-0.1757929302272302,-136.46183597571135,1.6671703387172232,-10.589833866552503,32.16874698694449,-15.153793949099729,3.43218449045045,1.6045576390605,,,,94.7,2193,7.0,746406,673237,547989,514888,608324,665161,676801,643289,663656,53.51,,,,,,,,32,4,4-Seam Fastball,1,2,2,1,2,1,2,1,Standard,Standard,218,-0.001,0.039,,,,-0.039,,-1,1,0.42,0.5800000000000001,24,26,24,27,3,2,5,1,9,1,1.19,0.86,0.86,29.8,,,,,
FC,2024-04-15,89.1,-1.22,5.06,"Arrighetti, Spencer",660670,681293,,foul,,,,,7,Foul,R,R,R,HOU,ATL,S,,,1,1,2024,-0.3,0.74,-0.697276506962687,1.937400609415331,,,,2,4,Top,,,,,,,1.9606234414133377,-129.78414225175123,-3.220780477817334,-3.7924564936464193,28.913708980768924,-23.355569171744605,3.53,1.59,5,107.5,-23,90.7,2449,7.3,746406,673237,547989,514888,608324,665161,676801,643289,663656,53.16,,,,,,,,32,3,Cutter,1,2,2,1,2,1,2,1,Standard,Standard,205,0.002,-0.064,81.2,7.6,,0.064,107.5,-1,1,0.418,0.5820000000000001,24,26,24,27,3,2,5,1,9,1,2.14,0.3,0.3,20.0,11.156576982985383,-5.015742382965621,37.6616750748807,30.091356261421794,36.66149785267689
FF,2024-04-15,93.9,-0.9,5.44,"Arrighetti, Spencer",660670,681293,,ball,,,,,11,Ball,R,R,R,HOU,ATL,B,,,0,1,2024,-0.98,1.19,-0.0640969156409722,4.235760186595655,,,,2,4,Top,,,,,,,4.390416761197053,-136.50086381398518,0.0779570988180581,-13.210500225854892,35.24171968102675,-17.751359926006884,3.39721550882896,1.49856962838283,,,,94.1,2385,6.8,746406,673237,547989,514888,608324,665161,676801,643289,663656,53.66,,,,,,,,32,2,4-Seam Fastball,1,2,2,1,2,1,2,1,Standard,Standard,221,-0.001,0.029,,,,-0.029,,-1,1,0.419,0.581,24,26,24,27,3,2,5,1,9,1,1.44,0.98,0.98,31.2,,,,,
ST,2024-04-15,79.4,-1.48,4.99,"Arrighetti, Spencer",660670,681293,,foul,,,,,5,Foul,R,R,R,HOU,ATL,S,,,0,0,2024,1.49,0.45,-0.2513653103051914,2.4776125083445373,,,,2,4,Top,,,,,,,-0.11955060177194,-115.48041570256744,0.5832261494564699,13.1647479266934,25.010551307149317,-28.60401406475514,3.53,1.59,170,68.3,57,81.1,2712,7.8,746406,673237,547989,514888,608324,665161,676801,643289,663656,52.66,,,,,,,,32,1,Sweeper,1,2,2,1,2,1,2,1,Standard,Standard,74,0.002,-0.041,79.0,8.2,,0.041,88.0,-1,1,0.417,0.583,24,26,24,27,3,2,5,1,9,1,3.22,-1.49,-1.49,22.5,13.226706442433771,-21.017407245537477,30.241418186802193,36.23768322457913,44.82972305167556
FF,2024-04-15,95.0,-0.93,5.35,"Arrighetti, Spencer",660670,681293,walk,ball,,,,,12,Ronald Acuña Jr. walks. Luis Guillorme to 2nd.,R,R,R,HOU,ATL,B,,,3,2,2024,-0.71,1.3,0.6012581772615572,3.8251327571700022,672284,,641645,2,2,Top,,,,,,,5.746942467894357,-138.17922003137426,-1.22985968834084,-10.41846320432179,32.951310221874024,-15.53752027956251,3.35537469393135,1.5096060126918,,,,97.1,2244,7.7,746406,673237,547989,514888,608324,665161,676801,643289,663656,52.82,,0.689131,0.7,1,0,0,,16,11,4-Seam Fastball,1,1,1,1,1,1,1,1,Standard,Standard,220,-0.022,0.178,,,,-0.178,,0,0,0.496,0.504,24,26,24,27,2,1,5,1,9,1,1.24,0.71,0.71,27.5,,,,,
FC,2024-04-15,87.9,-1.17,5.12,"Arrighetti, Spencer",660670,681293,,foul,,,,,6,Foul,R,R,R,HOU,ATL,S,,,3,2,2024,0.47,0.45,0.7354023451457714,2.8961699369161504,672284,,641645,2,2,Top,,,,,,,3.6994936783618,-127.91581517578209,-0.1456691437745337,4.274816708996738,28.030028679720523,-27.494187543778047,3.53,1.59,177,81.8,62,88.9,2476,7.0,746406,673237,547989,514888,608324,665161,676801,643289,663656,53.47,,,,,,,,16,10,Cutter,1,1,1,1,1,1,1,1,Standard,Standard,174,0.0,0.0,73.9,7.4,,0.0,88.0,0,0,0.496,0.504,24,26,24,27,2,1,5,1,9,1,2.52,-0.47,-0.47,20.2,7.584266065894095,13.319901928319602,24.815674758482476,45.98315552381078,27.378970066732904
FF,2024-04-15,94.9,-0.97,5.37,"Arrighetti, Spencer",660670,681293,,ball,,,,,12,Ball,R,R,R,HOU,ATL,B,,,2,2,2024,-0.98,1.26,1.2246991368421585,2.931667203080326,672284,,641645,2,2,Top,,,,,,,8.076416633745996,-137.83147632967516,-3.493144370523706,-14.399859630414731,34.61178387914649,-15.65841775432066,3.32224892824323,1.51145762473377,,,,95.9,2285,7.3,746406,673237,547989,514888,608324,665161,676801,643289,663656,53.23,,,,,,,,16,9,4-Seam Fastball,1,1,1,1,1,1,1,1,Standard,Standard,221,-0.012,0.08,,,,-0.08,,0,0,0.508,0.492,24,26,24,27,2,1,5,1,9,1,1.31,0.98,0.98,27.4,,,,,
FF,2024-04-15,95.4,-0.95,5.41,"Arrighetti, Spencer",660670,681293,,ball,,,,,11,Ball,R,R,R,HOU,ATL,B,,,1,2,2024,-1.13,1.51,-0.7813949916783776,4.082077193777086,672284,,641645,2,2,Top,,,,,,,3.0149936709545693,-138.76159181477658,-1.173666881588415,-15.176289300882198,36.09919647740573,-12.865511390228624,3.35993641557138,1.54929426932421,,,,95.9,2457,7.0,746406,673237,547989,514888,608324,665161,676801,643289,663656,53.54,,,,,,,,16,8,4-Seam Fastball,1,1,1,1,1,1,1,1,Standard,Standard,215,-0.007,0.045,,,,-0.045,,0,0,0.515,0.485,24,26,24,27,2,1,5,1,9,1,1.03,1.13,1.13,32.1,,,,,
ST,2024-04-15,80.7,-1.36,4.87,"Arrighetti, Spencer",660670,681293,,foul,,,,,6,Foul,R,R,R,HOU,ATL,S,,,1,2,2024,0.99,0.6,0.3360111786384193,2.7170445389987656,672284,,641645,2,2,Top,,,,,,,1.901646454986896,-117.55268285560102,0.777155137579713,8.778133057868205,24.10781247378171,-27.034215524268507,3.53,1.59,183,72.5,59,81.5,2602,6.9,746406,673237,547989,514888,608324,665161,676801,643289,663656,53.56,,,,,,,,16,7,Sweeper,1,1,1,1,1,1,1,1,Standard,Standard,81,0.0,0.0,77.6,8.1,,0.0,88.0,0,0,0.515,0.485,24,26,24,27,2,1,5,1,9,1,2.92,-0.99,-0.99,20.9,14.01523645781038,-16.022990951779796,31.198702582267163,39.528546225937674,38.305315889244056
FC,2024-04-15,90.0,-1.34,5.12,"Arrighetti, Spencer",660670,681293,,foul,,,,,5,Foul,R,R,R,HOU,ATL,S,,,1,2,2024,0.21,0.7,-0.177918265497403,2.3584020961626124,672284,,641645,2,2,Top,,,,,,,2.475783332547573,-131.04626220010064,-2.3688819840802164,1.8674418937219257,29.231115480841336,-23.823172672792435,3.53,1.59,93,75.9,6,91.0,2571,7.0,746406,673237,547989,514888,608324,665161,676801,643289,663656,53.51,,,,,,,,16,6,Cutter,1,1,1,1,1,1,1,1,Standard,Standard,191,0.0,0.0,80.7,7.2,,0.0,88.0,0,0,0.515,0.485,24,26,24,27,2,1,5,1,9,1,2.12,-0.21,-0.21,24.3,2.276724475907958,9.974083246765368,38.75015413080744,33.491740795331616,26.265008542166363
FF,2024-04-15,94.6,-0.97,5.43,"Arrighetti, Spencer",660670,681293,,ball,,,,,11,Ball,R,R,R,HOU,ATL,B,,,0,2,2024,-0.8,1.38,-0.2897670729711838,3.709254577132005,672284,,641645,2,2,Top,,,,,,,3.6014490394990473,-137.6473205432884,-1.8789502153792412,-10.949333366678696,32.231971902369345,-14.515245992171913,3.37906335193696,1.49342117679615,,,,95.7,2333,7.1,746406,673237,547989,514888,608324,665161,676801,643289,663656,53.43,,,,,,,,16,5,4-Seam Fastball,1,1,1,1,1,1,1,1,Standard,Standard,216,-0.005,0.035,,,,-0.035,,0,0,0.52,0.48,24,26,24,27,2,1,5,1,9,1,1.18,0.8,0.8,30.6,,,,,
CH,2024-04-15,85.2,-1.07,5.14,"Arrighetti, Spencer",660670,681293,,foul,,,,,5,Foul,R,R,R,HOU,ATL,S,,,0,2,2024,-1.31,0.56,0.0394806138439161,2.7039837769374757,672284,,641645,2,2,Top,,,,,,,5.362996733650981,-123.981580677153,-0.4872446948837212,-14.556102221111455,26.606844962447855,-26.51842498179681,3.53,1.59,352,98.6,26,86.7,1580,7.4,746406,673237,547989,514888,608324,665161,676801,643289,663656,53.11,,,,,,,,16,4,Changeup,1,1,1,1,1,1,1,1,Standard,Standard,241,0.0,0.0,80.7,8.2,,0.0,98.6,0,0,0.52,0.48,24,26,24,27,2,1,5,1,9,1,2.59,1.31,1.31,25.3,21.51159191983717,-18.932721044787833,26.29588500867624,37.62163340055829,45.869068404348496
FF,2024-04-15,94.5,-0.85,5.38,"Arrighetti, Spencer",660670,681293,,foul,,,,,3,Foul,R,R,R,HOU,ATL,S,,,0,2,2024,-0.8,1.3,0.4744853168820108,3.574938867246511,672284,,641645,2,2,Top,,,,,,,5.31920606539696,-137.48908993470906,-1.8689750693371792,-11.425414804197487,33.867596070323685,-15.599942646043509,3.53,1.59,,,,95.5,2393,7.1,746406,673237,547989,514888,608324,665161,676801,643289,663656,53.4,,,,,,,,16,3,4-Seam Fastball,1,1,1,1,1,1,1,1,Standard,Standard,221,0.0,0.0,77.8,7.3,,0.0,,0,0,0.52,0.48,24,26,24,27,2,1,5,1,9,1,1.28,0.8,0.8,30.7,13.86281794887834,0.506057206369757,20.828268689113457,42.24588526731179,29.897617919419613
FC,2024-04-15,87.9,-1.25,5.16,"Arrighetti, Spencer",660670,681293,,swinging_strike,,,,,2,Swinging Strike,R,R,R,HOU,ATL,S,,,0,1,2024,0.46,0.78,-0.0752122769779869,3.395569392372531,672284,,641645,2,2,Top,,,,,,,1.942283513796519,-127.9902204535998,0.2460260796247402,4.603721716853482,26.81552398381247,-23.88653302946243,3.53,1.59,,,,89.9,2551,7.5,746406,673237,547989,514888,608324,665161,676801,643289,663656,52.96,,,,,,,,16,2,Cutter,1,1,1,1,1,1,1,1,Standard,Standard,174,0.012,-0.082,78.0,7.1,,0.082,,0,0,0.508,0.492,24,26,24,27,2,1,5,1,9,1,2.17,-0.46,-0.46,25.0,11.30716023681338,6.844158660220803,28.680178908383297,36.24374108445085,27.359751207554723
FF,2024-04-15,94.2,-0.96,5.4,"Arrighetti, Spencer",660670,681293,,foul,,,,,2,Foul,R,R,R,HOU,ATL,S,,,0,0,2024,-1.06,1.31,-0.2011680733351996,3.188658990640599,672284,,641645,2,2,Top,,,,,,,4.40670532770564,-137.15950365603052,-2.951821432783262,-14.30672616907484,31.921345800321237,-15.28026716282088,3.53,1.59,,,,95.5,2292,7.2,746406,673237,547989,514888,608324,665161,676801,643289,663656,53.35,,,,,,,,16,1,4-Seam Fastball,1,1,1,1,1,1,1,1,Standard,Standard,225,0.008,-0.046,76.3,7.7,,0.046,,0,0,0.5,0.5,24,26,24,27,2,1,5,1,9,1,1.27,1.06,1.06,26.7,12.746005225878577,-13.897563336744696,25.43943071159981,36.39145336089045,41.13393286121746
FF,2024-04-15,95.3,-0.99,5.07,"Arrighetti, Spencer",660670,681293,strikeout,swinging_strike,,,,,2,Ronald Acuña Jr. strikes out swinging.,R,R,R,HOU,ATL,S,2,,3,2,2024,-1.28,1.32,-0.0122853247638077,2.968412792765992,,,,0,1,Top,,,,,,,5.566843048397036,-138.54192536428656,-2.8044532094584302,-17.761314323313304,35.90166980823818,-14.91795904061486,3.53,1.59,,,,96.2,2402,7.2,746406,673237,547989,514888,608324,665161,676801,643289,663656,53.26,,0.0,0.0,1,0,0,,1,7,4-Seam Fastball,0,0,0,0,0,0,0,0,Standard,Standard,228,0.027,-0.333,78.5,7.2,,0.333,,0,0,0.495,0.505,24,26,24,27,1,0,5,1,9,1,1.23,1.28,1.28,23.3,9.81354093413549,5.280276071332132,30.376197297567384,37.14134780734227,27.210365476826414
FF,2024-04-15,95.2,-0.85,5.26,"Arrighetti, Spencer",660670,681293,,foul,,,,,4,Foul,R,R,R,HOU,ATL,S,,,3,2,2024,-1.02,1.5,-0.501485616672834,2.6322537221305504,,,,0,1,Top,,,,,,,3.2617152535091076,-138.53588166679376,-4.627359656682639,-13.857711770567194,34.605221325774735,-12.048353956568118,3.53,1.59,4,36.2,-36,96.0,2334,7.0,746406,673237,547989,514888,608324,665161,676801,643289,663656,53.48,,,,,,,,1,6,4-Seam Fastball,0,0,0,0,0,0,0,0,Standard,Standard,224,0.0,0.0,77.8,6.9,,0.0,88.0,0,0,0.495,0.505,24,26,24,27,1,0,5,1,9,1,1.04,1.02,1.02,23.9,4.532176876036748,15.993230128149971,36.36656340973822,31.25450580979654,24.620655912834764
ST,2024-04-15,81.6,-1.14,4.98,"Arrighetti, Spencer",660670,681293,,ball,,,,,12,Ball,R,R,R,HOU,ATL,B,,,2,2,2024,1.45,0.38,1.9935133363139896,3.2209841873324354,,,,0,1,Top,,,,,,,4.34513817888578,-118.6631868481367,2.040729405707819,12.706267816153629,24.954378767164744,-29.258606030555576,3.34539924450149,1.50226831278782,,,,83.1,2664,7.5,746406,673237,547989,514888,608324,665161,676801,643289,663656,52.98,,,,,,,,1,5,Sweeper,0,0,0,0,0,0,0,0,Standard,Standard,74,-0.008,0.107,,,,-0.107,,0,0,0.503,0.497,24,26,24,27,1,0,5,1,9,1,3.07,-1.45,-1.45,20.9,,,,,
FF,2024-04-15,95.8,-1.02,5.26,"Arrighetti, Spencer",660670,681293,,ball,,,,,11,Ball,R,R,R,HOU,ATL,B,,,1,2,2024,-0.88,1.38,-1.4199295778295191,3.907027387249838,,,,0,1,Top,,,,,,,0.9395523879316384,-139.4786691485283,-1.0276046709695588,-11.633136655003524,34.95406126724545,-14.31267415323428,3.44051707911722,1.52758867125142,,,,96.6,2311,7.0,746406,673237,547989,514888,608324,665161,676801,643289,663656,53.54,,,,,,,,1,4,4-Seam Fastball,0,0,0,0,0,0,0,0,Standard,Standard,224,-0.004,0.04,,,,-0.04,,0,0,0.507,0.493,24,26,24,27,1,0,5,1,9,1,1.13,0.88,0.88,26.8,,,,,
FF,2024-04-15,95.7,-0.94,5.4,"Arrighetti, Spencer",660670,681293,,ball,,,,,11,Ball,R,R,R,HOU,ATL,B,,,0,2,2024,-0.84,1.55,-0.815819989404466,4.960607967310488,,,,0,1,Top,,,,,,,2.2338388894177923,-139.3055097667337,1.0109123763366763,-11.345922126486474,34.46029279423978,-12.64340923340857,3.38818546685685,1.47518995190328,,,,96.4,2324,6.9,746406,673237,547989,514888,608324,665161,676801,643289,663656,53.57,,,,,,,,1,3,4-Seam Fastball,0,0,0,0,0,0,0,0,Standard,Standard,219,-0.002,0.023,,,,-0.023,,0,0,0.509,0.491,24,26,24,27,1,0,5,1,9,1,0.96,0.84,0.84,27.7,,,,,
FF,2024-04-15,94.8,-1.01,5.14,"Arrighetti, Spencer",660670,681293,,swinging_strike,,,,,1,Swinging Strike,R,R,R,HOU,ATL,S,,,0,1,2024,-1.08,1.19,-0.4430175238042746,3.2203464465347875,,,,0,1,Top,,,,,,,3.990707012198396,-137.96650663622032,-2.034203012947471,-14.692649181603551,32.582645986431565,-16.761805185883095,3.53,1.59,,,,96.8,2288,7.5,746406,673237,547989,514888,608324,665161,676801,643289,663656,52.95,,,,,,,,1,2,4-Seam Fastball,0,0,0,0,0,0,0,0,Standard,Standard,224,0.006,-0.054,67.8,6.4,,0.054,,0,0,0.503,0.497,24,26,24,27,1,0,5,1,9,1,1.36,1.08,1.08,26.6,5.007056838096729,22.09784794236446,31.563778412145588,34.08059452206791,20.1254809371148
FF,2024-04-15,94.8,-1.01,5.16,"Arrighetti, Spencer",660670,681293,,foul,,,,,1,Foul,R,R,R,HOU,ATL,S,,,0,0,2024,-1.06,1.22,-0.3015536429789263,3.2482716229234945,,,,0,1,Top,,,,,,,4.339555772691508,-137.89876970756785,-2.0710014739249942,-14.427092520198956,33.08300528774314,-16.37499742275954,3.53,1.59,160,88.6,78,96.8,2206,7.6,746406,673237,547989,514888,608324,665161,676801,643289,663656,52.88,,,,,,,,1,1,4-Seam Fastball,0,0,0,0,0,0,0,0,Standard,Standard,228,0.003,-0.037,78.1,7.8,,0.037,88.6,0,0,0.5,0.5,24,26,24,27,1,0,5,1,9,1,1.33,1.06,1.06,22.3,19.929818255179615,-12.453638756664288,26.424167367386413,37.527056378399664,38.84081096671888
SL,2024-04-14,88.0,2.48,5.21,"Scott, Tanner",660670,656945,single,hit_into_play,,,,,7,Ronald Acuña Jr. singles on a ground ball to left fielder Nick Gordon.,R,R,L,MIA,ATL,X,7,ground_ball,0,2,2024,-0.97,-0.11,-0.4782733157137568,1.603882733526559,,,,0,9,Top,73.09,107.66,,,,,-5.216395022461571,-128.17069203879953,-2.4489453889782933,-9.584974010614,26.49541267370688,-33.07674550447896,3.52,1.58,103,101.8,6,88.6,2693,6.6,746079,663743,605137,650333,656896,641313,624503,665862,660821,53.86,0.655,0.601,0.9,1,1,0,4,71,4,Slider,7,6,6,7,6,7,6,7,Infield shade,Standard,278,-0.146,0.539,83.3,8.2,0.71,-0.539,101.8,1,-1,0.864,0.136,29,26,30,27,1,4,1,1,2,1,3.05,-0.97,0.97,36.4,11.95499227127118,-2.00966434066677,42.771333494407344,32.481793589396794,36.8123622351956
FF,2024-04-14,96.4,2.59,5.36,"Scott, Tanner",660670,656945,,foul,,,,,5,Foul,R,R,L,MIA,ATL,S,,,0,2,2024,0.29,1.47,-0.1504717431253499,2.298803968465817,,,,0,9,Top,,,,,,,-7.9433797712633165,-140.05210584252336,-5.845093215668046,5.733311895543332,33.308856236691355,-11.740193208357269,3.52,1.58,228,70.9,36,96.2,2583,6.4,746079,663743,605137,650333,656896,641313,624503,665862,660821,54.13,,,,,,,,71,3,4-Seam Fastball,7,6,6,7,6,7,6,7,Infield shade,Standard,141,0.0,0.0,75.8,7.2,,0.0,88.0,1,-1,0.864,0.136,29,26,30,27,1,4,1,1,2,1,1.0,0.29,-0.29,33.1,1.117664832263335,18.83595794361424,39.3540351036215,34.672936275722904,21.142555678552895
SL,2024-04-14,88.3,2.67,5.18,"Scott, Tanner",660670,656945,,swinging_strike,,,,,13,Swinging Strike,R,R,L,MIA,ATL,S,,,0,1,2024,-0.67,-0.15,-0.2096536165630993,0.7085740990549145,,,,0,9,Top,,,,,,,-5.616033463380131,-128.4688121412123,-4.477949145512918,-6.233616079777337,26.53951492631568,-33.146954514504095,3.52,1.58,,,,88.3,2865,6.3,746079,663743,605137,650333,656896,641313,624503,665862,660821,54.18,,,,,,,,71,2,Slider,7,6,6,7,6,7,6,7,Infield shade,Standard,268,0.018,-0.054,75.8,8.9,,0.054,,1,-1,0.846,0.154,29,26,30,27,1,4,1,1,2,1,3.08,-0.67,0.67,33.6,16.629320739890723,-11.05198211310072,38.58613344486046,37.44705155653816,39.75425417208176
SL,2024-04-14,87.9,2.73,5.2,"Scott, Tanner",660670,656945,,called_strike,,,,,4,Called Strike,R,R,L,MIA,ATL,S,,,0,0,2024,-0.52,-0.13,-0.3868890060007536,2.156586626607295,,,,0,9,Top,,,,,,,-6.46520547201387,-127.82409547840452,-0.9584809742925852,-4.290827470715542,27.732316155402767,-33.627491102612595,3.37142592190641,1.45127531729784,,,,87.8,2745,6.4,746079,663743,605137,650333,656896,641313,624503,665862,660821,54.14,,,,,,,,71,1,Slider,7,6,6,7,6,7,6,7,Infield shade,Standard,259,0.011,-0.037,,,,0.037,,1,-1,0.835,0.165,29,26,30,27,1,4,1,1,2,1,3.1,-0.52,0.52,31.6,,,,,
SI,2024-04-14,94.5,-1.33,5.51,"Bender, Anthony",660670,669622,field_out,hit_into_play,,,,,11,"Ronald Acuña Jr. grounds out softly, second baseman Luis Arraez to first baseman Josh Bell.",R,R,R,MIA,ATL,X,4,ground_ball,1,0,2024,-1.93,0.21,-1.2766690380427823,2.7882873678846307,,,,0,7,Top,132.85,168.85,,,,,4.410537688912557,-137.46586233228004,-1.8100640176764424,-25.362765865643123,34.11603344302319,-29.2808987088456,3.52,1.58,86,43.0,21,93.4,2250,5.9,746079,663743,605137,650333,656896,641313,624503,665862,660821,54.58,0.207,0.194,0.0,1,0,0,1,55,2,Sinker,7,5,5,7,5,7,5,7,Infield shade,Standard,245,0.04,-0.292,60.2,6.3,0.251,0.292,88.0,2,-2,0.809,0.1909999999999999,29,26,29,27,1,3,1,1,3,1,2.37,1.93,1.93,21.6,-0.2265071715456731,15.772897197975768,35.93312206339543,23.847076878394876,24.086316951411533
SI,2024-04-14,94.5,-1.36,5.56,"Bender, Anthony",660670,669622,,ball,,,,,1,Ball,R,R,R,MIA,ATL,B,,,0,0,2024,-1.81,0.18,-0.8047949011893487,3.3559524206896283,,,,0,7,Top,,,,,,,5.428397828437914,-137.45070914119563,-0.4073847996103072,-24.10319060906769,32.76163470874289,-30.09598423023059,3.57740936238558,1.63909491511931,,,,93.4,2220,5.9,746079,663743,605137,650333,656896,641313,624503,665862,660821,54.65,,,,,,,,55,1,Sinker,7,5,5,7,5,7,5,7,Infield shade,Standard,237,-0.006,0.038,,,,-0.038,,2,-2,0.815,0.185,29,26,29,27,1,3,1,1,3,1,2.39,1.81,1.81,20.2,,,,,
CH,2024-04-14,86.2,2.52,5.73,"Luzardo, Jesús",660670,666200,single,hit_into_play,,,,,14,Ronald Acuña Jr. singles on a line drive to center fielder Jazz Chisholm Jr. Michael Harris II scores. Ronald Acuña Jr. to 2nd.,R,R,L,MIA,ATL,X,8,line_drive,0,0,2024,1.62,0.71,0.6204097421666004,1.4272267057972758,,671739,,2,4,Top,111.84,90.85,,,,,-7.711331695735866,-125.085517996099,-5.230545180326716,18.63407690745637,29.68148951311706,-23.791527267151572,3.52,1.58,228,86.1,18,84.5,1992,5.7,746079,663743,605137,650333,656896,660644,624503,665862,660821,54.75,0.884,0.852,0.9,1,1,0,4,29,1,Changeup,1,4,4,1,5,1,5,1,Infield shade,Standard,116,-0.066,0.671,74.1,8.6,1.042,-0.671,88.0,-3,3,0.195,0.8049999999999999,26,26,27,27,3,2,6,1,6,1,2.42,1.62,-1.62,38.3,16.510547518283005,7.398702033236725,36.33551013086703,46.22246499216454,31.99606595395049
CH,2024-04-14,88.6,2.46,5.78,"Luzardo, Jesús",660670,666200,walk,blocked_ball,,,,,14,Ronald Acuña Jr. walks.,R,R,L,MIA,ATL,B,,,3,2,2024,1.29,0.48,0.1047569478036569,0.5330041980979114,,,,1,3,Top,,,,,,,-8.349398301400898,-128.56365732839978,-7.652308138173043,16.072750938935307,26.47671129856332,-25.38592073756391,3.58366821747855,1.54434998448811,,,,87.5,1998,5.8,746079,663743,605137,650333,669394,660644,624503,665862,660821,54.75,,0.689131,0.7,1,0,0,,17,7,Changeup,1,1,1,1,1,1,1,1,Infield shade,Standard,115,-0.024,0.348,,,,-0.348,,0,0,0.521,0.479,26,26,27,27,2,1,6,1,6,1,2.44,1.29,-1.29,35.0,,,,,
FF,2024-04-14,97.2,2.15,5.9,"Luzardo, Jesús",660670,666200,,foul,,,,,4,Foul,R,R,L,MIA,ATL,S,,,3,2,2024,1.15,1.22,-0.6624415028242001,2.3337643846363156,,,,1,3,Top,,,,,,,-10.067308596127496,-141.11965776276313,-6.768555802395147,17.609517251246217,31.34150572469071,-14.40903502604848,3.52,1.58,196,70.1,47,96.3,2317,5.9,746079,663743,605137,650333,669394,660644,624503,665862,660821,54.64,,,,,,,,17,6,4-Seam Fastball,1,1,1,1,1,1,1,1,Infield shade,Standard,128,0.0,0.0,68.8,6.7,,0.0,88.0,0,0,0.521,0.479,26,26,27,27,2,1,6,1,6,1,1.2,1.15,-1.15,38.0,-3.8009374907887503,8.636341649589237,44.094021478223375,29.024008271277115,21.221666627474217
SL,2024-04-14,84.7,2.46,5.72,"Luzardo, Jesús",660670,666200,,ball,,,,,14,Ball,R,R,L,MIA,ATL,B,,,2,2,2024,-0.04,0.08,1.0991853383719112,2.3146312445387296,,,,1,3,Top,,,,,,,-3.045295881885006,-123.38657565888158,-1.8030848700934592,0.1274129876840706,23.771942843921877,-31.172270283463476,3.57389532326512,1.57739348354561,,,,84.0,2320,5.7,746079,663743,605137,650333,669394,660644,624503,665862,660821,54.81,,,,,,,,17,5,Slider,1,1,1,1,1,1,1,1,Infield shade,Standard,199,-0.007,0.108,,,,-0.108,,0,0,0.528,0.472,26,26,27,27,2,1,6,1,6,1,3.08,-0.04,0.04,41.9,,,,,
SL,2024-04-14,86.8,2.28,5.84,"Luzardo, Jesús",660670,666200,,ball,,,,,13,Ball,R,R,L,MIA,ATL,B,,,1,2,2024,-0.2,0.12,-2.0262466300938993,-0.5673051745326312,,,,1,3,Top,,,,,,,-9.761543092463135,-125.85487272400646,-9.242602283554255,-0.1032247785878496,25.46538339831723,-29.13361546320832,3.54969295902047,1.54987836939637,,,,85.7,2543,5.7,746079,663743,605137,650333,669394,660644,624503,665862,660821,54.75,,,,,,,,17,4,Slider,1,1,1,1,1,1,1,1,Infield shade,Standard,68,-0.002,0.043,,,,-0.043,,0,0,0.53,0.47,26,26,27,27,2,1,6,1,6,1,2.93,-0.2,0.2,35.5,,,,,
FF,2024-04-14,96.7,2.27,5.84,"Luzardo, Jesús",660670,666200,,called_strike,,,,,7,Called Strike,R,R,L,MIA,ATL,S,,,1,1,2024,0.97,1.19,-0.734215402336553,1.8971172853159168,,,,1,3,Top,,,,,,,-10.118581739786649,-140.18299103455362,-7.490242124440033,15.246117328393346,34.99501180441155,-14.928313147711076,3.60700440071891,1.60737422809781,,,,95.2,2267,5.9,746079,663743,605137,650333,669394,660644,624503,665862,660821,54.62,,,,,,,,17,3,4-Seam Fastball,1,1,1,1,1,1,1,1,Infield shade,Strategic,134,0.004,-0.061,,,,0.061,,0,0,0.526,0.474,26,26,27,27,2,1,6,1,6,1,1.29,0.97,-0.97,38.7,,,,,
CH,2024-04-14,88.0,2.51,5.73,"Luzardo, Jesús",660670,666200,,swinging_strike,,,,,14,Swinging Strike,R,R,L,MIA,ATL,S,,,1,0,2024,1.26,0.96,0.0892575441482719,1.2347612772272754,,,,1,3,Top,,,,,,,-8.380266734761419,-127.64851382876684,-6.600760774628565,15.625122919020786,30.522486628638735,-20.401414131829107,3.52,1.58,,,,86.3,1969,5.7,746079,663743,605137,650333,669394,660644,624503,665862,660821,54.75,,,,,,,,17,2,Changeup,1,1,1,1,1,1,1,1,Infield shade,Strategic,113,0.004,-0.051,67.3,8.5,,0.051,,0,0,0.522,0.478,26,26,27,27,2,1,6,1,6,1,2.04,1.26,-1.26,39.6,23.301679630215723,-12.206422945085873,47.866070196876784,38.196924372597536,43.79730898930445
SL,2024-04-14,82.8,2.47,5.71,"Luzardo, Jesús",660670,666200,,ball,,,,,3,Ball,R,R,L,MIA,ATL,B,,,0,0,2024,-0.23,0.11,0.7394897779591663,3.549611954214155,,,,1,3,Top,,,,,,,-3.4558559558010105,-120.47987885949595,1.3652128978867226,-1.5303719132121276,24.76395414479361,-31.647659286370896,3.51705233929249,1.48204411740588,,,,81.9,2233,5.8,746079,663743,605137,650333,669394,660644,624503,665862,660821,54.71,,,,,,,,17,1,Slider,1,1,1,1,1,1,1,1,Standard,Strategic,211,-0.003,0.039,,,,-0.039,,0,0,0.525,0.475,26,26,27,27,2,1,6,1,6,1,3.23,-0.23,0.23,34.7,,,,,
FF,2024-04-14,96.5,2.32,5.99,"Luzardo, Jesús",660670,666200,field_out,hit_into_play,,,,,5,Ronald Acuña Jr. grounds out to first baseman Josh Bell.,R,R,L,MIA,ATL,X,3,ground_ball,0,0,2024,1.28,1.3,-0.0685090731750137,2.8143451071893453,,,,0,1,Top,156.85,167.17,,,,,-9.14112687698592,-140.0055340971185,-5.6494960899605084,19.043391187762495,37.661800095710255,-14.038113109648618,3.52,1.58,50,66.7,3,94.5,2286,5.8,746079,663743,605137,650333,669394,660644,624503,665862,660821,54.75,0.18,0.165,0.0,1,0,0,2,1,1,4-Seam Fastball,0,0,0,0,0,0,0,0,Standard,Standard,133,0.022,-0.254,76.9,7.8,0.204,0.254,88.0,0,0,0.5,0.5,26,26,27,27,1,0,6,1,6,1,1.2,1.28,-1.28,38.3,22.450895966197795,-12.90378887718456,31.432621194166572,37.1017120730838,41.32296090381237
ST,2024-04-13,85.8,-1.33,5.35,"Bender, Anthony",660670,669622,strikeout,swinging_strike,,,,,6,Ronald Acuña Jr. strikes out swinging.,R,R,R,MIA,ATL,S,2,,0,2,2024,0.98,0.39,0.7708574845103829,2.783862233161707,,,,0,8,Top,,,,,,,2.968409171910297,-124.90270696185596,-0.5946998119008948,9.547472642525848,26.503569542048695,-28.159700320049794,3.52,1.58,,,,84.7,2830,5.7,746082,542194,669394,650333,656896,660644,650559,665862,541645,54.81,,0.0,0.0,1,0,0,,57,3,Sweeper,5,1,1,5,1,5,1,5,Infield shade,Standard,74,0.008,-0.163,71.5,7.1,,0.163,,4,-4,0.969,0.031,29,26,29,27,1,3,3,1,1,1,2.71,-0.98,-0.98,14.4,5.793113684505097,29.21910057354552,30.12339153252552,47.07293955154809,14.200476186102485
SI,2024-04-13,95.5,-1.25,5.57,"Bender, Anthony",660670,669622,,called_strike,,,,,8,Called Strike,R,R,R,MIA,ATL,S,,,0,1,2024,-1.52,0.27,0.1626775684182368,2.0894761949252567,,,,0,8,Top,,,,,,,7.082799823971282,-138.86237333987853,-4.088111427955804,-21.26746735541961,31.979683850690368,-27.92886327126984,3.46418623306855,1.6092984427776,,,,94.6,2371,5.9,746082,542194,669394,650333,656896,660644,650559,665862,541645,54.63,,,,,,,,57,2,Sinker,5,1,1,5,1,5,1,5,Infield shade,Standard,237,0.003,-0.054,,,,0.054,,4,-4,0.966,0.034,29,26,29,27,1,3,3,1,1,1,2.24,1.52,1.52,20.9,,,,,
SI,2024-04-13,95.7,-1.15,5.52,"Bender, Anthony",660670,669622,,called_strike,,,,,5,Called Strike,R,R,R,MIA,ATL,S,,,0,0,2024,-1.61,0.17,0.2332867512767216,2.4717642909976405,,,,0,8,Top,,,,,,,7.225003033003484,-139.12713789008217,-2.7458116833208126,-22.5737215472831,32.996698481467476,-29.526950246081142,3.51867201333125,1.63648314868968,,,,94.6,2323,5.8,746082,542194,669394,650333,656896,660644,650559,665862,541645,54.67,,,,,,,,57,1,Sinker,5,1,1,5,1,5,1,5,Infield shade,Standard,237,0.002,-0.037,,,,0.037,,4,-4,0.964,0.036,29,26,29,27,1,3,3,1,1,1,2.33,1.61,1.61,16.7,,,,,
SL,2024-04-13,88.5,-1.13,5.77,"Meyer, Max",660670,676974,double,hit_into_play,,,,,5,Ronald Acuña Jr. doubles (3) on a sharp line drive to left fielder Bryan De La Cruz.,R,R,R,MIA,ATL,X,7,line_drive,1,1,2024,0.09,0.3,0.084573018034341,2.6809137066917303,,,,2,5,Top,39.44,68.31,,,,,2.7877779048884515,-128.8230618158479,-2.0618783202441295,0.3406703321687999,28.425996959790535,-28.59568594607345,3.52,1.58,385,113.2,17,88.4,2626,6.3,746082,542194,669394,650333,656896,660644,650559,665862,541645,54.16,0.697,1.1567777777777777,1.25,1,1,1,6,35,3,Slider,2,0,0,2,0,2,0,2,Infield shade,Standard,29,-0.028,0.626,78.2,7.9,2.137,-0.626,113.2,2,-2,0.801,0.1989999999999999,25,26,25,27,3,2,6,1,105,1,2.62,-0.09,-0.09,42.0,18.594802612886543,-4.251025344194033,30.89356930216297,37.593006635187976,38.610747362422785
SL,2024-04-13,89.5,-1.19,5.75,"Meyer, Max",660670,676974,,ball,,,,,14,Ball,R,R,R,MIA,ATL,B,,,0,1,2024,0.15,0.07,1.46330405968466,1.685928997218891,,,,2,5,Top,,,,,,,6.234402348556639,-130.18221085937736,-4.120012164764525,0.2866152689383983,28.708110038754015,-30.71039301418839,3.59717743603453,1.64347354574566,,,,89.2,2627,6.3,746082,542194,669394,650333,656896,660644,650559,665862,541645,54.24,,,,,,,,35,2,Slider,2,0,0,2,0,2,0,2,Infield shade,Standard,13,-0.001,0.029,,,,-0.029,,2,-2,0.802,0.1979999999999999,25,26,25,27,3,2,6,1,105,1,2.79,-0.15,-0.15,44.3,,,,,
SL,2024-04-13,88.3,-1.05,5.8,"Meyer, Max",660670,676974,,called_strike,,,,,14,Called Strike,R,R,R,MIA,ATL,S,,,0,0,2024,-0.08,0.36,0.8470262765243681,2.4648603843596293,,,,2,5,Top,,,,,,,4.782064844869648,-128.4998831375513,-2.7633097948240044,-1.9518137171125345,28.291644013759147,-27.79860534101491,3.5228023045022,1.59725519654094,,,,88.2,2489,6.4,746082,542194,669394,650333,656896,660644,650559,665862,541645,54.15,,,,,,,,35,1,Slider,2,0,0,2,0,2,0,2,Infield shade,Standard,67,0.002,-0.041,,,,0.041,,2,-2,0.8,0.1999999999999999,25,26,25,27,3,2,6,1,105,1,2.58,0.08,0.08,43.2,,,,,
FF,2024-04-13,94.3,-1.0,5.96,"Meyer, Max",660670,676974,field_out,hit_into_play,,,,,6,Ronald Acuña Jr. flies out to right fielder Avisaíl García.,R,R,R,MIA,ATL,X,9,fly_ball,0,1,2024,-0.42,1.44,0.7110341444105095,2.8235923918165673,,,518595,1,3,Top,175.78,121.93,,,,,5.38906458551107,-137.09861701128006,-5.608254186869263,-6.607827209772427,33.169751751725684,-12.994589846454652,3.52,1.58,229,95.3,54,94.1,2376,6.4,746082,542194,669394,650333,656896,660644,650559,665862,541645,54.08,0.003,0.002,0.0,1,0,0,3,20,2,4-Seam Fastball,2,0,0,2,0,2,0,2,Standard,Standard,213,0.027,-0.215,77.2,7.9,0.003,0.215,95.3,2,-2,0.714,0.286,25,26,25,27,2,1,6,1,105,1,1.15,0.42,0.42,44.9,18.50786315842743,1.1152825879792587,27.548960594007397,45.53810228642775,31.398793217224153
SL,2024-04-13,88.7,-1.1,5.78,"Meyer, Max",660670,676974,,foul_tip,,,,,8,Foul Tip,R,R,R,MIA,ATL,S,,,0,0,2024,-0.06,0.04,0.074691747116026,2.136378621972348,,,518595,1,3,Top,,,,,,,3.014453604397342,-128.91408398196637,-2.7564564506781393,-1.4554546475068584,34.13977357543201,-31.280261398983495,3.52,1.58,,,,87.8,2607,6.4,746082,542194,669394,650333,656896,660644,650559,665862,541645,54.07,,,,,,,,20,1,Slider,2,0,0,2,0,2,0,2,Standard,Standard,59,0.005,-0.04,78.2,8.4,,0.04,,2,-2,0.709,0.291,25,26,25,27,2,1,6,1,105,1,2.93,0.06,0.06,42.7,21.528008907318466,-17.713401858855157,32.55372020099061,38.43493578751075,45.39508959923556
FF,2024-04-13,93.9,-1.12,5.86,"Meyer, Max",660670,676974,field_out,hit_into_play,,,,,5,"Ronald Acuña Jr. grounds out, shortstop Vidal Bruján to first baseman Jake Burger.",R,R,R,MIA,ATL,X,6,ground_ball,2,1,2024,-0.5,1.28,-0.0651166633983101,2.8308363688373532,,,,0,1,Top,112.68,146.32,,,,,3.842450523352112,-136.6045247585772,-4.877647341678226,-7.12349061079471,33.932683715889844,-15.37355152221368,3.52,1.58,84,108.2,4,93.7,2128,6.5,746082,542194,669394,650333,656896,660644,650559,665862,541645,54.03,0.618,0.581,0.0,1,0,0,4,1,4,4-Seam Fastball,0,0,0,0,0,0,0,0,Infield shade,Standard,216,0.026,-0.296,77.5,7.5,0.694,0.296,108.2,0,0,0.496,0.504,25,26,25,27,1,0,6,1,105,1,1.34,0.5,0.5,42.6,17.499761306562394,-0.9021041338188296,29.900488214746044,36.08737799068327,33.65938276711781
FF,2024-04-13,92.7,-1.03,5.87,"Meyer, Max",660670,676974,,swinging_strike,,,,,12,Swinging Strike,R,R,R,MIA,ATL,S,,,2,0,2024,-0.5,1.02,0.9734192796108014,2.647124413182161,,,,0,1,Top,,,,,,,6.231437518613813,-134.8921530655324,-4.702854921670811,-7.442776191124001,29.213293764512763,-18.887358391789515,3.52,1.58,,,,93.1,2189,6.5,746082,542194,669394,650333,656896,660644,650559,665862,541645,53.98,,,,,,,,1,3,4-Seam Fastball,0,0,0,0,0,0,0,0,Infield shade,Standard,211,0.007,-0.065,78.0,8.4,,0.065,,0,0,0.489,0.511,25,26,25,27,1,0,6,1,105,1,1.63,0.5,0.5,47.7,23.019547918866675,-12.512540271459262,27.242528127578876,49.140277205989506,35.56540077997214
SL,2024-04-13,85.5,-1.33,5.85,"Meyer, Max",660670,676974,,ball,,,,,11,Ball,R,R,R,MIA,ATL,B,,,1,0,2024,0.18,0.19,-0.3671058594390812,5.111361628378646,,,,0,1,Top,,,,,,,1.8961255229402905,-124.39798494248176,4.227998841999479,1.4602205101225985,28.598481878310327,-31.421236125533092,3.52000019311549,1.59134183741923,,,,84.8,2453,6.1,746082,542194,669394,650333,656896,660644,650559,665862,541645,54.35,,,,,,,,1,2,Slider,0,0,0,0,0,0,0,0,Infield shade,Standard,59,-0.007,0.069,,,,-0.069,,0,0,0.496,0.504,25,26,25,27,1,0,6,1,105,1,2.96,-0.18,-0.18,41.4,,,,,
SL,2024-04-13,86.0,-1.33,5.85,"Meyer, Max",660670,676974,,ball,,,,,11,Ball,R,R,R,MIA,ATL,B,,,0,0,2024,0.21,0.1,-0.8221953340790272,4.956570695732214,,,,0,1,Top,,,,,,,0.7575631604539383,-125.01522508008662,4.048834583374542,2.030223729429081,30.10279368551806,-32.37201672525673,3.51999945266105,1.61681503298014,,,,85.1,2519,6.2,746082,542194,669394,650333,656896,660644,650559,665862,541645,54.27,,,,,,,,1,1,Slider,0,0,0,0,0,0,0,0,Infield shade,Standard,54,-0.004,0.038,,,,-0.038,,0,0,0.5,0.5,25,26,25,27,1,0,6,1,105,1,3.04,-0.21,-0.21,45.2,,,,,
SI,2024-04-12,90.0,-2.7,5.64,"Andriese, Matt",660670,542882,single,hit_into_play,,,,,7,Ronald Acuña Jr. singles on a ground ball to right fielder Avisaíl García.,R,R,R,MIA,ATL,X,9,ground_ball,0,0,2024,-1.42,0.55,-0.4300358683483596,1.744837417450376,,,,0,8,Top,183.57,110.26,,,,,8.620622208434911,-130.6898755986411,-4.752704561691214,-18.168445461028067,30.15791708747801,-25.064596926419593,3.51,1.58,73,98.2,3,89.3,2055,6.2,746084,542194,669394,650333,656896,660644,650559,665862,541645,54.32,0.5,0.456,0.9,1,1,0,4,64,1,Sinker,1,7,7,1,7,1,7,1,Standard,Standard,219,-0.001,0.448,77.9,7.1,0.548,-0.448,98.2,-6,6,0.008,0.992,34,26,35,27,1,4,4,1,83,1,2.3,1.42,1.42,45.4,-5.146294618390172,20.35997475882909,43.49456462805357,33.363379760922726,23.016949328708737
CH,2024-04-12,87.8,-1.51,5.39,"Soriano, George",660670,666277,walk,blocked_ball,,,,,14,Ronald Acuña Jr. walks.,R,R,R,MIA,ATL,B,,,3,2,2024,-1.53,0.08,0.5778624501269869,0.1592296705575542,606115,,,1,7,Top,,,,,,,8.243407807717077,-127.41182627106656,-6.604214863866392,-18.40648307868298,29.78517265879116,-29.92227858735332,3.54917280170437,1.58000230384134,,,,87.4,1694,6.5,746084,663743,669394,650333,656896,660644,650559,665862,541645,54.01,,0.689131,0.7,1,0,0,,49,6,Changeup,0,2,2,0,2,0,2,0,Strategic,Standard,243,-0.006,0.229,,,,-0.229,,-2,2,0.144,0.856,25,26,25,27,1,3,3,1,3,1,2.92,1.53,1.53,28.6,,,,,
ST,2024-04-12,85.4,-1.61,5.17,"Soriano, George",660670,666277,,ball,,,,,14,Ball,R,R,R,MIA,ATL,B,,,2,2,2024,0.53,-0.17,2.562225387333042,1.150332567059325,606115,,,1,7,Top,,,,,,,8.754389410728518,-123.98565861206995,-2.7137325239335057,3.478048249641993,28.03701490394757,-33.498614335459486,3.54325929835181,1.53757018085128,,,,85.0,2784,6.4,746084,663743,669394,650333,656896,660644,650559,665862,541645,54.06,,,,,,,,49,5,Sweeper,0,2,2,0,2,0,2,0,Strategic,Standard,34,-0.008,0.075,,,,-0.075,,-2,2,0.152,0.848,25,26,25,27,1,3,3,1,3,1,3.34,-0.53,-0.53,24.0,,,,,
FF,2024-04-12,95.0,-1.65,5.01,"Soriano, George",660670,666277,,ball,,,,,12,Ball,R,R,R,MIA,ATL,B,,,1,2,2024,-0.85,1.06,1.9229492608209864,3.011966101196839,606115,,,1,7,Top,,,,,,,11.253491777552558,-137.85370280309087,-1.8922533015552423,-13.437275132769424,32.72204896620702,-18.521710917155197,3.46325172945314,1.55161210362336,,,,94.7,2219,6.4,746084,663743,669394,650333,656896,660644,650559,665862,541645,54.05,,,,,,,,49,4,4-Seam Fastball,0,2,2,0,2,0,2,0,Strategic,Standard,234,-0.007,0.026,,,,-0.026,,-2,2,0.159,0.841,25,26,25,27,1,3,3,1,3,1,1.5,0.85,0.85,20.4,,,,,
ST,2024-04-12,84.1,-1.67,5.16,"Soriano, George",660670,666277,,ball,,,,,14,Ball,R,R,R,MIA,ATL,B,,,0,2,2024,0.52,-0.02,1.3495219306519706,1.0738904917792724,606115,,,1,7,Top,,,,,,,5.959008707445842,-122.28357101416584,-2.9587556879723573,3.8682301540678576,27.04273162737378,-31.99465256359975,3.56332764014036,1.57999920716578,,,,83.7,2735,6.4,746084,663743,669394,650333,656896,660644,650559,665862,541645,54.14,,,,,,,,49,3,Sweeper,0,2,2,0,2,0,2,0,Strategic,Standard,48,-0.004,0.01,,,,-0.01,,-2,2,0.163,0.837,25,26,25,27,1,3,3,1,3,1,3.28,-0.52,-0.52,23.1,,,,,
ST,2024-04-12,84.5,-1.54,5.3,"Soriano, George",660670,666277,,foul,,,,,14,Foul,R,R,R,MIA,ATL,S,,,0,1,2024,1.04,0.24,0.9785927102572954,1.7750950872082916,606115,,,1,7,Top,,,,,,,3.8133504646100462,-122.98277907972546,-2.2633386600916037,9.592389651379024,27.061320956553935,-29.49617279888953,3.51,1.58,165,66.2,51,84.3,2727,6.4,746084,663743,669394,650333,656896,660644,650559,665862,541645,54.09,,,,,,,,49,2,Sweeper,0,2,2,0,2,0,2,0,Strategic,Standard,54,0.011,-0.1,73.0,8.4,,0.1,88.0,-2,2,0.152,0.848,25,26,25,27,1,3,3,1,3,1,2.98,-1.04,-1.04,30.7,19.620031873727015,-5.035233329877658,33.5906565034652,47.6779329953633,38.858343301150256
ST,2024-04-12,83.8,-1.72,5.26,"Soriano, George",660670,666277,,called_strike,,,,,6,Called Strike,R,R,R,MIA,ATL,S,,,0,0,2024,0.9,0.06,0.5842445104877293,2.2748842971408165,606115,,,1,7,Top,,,,,,,3.560409593838038,-122.02447120129204,-0.5790054737466173,8.198923289654948,25.55099517934338,-31.67665333662132,3.46310728951637,1.58000019674024,,,,83.8,2741,6.4,746084,663743,669394,650333,656896,660644,650559,665862,541645,54.13,,,,,,,,49,1,Sweeper,0,2,2,0,2,0,2,0,Strategic,Standard,48,0.007,-0.049,,,,0.049,,-2,2,0.145,0.855,25,26,25,27,1,3,3,1,3,1,3.2,-0.9,-0.9,26.8,,,,,
CH,2024-04-12,85.7,2.43,5.61,"Rogers, Trevor",660670,669432,field_out,hit_into_play,,,,,9,"Ronald Acuña Jr. grounds out, second baseman Luis Arraez to first baseman Jake Burger. Orlando Arcia to 3rd.",R,R,L,MIA,ATL,X,4,ground_ball,0,0,2024,1.2,-0.08,0.3208655982600377,1.6920812275213168,,606115,,1,5,Top,138.12,154.5,,,,,-7.446358583212944,-124.60454065064832,-2.8309427100637117,13.987663495442302,24.68915465764168,-32.67628831210216,3.51,1.58,3,91.1,-27,86.2,1603,6.6,746084,663743,669394,650333,656896,660644,650559,665862,541645,53.86,0.079,0.071,0.0,1,0,0,2,33,1,Changeup,0,1,1,0,1,0,1,0,Standard,Standard,112,0.033,-0.259,77.7,7.1,0.083,0.259,91.1,-1,1,0.34,0.6599999999999999,26,26,27,27,3,2,6,1,5,1,3.19,1.2,-1.2,21.2,-3.720514687668734,30.810838190626303,39.38040026291133,41.655623865116,21.142517776268697
CH,2024-04-12,86.0,2.45,5.56,"Rogers, Trevor",660670,669432,single,hit_into_play,,,,,8,Ronald Acuña Jr. singles on a sharp ground ball to left fielder Bryan De La Cruz. Travis d'Arnaud to 3rd.,R,R,L,MIA,ATL,X,7,ground_ball,0,2,2024,1.26,-0.02,-0.0075384693917903,1.7955243206382092,,518595,,0,3,Top,78.73,104.2,,,,,-8.419939404297978,-124.97858010661729,-2.6604215562903604,14.838242593438355,24.21694184613782,-32.01105396730411,3.51,1.58,7,106.0,-14,86.6,1603,6.6,746084,663743,669394,650333,656896,660644,650559,665862,541645,53.87,0.3,0.279,0.9,1,1,0,2,18,3,Changeup,0,1,1,0,1,0,1,0,Standard,Standard,118,-0.072,0.619,82.0,7.6,0.324,-0.619,106.0,-1,1,0.345,0.655,26,26,27,27,2,1,6,1,5,1,3.1,1.26,-1.26,21.7,7.659810580013382,6.9534185362381,38.513008034383624,35.11781793609565,34.226601114968844
CH,2024-04-12,84.9,2.67,5.65,"Rogers, Trevor",660670,669432,,swinging_strike,,,,,14,Swinging Strike,R,R,L,MIA,ATL,S,,,0,1,2024,1.09,0.08,0.2152953235044579,1.217257914522524,,518595,,0,3,Top,,,,,,,-7.955796939358227,-123.44572261407464,-4.2277400191155445,12.68100419343902,24.39450389685682,-30.686277435220596,3.51,1.58,,,,85.3,1498,6.6,746084,663743,669394,650333,656896,660644,650559,665862,541645,53.93,,,,,,,,18,2,Changeup,0,1,1,0,1,0,1,0,Standard,Standard,117,0.01,-0.067,71.6,8.6,,0.067,,-1,1,0.335,0.665,26,26,27,27,2,1,6,1,5,1,3.08,1.09,-1.09,22.6,20.28554479359439,-5.72932588252459,40.569916533151094,39.97089338745241,40.31112655489053
FC,2024-04-12,79.7,2.58,5.8,"Rogers, Trevor",660670,669432,,swinging_strike,,,,,9,Swinging Strike,R,R,L,MIA,ATL,S,,,0,0,2024,-0.4,0.33,0.6597188524886568,1.9898662481361615,,518595,,0,3,Top,,,,,,,-3.477408571083401,-116.15419963901036,-2.3376906513433076,-3.0969493752069255,19.82308204124771,-28.960213392322995,3.51,1.58,,,,80.3,2257,6.4,746084,663743,669394,650333,656896,660644,650559,665862,541645,54.08,,,,,,,,18,1,Cutter,0,1,1,0,1,0,1,0,Standard,Standard,242,0.006,-0.035,79.7,7.8,,0.035,,-1,1,0.329,0.671,26,26,27,27,2,1,6,1,5,1,3.22,-0.4,0.4,23.4,9.467171313398437,18.08648282446793,35.43180032704161,45.208074497572014,28.751320544813055
FC,2024-04-12,81.8,2.76,5.77,"Rogers, Trevor",660670,669432,field_out,hit_into_play,,,,,14,Ronald Acuña Jr. flies out to center fielder Jazz Chisholm Jr.,R,R,L,MIA,ATL,X,8,fly_ball,0,1,2024,-0.13,0.45,0.3988884787400663,1.3431557276147448,,,,0,1,Top,116.1,85.9,,,,,-5.10411357383918,-119.00030846907578,-4.253538978488026,-0.1929866697417132,23.610116185475388,-27.30687853813307,3.51,1.58,283,79.1,26,82.0,2272,6.5,746084,663743,669394,650333,656896,660644,650559,665862,541645,54.01,0.324,0.301,0.0,1,0,0,3,1,2,Cutter,0,0,0,0,0,0,0,0,Standard,Standard,194,0.019,-0.217,76.7,8.3,0.385,0.217,88.0,0,0,0.503,0.497,26,26,27,27,1,0,6,1,5,1,2.97,-0.13,0.13,24.5,18.08834588353964,-0.7233827267632356,39.590294703283234,42.285178871381035,39.60794698091288
FF,2024-04-12,92.5,2.75,5.75,"Rogers, Trevor",660670,669432,,foul,,,,,5,Foul,R,R,L,MIA,ATL,S,,,0,0,2024,1.0,1.41,-0.2608568953869166,2.82111959930453,,,,0,1,Top,,,,,,,-9.892657281458742,-134.2486911338764,-4.705097813083902,14.309485669031083,30.72181169626492,-14.250709945118835,3.51,1.58,108,87.1,82,92.6,2457,6.6,746084,663743,669394,650333,656896,660644,650559,665862,541645,53.87,,,,,,,,1,1,4-Seam Fastball,0,0,0,0,0,0,0,0,Standard,Standard,125,0.003,-0.037,88.0,8.1,,0.037,88.0,0,0,0.5,0.5,26,26,27,27,1,0,6,1,5,1,1.28,1.0,-1.0,21.2,23.28689261290755,-17.347971769147932,34.22078482649916,33.968533246541774,38.60359835476116
CH,2024-04-11,85.7,-2.51,5.5,"Smith, Drew",660670,622098,field_out,hit_into_play,,,,,5,Ronald Acuña Jr. flies out sharply to center fielder Harrison Bader.,R,R,R,ATL,NYM,X,8,fly_ball,1,2,2024,-1.22,0.9,0.0261235544044822,2.5591220200300393,,,,2,7,Bot,142.9,82.46,,,,,8.53577963293654,-124.6527875852642,-2.5543779763235657,-14.419830432755832,22.984843131324272,-22.428582744524448,3.5,1.58,293,100.7,42,86.6,1940,6.7,747137,682626,624413,643446,683146,596019,607043,664056,516782,53.81,0.121,0.239,0.0,1,0,0,3,63,5,Changeup,3,10,3,10,10,3,3,10,Standard,Standard,246,-0.001,-0.18,80.4,7.6,0.455,0.18,100.7,-7,-7,0.005,0.005,30,26,31,27,1,3,3,2,4,1,2.18,1.22,1.22,36.3,14.64577137380674,-1.4380623496091107,30.642617228612018,36.23442721998184,37.95027477922803
FC,2024-04-11,89.6,-2.33,5.79,"Smith, Drew",660670,622098,,foul,,,,,9,Foul,R,R,R,ATL,NYM,S,,,1,2,2024,0.37,0.59,0.6320199509955574,2.0387327366451373,,,,2,7,Bot,,,,,,,6.519159574140555,-130.34946354767226,-4.515310460867558,2.895787222687238,26.4987152330553,-24.73472921839227,3.5,1.58,87,75.9,6,89.4,2690,6.1,747137,682626,624413,643446,683146,596019,607043,664056,516782,54.4,,,,,,,,63,4,Cutter,3,10,3,10,10,3,3,10,Standard,Standard,172,0.0,0.0,70.5,7.6,,0.0,88.0,-7,-7,0.005,0.005,30,26,31,27,1,3,3,2,4,1,2.25,-0.37,-0.37,38.2,3.194097854127627,21.52986173468536,33.45033032210938,45.027604728485805,19.10189731907943
SL,2024-04-11,85.6,-2.26,5.82,"Smith, Drew",660670,622098,,ball,,,,,14,Ball,R,R,R,ATL,NYM,B,,,0,2,2024,0.79,-0.32,1.2907775149284206,1.0648346138610014,,,,2,7,Bot,,,,,,,6.752619128121686,-124.64320962337982,-4.393649300188216,7.16611724560238,21.0104112406649,-34.97198303915027,3.55542298953316,1.56274097645691,,,,85.7,2945,6.0,747137,682626,624413,643446,683146,596019,607043,664056,516782,54.51,,,,,,,,63,3,Slider,3,10,3,10,10,3,3,10,Standard,Standard,85,0.0,0.023,,,,-0.023,,-7,-7,0.005,0.005,30,26,31,27,1,3,3,2,4,1,3.39,-0.79,-0.79,42.5,,,,,
FF,2024-04-11,95.2,-2.38,5.88,"Smith, Drew",660670,622098,,swinging_strike,,,,,1,Swinging Strike,R,R,R,ATL,NYM,S,,,0,1,2024,-0.53,1.42,-0.827239223831112,3.2520761429328173,,,,2,7,Bot,,,,,,,5.240170450261886,-138.5396353088463,-4.4211882402781715,-7.948292741180898,31.199079984380745,-13.074112673899029,3.5,1.58,,,,94.8,2554,6.1,747137,682626,624413,643446,683146,596019,607043,664056,516782,54.43,,,,,,,,63,2,4-Seam Fastball,3,10,3,10,10,3,3,10,Standard,Standard,215,0.0,-0.058,38.8,4.7,,0.058,,-7,-7,0.005,0.005,30,26,31,27,1,3,3,2,4,1,1.09,0.53,0.53,42.1,-19.46610646992472,56.161780896660915,47.97345051091514,28.26417176274267,10.189833639802856
FF,2024-04-11,95.0,-2.4,5.82,"Smith, Drew",660670,622098,,foul,,,,,2,Foul,R,R,R,ATL,NYM,S,,,0,0,2024,-0.33,1.45,-0.16140782727014,3.312837344493981,,,,2,7,Bot,,,,,,,6.569396375862105,-138.17714557915886,-4.127464054752737,-5.6695665933839,30.98864417185072,-12.914577433015264,3.5,1.58,,,,94.5,2638,6.0,747137,682626,624413,643446,683146,596019,607043,664056,516782,54.48,,,,,,,,63,1,4-Seam Fastball,3,10,3,10,10,3,3,10,Standard,Standard,210,0.0,-0.041,76.7,7.6,,0.041,,-7,-7,0.005,0.005,30,26,31,27,1,3,3,2,4,1,1.08,0.33,0.33,40.3,15.602211103106873,-5.747137158131176,29.073918326767576,36.82039072327684,31.996295501093652
SI,2024-04-11,90.8,2.13,5.97,"Quintana, Jose",660670,500779,strikeout,called_strike,,,,,12,Ronald Acuña Jr. called out on strikes.,R,R,L,ATL,NYM,S,2,,3,2,2024,0.68,0.96,0.8388709057012499,2.7288909257408687,,644433,,1,5,Bot,,,,,,,-4.713581858528533,-132.25580414411678,-4.406730425711871,8.891014745937621,22.39470367245828,-20.14252699729518,3.52797985753594,1.59013149785492,,,,92.1,2077,6.6,747137,682626,624413,643446,683146,596019,607043,664056,516782,53.93,,0.0,0.0,1,0,0,,44,6,Sinker,2,7,2,7,7,2,2,7,,,166,-0.024,-0.291,,,,0.291,,-5,-5,0.087,0.087,35,26,35,27,3,2,6,2,5,1,1.75,0.68,-0.68,51.1,,,,,
SI,2024-04-11,90.7,2.27,5.85,"Quintana, Jose",660670,500779,,swinging_strike,,,,,8,Swinging Strike,R,R,L,ATL,NYM,S,,,3,1,2024,0.8,0.94,-0.1283180806108936,1.984189679867292,,644433,,1,5,Bot,,,,,,,-7.756068771065385,-132.00313910390955,-5.918755921481983,10.862848825634927,22.334849477152837,-20.104556135957463,3.5,1.58,,,,92.0,2072,6.6,747137,682626,624413,643446,683146,596019,607043,664056,516782,53.87,,,,,,,,44,5,Sinker,2,7,2,7,7,2,2,7,,,161,-0.005,-0.086,81.8,7.9,,0.086,,-5,-5,0.092,0.092,35,26,35,27,3,2,6,2,5,1,1.78,0.8,-0.8,42.8,7.79582694905946,9.302586139663418,41.122070318166095,37.3293375866576,26.697893132752263
CH,2024-04-11,86.6,2.19,5.95,"Quintana, Jose",660670,500779,,ball,,,,,13,Ball,R,R,L,ATL,NYM,B,,,2,1,2024,0.58,0.69,-0.325298771495718,1.5066040212698038,,644433,,1,5,Bot,,,,,,,-7.238631338048885,-126.11050848140006,-5.990673291811527,7.395009098713209,19.51075316204238,-23.916647379099317,3.55561516894771,1.75439874810976,,,,88.0,1302,6.6,747137,682626,624413,643446,683146,596019,607043,664056,516782,53.89,,,,,,,,44,4,Changeup,2,7,2,7,7,2,2,7,,,131,0.006,0.078,,,,-0.078,,-5,-5,0.086,0.086,35,26,35,27,3,2,6,2,5,1,2.29,0.58,-0.58,44.8,,,,,
SI,2024-04-11,89.5,2.07,6.03,"Quintana, Jose",660670,500779,,foul_tip,,,,,6,Foul Tip,R,R,L,ATL,NYM,S,,,2,0,2024,1.02,1.08,0.527821547261253,2.497165502428744,,644433,,1,5,Bot,,,,,,,-5.986834095600154,-130.38809806053413,-5.137325074630386,12.824775043645678,21.80871846703832,-18.954409321246672,3.5,1.58,,,,90.7,2042,6.5,747137,682626,624413,643446,683146,596019,607043,664056,516782,54.0,,,,,,,,44,3,Sinker,2,7,2,7,7,2,2,7,,,160,-0.004,-0.047,82.9,7.8,,0.047,,-5,-5,0.09,0.09,35,26,35,27,3,2,6,2,5,1,1.71,1.02,-1.02,48.3,11.126479074781232,9.254038169688592,34.220814650741225,45.640224814517865,29.614771600063985
FF,2024-04-11,89.5,2.07,6.02,"Quintana, Jose",660670,500779,,ball,,,,,12,Ball,R,R,L,ATL,NYM,B,,,1,0,2024,0.36,1.35,0.0453382389733787,4.051931759459249,,644433,,1,5,Bot,,,,,,,-5.809958124035958,-130.44631662246735,-1.797199137552394,5.222520938670024,22.964688039681835,-16.48062561553303,3.52797985753594,1.57990318514214,,,,90.7,1980,6.6,747137,682626,624413,643446,683146,596019,607043,664056,516782,53.91,,,,,,,,44,2,4-Seam Fastball,2,7,2,7,7,2,2,7,,,158,0.004,0.042,,,,-0.042,,-5,-5,0.086,0.086,35,26,35,27,3,2,6,2,5,1,1.45,0.36,-0.36,46.3,,,,,
FF,2024-04-11,90.0,2.05,6.14,"Quintana, Jose",660670,500779,,ball,,,,,11,Ball,R,R,L,ATL,NYM,B,,,0,0,2024,0.16,1.44,-0.0755006180975532,3.952399690426216,,644433,,1,5,Bot,,,,,,,-5.648154663707269,-131.0261177318131,-2.6113268072841502,2.912222579512558,24.346682713610218,-15.074494126034327,3.55542298953316,1.61752308202519,,,,90.9,2069,6.5,747137,682626,624413,643446,683146,596019,607043,664056,516782,53.97,,,,,,,,44,1,4-Seam Fastball,2,7,2,7,7,2,2,7,,,163,0.002,0.027,,,,-0.027,,-5,-5,0.084,0.084,35,26,35,27,3,2,6,2,5,1,1.34,0.16,-0.16,49.9,,,,,
FF,2024-04-11,89.7,2.04,6.03,"Quintana, Jose",660670,500779,field_out,hit_into_play,,,,,4,Ronald Acuña Jr. lines out to third baseman Brett Baty.,R,R,L,ATL,NYM,X,5,line_drive,3,2,2024,0.35,1.34,-0.5216540745061307,2.565899660469007,,,,2,3,Bot,82.48,147.13,,,,,-7.13059102102549,-130.397273926048,-5.468749768634479,5.377033334383394,25.1942855535895,-15.918548601295086,3.5,1.58,171,99.8,11,90.6,1944,6.7,747137,682626,624413,643446,683146,596019,607043,664056,516782,53.79,0.903,0.87,0.0,1,0,0,4,29,8,4-Seam Fastball,0,7,0,7,7,0,0,7,Standard,Standard,160,-0.003,-0.325,78.7,7.7,1.088,0.325,99.8,-7,-7,0.033,0.033,35,26,35,27,2,1,6,2,5,1,1.48,0.35,-0.35,49.5,14.517436894193112,-4.973282745670654,32.37640522659009,30.588216770768145,36.188512776077765
SI,2024-04-11,89.9,2.23,5.94,"Quintana, Jose",660670,500779,,foul,,,,,6,Foul,R,R,L,ATL,NYM,S,,,3,2,2024,1.17,1.09,0.6953738825199645,2.2342440102336005,,,,2,3,Bot,,,,,,,-6.327943184598394,-130.54701132756165,-5.4492188429765775,14.782095728224014,30.67325179204528,-18.769427150866797,3.5,1.58,211,74.8,52,89.9,1923,6.7,747137,682626,624413,643446,683146,596019,607043,664056,516782,53.82,,,,,,,,29,7,Sinker,0,7,0,7,7,0,0,7,Standard,Standard,158,0.0,0.0,70.5,7.8,,0.0,88.0,-7,-7,0.033,0.033,35,26,35,27,2,1,6,2,5,1,1.77,1.17,-1.17,46.0,3.1534144888067037,5.544557944504924,36.886544085419295,44.812209662471666,25.33315501943443
SI,2024-04-11,90.2,2.13,5.93,"Quintana, Jose",660670,500779,,ball,,,,,14,Ball,R,R,L,ATL,NYM,B,,,2,2,2024,1.21,0.98,2.060626726096862,1.649572164111643,,,,2,3,Bot,,,,,,,-2.753957779233633,-131.2550871292922,-6.84743158641601,14.640601500982669,25.73285887981934,-19.60963807491189,3.55542298953316,1.57990318514214,,,,90.8,2026,6.5,747137,682626,624413,643446,683146,596019,607043,664056,516782,53.99,,,,,,,,29,6,Sinker,0,7,0,7,7,0,0,7,Standard,Standard,156,0.0,0.106,,,,-0.106,,-7,-7,0.033,0.033,35,26,35,27,2,1,6,2,5,1,1.8,1.21,-1.21,43.7,,,,,
FF,2024-04-11,89.3,2.12,6.07,"Quintana, Jose",660670,500779,,ball,,,,,11,Ball,R,R,L,ATL,NYM,B,,,1,2,2024,0.31,1.15,-0.7349606456375808,4.457275212680591,,,,2,3,Bot,,,,,,,-7.706967797014069,-130.03258417262182,-0.4459276238155802,4.937368321059906,23.961742812126392,-19.157022297402673,3.5828668658052,1.61752308202519,,,,90.2,2005,6.5,747137,682626,624413,643446,683146,596019,607043,664056,516782,53.96,,,,,,,,29,5,4-Seam Fastball,0,7,0,7,7,0,0,7,Standard,Standard,172,0.001,0.039,,,,-0.039,,-7,-7,0.032,0.032,35,26,35,27,2,1,6,2,5,1,1.68,0.31,-0.31,47.5,,,,,
CU,2024-04-11,76.6,1.98,6.08,"Quintana, Jose",660670,500779,,ball,,,,,13,Ball,R,R,L,ATL,NYM,B,,,0,2,2024,-0.28,-0.46,-0.5252885516624625,0.5693771659886537,,,,2,3,Bot,,,,,,,-4.808691096185397,-111.36974490067112,-3.764054883889039,-1.451085844034245,21.04413834432433,-35.47666384718172,3.52797985753594,1.57990318514214,,,,76.8,2143,6.6,747137,682626,624413,643446,683146,596019,607043,664056,516782,53.87,,,,,,,,29,4,Curveball,0,7,0,7,7,0,0,7,Standard,Standard,312,0.0,0.023,,,,-0.023,,-7,-7,0.032,0.032,35,26,35,27,2,1,6,2,5,1,4.37,-0.28,0.28,49.8,,,,,
FF,2024-04-11,90.0,2.08,6.02,"Quintana, Jose",660670,500779,,foul,,,,,1,Foul,R,R,L,ATL,NYM,S,,,0,2,2024,0.1,1.22,-0.3804660404109087,3.392915112162526,,,,2,3,Bot,,,,,,,-6.350180764867578,-130.95350260339552,-3.1634858225081244,2.5140093334939237,27.544192144349218,-17.64854573210538,3.5,1.58,,,,90.5,2005,6.6,747137,682626,624413,643446,683146,596019,607043,664056,516782,53.9,,,,,,,,29,3,4-Seam Fastball,0,7,0,7,7,0,0,7,Standard,Standard,162,0.0,0.0,69.2,6.6,,0.0,,-7,-7,0.032,0.032,35,26,35,27,2,1,6,2,5,1,1.59,0.1,-0.1,45.9,8.440840450020797,9.941290753810824,30.710565076571644,30.732781097294172,28.22049579089336
CU,2024-04-11,77.4,2.11,6.1,"Quintana, Jose",660670,500779,,foul,,,,,8,Foul,R,R,L,ATL,NYM,S,,,0,1,2024,-0.49,-0.33,0.0509086980751271,2.033234932116131,,,,2,3,Bot,,,,,,,-3.526749391252039,-112.912052625846,-1.2947100519217674,-3.7170219854218978,16.76610642358108,-35.04573478385625,3.5,1.58,205,76.6,57,78.4,2216,6.4,747137,682626,624413,643446,683146,596019,607043,664056,516782,54.07,,,,,,,,29,2,Curveball,0,7,0,7,7,0,0,7,Standard,Standard,308,-0.001,-0.058,77.9,7.6,,0.058,88.0,-7,-7,0.033,0.033,35,26,35,27,2,1,6,2,5,1,4.06,-0.49,0.49,51.8,2.833097225725759,7.750586185422211,36.132608339094325,38.27105311975431,33.56900581345384
CU,2024-04-11,78.0,2.18,6.09,"Quintana, Jose",660670,500779,,swinging_strike,,,,,6,Swinging Strike,R,R,L,ATL,NYM,S,,,0,0,2024,-0.46,-0.11,0.3160815385836077,2.718197544269227,,,,2,3,Bot,,,,,,,-3.1771220298199374,-113.6346658147301,-0.1480004788027551,-3.3937108877946285,21.431790495413505,-33.322780540263196,3.5,1.58,,,,78.1,2265,6.4,747137,682626,624413,643446,683146,596019,607043,664056,516782,54.11,,,,,,,,29,1,Curveball,0,7,0,7,7,0,0,7,Standard,Standard,310,0.0,-0.041,79.2,7.0,,0.041,,-7,-7,0.033,0.033,35,26,35,27,2,1,6,2,5,1,3.86,-0.46,0.46,48.4,5.549050058257872,23.34422423629237,34.6803876923861,42.97532856791312,25.88834452470851
CU,2024-04-11,78.2,2.08,6.05,"Quintana, Jose",660670,500779,field_out,hit_into_play,,,,,8,"Ronald Acuña Jr. grounds out, third baseman Brett Baty to first baseman Pete Alonso.",R,R,L,ATL,NYM,X,5,ground_ball,2,2,2024,-0.43,-0.5,-0.0760491224634364,1.6188312490209062,,,,0,1,Bot,101.27,169.4,,,,,-3.878047801743211,-113.80128097222594,-1.7384721548713502,-2.966962150024591,21.80523444708814,-36.39819955248714,3.5,1.58,52,85.6,3,78.4,2182,6.5,747137,682626,624413,643446,683146,596019,607043,664056,516782,53.97,0.391,0.365,0.0,1,0,0,2,7,6,Curveball,0,1,0,1,1,0,0,1,Standard,Standard,315,-0.02,-0.227,81.3,8.5,0.457,0.227,88.0,-1,-1,0.444,0.444,35,26,35,27,1,0,6,2,5,1,4.24,-0.43,0.43,49.7,26.712106127271596,-8.333255900541724,39.695941712358845,38.212738038299825,43.75325068331003
CH,2024-04-11,86.4,2.21,6.05,"Quintana, Jose",660670,500779,,ball,,,,,14,Ball,R,R,L,ATL,NYM,B,,,1,2,2024,1.27,0.37,0.5772033416750839,0.4659993954984847,,,,0,1,Bot,,,,,,,-6.499727980688432,-125.5246842654292,-7.871750204271811,14.712356332485223,24.215572893200804,-26.91692372441276,3.58676135266595,1.67623262682151,,,,87.0,1279,6.7,747137,682626,624413,643446,683146,596019,607043,664056,516782,53.84,,,,,,,,7,5,Changeup,0,1,0,1,1,0,0,1,Standard,Standard,132,0.003,0.04,,,,-0.04,,-1,-1,0.441,0.441,35,26,35,27,1,0,6,2,5,1,2.68,1.27,-1.27,44.4,,,,,
CU,2024-04-11,77.0,2.08,6.14,"Quintana, Jose",660670,500779,,ball,,,,,14,Ball,R,R,L,ATL,NYM,B,,,0,2,2024,-0.41,-0.57,0.7104214544326399,0.5820106735187132,,,,0,1,Bot,,,,,,,-2.1709511027747213,-112.09008678088794,-3.7912569260008695,-3.058841636197287,20.742192595420168,-36.5054247142345,3.55931801363354,1.67623262682151,,,,77.2,2192,6.5,747137,682626,624413,643446,683146,596019,607043,664056,516782,54.02,,,,,,,,7,4,Curveball,0,1,0,1,1,0,0,1,Standard,Standard,317,0.003,0.023,,,,-0.023,,-1,-1,0.438,0.438,35,26,35,27,1,0,6,2,5,1,4.42,-0.41,0.41,50.7,,,,,
FF,2024-04-11,91.0,2.25,6.14,"Quintana, Jose",660670,500779,,foul,,,,,6,Foul,R,R,L,ATL,NYM,S,,,0,2,2024,0.44,1.39,0.6118584413893472,2.7869670269180933,,,,0,1,Bot,,,,,,,-5.074134428451452,-132.4847884055551,-5.5330181138454195,6.237606166925908,26.831572564282848,-14.81538164478176,3.5,1.58,232,80.6,51,91.6,2073,6.5,747137,682626,624413,643446,683146,596019,607043,664056,516782,54.01,,,,,,,,7,3,4-Seam Fastball,0,1,0,1,1,0,0,1,Standard,Standard,156,0.0,0.0,71.7,7.4,,0.0,88.0,-1,-1,0.438,0.438,35,26,35,27,1,0,6,2,5,1,1.35,0.44,-0.44,47.4,5.990182120678446,20.632021761098983,31.436402391594186,43.654697135448,21.174931041298173
FF,2024-04-11,90.0,1.95,6.19,"Quintana, Jose",660670,500779,,foul,,,,,4,Foul,R,R,L,ATL,NYM,S,,,0,1,2024,-0.11,1.28,-0.4147341071361932,2.6491209594809098,,,,0,1,Bot,,,,,,,-5.653414807168097,-130.99623971588156,-5.642628194282531,-0.2704940781750303,23.06134371367572,-16.40510740514585,3.5,1.58,189,66.7,37,91.1,2052,6.5,747137,682626,624413,643446,683146,596019,607043,664056,516782,53.95,,,,,,,,7,2,4-Seam Fastball,0,1,0,1,1,0,0,1,Standard,Standard,165,-0.006,-0.054,75.3,6.7,,0.054,88.0,-1,-1,0.444,0.444,35,26,35,27,1,0,6,2,5,1,1.49,-0.11,0.11,52.3,-3.6124165609644328,18.571181116334863,36.19710953736504,32.64179765509277,23.92490346963747
FF,2024-04-11,90.6,2.04,6.14,"Quintana, Jose",660670,500779,,swinging_strike,,,,,5,Swinging Strike,R,R,L,ATL,NYM,S,,,0,0,2024,0.47,1.41,0.0337453374483001,2.222452277346324,,,,0,1,Bot,,,,,,,-6.01716318371175,-131.78330482828991,-6.964062054856709,6.590300950750052,24.231426692341714,-14.419554430802291,3.5,1.58,,,,91.4,2097,6.5,747137,682626,624413,643446,683146,596019,607043,664056,516782,54.02,,,,,,,,7,1,4-Seam Fastball,0,1,0,1,1,0,0,1,Standard,Standard,154,-0.004,-0.037,79.0,7.8,,0.037,,-1,-1,0.448,0.448,35,26,35,27,1,0,6,2,5,1,1.34,0.47,-0.47,56.3,8.051549582356634,19.00122815780696,37.66421319019376,38.48176647514354,23.581314883096084
FC,2024-04-09,87.2,-1.77,5.96,"Sulser, Cole",660670,642121,field_out,hit_into_play,,,,,5,Ronald Acuña Jr. flies out to right fielder Starling Marte.,R,R,R,ATL,NYM,X,9,fly_ball,0,0,2024,0.43,0.64,-0.0055077768716605,2.285880923646878,,,,2,8,Bot,171.22,120.08,,,,,3.3795012077843607,-127.03669887115213,-4.07066699645085,4.101600682918201,23.414921591917658,-24.66255128319026,3.49,1.57,228,81.4,49,88.3,2270,6.7,747138,553882,624413,643446,683146,596019,607043,664056,516782,53.8,0.026,0.027,0.0,1,0,0,3,71,1,Cutter,6,3,6,3,3,6,6,3,Standard,Standard,193,-0.001,-0.256,79.2,7.8,0.04,0.256,88.0,3,3,0.967,0.967,34,26,34,27,1,4,1,1,4,2,2.33,-0.43,-0.43,43.0,12.13333820685878,-2.4571691500275312,36.32331614726429,37.402125585135664,33.26286171956387
SL,2024-04-09,86.7,-2.55,5.65,"Núñez, Dedniel",660670,673380,single,hit_into_play,,,,,9,Ronald Acuña Jr. singles on a ground ball to third baseman Brett Baty. Travis d'Arnaud to 3rd. Jarred Kelenic to 2nd.,R,R,R,ATL,NYM,X,5,ground_ball,0,1,2024,-0.07,-0.3,0.3626902453630469,1.919029542667042,,518595,672284,0,6,Bot,102.48,168.79,,,,,7.139012192582894,-126.24862224467606,-2.176762890649166,-2.1347336950907367,23.628600168615463,-35.15400895378061,3.49,1.57,2,78.5,-47,87.3,2528,6.4,747138,553882,624413,643446,683146,596019,607043,664056,516782,54.06,0.18,0.162,0.9,1,1,0,2,50,2,Slider,5,0,5,0,0,5,5,0,Standard,Standard,42,0.007,0.513,76.8,7.6,0.184,-0.513,88.0,5,5,0.981,0.981,28,26,28,27,1,3,,1,18,2,3.31,0.07,0.07,40.5,5.399854480641414,6.7391884348521724,35.92249776095854,42.307681693075295,27.782006068629016
FF,2024-04-09,98.0,-2.08,5.97,"Núñez, Dedniel",660670,673380,,foul,,,,,2,Foul,R,R,R,ATL,NYM,S,,,0,0,2024,-0.23,1.54,0.0116731167466726,3.2030407983637454,,518595,672284,0,6,Bot,,,,,,,6.188886636285927,-142.53100853180356,-5.557943742349249,-4.511237548987309,32.86489025407864,-10.121558161547904,3.49,1.57,216,82.2,19,98.2,2283,6.4,747138,553882,624413,643446,683146,596019,607043,664056,516782,54.09,,,,,,,,50,1,4-Seam Fastball,5,0,5,0,0,5,5,0,Standard,Standard,206,-0.001,-0.044,78.6,7.5,,0.044,88.0,5,5,0.982,0.982,28,26,28,27,1,3,,1,18,2,0.84,0.23,0.23,42.9,13.737121802142877,-6.284737592335162,26.949078231218618,37.89446971705787,31.004560782089097
SI,2024-04-09,91.8,-1.25,6.16,"Houser, Adrian",660670,605288,walk,ball,,,,,14,Ronald Acuña Jr. walks.,R,R,R,ATL,NYM,B,,,3,2,2024,-1.23,0.83,1.168790370385715,1.8910874882540272,,,,1,4,Bot,,,,,,,8.81954072569345,-133.38431456058552,-6.820165425082395,-16.51560051069618,26.25315238751637,-20.988080286707547,3.60247011707286,1.55491533900906,,,,92.5,2149,6.6,747138,553882,624413,643446,683146,596019,607043,664056,516782,53.92,,0.689131,0.7,1,0,0,,35,7,Sinker,4,0,4,0,0,4,4,0,Standard,Standard,222,0.007,0.348,,,,-0.348,,4,4,0.906,0.906,31,26,31,27,3,2,5,1,6,2,1.86,1.23,1.23,41.8,,,,,
CH,2024-04-09,83.2,-1.31,6.0,"Houser, Adrian",660670,605288,,ball,,,,,14,Ball,R,R,R,ATL,NYM,B,,,2,2,2024,-1.32,0.56,1.7333131275305775,-0.1058216618882395,,,,1,4,Bot,,,,,,,9.664131138268637,-120.66095114187532,-8.735247569225931,-14.73482132466138,22.112492041718134,-25.167041945316136,3.54758204839897,1.58230555577099,,,,84.2,1465,7.0,747138,553882,624413,643446,683146,596019,607043,664056,516782,53.5,,,,,,,,35,6,Changeup,4,0,4,0,0,4,4,0,Standard,Standard,237,0.002,0.108,,,,-0.108,,4,4,0.904,0.904,31,26,31,27,3,2,5,1,6,2,2.74,1.32,1.32,42.3,,,,,
SI,2024-04-09,91.7,-1.18,6.2,"Houser, Adrian",660670,605288,,ball,,,,,14,Ball,R,R,R,ATL,NYM,B,,,1,2,2024,-1.14,0.83,1.2771161171347596,1.2736330646207008,,,,1,4,Bot,,,,,,,8.713617128089338,-133.17996645394814,-8.452168417962639,-15.403558060708948,26.31688360838381,-20.691300780904328,3.57502571258832,1.55491533900906,,,,92.4,2045,6.6,747138,553882,624413,643446,683146,596019,607043,664056,516782,53.86,,,,,,,,35,5,Sinker,4,0,4,0,0,4,4,0,Standard,Standard,226,0.001,0.043,,,,-0.043,,4,4,0.903,0.903,31,26,31,27,3,2,5,1,6,2,1.87,1.14,1.14,43.4,,,,,
CU,2024-04-09,78.9,-1.11,6.27,"Houser, Adrian",660670,605288,,foul,,,,,5,Foul,R,R,R,ATL,NYM,S,,,1,2,2024,0.78,-1.18,-0.0612422973797945,2.279297862883049,,,,1,4,Bot,,,,,,,0.8325953146049974,-114.82455510054145,0.3755155478826606,6.728224085716435,22.824992850749087,-42.83918814665229,3.49,1.57,3,77.1,-36,79.0,2029,6.5,747138,553882,624413,643446,683146,596019,607043,664056,516782,54.0,,,,,,,,35,4,Curveball,4,0,4,0,0,4,4,0,Standard,Standard,21,0.0,0.0,81.6,8.1,,0.0,88.0,4,4,0.903,0.903,31,26,31,27,3,2,5,1,6,2,4.86,-0.78,-0.78,47.6,17.803855302089534,-12.873906160037302,35.97250135847804,32.20031462331371,40.76046227919392
FF,2024-04-09,92.3,-1.01,6.44,"Houser, Adrian",660670,605288,,ball,,,,,14,Ball,R,R,R,ATL,NYM,B,,,0,2,2024,-0.42,1.56,1.3775513576263998,2.0423630202722123,,,,1,4,Bot,,,,,,,7.038799666568723,-133.99911137753392,-8.806730218086164,-6.574273195970753,28.090800132361927,-11.68995218395544,3.62991525627069,1.60969683684313,,,,92.9,2049,6.7,747138,553882,624413,643446,683146,596019,607043,664056,516782,53.81,,,,,,,,35,3,4-Seam Fastball,4,0,4,0,0,4,4,0,Standard,Standard,221,0.0,0.02,,,,-0.02,,4,4,0.903,0.903,31,26,31,27,3,2,5,1,6,2,1.13,0.42,0.42,47.4,,,,,
FF,2024-04-09,91.7,-1.11,6.44,"Houser, Adrian",660670,605288,,swinging_strike,,,,,6,Swinging Strike,R,R,R,ATL,NYM,S,,,0,1,2024,-0.5,1.48,0.7079257015904888,2.8577406987663547,,,,1,4,Bot,,,,,,,5.720931980375211,-133.30307851707275,-6.402325161005701,-7.2538667539073804,29.124796056192412,-13.344512603839725,3.49,1.57,,,,92.0,2064,6.6,747138,553882,624413,643446,683146,596019,607043,664056,516782,53.93,,,,,,,,35,2,4-Seam Fastball,4,0,4,0,0,4,4,0,Standard,Standard,218,-0.001,-0.057,73.2,7.0,,0.057,,4,4,0.904,0.904,31,26,31,27,3,2,5,1,6,2,1.24,0.5,0.5,47.3,5.523077155527564,29.944845619017187,28.338719673821373,44.91876005008611,14.78519473308248
CH,2024-04-09,83.7,-1.33,6.17,"Houser, Adrian",660670,605288,,foul,,,,,9,Foul,R,R,R,ATL,NYM,S,,,0,0,2024,-0.94,0.4,0.6446144916725198,2.149812621003474,,,,1,4,Bot,,,,,,,6.469298071660893,-121.73428478922656,-3.652842918600859,-10.587652572064922,24.650197042171065,-27.675309836712675,3.49,1.57,66,72.2,11,84.3,1470,6.8,747138,553882,624413,643446,683146,596019,607043,664056,516782,53.73,,,,,,,,35,1,Changeup,4,0,4,0,0,4,4,0,Standard,Standard,233,-0.001,-0.037,77.7,8.5,,0.037,88.0,4,4,0.905,0.905,31,26,31,27,3,2,5,1,6,2,2.87,0.94,0.94,43.2,18.572129418918607,-1.8909896076809272,38.96648274181832,45.0119330109027,34.81662480586931
SL,2024-04-09,79.9,-1.29,6.21,"Houser, Adrian",660670,605288,single,hit_into_play,,,,,8,Ronald Acuña Jr. singles on a sharp line drive to left fielder Brandon Nimmo.,R,R,R,ATL,NYM,X,7,line_drive,0,0,2024,0.39,0.34,-0.0592041727405168,2.134997535623892,,,,0,3,Bot,57.7,103.85,,,,,1.9956949136370232,-116.51188640400228,-3.0074236895843764,3.211880157048284,20.073816925262346,-28.729219613579193,3.49,1.57,234,104.6,13,81.1,2132,6.8,747138,553882,624413,643446,683146,596019,607043,664056,516782,53.73,0.858,0.869,0.9,1,1,0,4,21,1,Slider,1,0,1,0,0,1,1,0,Standard,Standard,103,0.032,0.448,78.1,8.2,1.162,-0.448,104.6,1,1,0.669,0.669,31,26,31,27,2,1,5,1,6,2,3.19,-0.39,-0.39,44.3,20.208655134854236,-8.445489450861546,36.19992831736761,38.58165792546397,38.599768837164504
SI,2024-04-09,91.2,-1.38,6.26,"Houser, Adrian",660670,605288,hit_by_pitch,hit_by_pitch,,,,,11,Ronald Acuña Jr. hit by pitch.,R,R,R,ATL,NYM,B,,,0,0,2024,-1.24,0.95,-2.220613082393017,3.6530134810623864,,,,0,1,Bot,,,,,,,0.5462537895262203,-132.79552427271778,-2.6948431979423932,-14.7224268588487,30.392078432620984,-20.566908190914315,3.49,1.57,,,,91.3,2066,6.5,747138,553882,624413,643446,683146,596019,607043,664056,516782,54.05,,0.720192,0.7,1,0,0,,4,1,Sinker,0,0,0,0,0,0,0,0,Standard,Standard,222,0.035,0.451,,,,-0.451,,0,0,0.548,0.548,31,26,31,27,1,0,5,1,6,2,1.8,1.24,1.24,40.6,,,,,
FF,2024-04-08,95.2,-2.1,5.84,"Smith, Drew",660670,622098,walk,ball,,,,,12,Ronald Acuña Jr. walks.,R,R,R,ATL,NYM,B,,,3,2,2024,-0.39,1.47,0.147402796909058,4.081380260969926,671739,606115,,2,8,Bot,,,,,,,6.74590143449059,-138.53593453366793,-2.2518990624461854,-6.545545833901776,31.643386266481063,-12.957282906411477,3.5139353616431,1.5377940185481,,,,94.8,2518,6.1,747142,682626,624413,643446,683146,596019,621438,607043,516782,54.4,,0.689131,0.7,1,0,0,,76,8,4-Seam Fastball,5,8,5,8,8,5,5,8,Standard,Standard,202,0.032,0.139,,,,-0.139,,-3,-3,0.106,0.106,30,26,31,27,1,4,3,1,3,1,1.05,0.39,0.39,41.7,,,,,
FC,2024-04-08,91.0,-2.34,5.74,"Smith, Drew",660670,622098,,foul,,,,,4,Foul,R,R,R,ATL,NYM,S,,,3,2,2024,0.46,0.67,-0.5157838515452946,2.710907107684709,671739,606115,,2,8,Bot,,,,,,,3.5874016571616347,-132.50522359051038,-3.1413159595376277,4.685616260867638,27.513739895568794,-23.848806195706658,3.49,1.57,244,76.7,45,90.8,2649,6.0,747142,682626,624413,643446,683146,596019,621438,607043,516782,54.45,,,,,,,,76,7,Cutter,5,8,5,8,8,5,5,8,Standard,Standard,176,0.0,0.0,73.7,6.7,,0.0,88.0,-3,-3,0.106,0.106,30,26,31,27,1,4,3,1,3,1,2.08,-0.46,-0.46,39.0,0.9348625772042132,16.193002000424638,33.6060815766931,30.47192415514968,22.944524680597205
CH,2024-04-08,85.7,-2.35,5.51,"Smith, Drew",660670,622098,,ball,,,,,14,Ball,R,R,R,ATL,NYM,B,,,2,2,2024,-1.28,0.64,0.574853217258247,1.060888372967936,671739,606115,,2,8,Bot,,,,,,,9.49869521709193,-124.31040427590077,-5.4594798748882765,-15.229372754236923,27.212929187728815,-24.53421883532853,3.48669077177743,1.59186818288762,,,,85.4,1960,6.5,747142,682626,624413,643446,683146,596019,621438,607043,516782,54.05,,,,,,,,76,6,Changeup,5,8,5,8,8,5,5,8,Standard,Standard,242,0.016,0.046,,,,-0.046,,-3,-3,0.09,0.09,30,26,31,27,1,4,3,1,3,1,2.5,1.28,1.28,37.1,,,,,
FF,2024-04-08,95.8,-2.28,5.69,"Smith, Drew",660670,622098,,foul,,,,,2,Foul,R,R,R,ATL,NYM,S,,,2,2,2024,-0.54,1.44,0.1535799300587261,2.912477499967509,671739,606115,,2,8,Bot,,,,,,,7.6161418010576,-139.19116201571737,-4.896349041542496,-8.856435226256105,33.883129485073944,-12.528794953805292,3.49,1.57,179,85.5,63,95.0,2588,6.1,747142,682626,624413,643446,683146,596019,621438,607043,516782,54.4,,,,,,,,76,5,4-Seam Fastball,5,8,5,8,8,5,5,8,Standard,Standard,212,0.0,0.0,71.3,7.3,,0.0,88.0,-3,-3,0.09,0.09,30,26,31,27,1,4,3,1,3,1,1.06,0.54,0.54,37.9,0.2870966261205759,-1.8203936079038996,29.756095618408015,37.93398042743229,26.66341840785823
FC,2024-04-08,90.5,-2.42,5.68,"Smith, Drew",660670,622098,,swinging_strike,,,,,6,Swinging Strike,R,R,R,ATL,NYM,S,,,2,1,2024,0.48,0.74,0.3342672560465086,2.4273795719745825,671739,606115,,2,8,Bot,,,,,,,5.828613608336108,-131.60421138972606,-3.733037717930509,4.337543494288793,28.911449401833742,-22.962427957637832,3.49,1.57,,,,90.2,2771,6.2,747142,682626,624413,643446,683146,596019,621438,607043,516782,54.27,,,,,,,,76,4,Cutter,5,8,5,8,8,5,5,8,Standard,Standard,178,-0.014,-0.06,82.4,8.4,,0.06,,-3,-3,0.104,0.104,30,26,31,27,1,4,3,1,3,1,2.05,-0.48,-0.48,39.7,22.324514327076276,-28.326644405847535,29.001650715671968,40.979934790200225,49.72556221961035
FF,2024-04-08,95.9,-2.32,5.79,"Smith, Drew",660670,622098,,called_strike,,,,,12,Called Strike,R,R,R,ATL,NYM,S,,,2,0,2024,-0.66,1.48,0.913646702704073,2.949693915313113,671739,606115,,2,8,Bot,,,,,,,9.999877075892709,-139.242184881395,-5.161522338973418,-10.932055176391488,33.16586490253514,-11.99088817485496,3.54002651163393,1.59070482804012,,,,95.2,2620,6.2,747142,682626,624413,643446,683146,596019,621438,607043,516782,54.35,,,,,,,,76,3,4-Seam Fastball,5,8,5,8,8,5,5,8,Standard,Standard,209,-0.007,-0.028,,,,0.028,,-3,-3,0.111,0.111,30,26,31,27,1,4,3,1,3,1,1.03,0.66,0.66,41.0,,,,,
FF,2024-04-08,95.5,-2.3,5.77,"Smith, Drew",660670,622098,,ball,,,,,2,Ball,R,R,R,ATL,NYM,B,,,1,0,2024,-0.5,1.58,0.0279624708431217,3.656071971778241,671739,606115,,2,8,Bot,,,,,,,7.214604609358551,-138.81762903178753,-3.430521407371531,-8.258758065232284,34.41323535502374,-11.245252107743536,3.5684355730085,1.56482946015117,,,,94.6,2691,6.1,747142,682626,624413,643446,683146,596019,621438,607043,516782,54.42,,,,,,,,76,2,4-Seam Fastball,5,8,5,8,8,5,5,8,Standard,Standard,215,0.007,0.014,,,,-0.014,,-3,-3,0.104,0.104,30,26,31,27,1,4,3,1,3,1,0.94,0.5,0.5,42.4,,,,,
FC,2024-04-08,90.9,-2.35,5.69,"Smith, Drew",660670,622098,,ball,,,,,14,Ball,R,R,R,ATL,NYM,B,,,0,0,2024,0.33,0.89,1.5594662877823662,1.8960203391118544,671739,606115,,2,8,Bot,,,,,,,9.030767191286824,-131.9318362895304,-5.428734619612834,1.7988966401113824,29.801179696732763,-20.746090554868168,3.81386665232973,1.78123265081927,,,,90.2,2787,6.1,747142,682626,624413,643446,683146,596019,621438,607043,516782,54.38,,,,,,,,76,1,Cutter,5,8,5,8,8,5,5,8,Standard,Standard,185,0.004,0.021,,,,-0.021,,-3,-3,0.1,0.1,30,26,31,27,1,4,3,1,3,1,1.89,-0.33,-0.33,38.3,,,,,
CH,2024-04-08,85.3,-1.57,5.95,"Sulser, Cole",660670,642121,field_out,hit_into_play,,,,,5,"Ronald Acuña Jr. grounds out, third baseman Brett Baty to first baseman Pete Alonso.",R,R,R,ATL,NYM,X,5,ground_ball,3,2,2024,-1.08,0.25,-0.082937077843926,2.2139038617363695,,518595,,1,6,Bot,92.78,159.7,,,,,5.7189342170392745,-124.1302671437854,-3.024327075682367,-12.331047089130406,24.5526065343159,-29.15329516404247,3.49,1.57,5,96.3,-23,85.9,1715,6.6,747142,682626,624413,621563,683146,596019,643446,607043,516782,53.87,0.14,0.136,0.0,1,0,0,2,54,7,Changeup,5,4,5,4,4,5,5,4,Standard,Standard,235,-0.035,-0.273,,,0.164,0.273,96.3,1,1,0.762,0.762,34,26,34,27,1,3,,1,1,1,2.88,1.08,1.08,44.3,,,,,
CH,2024-04-08,86.1,-1.42,6.01,"Sulser, Cole",660670,642121,,blocked_ball,,,,,14,Ball In Dirt,R,R,R,ATL,NYM,B,,,2,2,2024,-1.53,0.57,0.4561425092023614,0.2447906978833809,,518595,,1,6,Bot,,,,,,,7.622882788998833,-124.9145678708322,-8.600881958510511,-17.608620769400684,25.898216621649382,-24.61892919830609,3.54118363139994,1.64595554667338,,,,86.4,1587,6.7,747142,682626,624413,621563,683146,596019,643446,607043,516782,53.78,,,,,,,,54,6,Changeup,5,4,5,4,4,5,5,4,Standard,Standard,234,0.007,0.074,,,,-0.074,,1,1,0.755,0.755,34,26,34,27,1,3,,1,1,1,2.53,1.53,1.53,43.6,,,,,
CH,2024-04-08,85.5,-1.46,5.92,"Sulser, Cole",660670,642121,,foul,,,,,8,Foul,R,R,R,ATL,NYM,S,,,2,2,2024,-1.59,0.26,-0.135986615443747,2.0964815030433273,,518595,,1,6,Bot,,,,,,,6.366397717775496,-124.33569921375624,-3.223319526996637,-17.73127531728627,26.325900808747868,-28.982048135064787,3.49,1.57,5,85.5,-23,85.9,1628,6.7,747142,682626,624413,621563,683146,596019,643446,607043,516782,53.81,,,,,,,,54,5,Changeup,5,4,5,4,4,5,5,4,Standard,Standard,232,0.0,0.0,78.0,8.7,,0.0,88.0,1,1,0.755,0.755,34,26,34,27,1,3,,1,1,1,2.87,1.59,1.59,44.1,28.74846997663549,-19.81471027729074,30.834741034546752,35.15798827706042,47.37033314975746
FF,2024-04-08,93.1,-1.45,5.94,"Sulser, Cole",660670,642121,,foul,,,,,1,Foul,R,R,R,ATL,NYM,S,,,2,1,2024,-0.91,1.62,-0.2942484170614098,3.041473604937364,,518595,,1,6,Bot,,,,,,,5.037619331935707,-135.40558362487323,-5.202329173695117,-12.37180829840612,33.524277948226825,-11.3522047981949,3.49,1.57,236,73.7,36,93.5,2417,6.8,747142,682626,624413,621563,683146,596019,643446,607043,516782,53.66,,,,,,,,54,4,4-Seam Fastball,5,4,5,4,4,5,5,4,Standard,Standard,212,-0.006,-0.082,77.8,7.7,,0.082,88.0,1,1,0.761,0.761,34,26,34,27,1,3,,1,1,1,1.04,0.91,0.91,50.1,13.752820639961136,-1.629094450385537,30.119543412727484,33.95245302102068,30.57012531884092
CH,2024-04-08,85.3,-1.57,5.91,"Sulser, Cole",660670,642121,,blocked_ball,,,,,14,Ball In Dirt,R,R,R,ATL,NYM,B,,,1,1,2024,-1.04,0.31,1.013646991333339,0.0891367810326242,,518595,,1,6,Bot,,,,,,,8.235650758675913,-123.84929957829772,-8.05235971022379,-12.338360784309824,23.97129865410504,-27.563737665234193,3.5139353616431,1.61891020556929,,,,86.0,1735,6.8,747142,682626,624413,621563,683146,596019,643446,607043,516782,53.71,,,,,,,,54,3,Changeup,5,4,5,4,4,5,5,4,Standard,Standard,234,0.003,0.038,,,,-0.038,,1,1,0.758,0.758,34,26,34,27,1,3,,1,1,1,2.83,1.04,1.04,39.3,,,,,
CH,2024-04-08,85.1,-1.52,5.97,"Sulser, Cole",660670,642121,,ball,,,,,14,Ball,R,R,R,ATL,NYM,B,,,0,1,2024,-1.16,0.4,0.5807234505448644,0.747806499897222,,518595,,1,6,Bot,,,,,,,7.287738416243284,-123.54367400173923,-6.72818907415791,-13.352978482537008,25.453571644638735,-26.919732150359437,3.54118363139994,1.61891020556929,,,,85.4,1758,6.7,747142,682626,624413,621563,683146,596019,643446,607043,516782,53.8,,,,,,,,54,2,Changeup,5,4,5,4,4,5,5,4,Standard,Standard,230,0.003,0.021,,,,-0.021,,1,1,0.755,0.755,34,26,34,27,1,3,,1,1,1,2.78,1.16,1.16,43.4,,,,,
ST,2024-04-08,83.4,-1.75,5.87,"Sulser, Cole",660670,642121,,foul,,,,,6,Foul,R,R,R,ATL,NYM,S,,,0,0,2024,0.59,0.46,0.6797172768780737,2.58178733887927,,518595,,1,6,Bot,,,,,,,4.474568488878183,-121.34062890931916,-1.9648482832233192,4.8005626513150155,25.929133685887283,-27.465899447993625,3.49,1.57,126,83.1,70,83.8,2487,6.7,747142,682626,624413,621563,683146,596019,643446,607043,516782,53.76,,,,,,,,54,1,Sweeper,5,4,5,4,4,5,5,4,Standard,Standard,64,-0.005,-0.036,77.3,7.9,,0.036,88.0,1,1,0.76,0.76,34,26,34,27,1,3,,1,1,1,2.84,-0.59,-0.59,39.8,8.770163504550206,0.495909086175494,34.87783615915974,46.63482603070378,34.000929624546686
ST,2024-04-08,85.3,-2.26,5.64,"Garrett, Reed",660670,657585,field_out,hit_into_play,,,,,8,Ronald Acuña Jr. flies out to left fielder Jeff McNeil.,R,R,R,ATL,NYM,X,7,fly_ball,3,2,2024,1.18,0.14,0.1477037349224388,1.8587944815230748,,,,1,4,Bot,72.74,118.98,,,,,3.277720768216953,-124.21543638968298,-2.8903326319023614,11.59542825533056,24.670490712020698,-30.351600531209208,3.49,1.57,239,78.7,46,84.9,2814,6.0,747142,682626,624413,621563,683146,596019,643446,607043,516782,54.55,0.053,0.059,0.0,1,0,0,3,35,6,Sweeper,4,1,4,1,1,4,4,1,Standard,Standard,59,-0.01,-0.332,76.1,8.6,0.081,0.332,88.0,3,3,0.852,0.852,31,26,31,27,1,2,4,1,4,1,2.98,-1.18,-1.18,37.4,24.503734377267,-13.184167855178655,37.424628607381806,38.44981876106425,46.64726513452726
ST,2024-04-08,85.5,-2.27,5.66,"Garrett, Reed",660670,657585,,ball,,,,,14,Ball,R,R,R,ATL,NYM,B,,,2,2,2024,1.12,0.12,1.9033258096285417,1.8010379853156944,,,,1,4,Bot,,,,,,,7.566130914680131,-124.3881066062698,-3.0143616996062472,9.986156740293628,25.802853374239227,-30.562185233089306,3.5139353616431,1.59186818288762,,,,85.2,2816,6.2,747142,682626,624413,621563,683146,596019,643446,607043,516782,54.33,,,,,,,,35,5,Sweeper,4,1,4,1,1,4,4,1,Standard,Standard,48,0.003,0.108,,,,-0.108,,3,3,0.849,0.849,31,26,31,27,1,2,4,1,4,1,3.01,-1.12,-1.12,38.5,,,,,
FC,2024-04-08,92.5,-2.19,5.7,"Garrett, Reed",660670,657585,,swinging_strike,,,,,9,Swinging Strike,R,R,R,ATL,NYM,S,,,2,1,2024,0.2,0.72,0.7113358591644322,1.61589429875284,,,,1,4,Bot,,,,,,,6.942297573602465,-134.6018159671726,-6.237620528331923,1.1114398240704535,25.581459695173088,-22.324006719195488,3.49,1.57,,,,92.7,2493,6.1,747142,682626,624413,621563,683146,596019,643446,607043,516782,54.39,,,,,,,,35,4,Cutter,4,1,4,1,1,4,4,1,Standard,Standard,201,-0.002,-0.078,79.6,8.6,,0.078,,3,3,0.851,0.851,31,26,31,27,1,2,4,1,4,1,1.92,-0.2,-0.2,35.4,19.060402678705437,-6.4617232804832385,36.02395262625079,47.79474095960506,36.01194557003494
SI,2024-04-08,96.1,-2.18,5.77,"Garrett, Reed",660670,657585,,ball,,,,,13,Ball,R,R,R,ATL,NYM,B,,,1,1,2024,-1.27,0.92,-0.7440700624280494,0.8533459352823396,,,,1,4,Bot,,,,,,,6.653386373285853,-139.57432765593347,-9.486778718135914,-18.10294090194633,29.84013380590573,-18.169156346646627,3.48669077177743,1.56482946015117,,,,95.8,2269,6.1,747142,682626,624413,621563,683146,596019,643446,607043,516782,54.39,,,,,,,,35,3,Sinker,4,1,4,1,1,4,4,1,Standard,Standard,226,0.001,0.059,,,,-0.059,,3,3,0.85,0.85,31,26,31,27,1,2,4,1,4,1,1.54,1.27,1.27,37.5,,,,,
FS,2024-04-08,88.3,-2.28,5.82,"Garrett, Reed",660670,657585,,ball,,,,,13,Ball,R,R,R,ATL,NYM,B,,,0,1,2024,-1.22,-0.02,-0.9405607682381544,1.4564775448722864,,,,1,4,Bot,,,,,,,5.778085514815777,-128.41541150913366,-4.485538040390509,-14.651452548837954,26.02575382496334,-31.66595137463964,3.5139353616431,1.61891020556929,,,,88.2,1568,6.2,747142,682626,624413,621563,683146,596019,643446,607043,516782,54.3,,,,,,,,35,2,Split-Finger,4,1,4,1,1,4,4,1,Standard,Standard,230,0.001,0.024,,,,-0.024,,3,3,0.849,0.849,31,26,31,27,1,2,4,1,4,1,2.94,1.22,1.22,38.7,,,,,
SI,2024-04-08,95.1,-2.05,5.8,"Garrett, Reed",660670,657585,,swinging_strike,,,,,13,Swinging Strike,R,R,R,ATL,NYM,S,,,0,0,2024,-1.35,0.73,-0.1295704626087437,0.7727664986774136,,,,1,4,Bot,,,,,,,8.040394959914224,-138.02937007887428,-9.135298485680943,-19.03232728722399,30.299013374092855,-20.943348588574867,3.49,1.57,,,,94.9,2219,6.3,747142,682626,624413,621563,683146,596019,643446,607043,516782,54.2,,,,,,,,35,1,Sinker,4,1,4,1,1,4,4,1,Standard,Standard,225,-0.001,-0.037,54.5,7.7,,0.037,,3,3,0.85,0.85,31,26,31,27,1,2,4,1,4,1,1.8,1.35,1.35,38.0,7.112817484343945,18.374566302659304,42.31688169867221,38.60939635758123,21.696465136979892
CU,2024-04-08,77.6,-2.63,5.14,"Teheran, Julio",660670,527054,walk,ball,,,,,13,Ronald Acuña Jr. walks. Jarred Kelenic to 2nd.,R,R,R,ATL,NYM,B,,,3,2,2024,0.71,-0.32,-2.3157309710694687,2.4687911956947413,,,672284,0,3,Bot,,,,,,,-0.6227185116148631,-112.94005425821472,1.8109426036891791,6.184361652366182,21.51475888635925,-35.4555551053618,3.5139353616431,1.56482946015117,,,,77.3,2622,6.2,747142,682626,624413,621563,683146,596019,643446,607043,516782,54.32,,0.689131,0.7,1,0,0,,21,7,Curveball,0,0,0,0,0,0,0,0,Standard,Standard,79,0.05,0.291,,,,-0.291,,0,0,0.604,0.604,33,26,33,27,2,1,,1,,1,4.12,-0.71,-0.71,24.6,,,,,
SI,2024-04-08,90.5,-2.78,4.94,"Teheran, Julio",660670,527054,,foul,,,,,8,Foul,R,R,R,ATL,NYM,S,,,3,2,2024,-1.13,0.15,0.2713031618523895,1.5136528231194637,,,672284,0,3,Bot,,,,,,,10.028113280824623,-131.4078718448974,-2.930942497241598,-15.224973708093604,26.70427062996567,-30.06264805263561,3.49,1.57,205,72.7,41,90.6,2143,6.4,747142,682626,624413,621563,683146,596019,643446,607043,516782,54.13,,,,,,,,21,6,Sinker,0,0,0,0,0,0,0,0,Standard,Standard,239,0.0,0.0,79.3,8.1,,0.0,88.0,0,0,0.604,0.604,33,26,33,27,2,1,,1,,1,2.64,1.13,1.13,18.3,6.616642830052421,4.896482597284892,40.801537951121006,39.95862056762389,29.46097083383961
SI,2024-04-08,90.6,-2.78,4.93,"Teheran, Julio",660670,527054,,swinging_strike,,,,,4,Swinging Strike,R,R,R,ATL,NYM,S,,,3,1,2024,-1.18,0.21,-0.576483480274256,2.743963971968902,,,672284,0,3,Bot,,,,,,,8.025942572303817,-131.73237135459647,0.0363242116862849,-15.461040813790383,28.509497749688673,-29.972311043458923,3.49,1.57,,,,90.5,2195,6.3,747142,682626,624413,621563,683146,596019,643446,607043,516782,54.19,,,,,,,,21,5,Sinker,0,0,0,0,0,0,0,0,Standard,Standard,237,-0.015,-0.04,80.2,7.6,,0.04,88.0,0,0,0.619,0.619,33,26,33,27,2,1,,1,,1,2.58,1.18,1.18,16.1,8.940973893150034,4.673014094935515,35.527100060227355,33.7688134335456,23.229006417538045
FC,2024-04-08,87.2,-2.53,5.01,"Teheran, Julio",660670,527054,,ball,,,,,14,Ball,R,R,R,ATL,NYM,B,,,2,1,2024,0.0,0.82,1.3338671944384175,1.1852482288383932,,,672284,0,3,Bot,,,,,,,9.281170346198786,-126.6802578517863,-4.747843280941749,-1.705672701407866,22.774474214112097,-22.5983689868609,3.54118363139994,1.59186818288762,,,,87.5,2505,6.3,747142,682626,624413,621563,683146,596019,643446,607043,516782,54.19,,,,,,,,21,4,Cutter,0,0,0,0,0,0,0,0,Standard,Standard,229,0.018,0.109,,,,-0.109,,0,0,0.601,0.601,33,26,33,27,2,1,,1,,1,2.16,0.0,0.0,20.2,,,,,
SI,2024-04-08,91.1,-2.83,4.97,"Teheran, Julio",660670,527054,,swinging_strike,,,,,11,Swinging Strike,R,R,R,ATL,NYM,S,,,2,0,2024,-0.98,0.11,-0.9234969091858316,2.5336218371459776,,,672284,0,3,Bot,,,,,,,6.8745283131112185,-132.62493080349523,-0.4917088020838286,-13.024536690650686,26.87777395993753,-31.020025544021586,3.49,1.57,,,,91.2,2199,6.2,747142,682626,624413,621563,683146,596019,643446,607043,516782,54.3,,,,,,,,21,3,Sinker,0,0,0,0,0,0,0,0,Standard,Standard,234,-0.012,-0.074,53.3,5.6,,0.074,,0,0,0.613,0.613,33,26,33,27,2,1,,1,,1,2.63,0.98,0.98,19.1,-20.39472585778405,46.49596460106539,46.946356301929995,27.059866420387145,9.916089373673191
FC,2024-04-08,86.8,-2.61,5.03,"Teheran, Julio",660670,527054,,ball,,,,,9,Ball,R,R,R,ATL,NYM,B,,,1,0,2024,0.02,0.69,0.6990495513247208,1.605349201746724,,,672284,0,3,Bot,,,,,,,7.881798607464148,-126.35385586246537,-3.5091701870146412,-1.1510426274933436,21.97372955752046,-24.292804455017144,3.51227487278402,1.67140108741502,,,,87.3,2498,6.3,747142,682626,624413,621563,683146,596019,643446,607043,516782,54.24,,,,,,,,21,2,Cutter,0,0,0,0,0,0,0,0,Standard,Standard,227,0.012,0.068,,,,-0.068,,0,0,0.601,0.601,33,26,33,27,2,1,,1,,1,2.3,-0.02,-0.02,20.0,,,,,
SI,2024-04-08,89.7,-2.85,5.0,"Teheran, Julio",660670,527054,,ball,,,,,2,Ball,R,R,R,ATL,NYM,B,,,0,0,2024,-1.01,0.15,-0.1374693227549489,3.665045910629485,,,672284,0,3,Bot,,,,,,,8.834164704651272,-130.37607151845228,2.371260895351321,-13.277075237572666,26.05851118240318,-31.142242484359723,3.5684355730085,1.56482946015117,,,,89.9,2172,6.4,747142,682626,624413,621563,683146,596019,643446,607043,516782,54.12,,,,,,,,21,1,Sinker,0,0,0,0,0,0,0,0,Standard,Standard,235,0.006,0.041,,,,-0.041,,0,0,0.595,0.595,33,26,33,27,2,1,,1,,1,2.68,1.01,1.01,19.2,,,,,
SI,2024-04-08,90.7,-2.8,5.01,"Teheran, Julio",660670,527054,field_out,hit_into_play,,,,,11,"Ronald Acuña Jr. grounds out, shortstop Francisco Lindor to first baseman Pete Alonso.",R,R,R,ATL,NYM,X,6,ground_ball,0,0,2024,-1.22,0.27,-1.1264107826895555,3.2201079968420125,,,,0,1,Bot,112.56,152.38,,,,,6.770290482280822,-132.01173157827802,0.8552787283636594,-15.73268929641128,28.101144189004756,-29.420401693520535,3.49,1.57,52,53.9,5,90.3,2161,6.1,747142,682626,624413,621563,683146,596019,643446,607043,516782,54.44,0.131,0.118,0.0,1,0,0,1,4,1,Sinker,0,0,0,0,0,0,0,0,Standard,Standard,238,-0.022,-0.254,71.1,6.9,0.135,0.254,88.0,0,0,0.548,0.548,33,26,33,27,1,0,,1,,1,2.5,1.22,1.22,19.2,9.897617609700005,5.32117110513731,31.517049774106827,25.19459722789182,24.206043041062795
FF,2024-04-07,95.8,-2.3,5.07,"Castro, Miguel",660670,612434,strikeout,swinging_strike,,,,,5,Ronald Acuña Jr. strikes out swinging.,R,R,R,ATL,AZ,S,2,,3,2,2024,-1.43,0.81,0.0332478435788479,2.6380988225210062,,,,0,8,Bot,,,,,,,9.510187118140015,-139.02894299278552,-2.56195713720268,-20.830549195674664,34.81620149719918,-21.391138862227773,3.51,1.59,,,,96.3,2292,7.0,747141,672515,572233,621028,553993,677942,666971,682998,545341,53.49,,0.0,0.0,1,0,0,,57,6,4-Seam Fastball,3,2,3,2,2,3,3,2,Standard,Standard,248,-0.017,-0.333,74.8,7.1,,0.333,,1,1,0.87,0.87,29,26,30,27,1,3,2,1,5,1,1.72,1.43,1.43,10.1,-0.4540912317715054,19.73168473529759,36.148764712037725,37.05455624453734,20.431204230157903
FF,2024-04-07,94.9,-2.32,5.02,"Castro, Miguel",660670,612434,,called_strike,,,,,5,Called Strike,R,R,R,ATL,AZ,S,,,3,1,2024,-1.45,0.62,0.1146638546181681,2.5043531855687204,,,,0,8,Bot,,,,,,,9.689718324618568,-137.7595873399296,-2.251889741486422,-20.630025699007287,32.45874591074402,-23.96612006746986,3.59248910622244,1.56251424509909,,,,95.3,2264,6.8,747141,672515,572233,621028,553993,677942,666971,682998,545341,53.73,,,,,,,,57,5,4-Seam Fastball,3,2,3,2,2,3,3,2,Standard,Standard,250,-0.005,-0.085,,,,0.085,,1,1,0.875,0.875,29,26,30,27,1,3,2,1,5,1,1.93,1.45,1.45,10.0,,,,,
SL,2024-04-07,80.6,-2.36,4.98,"Castro, Miguel",660670,612434,,ball,,,,,12,Ball,R,R,R,ATL,AZ,B,,,2,1,2024,1.48,0.37,1.4497964204503104,2.6402983766806343,,,,0,8,Bot,,,,,,,5.755623296467071,-117.2036303518602,0.8868935361449648,12.31017192297143,24.43053527196481,-29.243919872402905,3.53760157673931,1.50773642999,,,,81.6,2753,7.3,747141,672515,572233,621028,553993,677942,666971,682998,545341,53.25,,,,,,,,57,4,Slider,3,2,3,2,2,3,3,2,Standard,Standard,65,0.006,0.122,,,,-0.122,,1,1,0.869,0.869,29,26,30,27,1,3,2,1,5,1,3.18,-1.48,-1.48,12.1,,,,,
CH,2024-04-07,89.2,-2.36,5.16,"Castro, Miguel",660670,612434,,ball,,,,,11,Ball,R,R,R,ATL,AZ,B,,,1,1,2024,-1.58,-0.03,-1.753932439902695,2.7999608104373,,,,0,8,Bot,,,,,,,4.929550438028004,-129.81959834340253,0.3092872993499935,-18.904812314140287,26.64601925695641,-32.823354137208,3.45527590563945,1.50773642999,,,,91.1,1986,7.4,747141,672515,572233,621028,553993,677942,666971,682998,545341,53.13,,,,,,,,57,3,Changeup,3,2,3,2,2,3,3,2,Standard,Standard,259,0.003,0.053,,,,-0.053,,1,1,0.866,0.866,29,26,30,27,1,3,2,1,5,1,2.89,1.58,1.58,21.6,,,,,
SL,2024-04-07,80.9,-2.42,5.1,"Castro, Miguel",660670,612434,,foul,,,,,5,Foul,R,R,R,ATL,AZ,S,,,1,0,2024,1.26,0.09,-0.1454331683306147,2.2770436655631743,,,,0,8,Bot,,,,,,,2.704629146326481,-117.78530142319948,0.2431350255418316,11.131488119152287,24.36198644490958,-31.63034537854101,3.51,1.59,211,89.1,17,81.9,2943,7.2,747141,672515,572233,621028,553993,677942,666971,682998,545341,53.34,,,,,,,,57,2,Slider,3,2,3,2,2,3,3,2,Standard,Standard,74,-0.003,-0.049,79.3,8.3,,0.049,89.1,1,1,0.869,0.869,29,26,30,27,1,3,2,1,5,1,3.41,-1.26,-1.26,14.7,22.21625431015855,-14.415431132457904,34.45562720466732,36.96543729898521,45.20732045745898
SL,2024-04-07,82.2,-2.38,5.03,"Castro, Miguel",660670,612434,,ball,,,,,12,Ball,R,R,R,ATL,AZ,B,,,0,0,2024,1.64,0.52,1.3419205530439209,2.497688812348888,,,,0,8,Bot,,,,,,,5.341161336275774,-119.58840334977651,-0.0894996908754505,14.350767317282877,26.319115939959005,-27.48875428871816,3.45527590563945,1.50773642999,,,,83.2,2831,7.3,747141,672515,572233,621028,553993,677942,666971,682998,545341,53.25,,,,,,,,57,1,Slider,3,2,3,2,2,3,3,2,Standard,Standard,75,0.002,0.038,,,,-0.038,,1,1,0.867,0.867,29,26,30,27,1,3,2,1,5,1,2.9,-1.64,-1.64,13.6,,,,,
FC,2024-04-07,89.2,-1.2,6.12,"Nelson, Ryne",660670,669194,field_error,hit_into_play,,,,,7,Ronald Acuña Jr. reaches on a fielding error by shortstop Blaze Alexander.,R,R,R,ATL,AZ,X,6,ground_ball,2,0,2024,0.22,0.64,-0.3518870184518337,1.5303749596250558,,,,1,5,Bot,116.0,166.79,,,,,1.6559281649752422,-129.6573770476823,-6.591632229380945,2.01914778736632,30.665964979646436,-23.655350250333743,3.51,1.59,1,88.2,-52,89.5,2275,6.9,747141,571466,572233,621028,553993,677942,666971,682998,545341,53.64,0.238,0.219,0.9,1,0,0,2,38,3,Cutter,3,2,3,2,2,3,3,2,Standard,Standard,176,0.016,0.348,77.6,8.6,0.242,-0.348,88.2,1,1,0.694,0.694,26,26,26,27,3,2,6,1,6,1,2.26,-0.22,-0.22,49.0,25.466951315887968,-25.735762518069414,38.20556824656811,30.65105344646758,50.346335392975575
ST,2024-04-07,81.2,-1.19,6.03,"Nelson, Ryne",660670,669194,,ball,,,,,12,Ball,R,R,R,ATL,AZ,B,,,1,0,2024,1.0,0.15,1.401933780751659,2.451102521430998,,,,1,5,Bot,,,,,,,3.924730441314456,-118.18132189536448,-1.6247127762949636,8.412270128044971,25.306810919671005,-30.64842977703472,3.42783553704721,1.45296293094903,,,,81.5,2467,6.8,747141,571466,572233,621028,553993,677942,666971,682998,545341,53.71,,,,,,,,38,2,Sweeper,3,2,3,2,2,3,3,2,Standard,Standard,51,0.005,0.072,,,,-0.072,,1,1,0.689,0.689,26,26,26,27,3,2,6,1,6,1,3.34,-1.0,-1.0,48.4,,,,,
FC,2024-04-07,90.3,-1.11,6.21,"Nelson, Ryne",660670,669194,,ball,,,,,11,Ball,R,R,R,ATL,AZ,B,,,0,0,2024,-0.08,0.77,-0.9004097321899449,2.915050922283283,,,,1,5,Bot,,,,,,,0.7081700014156205,-131.4209621277804,-3.891091394785016,-1.0537224990217615,30.362215652939955,-22.66374217208062,3.48271703882973,1.53512480073299,,,,91.1,2270,7.0,747141,571466,572233,621028,553993,677942,666971,682998,545341,53.53,,,,,,,,38,1,Cutter,3,2,3,2,2,3,3,2,Standard,Standard,175,0.002,0.039,,,,-0.039,,1,1,0.687,0.687,26,26,26,27,3,2,6,1,6,1,2.05,0.08,0.08,48.3,,,,,
FF,2024-04-07,95.6,-1.14,6.09,"Nelson, Ryne",660670,669194,strikeout,swinging_strike,,,,,4,Ronald Acuña Jr. strikes out swinging.,R,R,R,ATL,AZ,S,2,,2,2,2024,-0.31,1.66,-0.5661166786594298,2.479788391031322,606115,,672284,2,2,Bot,,,,,,,2.2517542240972217,-139.11712587604015,-7.731120631856279,-4.537015194353153,31.381479338858806,-9.085794404387988,3.51,1.59,,,,96.9,2278,7.0,747141,571466,572233,621028,553993,677942,666971,682998,545341,53.47,,0.0,0.0,1,0,0,,16,6,4-Seam Fastball,2,0,2,0,0,2,2,0,Standard,Standard,197,-0.03,-0.238,75.0,6.7,,0.238,,2,2,0.742,0.742,26,26,26,27,2,1,6,1,6,1,0.83,0.31,0.31,48.8,-7.064691302518629,16.93688379570226,42.900756140838546,28.88203322463272,21.424171285611095
FF,2024-04-07,96.3,-1.26,6.01,"Nelson, Ryne",660670,669194,,foul,,,,,2,Foul,R,R,R,ATL,AZ,S,,,2,2,2024,-0.47,1.43,0.0625904098669565,2.9929692074266443,606115,,672284,2,2,Bot,,,,,,,4.639050878108177,-140.16597151815665,-5.741169852459157,-7.195114165265471,31.991241985741308,-12.268557846635504,3.51,1.59,,,,97.4,2357,6.9,747141,571466,572233,621028,553993,677942,666971,682998,545341,53.57,,,,,,,,16,5,4-Seam Fastball,2,0,2,0,0,2,2,0,Standard,Standard,197,0.0,0.0,80.2,7.3,,0.0,,2,2,0.742,0.742,26,26,26,27,2,1,6,1,6,1,1.03,0.47,0.47,43.5,8.005801016125073,7.963610464289088,27.55073033903801,35.8734530396659,28.444284679639633
SL,2024-04-07,84.8,-1.27,6.2,"Nelson, Ryne",660670,669194,,ball,,,,,14,Ball,R,R,R,ATL,AZ,B,,,1,2,2024,0.36,0.01,0.0996006576456837,1.5076943200128683,606115,,672284,2,2,Bot,,,,,,,2.4918599843814704,-123.38505919464592,-4.653269532821245,3.1625613846573306,26.235904656073235,-31.34159636739857,3.50805938412109,1.69168406174434,,,,85.5,2528,6.9,747141,571466,572233,621028,553993,677942,666971,682998,545341,53.57,,,,,,,,16,4,Slider,2,0,2,0,0,2,2,0,Standard,Standard,72,0.006,0.045,,,,-0.045,,2,2,0.736,0.736,26,26,26,27,2,1,6,1,6,1,3.18,-0.36,-0.36,47.5,,,,,
FF,2024-04-07,96.3,-1.26,6.12,"Nelson, Ryne",660670,669194,,swinging_strike,,,,,2,Swinging Strike,R,R,R,ATL,AZ,S,,,1,1,2024,-0.26,1.63,-0.2474140844118884,3.080663568350549,606115,,672284,2,2,Bot,,,,,,,3.328750911409416,-140.11612816829364,-6.252733253121815,-4.239483301690982,32.11420191721927,-9.523274218527977,3.51,1.59,,,,97.4,2318,7.0,747141,571466,572233,621028,553993,677942,666971,682998,545341,53.53,,,,,,,,16,3,4-Seam Fastball,2,0,2,0,0,2,2,0,Standard,Standard,197,-0.009,-0.078,76.5,6.7,,0.078,,2,2,0.745,0.745,26,26,26,27,2,1,6,1,6,1,0.83,0.26,0.26,47.4,0.8128716367860988,22.090546929553692,35.52139021978179,33.64883793060646,19.4689943990953
ST,2024-04-07,80.0,-1.58,6.1,"Nelson, Ryne",660670,669194,,called_strike,,,,,4,Called Strike,R,R,R,ATL,AZ,S,,,1,0,2024,0.81,-0.39,-0.3220757414709841,2.4569276372969635,606115,,672284,2,2,Bot,,,,,,,1.2676073010075697,-116.48725059944056,-0.5532121349249105,7.05533714218251,23.31024296031468,-35.80371281346736,3.4927212182018,1.52751342809749,,,,80.4,2614,6.7,747141,571466,572233,621028,553993,677942,666971,682998,545341,53.79,,,,,,,,16,2,Sweeper,2,0,2,0,0,2,2,0,Standard,Standard,55,-0.004,-0.045,,,,0.045,,2,2,0.749,0.749,26,26,26,27,2,1,6,1,6,1,3.96,-0.81,-0.81,44.8,,,,,
FF,2024-04-07,95.4,-1.33,6.18,"Nelson, Ryne",660670,669194,,ball,,,,,11,Ball,R,R,R,ATL,AZ,B,,,0,0,2024,-0.38,1.66,-1.3700929755700453,4.242014918690281,606115,,672284,2,2,Bot,,,,,,,0.7476774684364005,-138.9726340787092,-3.213821125317451,-5.063237585126046,32.53114188715605,-10.237044077860205,3.4927212182018,1.52751342809749,,,,96.5,2340,6.9,747141,571466,572233,621028,553993,677942,666971,682998,545341,53.55,,,,,,,,16,1,4-Seam Fastball,2,0,2,0,0,2,2,0,Standard,Standard,197,0.002,0.03,,,,-0.03,,2,2,0.747,0.747,26,26,26,27,2,1,6,1,6,1,0.85,0.38,0.38,47.8,,,,,
ST,2024-04-07,80.7,-1.52,6.14,"Nelson, Ryne",660670,669194,field_out,hit_into_play,,,,,11,Ronald Acuña Jr. pops out to first baseman Christian Walker.,R,R,R,ATL,AZ,X,3,popup,3,2,2024,0.67,-0.05,-0.9013877923362106,3.036761695206976,,,,0,1,Bot,142.38,173.46,,,,,0.0998944581819523,-117.48236682044416,-0.0687968743907805,6.17511833692077,24.56015833585342,-32.85321811064054,3.51,1.59,83,68.6,73,81.3,2401,6.9,747141,571466,572233,621028,553993,677942,666971,682998,545341,53.61,0.003,0.003,0.0,1,0,0,3,4,7,Sweeper,0,0,0,0,0,0,0,0,Standard,Standard,60,-0.027,-0.333,65.5,6.9,0.003,0.333,88.0,0,0,0.553,0.553,26,26,26,27,1,0,6,1,6,1,3.58,-0.67,-0.67,45.7,11.186196472521996,-8.86514869212337,29.557468220901445,25.589110774269074,29.259674799476883
FF,2024-04-07,96.0,-1.04,6.19,"Nelson, Ryne",660670,669194,,ball,,,,,12,Ball,R,R,R,ATL,AZ,B,,,2,2,2024,-0.43,1.66,0.1263637849276414,3.917290952953002,,,,0,1,Bot,,,,,,,4.131131502347453,-139.7561708788181,-4.2034495019047995,-6.643288032368728,33.42663789553017,-9.67652753667404,3.56507091569486,1.58989344071971,,,,97.0,2230,7.0,747141,571466,572233,621028,553993,677942,666971,682998,545341,53.54,,,,,,,,4,6,4-Seam Fastball,0,0,0,0,0,0,0,0,Standard,Standard,193,0.008,0.107,,,,-0.107,,0,0,0.545,0.545,26,26,26,27,1,0,6,1,6,1,0.82,0.43,0.43,50.2,,,,,
FF,2024-04-07,95.8,-1.23,6.11,"Nelson, Ryne",660670,669194,,foul,,,,,11,Foul,R,R,R,ATL,AZ,S,,,2,2,2024,-0.46,1.61,-0.963892641794557,2.8446062957007596,,,,0,1,Bot,,,,,,,1.762361681108466,-139.31054409982232,-6.687575533024601,-6.322756129438619,33.38193602902262,-9.997227415578058,3.51,1.59,66,51.7,9,96.7,2232,7.0,747141,571466,572233,621028,553993,677942,666971,682998,545341,53.51,,,,,,,,4,5,4-Seam Fastball,0,0,0,0,0,0,0,0,Standard,Standard,198,0.0,0.0,63.7,5.8,,0.0,88.0,0,0,0.545,0.545,26,26,26,27,1,0,6,1,6,1,0.9,0.46,0.46,45.4,-16.842151342426895,22.551398316448672,43.7265659860976,24.191009881845424,22.044259280691985
SL,2024-04-07,80.3,-1.62,5.91,"Nelson, Ryne",660670,669194,,foul,,,,,6,Foul,R,R,R,ATL,AZ,S,,,2,1,2024,0.5,-0.29,0.3672008463321954,2.4894003809263174,,,,0,1,Bot,,,,,,,3.4610637790808023,-116.89502156153388,-0.3224821172225199,3.9501687063760182,22.20222405814147,-34.95964632167098,3.51,1.59,133,78.5,74,80.8,2429,6.6,747141,571466,572233,621028,553993,677942,666971,682998,545341,53.86,,,,,,,,4,4,Slider,0,0,0,0,0,0,0,0,Standard,Standard,62,-0.006,-0.069,76.6,7.7,,0.069,88.0,0,0,0.551,0.551,26,26,26,27,1,0,6,1,6,1,3.82,-0.5,-0.5,40.6,12.818764873111665,3.1978510160746665,31.140119534409877,41.27692958233659,36.42629622431001
FF,2024-04-07,93.1,-1.38,5.91,"Nelson, Ryne",660670,669194,,foul,,,,,11,Foul,R,R,R,ATL,AZ,S,,,2,0,2024,-0.78,1.51,-1.0337951048864489,2.930834246041579,,,,0,1,Bot,,,,,,,2.631358859353286,-135.47660905166364,-5.243181830050133,-10.121489777325078,30.193252105264897,-12.637206758969336,3.51,1.59,152,77.7,12,94.0,2277,6.9,747141,571466,572233,621028,553993,677942,666971,682998,545341,53.65,,,,,,,,4,3,4-Seam Fastball,0,0,0,0,0,0,0,0,Standard,Standard,204,-0.007,-0.065,74.4,7.2,,0.065,88.0,0,0,0.558,0.558,26,26,26,27,1,0,6,1,6,1,1.12,0.78,0.78,41.4,14.804812646697556,-10.827177040567545,33.1069627212066,25.383313441655353,32.68419612310586
FF,2024-04-07,91.9,-1.46,6.01,"Nelson, Ryne",660670,669194,,ball,,,,,12,Ball,R,R,R,ATL,AZ,B,,,1,0,2024,-0.66,1.52,0.3067908981919351,3.5351939787897044,,,,0,1,Bot,,,,,,,5.965337281289927,-133.7088275438979,-3.7317689880263383,-9.206178472227956,29.33219968010136,-13.392444370075117,3.37321089613508,1.48020185865834,,,,92.8,2257,6.9,747141,571466,572233,621028,553993,677942,666971,682998,545341,53.64,,,,,,,,4,2,4-Seam Fastball,0,0,0,0,0,0,0,0,Standard,Standard,203,0.007,0.069,,,,-0.069,,0,0,0.551,0.551,26,26,26,27,1,0,6,1,6,1,1.19,0.66,0.66,41.7,,,,,
FF,2024-04-07,93.9,-1.43,6.11,"Nelson, Ryne",660670,669194,,ball,,,,,1,Ball,R,R,R,ATL,AZ,B,,,0,0,2024,-0.56,1.55,-0.49713793843088,3.452164346922099,,,,0,1,Bot,,,,,,,3.693088155512848,-136.71913090109916,-4.6177431980470836,-7.825419158616326,31.23571571483691,-11.972703000377043,3.40065666562327,1.50758603084219,,,,95.0,2212,7.0,747141,571466,572233,621028,553993,677942,666971,682998,545341,53.55,,,,,,,,4,1,4-Seam Fastball,0,0,0,0,0,0,0,0,Standard,Standard,202,0.003,0.038,,,,-0.038,,0,0,0.548,0.548,26,26,26,27,1,0,6,1,6,1,1.04,0.56,0.56,42.1,,,,,
SI,2024-04-06,95.8,-1.11,6.81,"Frías, Luis",660670,666818,single,hit_into_play,,,,,4,"Ronald Acuña Jr. singles on a line drive to right fielder Jake McCarthy. Jarred Kelenic scores. Ronald Acuña Jr. to 2nd. Ronald Acuña Jr. advances to 2nd, on a throwing error by right fielder Jake McCarthy.",R,R,R,ATL,AZ,X,9,line_drive,0,1,2024,-1.32,1.28,-0.4184064318579225,2.2703530538844983,,672284,,0,8,Bot,167.7,128.52,,,,,4.786875417202265,-139.31502596530925,-9.324266656401056,-18.2649751048982,26.4914149716271,-13.65287208952184,3.51,1.6,161,66.5,19,96.2,2150,6.2,747140,672515,572233,606466,553993,677942,666971,682998,664983,54.29,0.603,0.542,0.9,1,1,0,4,76,2,Sinker,7,8,7,8,8,8,8,8,Standard,Standard,206,0.274,0.552,61.2,7.3,0.612,-0.552,88.0,-1,-1,0.463,0.463,26,26,26,27,1,4,5,1,2,1,1.17,1.32,1.32,49.6,-0.825519831607993,16.615401917972523,35.933723365355455,34.29286633297291,24.56929321847454
FC,2024-04-06,88.8,-1.22,6.8,"Frías, Luis",660670,666818,,called_strike,,,,,2,Called Strike,R,R,R,ATL,AZ,S,,,0,0,2024,0.22,1.1,0.2368969291743279,2.8658411216941815,,672284,,0,8,Bot,,,,,,,3.0984494942697984,-129.37726879169682,-6.037888542728674,2.0342736007937265,20.842091779173337,-18.783958423573377,3.39210407370057,1.50925413542696,,,,89.7,2418,6.3,747140,672515,572233,606466,553993,677942,666971,682998,664983,54.21,,,,,,,,76,1,Cutter,7,8,7,8,8,7,7,8,Standard,Standard,185,-0.017,-0.035,,,,0.035,,-1,-1,0.48,0.48,26,26,26,27,1,4,5,1,2,1,1.73,-0.22,-0.22,53.8,,,,,
SL,2024-04-06,85.2,-2.43,5.85,"Jarvis, Bryce",660670,686826,strikeout,swinging_strike,,,,,14,Ronald Acuña Jr. strikes out swinging.,R,R,R,ATL,AZ,S,2,,0,2,2024,0.29,-0.31,0.9269762934480354,1.091590878966287,,,672284,2,6,Bot,,,,,,,7.247871397977184,-123.9829290209985,-4.352162998878097,1.87083428708724,19.959498581845622,-34.82976180930365,3.51,1.6,,,,85.1,2523,5.8,747140,672515,572233,606466,553993,677942,666971,682998,664983,54.7,,0.0,0.0,1,0,0,,61,3,Slider,5,8,5,8,8,5,5,8,,,38,-0.014,-0.17,,,,0.17,,-3,-3,0.121,0.121,26,26,27,27,1,3,4,1,4,1,3.4,-0.29,-0.29,38.7,,,,,
FF,2024-04-06,95.5,-1.75,6.16,"Jarvis, Bryce",660670,686826,,foul,,,,,5,Foul,R,R,R,ATL,AZ,S,,,0,1,2024,-0.65,1.46,0.2727298640940346,2.5861950564083083,,,672284,2,6,Bot,,,,,,,6.747475867895431,-138.92006192616665,-7.044979089774387,-9.927828615007568,29.484364984532895,-11.854800369028116,3.51,1.6,264,91.0,46,94.9,2166,5.9,747140,672515,572233,606466,553993,677942,666971,682998,664983,54.64,,,,,,,,61,2,4-Seam Fastball,5,8,5,8,8,5,5,8,,,223,-0.006,-0.054,,,,0.054,91.0,-3,-3,0.127,0.127,26,26,27,27,1,3,4,1,4,1,1.03,0.65,0.65,51.0,,,,,
SL,2024-04-06,86.9,-2.51,5.71,"Jarvis, Bryce",660670,686826,,swinging_strike,,,,,9,Swinging Strike,R,R,R,ATL,AZ,S,,,0,0,2024,-0.17,-0.15,0.4288720366370331,1.6167608465660837,,,672284,2,6,Bot,,,,,,,7.333742959626533,-126.25488910606316,-3.255216937530874,-3.4121964804026668,27.68566578695285,-33.21854200263178,3.51,1.6,,,,86.0,2493,6.0,747140,672515,572233,606466,553993,677942,666971,682998,664983,54.51,,,,,,,,61,1,Slider,5,8,5,8,8,5,5,8,,,50,-0.004,-0.047,82.4,8.6,,0.047,,-3,-3,0.131,0.131,26,26,27,27,1,3,4,1,4,1,3.19,0.17,0.17,29.9,19.47298115037974,-23.33834181446054,30.15717471587416,43.7461216141929,52.4480911604939
SI,2024-04-06,91.6,-1.71,5.75,"Pfaadt, Brandon",660670,694297,single,hit_into_play,,,,,7,Ronald Acuña Jr. singles on a line drive to right fielder Jake McCarthy.,R,R,R,ATL,AZ,X,9,line_drive,0,0,2024,-1.48,0.63,-0.4333989561763725,2.176770400797057,,,,0,5,Bot,171.01,108.48,,,,,6.512228663372616,-133.19326173193156,-4.553154599823415,-19.050261401356636,29.780710178640422,-23.88697098339621,3.51,1.6,253,86.5,20,92.7,2268,7.1,747140,672515,572233,606466,553993,677942,666971,682998,664983,53.44,0.618,0.611,0.9,1,1,0,4,48,1,Sinker,2,8,2,8,8,2,2,8,Standard,Standard,221,0.017,0.448,61.4,7.0,0.769,-0.448,88.0,-6,-6,0.045,0.045,25,26,26,27,3,2,6,1,6,1,2.1,1.48,1.48,31.0,-3.0131410210891434,28.298650636753603,34.21928061321817,34.03097535275585,21.329932773155523
SI,2024-04-06,92.4,-1.49,5.96,"Pfaadt, Brandon",660670,694297,strikeout,called_strike,,,,,8,Ronald Acuña Jr. called out on strikes.,R,R,R,ATL,AZ,S,2,,2,2,2024,-1.18,0.69,-0.0610791708496867,1.8839242664785645,,,672284,1,3,Bot,,,,,,,6.250022205957344,-134.47888780807185,-6.180829774683277,-15.673364897015809,25.10150749938119,-22.678641013964317,3.5429000814652,1.60028528940371,,,,93.3,2419,6.5,747140,672515,572233,606466,553993,677942,666971,682998,664983,53.98,,0.0,0.0,1,0,0,,28,5,Sinker,0,6,0,6,6,0,0,6,Standard,Standard,222,-0.012,-0.229,,,,0.229,,-6,-6,0.071,0.071,25,26,26,27,2,1,6,1,6,1,1.95,1.18,1.18,34.0,,,,,
ST,2024-04-06,86.2,-1.79,5.71,"Pfaadt, Brandon",660670,694297,,ball,,,,,14,Ball,R,R,R,ATL,AZ,B,,,1,2,2024,0.42,0.59,0.9429550357047016,1.2257331395505948,,,672284,1,3,Bot,,,,,,,5.708828123034202,-125.575234055728,-5.825363254969072,3.635268384588512,19.685877203291877,-25.051585781919133,3.59702390193247,1.64477273157858,,,,88.0,2689,6.8,747140,672515,572233,606466,553993,677942,666971,682998,664983,53.66,,,,,,,,28,4,Sweeper,0,6,0,6,6,0,0,6,Standard,Standard,133,0.002,0.048,,,,-0.048,,-6,-6,0.069,0.069,25,26,26,27,2,1,6,1,6,1,2.42,-0.42,-0.42,27.9,,,,,
CH,2024-04-06,87.7,-1.95,5.65,"Pfaadt, Brandon",660670,694297,,ball,,,,,13,Ball,R,R,R,ATL,AZ,B,,,0,2,2024,-1.64,0.25,-1.1055359114730974,1.4515104868132442,,,672284,1,3,Bot,,,,,,,5.487712941589249,-127.70827008450748,-4.662660289948306,-19.0622474303466,23.62337721833803,-28.686690084489655,3.5429000814652,1.64477273157858,,,,89.2,2069,7.0,747140,672515,572233,606466,553993,677942,666971,682998,664983,53.54,,,,,,,,28,3,Changeup,0,6,0,6,6,0,0,6,Standard,Standard,233,0.002,0.022,,,,-0.022,,-6,-6,0.067,0.067,25,26,26,27,2,1,6,1,6,1,2.68,1.64,1.64,26.8,,,,,
FF,2024-04-06,91.5,-1.68,5.92,"Pfaadt, Brandon",660670,694297,,swinging_strike,,,,,2,Swinging Strike,R,R,R,ATL,AZ,S,,,0,1,2024,-0.23,1.26,0.2704609317444737,2.9597303064911173,,,672284,1,3,Bot,,,,,,,5.4300547444086,-133.2666143504313,-4.39259511568898,-3.790681681671312,24.630135815765662,-16.35529966054777,3.51,1.6,,,,92.1,2524,6.3,747140,672515,572233,606466,553993,677942,666971,682998,664983,54.2,,,,,,,,28,2,4-Seam Fastball,0,6,0,6,6,0,0,6,Standard,Standard,210,-0.004,-0.052,,,,0.052,,-6,-6,0.071,0.071,25,26,26,27,2,1,6,1,6,1,1.43,0.23,0.23,34.1,,,,,
ST,2024-04-06,83.7,-1.9,5.77,"Pfaadt, Brandon",660670,694297,,called_strike,,,,,9,Called Strike,R,R,R,ATL,AZ,S,,,0,0,2024,0.9,0.64,0.6205952489169123,1.8227995743576135,,,672284,1,3,Bot,,,,,,,4.07540359703101,-121.92134742743316,-4.042581234959458,8.261812974118344,21.833649003807317,-25.183905884317035,3.40750219092,1.53545819311606,,,,84.7,2739,6.7,747140,672515,572233,606466,553993,677942,666971,682998,664983,53.8,,,,,,,,28,1,Sweeper,0,6,0,6,6,0,0,6,Standard,Standard,79,-0.002,-0.04,,,,0.04,,-6,-6,0.073,0.073,25,26,26,27,2,1,6,1,6,1,2.58,-0.9,-0.9,30.0,,,,,
SI,2024-04-06,93.3,-1.91,5.86,"Pfaadt, Brandon",660670,694297,field_out,hit_into_play,,,,,7,"Ronald Acuña Jr. grounds out sharply, third baseman Eugenio Suárez to first baseman Christian Walker.",R,R,R,ATL,AZ,X,5,ground_ball,0,1,2024,-1.38,0.62,-0.8234429168931288,1.8279520539104683,,,,0,1,Bot,105.51,167.58,,,,,5.890076828680895,-135.6639957903564,-5.990073633375971,-18.38302649872533,30.319768530308856,-23.43075780442513,3.51,1.6,6,106.4,-16,93.8,2311,6.7,747140,672515,572233,606466,553993,677942,666971,682998,664983,53.81,0.257,0.232,0.0,1,0,0,2,12,2,Sinker,0,6,0,6,6,0,0,6,Standard,Standard,223,-0.01,-0.217,,,0.261,0.217,106.4,-6,-6,0.095,0.095,25,26,26,27,1,0,6,1,6,1,2.01,1.38,1.38,28.2,,,,,
FF,2024-04-06,93.1,-1.9,5.86,"Pfaadt, Brandon",660670,694297,,called_strike,,,,,1,Called Strike,R,R,R,ATL,AZ,S,,,0,0,2024,-0.46,0.97,-0.3973202082251446,3.397220387614076,,,,0,1,Bot,,,,,,,4.909875826741976,-135.55219135576417,-2.705795504032275,-6.752326128125078,29.32127401300037,-19.804765709297136,3.39961131548158,1.52632092029611,,,,93.7,2425,6.6,747140,672515,572233,606466,553993,677942,666971,682998,664983,53.9,,,,,,,,12,1,4-Seam Fastball,0,6,0,6,6,0,0,6,Standard,Standard,210,-0.002,-0.037,,,,0.037,,-6,-6,0.097,0.097,25,26,26,27,1,0,6,1,6,1,1.65,0.46,0.46,25.1,,,,,
FF,2024-04-05,94.3,-2.09,5.03,"Castro, Miguel",660670,612434,double,hit_into_play,,,,,8,Ronald Acuña Jr. doubles (2) on a line drive to right fielder Jake McCarthy. Orlando Arcia scores.,R,R,R,ATL,AZ,X,9,line_drive,0,1,2024,-1.43,0.5,0.0073138325091797,1.7921783054390898,,606115,,2,8,Bot,208.68,122.79,,,,,8.718261865208131,-136.96076611157906,-3.7819760163003697,-20.00961068490969,33.825151674759496,-25.193462989241244,3.51,1.6,234,97.9,14,94.6,2242,6.8,747143,672515,572233,606466,553993,677942,666971,682998,664983,53.66,0.887,0.869,1.25,1,1,1,4,74,2,4-Seam Fastball,2,5,2,5,5,3,3,5,Standard,Standard,250,0.072,0.94,70.0,7.8,1.102,-0.94,97.9,-3,-3,0.058,0.058,29,26,30,27,1,4,4,3,2,1,2.1,1.43,1.43,5.2,4.182243965255201,24.03924953449334,38.42269670927878,40.45000803836377,12.41891356292203
SL,2024-04-05,81.5,-2.32,5.16,"Castro, Miguel",660670,612434,,called_strike,,,,,1,Called Strike,R,R,R,ATL,AZ,S,,,0,0,2024,1.54,0.22,-0.4481832367903684,2.888608246310332,,606115,,2,8,Bot,,,,,,,1.245091031024404,-118.6905725628839,1.1413469634067392,14.170476251255264,25.05970521919759,-30.579234060777143,3.4163624545235,1.60020033426669,,,,82.2,2893,6.9,747143,672515,572233,606466,553993,677942,666971,682998,664983,53.57,,,,,,,,74,1,Slider,2,5,2,5,5,2,2,5,Standard,Standard,74,-0.004,-0.04,,,,0.04,,-3,-3,0.062,0.062,29,26,30,27,1,4,4,3,2,1,3.23,-1.54,-1.54,12.1,,,,,
SI,2024-04-05,89.4,-3.28,3.95,"Thompson, Ryan",660670,657044,strikeout,swinging_strike,,,,,14,Ronald Acuña Jr. strikes out swinging.,R,R,R,ATL,AZ,S,2,,3,2,2024,-1.45,-0.33,1.0753620761668938,2.1677545707472925,,518595,,1,6,Bot,,,,,,,13.91874552253955,-129.22452518169447,2.5440340285246075,-19.374881844136233,31.274394395322936,-36.82703764915935,3.51,1.6,,,,89.5,2028,7.1,747143,672515,572233,606466,553993,607054,666971,682998,664983,53.4,,0.0,0.0,1,0,0,,57,7,Sinker,2,5,2,5,5,2,2,5,Standard,Standard,273,-0.048,-0.291,63.9,7.1,,0.291,,-3,-3,0.188,0.188,32,26,32,27,1,3,2,3,4,1,3.26,1.45,1.45,-5.7,-4.0004710803915255,22.63453685549544,34.570933251049574,50.51933587496703,11.976677540322466
SI,2024-04-05,89.2,-3.44,3.99,"Thompson, Ryan",660670,657044,,foul,,,,,9,Foul,R,R,R,ATL,AZ,S,,,3,2,2024,-1.24,-0.41,0.359397057423132,1.525860265729568,,518595,,1,6,Bot,,,,,,,12.04452771022812,-129.2794581831869,0.9282876424591412,-16.493762676757193,27.54515168360863,-37.27755937941335,3.51,1.6,228,78.8,40,89.7,1997,6.9,747143,672515,572233,606466,553993,607054,666971,682998,664983,53.61,,,,,,,,57,6,Sinker,2,5,2,5,5,2,2,5,Standard,Standard,273,0.0,0.0,75.9,7.7,,0.0,88.0,-3,-3,0.188,0.188,32,26,32,27,1,3,2,3,4,1,3.31,1.24,1.24,-6.8,6.399069270446444,18.830167278740344,40.140581208041965,41.855211810936666,22.475289503742015
SI,2024-04-05,89.7,-3.35,4.06,"Thompson, Ryan",660670,657044,,ball,,,,,14,Ball,R,R,R,ATL,AZ,B,,,2,2,2024,-1.18,-0.39,1.711645889859254,2.0245122894255996,,518595,,1,6,Bot,,,,,,,15.091241185956976,-129.66043379038243,1.8944223187229168,-16.507504938707246,27.19295916212899,-37.285054883377754,3.47070354861224,1.60028528940371,,,,90.1,2061,6.9,747143,672515,572233,606466,553993,607054,666971,682998,664983,53.58,,,,,,,,57,5,Sinker,2,5,2,5,5,2,2,5,Standard,Standard,272,0.012,0.074,,,,-0.074,,-3,-3,0.176,0.176,32,26,32,27,1,3,2,3,4,1,3.26,1.18,1.18,-4.6,,,,,
SL,2024-04-05,76.5,-3.43,3.96,"Thompson, Ryan",660670,657044,,ball,,,,,13,Ball,R,R,R,ATL,AZ,B,,,1,2,2024,1.09,0.11,-3.669747377362517,2.45664221615417,,,518595,1,6,Bot,,,,,,,-2.4879333030884947,-111.32496878818854,3.7173759236476895,9.512793742769135,20.782032004130837,-32.21598085388142,3.52485436364204,1.60028528940371,,,,76.9,1786,6.7,747143,672515,572233,606466,553993,607054,666971,682998,664983,53.83,,,,,,,,57,4,Slider,2,5,2,5,5,2,2,5,Standard,Standard,91,0.02,0.048,,,,-0.048,,-3,-3,0.156,0.156,32,26,32,27,1,3,2,3,4,1,3.8,-1.09,-1.09,-6.5,,,,,
FF,2024-04-05,91.5,-3.36,4.4,"Thompson, Ryan",660670,657044,,ball,,,,,11,Ball,R,R,R,ATL,AZ,B,,,0,2,2024,-1.0,0.63,-0.8112860758520122,3.6025470125330044,,,518595,1,6,Bot,,,,,,,8.66227921319795,-132.8891063522771,2.5803301829749956,-13.748305904084155,29.343394789366815,-25.51039208238392,3.49778147330993,1.60028528940371,,,,92.1,2321,6.9,747143,672515,572233,606466,553993,607054,666971,682998,664983,53.65,,,,,,,,57,3,4-Seam Fastball,2,5,2,5,5,2,2,5,Standard,Standard,261,0.003,0.022,,,,-0.022,,-3,-3,0.153,0.153,32,26,32,27,1,3,2,3,4,1,2.11,1.0,1.0,0.5,,,,,
SI,2024-04-05,89.4,-3.38,4.12,"Thompson, Ryan",660670,657044,,swinging_strike,,,,,7,Swinging Strike,R,R,R,ATL,AZ,S,,,0,1,2024,-1.16,-0.53,-0.4606513650488584,2.125768599778272,,,518595,1,6,Bot,,,,,,,9.72008337285586,-129.76057362393692,2.325949259588083,-15.273727750043449,30.00727143374562,-38.92327596758891,3.51,1.6,,,,89.6,2120,6.8,747143,672515,572233,606466,553993,607054,666971,682998,664983,53.74,,,,,,,,57,2,Sinker,2,5,2,5,5,2,2,5,Standard,Standard,261,-0.009,-0.052,74.6,7.8,,0.052,,-3,-3,0.162,0.162,32,26,32,27,1,3,2,3,4,1,3.42,1.16,1.16,-6.0,20.742914522628535,-8.6283139210034,35.98703450338751,33.589189399972746,34.236451521100705
SI,2024-04-05,89.4,-3.41,4.09,"Thompson, Ryan",660670,657044,,called_strike,,,,,2,Called Strike,R,R,R,ATL,AZ,S,,,0,0,2024,-0.98,-0.77,-0.1608420946366111,3.0091576120284538,,,518595,1,6,Bot,,,,,,,10.118555662370984,-129.57750824921115,5.10448816800968,-13.19238673010924,27.934071731700364,-42.30106341913732,3.52485436364204,1.60028528940371,,,,89.6,2131,6.7,747143,672515,572233,606466,553993,607054,666971,682998,664983,53.79,,,,,,,,57,1,Sinker,2,5,2,5,5,2,2,5,Standard,Standard,273,-0.005,-0.04,,,,0.04,,-3,-3,0.167,0.167,32,26,32,27,1,3,2,3,4,1,3.66,0.98,0.98,-7.3,,,,,
CH,2024-04-05,84.1,1.88,5.82,"Henry, Tommy",660670,674072,strikeout,called_strike,,,,,12,Ronald Acuña Jr. called out on strikes.,R,R,L,ATL,AZ,S,2,,1,2,2024,1.12,0.3,0.9408029499042552,2.9215769967954097,671739,606115,518595,1,4,Bot,,,,,,,-4.461881960699306,-122.41173809922388,-0.9342544437689212,12.184622002534784,24.238114053520498,-29.13813112478327,3.4441967331576,1.60056931756197,,,,84.9,1551,6.8,747143,672515,572233,606466,553993,607054,666971,682998,664983,53.67,,0.0,0.0,1,0,0,,41,5,Changeup,2,5,2,5,5,2,2,5,Standard,Standard,115,-0.062,-0.18,,,,0.18,,-3,-3,0.311,0.311,26,26,27,27,3,2,6,3,5,1,2.92,1.12,-1.12,40.2,,,,,
FF,2024-04-05,92.0,1.92,5.9,"Henry, Tommy",660670,674072,,foul,,,,,4,Foul,R,R,L,ATL,AZ,S,,,1,2,2024,0.99,1.53,-0.5075829331536128,2.533468979326309,671739,606115,518595,1,4,Bot,,,,,,,-8.357486323873772,-133.62666274938505,-6.01987826343726,13.689700114410844,29.791043546024557,-12.749887840239142,3.51,1.6,273,85.1,39,92.4,2186,6.7,747143,672515,572233,606466,553993,607054,666971,682998,664983,53.77,,,,,,,,41,4,4-Seam Fastball,2,5,2,5,5,2,2,5,Standard,Standard,141,0.0,0.0,69.2,6.7,,0.0,88.0,-3,-3,0.311,0.311,26,26,27,27,3,2,6,3,5,1,1.18,0.99,-0.99,42.6,0.1364658451096868,12.94622233784011,36.89062421435126,31.071080958423824,25.05076062126504
CH,2024-04-05,84.9,1.84,5.78,"Henry, Tommy",660670,674072,,swinging_strike,,,,,13,Swinging Strike,R,R,L,ATL,AZ,S,,,1,1,2024,1.29,0.2,-0.2920779126625834,1.1410962284646629,671739,606115,518595,1,4,Bot,,,,,,,-7.668684776365477,-123.42948152428576,-4.983658457556147,14.751010510924011,24.404406699947025,-29.30254044020126,3.51,1.6,,,,85.9,,7.0,747143,672515,572233,606466,553993,607054,666971,682998,664983,53.52,,,,,,,,41,3,Changeup,2,5,2,5,5,2,2,5,Standard,Standard,,-0.023,-0.07,78.6,8.5,,0.07,,-3,-3,0.334,0.334,26,26,27,27,3,2,6,3,5,1,2.96,1.29,-1.29,41.9,17.523052737504003,-3.821323582511237,42.77679348436783,35.31861220075484,34.410633309931704
SI,2024-04-05,90.8,1.78,5.94,"Henry, Tommy",660670,674072,,foul,,,,,2,Foul,R,R,L,ATL,AZ,S,,,1,0,2024,1.14,1.09,-0.185526998297691,2.9805656397486304,671739,606115,518595,1,4,Bot,,,,,,,-7.425040410145485,-132.05919296187935,-3.8579081416684824,14.96401422815802,28.50051055971778,-18.731739312925647,3.51,1.6,197,71.1,49,91.4,2172,6.7,747143,672515,572233,606466,553993,607054,666971,682998,664983,53.81,,,,,,,,41,2,Sinker,2,5,2,5,5,2,2,5,Standard,Standard,148,-0.015,-0.062,78.6,7.4,,0.062,88.0,-3,-3,0.349,0.349,26,26,27,27,3,2,6,3,5,1,1.68,1.14,-1.14,46.1,12.538221239643509,1.5302893864241107,31.12704229412239,36.18919625138258,31.606773800156912
CU,2024-04-05,78.9,1.87,5.98,"Henry, Tommy",660670,674072,,ball,,,,,13,Ball,R,R,L,ATL,AZ,B,,,0,0,2024,-0.82,-0.84,-0.9002926677066625,1.35047608020405,671739,606115,518595,1,4,Bot,,,,,,,-4.5330714492271476,-114.90120685284528,-1.7025593905851064,-6.412342751106368,21.09387764765858,-39.549801036247686,3.49769464938977,1.60024346958575,,,,79.6,2281,6.7,747143,672515,572233,606466,553993,607054,666971,682998,664983,53.79,,,,,,,,41,1,Curveball,2,5,2,5,5,2,2,5,Standard,Standard,316,0.011,0.039,,,,-0.039,,-3,-3,0.338,0.338,26,26,27,27,3,2,6,3,5,1,4.5,-0.82,0.82,53.4,,,,,
CU,2024-04-05,80.2,1.85,5.96,"Henry, Tommy",660670,674072,field_out,hit_into_play,,,,,13,"Ronald Acuña Jr. grounds out, third baseman Eugenio Suárez to first baseman Christian Walker.",R,R,L,ATL,AZ,X,5,ground_ball,3,2,2024,-0.66,-0.95,-0.028495636874211,1.0921654496589372,,,606115,2,2,Bot,105.27,164.76,,,,,-2.9165339364362244,-116.78500291058111,-2.230939519826418,-5.3937076121800045,23.604144495269175,-40.58144277942612,3.51,1.6,2,93.1,-29,80.0,2290,6.2,747143,672515,572233,606466,553993,607054,666971,682998,664983,54.26,0.076,0.068,0.0,1,0,0,2,20,9,Curveball,1,3,1,3,3,1,1,3,Standard,Standard,316,-0.028,-0.32,83.7,8.2,0.08,0.32,93.1,-2,-2,0.316,0.316,26,26,27,27,2,1,6,3,5,1,4.51,-0.66,0.66,45.9,6.137589255227552,5.841670566070144,41.60175262949876,37.95398004787381,33.08495735956933
FF,2024-04-05,92.5,1.76,5.98,"Henry, Tommy",660670,674072,,foul,,,,,5,Foul,R,R,L,ATL,AZ,S,,,3,2,2024,0.85,1.4,-0.0556836227708785,2.49753382975367,,,606115,2,2,Bot,,,,,,,-6.509514283510446,-134.4235355703788,-6.164871586741138,11.726668022543857,28.643400951594728,-13.985826403796578,3.51,1.6,242,72.7,43,93.0,2373,6.6,747143,672515,572233,606466,553993,607054,666971,682998,664983,53.86,,,,,,,,20,8,4-Seam Fastball,1,3,1,3,3,1,1,3,Standard,Standard,147,0.0,0.0,76.1,7.6,,0.0,88.0,-2,-2,0.316,0.316,26,26,27,27,2,1,6,3,5,1,1.26,0.85,-0.85,43.8,13.114617008623986,13.044743079509336,35.32441490296989,36.75016015082962,30.13762728602585
FF,2024-04-05,91.9,1.84,5.98,"Henry, Tommy",660670,674072,,foul,,,,,7,Foul,R,R,L,ATL,AZ,S,,,3,2,2024,0.73,1.29,-0.5615766587426148,1.5123898178867703,,,606115,2,2,Bot,,,,,,,-7.679825132765823,-133.4532084994319,-8.270588762036738,10.409287723832938,28.8985146229291,-15.133555292817046,3.51,1.6,125,89.4,6,92.1,2174,6.5,747143,672515,572233,606466,553993,607054,666971,682998,664983,53.96,,,,,,,,20,7,4-Seam Fastball,1,3,1,3,3,1,1,3,Standard,Standard,143,0.0,0.0,77.4,7.1,,0.0,89.4,-2,-2,0.316,0.316,26,26,27,27,2,1,6,3,5,1,1.42,0.73,-0.73,45.1,-16.01216865325965,18.782506183048863,49.01591900336428,30.951265064887767,19.00832729230181
CU,2024-04-05,80.8,1.79,6.03,"Henry, Tommy",660670,674072,,foul,,,,,13,Foul,R,R,L,ATL,AZ,S,,,3,2,2024,-0.7,-0.68,-1.032597662386833,1.6769826532222138,,,606115,2,2,Bot,,,,,,,-4.950635727323372,-117.52718616727604,-1.7215691795727284,-5.473903164009231,23.22748619138108,-38.31596071555164,3.51,1.6,26,20.2,51,80.7,2388,6.3,747143,672515,572233,606466,553993,607054,666971,682998,664983,54.19,,,,,,,,20,6,Curveball,1,3,1,3,3,1,1,3,Standard,Standard,310,0.0,0.0,30.1,5.3,,0.0,88.0,-2,-2,0.316,0.316,26,26,27,27,2,1,6,3,5,1,4.18,-0.7,0.7,49.7,-23.618884177034147,60.65954534693011,47.97640190343812,23.16992584932664,9.104829871999508
FF,2024-04-05,91.6,1.7,6.04,"Henry, Tommy",660670,674072,,swinging_strike,,,,,7,Swinging Strike,R,R,L,ATL,AZ,S,,,3,1,2024,0.86,1.48,-0.4587107259834793,1.9695945559834724,,,606115,2,2,Bot,,,,,,,-7.3497462570850765,-133.0022658783466,-7.5963467351163985,11.79183080496052,29.508534472196644,-13.120442381035692,3.51,1.6,,,,91.9,2220,6.6,747143,672515,572233,606466,553993,607054,666971,682998,664983,53.86,,,,,,,,20,5,4-Seam Fastball,1,3,1,3,3,1,1,3,Standard,Standard,141,-0.006,-0.065,78.3,7.7,,0.065,,-2,-2,0.322,0.322,26,26,27,27,2,1,6,3,5,1,1.26,0.86,-0.86,45.7,6.535131689226682,4.153633322477431,44.09296024594216,32.81370886450315,27.444514206513848
SI,2024-04-05,90.6,1.79,5.94,"Henry, Tommy",660670,674072,,foul,,,,,9,Foul,R,R,L,ATL,AZ,S,,,3,0,2024,1.41,0.95,0.3414344070444359,2.0308487426772155,,,606115,2,2,Bot,,,,,,,-6.661307891637624,-131.6660761276295,-5.878282200080856,17.872378175983815,27.970135605546787,-20.000301550092804,3.51,1.6,197,84.8,60,90.9,2157,6.5,747143,672515,572233,606466,553993,607054,666971,682998,664983,53.95,,,,,,,,20,4,Sinker,1,3,1,3,3,1,1,3,Standard,Standard,145,-0.004,-0.046,74.0,8.1,,0.046,88.0,-2,-2,0.326,0.326,26,26,27,27,2,1,6,3,5,1,1.83,1.41,-1.41,47.1,17.9893269440125,-0.0698589957392731,36.573669482532786,43.002341635459715,32.25614247416905
CU,2024-04-05,79.7,1.8,6.1,"Henry, Tommy",660670,674072,,blocked_ball,,,,,13,Ball In Dirt,R,R,L,ATL,AZ,B,,,2,0,2024,-0.78,-1.05,-0.2334544110124101,0.8264764703262513,,,606115,2,2,Bot,,,,,,,-2.998165126618459,-116.07372831938248,-2.8663538674508784,-6.465609575120412,22.046771935459937,-41.36478725788593,3.38568101106259,1.5927614616449,,,,79.7,2336,6.3,747143,672515,572233,606466,553993,607054,666971,682998,664983,54.22,,,,,,,,20,3,Curveball,1,3,1,3,3,1,1,3,Standard,Standard,320,0.007,0.076,,,,-0.076,,-2,-2,0.319,0.319,26,26,27,27,2,1,6,3,5,1,4.64,-0.78,0.78,46.6,,,,,
FF,2024-04-05,91.1,1.83,6.0,"Henry, Tommy",660670,674072,,ball,,,,,3,Ball,R,R,L,ATL,AZ,B,,,1,0,2024,0.83,1.32,0.4857862978640025,3.3920006506020144,,,606115,2,2,Bot,,,,,,,-5.154867706895816,-132.60810126266517,-3.521904242595485,10.863206703350544,27.016097466628636,-16.046325927785833,3.4052652837368,1.5827104743126,,,,91.4,2205,6.3,747143,672515,572233,606466,553993,607054,666971,682998,664983,54.17,,,,,,,,20,2,4-Seam Fastball,1,3,1,3,3,1,1,3,Standard,Standard,144,0.005,0.05,,,,-0.05,,-2,-2,0.314,0.314,26,26,27,27,2,1,6,3,5,1,1.42,0.83,-0.83,43.7,,,,,
SI,2024-04-05,91.6,1.82,5.93,"Henry, Tommy",660670,674072,,ball,,,,,14,Ball,R,R,L,ATL,AZ,B,,,0,0,2024,1.31,0.77,1.0695363153452877,1.6551653901512031,,,606115,2,2,Bot,,,,,,,-4.746013905623448,-133.29362804596974,-6.659080355487113,16.63991304199708,27.82514186119387,-21.735972315381787,3.39454212174276,1.59217324752823,,,,92.2,2166,6.6,747143,672515,572233,606466,553993,607054,666971,682998,664983,53.92,,,,,,,,20,1,Sinker,1,3,1,3,3,1,1,3,Standard,Standard,138,0.002,0.034,,,,-0.034,,-2,-2,0.312,0.312,26,26,27,27,2,1,6,3,5,1,1.94,1.31,-1.31,47.7,,,,,
CH,2024-04-05,84.8,1.75,5.81,"Henry, Tommy",660670,674072,field_out,hit_into_play,,,,,7,"Ronald Acuña Jr. grounds out, shortstop Jace Peterson to first baseman Christian Walker.",R,R,L,ATL,AZ,X,6,ground_ball,2,2,2024,0.72,0.82,-0.2872820690067583,2.0064970331819367,,,,0,1,Bot,108.62,149.72,,,,,-6.166788658285184,-123.31826803033138,-4.421891985642028,8.600827540520786,24.942688123618936,-23.143350161311524,3.51,1.6,24,104.1,-3,86.1,1428,7.1,747143,672515,572233,606466,553993,607054,666971,682998,664983,53.36,0.463,0.425,0.0,1,0,0,2,8,5,Changeup,0,3,0,3,3,0,0,3,Standard,Standard,119,-0.018,-0.227,87.4,7.3,0.507,0.227,104.1,-3,-3,0.264,0.264,26,26,27,27,1,0,6,3,5,1,2.36,0.72,-0.72,43.4,7.514159396449933,-8.361233713409076,52.1214976139034,31.956666850192427,26.36787060919062
CH,2024-04-05,84.3,1.87,5.87,"Henry, Tommy",660670,674072,,ball,,,,,14,Ball,R,R,L,ATL,AZ,B,,,1,2,2024,1.16,0.2,1.1132007933483257,1.429118513902058,,,,0,1,Bot,,,,,,,-4.351087223699071,-122.71706904548968,-4.33856585095989,12.553091292921888,24.748851357527275,-29.43798124330269,3.5029331919954,1.59296075484805,,,,85.6,1476,7.1,747143,672515,572233,606466,553993,607054,666971,682998,664983,53.42,,,,,,,,8,4,Changeup,0,3,0,3,3,0,0,3,Standard,Standard,121,0.003,0.04,,,,-0.04,,-3,-3,0.261,0.261,26,26,27,27,1,0,6,3,5,1,3.0,1.16,-1.16,42.4,,,,,
FF,2024-04-05,89.4,1.85,5.94,"Henry, Tommy",660670,674072,,ball,,,,,11,Ball,R,R,L,ATL,AZ,B,,,0,2,2024,0.69,1.53,-0.1413865372932252,4.112825918151465,,,,0,1,Bot,,,,,,,-6.28677073396745,-130.00209833764427,-1.911428736501879,9.203220426663655,27.789065044481667,-14.614136100213369,3.55206529321273,1.59297730389358,,,,90.3,2150,6.9,747143,672515,572233,606466,553993,607054,666971,682998,664983,53.65,,,,,,,,8,3,4-Seam Fastball,0,3,0,3,3,0,0,3,Standard,Standard,142,0.002,0.023,,,,-0.023,,-3,-3,0.259,0.259,26,26,27,27,1,0,6,3,5,1,1.33,0.69,-0.69,43.0,,,,,
CH,2024-04-05,83.3,1.84,5.91,"Henry, Tommy",660670,674072,,called_strike,,,,,2,Called Strike,R,R,L,ATL,AZ,S,,,0,1,2024,0.81,0.66,-0.0293884241834757,3.24050501718004,,,,0,1,Bot,,,,,,,-5.861817077838561,-121.2625281457112,-1.1485329857511914,9.175969893918255,23.288658165231567,-25.636159366390537,3.47920670381541,1.59329256655147,,,,84.9,1363,7.3,747143,672515,572233,606466,553993,607054,666971,682998,664983,53.23,,,,,,,,8,2,Changeup,0,3,0,3,3,0,0,3,Standard,Standard,125,-0.005,-0.054,,,,0.054,,-3,-3,0.264,0.264,26,26,27,27,1,0,6,3,5,1,2.62,0.81,-0.81,43.1,,,,,
SI,2024-04-05,89.8,1.75,5.99,"Henry, Tommy",660670,674072,,called_strike,,,,,4,Called Strike,R,R,L,ATL,AZ,S,,,0,0,2024,0.64,1.1,-0.8071834475165658,2.76289023097304,,,,0,1,Bot,,,,,,,-7.658050228699429,-130.46464763096017,-4.4991650762726465,9.056832362174609,30.253375008513498,-18.919754034599276,3.51013111649586,1.59344260607719,,,,91.1,1954,7.3,747143,672515,572233,606466,553993,607054,666971,682998,664983,53.19,,,,,,,,8,1,Sinker,0,3,0,3,3,0,0,3,Standard,Standard,145,-0.003,-0.037,,,,0.037,,-3,-3,0.267,0.267,26,26,27,27,1,0,6,3,5,1,1.76,0.64,-0.64,45.2,,,,,
FF,2024-04-02,92.4,-1.78,5.92,"Brebbia, John",660670,605154,walk,ball,,,,,9,Ronald Acuña Jr. walks. Jarred Kelenic to 2nd.,R,R,R,CWS,ATL,B,,,3,2,2024,-0.66,1.74,0.7029049010206436,1.8290219140037665,,,672284,1,8,Top,,,,,,,7.824482813250643,-134.17103268097898,-8.411059657926854,-9.761045445926982,29.945027335879505,-9.453331866868506,3.49211614558598,1.53748318337087,,,,92.8,2316,6.7,746814,455117,683734,670032,660162,657557,643217,673357,607680,53.79,,0.689131,0.7,1,0,0,,55,6,4-Seam Fastball,2,1,1,2,1,2,1,2,Standard,Standard,217,-0.075,0.259,,,,-0.259,,1,-1,0.724,0.276,34,26,34,27,1,3,2,1,3,3,0.95,0.66,0.66,37.7,,,,,
FF,2024-04-02,91.0,-1.68,6.02,"Brebbia, John",660670,605154,,ball,,,,,11,Ball,R,R,R,CWS,ATL,B,,,2,2,2024,-0.46,1.78,-1.004861106457025,3.0893688271609356,,,672284,1,8,Top,,,,,,,2.69734666126134,-132.42082409887195,-5.30460684564826,-5.972918631349004,27.663859437367297,-10.333671526221568,3.60770787082313,1.66724299601582,,,,91.7,2229,6.7,746814,455117,683734,670032,660162,657557,643217,673357,607680,53.82,,,,,,,,55,5,4-Seam Fastball,2,1,1,2,1,2,1,2,Standard,Standard,209,-0.024,0.077,,,,-0.077,,1,-1,0.748,0.252,34,26,34,27,1,3,2,1,3,3,0.97,0.46,0.46,45.9,,,,,
FF,2024-04-02,93.1,-1.61,6.21,"Brebbia, John",660670,605154,,ball,,,,,12,Ball,R,R,R,CWS,ATL,B,,,1,2,2024,-0.53,1.7,0.3620509910963078,4.101604699723809,,,672284,1,8,Top,,,,,,,6.225156723642952,-135.41704868749142,-3.382890733691088,-7.89021015366858,28.6653691590695,-10.62813009870889,3.57608845201691,1.72267870151307,,,,93.3,2306,6.3,746814,455117,683734,670032,660162,657557,643217,673357,607680,54.16,,,,,,,,55,4,4-Seam Fastball,2,1,1,2,1,2,1,2,Standard,Standard,212,-0.011,0.048,,,,-0.048,,1,-1,0.759,0.241,34,26,34,27,1,3,2,1,3,3,0.92,0.53,0.53,41.7,,,,,
SL,2024-04-02,78.0,-1.87,6.06,"Brebbia, John",660670,605154,,foul,,,,,8,Foul,R,R,R,CWS,ATL,S,,,1,1,2024,0.77,0.01,-0.0265769126899382,1.5509208816505833,,,672284,1,8,Top,,,,,,,2.568011100872782,-113.574269406679,-2.8583410287035003,6.210842621981793,20.349299301792698,-31.77832063470263,3.52,1.6,,,,78.8,2558,6.8,746814,455117,683734,670032,660162,657557,643217,673357,607680,53.71,,,,,,,,55,3,Slider,2,1,1,2,1,2,1,2,Standard,Standard,100,0.018,-0.059,,,,0.059,,1,-1,0.741,0.259,34,26,34,27,1,3,2,1,3,3,3.72,-0.77,-0.77,45.6,,,,,
FF,2024-04-02,92.2,-1.79,5.89,"Brebbia, John",660670,605154,,foul,,,,,4,Foul,R,R,R,CWS,ATL,S,,,1,0,2024,-0.63,1.64,-0.5484832043032974,2.7401583580040025,,,672284,1,8,Top,,,,,,,4.570862770208571,-134.12710139543572,-5.733307216889965,-8.661336180663355,31.686765761706145,-11.386259765670436,3.52,1.6,144,76.0,12,92.6,2148,6.8,746814,455117,683734,670032,660162,657557,643217,673357,607680,53.75,,,,,,,,55,2,4-Seam Fastball,2,1,1,2,1,2,1,2,Standard,Standard,216,0.013,-0.047,,,,0.047,88.0,1,-1,0.728,0.272,34,26,34,27,1,3,2,1,3,3,1.06,0.63,0.63,41.2,,,,,
FF,2024-04-02,92.2,-1.8,5.92,"Brebbia, John",660670,605154,,ball,,,,,12,Ball,R,R,R,CWS,ATL,B,,,0,0,2024,-0.58,1.59,1.4255020831582792,2.68344823331003,,,672284,1,8,Top,,,,,,,9.494588084447642,-133.82161214102695,-5.83919524859245,-9.101364678543993,30.97182554653894,-11.929704283837715,3.5831080836868,1.72915333170475,,,,92.2,2262,6.6,746814,455117,683734,670032,660162,657557,643217,673357,607680,53.88,,,,,,,,55,1,4-Seam Fastball,2,1,1,2,1,2,1,2,Standard,Standard,213,-0.009,0.036,,,,-0.036,,1,-1,0.737,0.263,34,26,34,27,1,3,2,1,3,3,1.12,0.58,0.58,37.9,,,,,
FF,2024-04-02,95.5,2.2,6.26,"Crochet, Garrett",660670,676979,strikeout,called_strike,,,,,1,Ronald Acuña Jr. called out on strikes.,R,R,L,CWS,ATL,S,2,,2,2,2024,0.54,1.49,-0.6985862972146437,2.9069653227838543,,,,0,6,Top,,,,,,,-8.96126174911489,-138.70982621357533,-6.6509265051767645,8.857051261224733,28.812866877860888,-11.609162702521076,3.47687409978025,1.54410457784568,,,,97.0,2475,7.1,746814,455117,683734,670032,660162,669699,643217,673357,666150,53.44,,0.0,0.0,1,0,0,,37,5,4-Seam Fastball,0,0,0,0,0,0,0,0,Standard,Standard,147,0.029,-0.227,,,,0.227,,0,0,0.505,0.495,25,26,25,27,3,2,5,1,5,3,1.01,0.54,-0.54,38.9,,,,,
FF,2024-04-02,96.3,2.31,6.19,"Crochet, Garrett",660670,676979,,ball,,,,,1,Ball,R,R,L,CWS,ATL,B,,,1,2,2024,0.64,1.36,-0.2852075078529801,3.554727285334633,,,,0,6,Top,,,,,,,-8.475894479663454,-140.04502109566616,-4.59167191023664,10.294656937358686,29.577763240281488,-13.412988662156833,3.49872860700105,1.55081660287552,,,,97.8,2527,7.0,746814,455117,683734,670032,660162,669699,643217,673357,666150,53.46,,,,,,,,37,4,4-Seam Fastball,0,0,0,0,0,0,0,0,Standard,Standard,138,-0.005,0.04,,,,-0.04,,0,0,0.51,0.49,25,26,25,27,3,2,5,1,5,3,1.09,0.64,-0.64,37.7,,,,,
FF,2024-04-02,94.7,2.39,6.29,"Crochet, Garrett",660670,676979,,ball,,,,,12,Ball,R,R,L,CWS,ATL,B,,,0,2,2024,0.42,1.47,1.0029826485337052,3.857453411088152,,,,0,6,Top,,,,,,,-4.616349614677014,-137.9245085360563,-4.040485154137858,6.414778226932058,29.890533306653268,-12.66655234263578,3.5071134833725,1.6391235121005,,,,95.9,2577,6.9,746814,455117,683734,670032,660162,669699,643217,673357,666150,53.64,,,,,,,,37,3,4-Seam Fastball,0,0,0,0,0,0,0,0,Standard,Standard,147,-0.004,0.023,,,,-0.023,,0,0,0.514,0.486,25,26,25,27,3,2,5,1,5,3,1.06,0.42,-0.42,38.4,,,,,
ST,2024-04-02,82.5,2.48,6.39,"Crochet, Garrett",660670,676979,,swinging_strike,,,,,13,Swinging Strike,R,R,L,CWS,ATL,S,,,0,1,2024,-1.47,0.28,-0.9280258953241878,1.8702203324515416,,,,0,6,Top,,,,,,,-4.931443247907018,-120.03808811871627,-4.276457372982926,-13.11378346170717,25.152035609524393,-28.856968360298797,3.52,1.6,,,,83.1,2518,6.9,746814,455117,683734,670032,660162,669699,643217,673357,666150,53.62,,,,,,,,37,2,Sweeper,0,0,0,0,0,0,0,0,Standard,Standard,307,0.009,-0.054,,,,0.054,,0,0,0.505,0.495,25,26,25,27,3,2,5,1,5,3,3.1,-1.47,1.47,40.5,,,,,
ST,2024-04-02,81.4,2.41,6.38,"Crochet, Garrett",660670,676979,,called_strike,,,,,8,Called Strike,R,R,L,CWS,ATL,S,,,0,0,2024,-1.53,0.09,0.1489767083689133,2.113731983302358,,,,0,6,Top,,,,,,,-2.15686226224831,-118.5586083082939,-3.135621894259712,-13.958951673541714,23.80421548270956,-30.94528024034691,3.43133438783057,1.58896495863744,,,,82.1,2442,6.8,746814,455117,683734,670032,660162,669699,643217,673357,666150,53.69,,,,,,,,37,1,Sweeper,0,0,0,0,0,0,0,0,Standard,Standard,303,0.005,-0.037,,,,0.037,,0,0,0.5,0.5,25,26,25,27,3,2,5,1,5,3,3.36,-1.53,1.53,43.7,,,,,
FC,2024-04-02,90.2,2.2,6.36,"Crochet, Garrett",660670,676979,field_out,hit_into_play,,,,,13,Ronald Acuña Jr. pops out to first baseman Andrew Vaughn.,R,R,L,CWS,ATL,X,3,popup,1,1,2024,-0.41,0.49,-1.2395834425258354,2.4697130603643016,,,,2,3,Top,146.55,156.31,,,,,-7.801707858551035,-131.24651837944666,-4.880284094196712,-3.345113414598072,24.66349292740171,-25.728107322995555,3.52,1.6,125,49.9,50,92.0,1249,7.1,746814,455117,683734,670032,660162,669699,643217,673357,666150,53.4,0.045,0.04,0.0,1,0,0,1,16,3,Cutter,0,0,0,0,0,0,0,0,Standard,Standard,228,0.011,-0.244,,,0.045,0.244,88.0,0,0,0.544,0.4559999999999999,25,26,25,27,2,1,5,1,5,3,2.29,-0.41,0.41,42.9,,,,,
FF,2024-04-02,97.0,2.39,6.22,"Crochet, Garrett",660670,676979,,ball,,,,,3,Ball,R,R,L,CWS,ATL,B,,,0,1,2024,0.73,1.32,0.4821292538999798,3.415740557904419,,,,2,3,Top,,,,,,,-6.882114653063332,-141.06377949403833,-5.086021550818702,11.26721933888419,29.753693382094976,-13.599815032910902,3.3236001058246,1.48324437077381,,,,98.8,2558,7.1,746814,455117,683734,670032,660162,669699,643217,673357,666150,53.35,,,,,,,,16,2,4-Seam Fastball,0,0,0,0,0,0,0,0,Standard,Standard,147,-0.001,0.029,,,,-0.029,,0,0,0.545,0.4549999999999999,25,26,25,27,2,1,5,1,5,3,1.1,0.73,-0.73,37.8,,,,,
ST,2024-04-02,83.3,2.11,6.37,"Crochet, Garrett",660670,676979,,called_strike,,,,,1,Called Strike,R,R,L,CWS,ATL,S,,,0,0,2024,-1.61,-0.21,-0.3771998452077496,3.018038878697378,,,,2,3,Top,,,,,,,-2.559756569800002,-121.38986797707982,-0.8346351964020027,-15.435285714536146,24.054455774509176,-34.336451069838006,3.42596146518193,1.56407732529273,,,,84.3,2653,6.9,746814,455117,683734,670032,660162,669699,643217,673357,666150,53.6,,,,,,,,16,1,Sweeper,0,0,0,0,0,0,0,0,Standard,Standard,304,0.002,-0.041,,,,0.041,,0,0,0.543,0.4569999999999999,25,26,25,27,2,1,5,1,5,3,3.49,-1.61,1.61,43.2,,,,,
ST,2024-04-02,84.6,2.09,6.33,"Crochet, Garrett",660670,676979,strikeout,swinging_strike,,,,,13,Ronald Acuña Jr. strikes out swinging.,R,R,L,CWS,ATL,S,2,,1,2,2024,-1.67,-0.32,-1.343834997304863,1.3924664467822176,,,,0,1,Top,,,,,,,-4.724551334731728,-123.00158366765402,-4.490952403769905,-15.740649739339784,27.04572260989249,-34.67025786365815,3.52,1.6,,,,85.3,2492,7.0,746814,455117,683734,670032,660162,669699,643217,673357,666150,53.49,,0.0,0.0,1,0,0,,1,5,Sweeper,0,0,0,0,0,0,0,0,Standard,Standard,314,0.015,-0.186,,,,0.186,,0,0,0.507,0.493,25,26,25,27,1,0,5,1,5,3,3.54,-1.67,1.67,44.5,,,,,
FF,2024-04-02,98.2,2.15,6.22,"Crochet, Garrett",660670,676979,,ball,,,,,11,Ball,R,R,L,CWS,ATL,B,,,0,2,2024,0.64,1.32,-0.8592576854443129,4.117635700662564,,,,0,1,Top,,,,,,,-9.78269720424336,-142.81428153485703,-3.365574123670139,10.898861044149358,29.271902151257205,-13.429011475021882,3.44047796679606,1.51089653101218,,,,100.1,2602,7.1,746814,455117,683734,670032,660162,669699,643217,673357,666150,53.36,,,,,,,,1,4,4-Seam Fastball,0,0,0,0,0,0,0,0,Standard,Standard,145,-0.002,0.023,,,,-0.023,,0,0,0.509,0.491,25,26,25,27,1,0,5,1,5,3,1.03,0.64,-0.64,38.9,,,,,
FF,2024-04-02,98.0,2.21,6.23,"Crochet, Garrett",660670,676979,,foul,,,,,1,Foul,R,R,L,CWS,ATL,S,,,0,2,2024,0.36,1.18,-0.4384712552002875,3.4340840913250585,,,,0,1,Top,,,,,,,-8.082469295799267,-142.49152903848446,-4.873460985486439,6.645405455980605,30.981400991753237,-15.19352354996681,3.52,1.6,217,73.3,27,99.5,2551,7.1,746814,455117,683734,670032,660162,669699,643217,673357,666150,53.45,,,,,,,,1,3,4-Seam Fastball,0,0,0,0,0,0,0,0,Standard,Standard,152,0.0,0.0,,,,0.0,88.0,0,0,0.509,0.491,25,26,25,27,1,0,5,1,5,3,1.19,0.36,-0.36,36.1,,,,,
FF,2024-04-02,98.1,2.25,6.3,"Crochet, Garrett",660670,676979,,swinging_strike,,,,,2,Swinging Strike,R,R,L,CWS,ATL,S,,,0,1,2024,0.86,1.55,-0.0854744888635949,3.623720252843508,,,,0,1,Top,,,,,,,-8.410396091874006,-142.5937330921429,-5.412860772010584,13.63019509925586,32.767919698240625,-9.896427249954211,3.52,1.6,,,,99.2,2564,7.0,746814,455117,683734,670032,660162,669699,643217,673357,666150,53.52,,,,,,,,1,2,4-Seam Fastball,0,0,0,0,0,0,0,0,Standard,Standard,144,0.006,-0.054,,,,0.054,,0,0,0.503,0.497,25,26,25,27,1,0,5,1,5,3,0.82,0.86,-0.86,39.9,,,,,
FF,2024-04-02,96.8,2.25,6.32,"Crochet, Garrett",660670,676979,,foul,,,,,11,Foul,R,R,L,CWS,ATL,S,,,0,0,2024,0.54,1.4,-0.8659641384190372,2.842253360990823,,,,0,1,Top,,,,,,,-9.66955002005348,-140.56796319980782,-7.001969061899861,9.39398440357367,32.028715181538104,-12.113112566080863,3.52,1.6,38,89.0,83,98.0,2531,7.1,746814,455117,683734,670032,660162,669699,643217,673357,666150,53.43,,,,,,,,1,1,4-Seam Fastball,0,0,0,0,0,0,0,0,Standard,Standard,145,0.003,-0.037,,,,0.037,89.0,0,0,0.5,0.5,25,26,25,27,1,0,5,1,5,3,1.04,0.54,-0.54,41.3,,,,,
FF,2024-04-01,93.3,-2.1,5.25,"García, Deivi",660670,665620,walk,ball,,,,,11,Ronald Acuña Jr. walks.,R,R,R,CWS,ATL,B,,,3,1,2024,-0.8,1.3,-0.902650985239998,5.219611922895025,,,,2,8,Top,,,,,,,4.894595311247081,-135.87368792803466,2.829546674665396,-11.01529720938521,29.367188238613984,-16.88742142422597,3.49740492238786,1.5862333339712,,,,94.3,1933,6.8,746817,455117,683734,670032,660162,657557,643217,673357,666150,53.72,,0.689131,0.7,1,0,0,,63,5,4-Seam Fastball,0,6,6,0,6,0,6,0,Standard,Standard,213,0.0,0.178,,,,-0.178,,-6,6,0.01,0.99,25,26,25,27,1,4,2,1,3,1,1.31,0.8,0.8,31.7,,,,,
FF,2024-04-01,95.5,-2.02,5.32,"García, Deivi",660670,665620,,ball,,,,,11,Ball,R,R,R,CWS,ATL,B,,,2,1,2024,-0.77,1.41,-1.298135336559466,4.149433226339489,,,,2,8,Top,,,,,,,3.676465021066423,-139.10791199063843,-0.6381369739556788,-10.848470683414812,31.817096873905857,-13.958657070249789,3.43047256634247,1.47628655233869,,,,96.1,2078,6.6,746817,455117,683734,670032,660162,657557,643217,673357,666150,53.88,,,,,,,,63,4,4-Seam Fastball,0,6,6,0,6,0,6,0,Standard,Standard,212,0.0,0.112,,,,-0.112,,-6,6,0.01,0.99,25,26,25,27,1,4,2,1,3,1,1.09,0.77,0.77,32.8,,,,,
CH,2024-04-01,85.1,-1.8,5.56,"García, Deivi",660670,665620,,ball,,,,,13,Ball,R,R,R,CWS,ATL,B,,,1,1,2024,-0.8,1.19,-1.3725140815219308,1.7960069365380344,,,,2,8,Top,,,,,,,2.6043315378903413,-123.96719667206948,-4.947922019601992,-8.765720222337505,24.318865193886644,-19.12007703309267,3.45456406699292,1.53191618696284,,,,85.4,2109,6.4,746817,455117,683734,670032,660162,657557,643217,673357,666150,54.13,,,,,,,,63,3,Changeup,0,6,6,0,6,0,6,0,Standard,Standard,239,0.0,0.058,,,,-0.058,,-6,6,0.01,0.99,25,26,25,27,1,4,2,1,3,1,1.95,0.8,0.8,39.1,,,,,
FF,2024-04-01,95.5,-1.97,5.23,"García, Deivi",660670,665620,,ball,,,,,3,Ball,R,R,R,CWS,ATL,B,,,0,1,2024,-0.89,1.62,0.7394717905512731,3.428146162191938,,,,2,8,Top,,,,,,,9.17807649549071,-138.7738646195589,-2.7369954011882607,-13.578947204563882,32.751206077438475,-10.86026158018086,3.4997231788612,1.43931593712917,,,,95.8,2213,6.7,746817,455117,683734,670032,660162,657557,643217,673357,666150,53.82,,,,,,,,63,2,4-Seam Fastball,0,6,6,0,6,0,6,0,Standard,Standard,214,0.0,0.029,,,,-0.029,,-6,6,0.01,0.99,25,26,25,27,1,4,2,1,3,1,0.9,0.89,0.89,29.6,,,,,
FF,2024-04-01,95.0,-1.95,5.27,"García, Deivi",660670,665620,,swinging_strike,,,,,3,Swinging Strike,R,R,R,CWS,ATL,S,,,0,0,2024,-1.06,1.59,0.3174231053575804,2.954989081482005,,,,2,8,Top,,,,,,,8.42060958753062,-138.06507099933097,-3.9775173385252023,-15.538447481424306,32.503830148115014,-11.121575077192489,3.49,1.6,,,,95.9,2198,7.0,746817,455117,683734,670032,660162,657557,643217,673357,666150,53.51,,,,,,,,63,1,4-Seam Fastball,0,6,6,0,6,0,6,0,Standard,Standard,216,0.0,-0.041,,,,0.041,,-6,6,0.01,0.99,25,26,25,27,1,4,2,1,3,1,0.95,1.06,1.06,31.1,,,,,
SI,2024-04-01,91.7,-3.07,6.0,"Shaw, Bryan",660670,543766,double,hit_into_play,,,,,8,Ronald Acuña Jr. doubles (1) on a sharp line drive to left fielder Andrew Benintendi.,R,R,R,CWS,ATL,X,7,line_drive,0,1,2024,-1.33,0.61,-0.1993890323751408,1.6050725218304784,,,,2,6,Top,101.9,100.74,,,,,10.095046790296612,-133.13398251312566,-6.616992721971895,-17.82424931993444,24.92209309840666,-23.659762129442147,3.49,1.6,254,111.5,11,91.9,2211,6.3,746817,455117,683734,670032,660162,657557,643217,673357,666150,54.23,0.887,0.924,1.25,1,1,1,5,48,2,Sinker,0,4,4,0,4,0,4,0,Standard,Standard,217,-0.009,0.655,,,1.25,-0.655,111.5,-4,4,0.095,0.905,36,26,37,27,1,3,,1,3,1,2.08,1.33,1.33,32.5,,,,,
FC,2024-04-01,92.7,-2.8,6.32,"Shaw, Bryan",660670,543766,,swinging_strike,,,,,2,Swinging Strike,R,R,R,CWS,ATL,S,,,0,0,2024,0.17,1.06,-0.2360797678892426,3.226657419113379,,,,2,6,Top,,,,,,,6.121251995607576,-134.90126218867587,-4.435789446693029,0.8809723864531683,26.95183933566953,-18.386249185128868,3.49,1.6,,,,92.2,2369,5.8,746817,455117,683734,670032,660162,657557,643217,673357,666150,54.72,,,,,,,,48,1,Cutter,0,4,4,0,4,0,4,0,Standard,Standard,183,0.001,-0.041,,,,0.041,,-4,4,0.094,0.906,36,26,37,27,1,3,,1,3,1,1.57,-0.17,-0.17,41.3,,,,,
CH,2024-04-01,79.6,-0.21,6.6,"Flexen, Chris",660670,623167,force_out,hit_into_play,,,,,4,"Ronald Acuña Jr. grounds into a force out, fielded by third baseman Yoán Moncada. Orlando Arcia out at 3rd.",R,R,R,CWS,ATL,X,5,ground_ball,0,2,2024,-1.33,0.57,-0.4528381277132147,2.3608492858975745,,606115,518595,2,4,Top,97.82,169.72,,,,,1.9697630185890835,-116.02162495455411,-3.772995256919011,-12.480614389519678,17.890711256864282,-26.51446143493892,3.49,1.6,35,83.2,-1,80.6,1207,6.5,746817,455117,683734,670032,660162,657557,643217,673357,666150,54.0,0.244,0.225,0.0,1,0,0,2,33,3,Changeup,0,3,3,0,3,0,3,0,Standard,Standard,228,0.016,-0.186,,,0.268,0.186,88.0,-3,3,0.2,0.8,29,26,30,27,3,2,,1,5,1,2.96,1.33,1.33,68.3,,,,,
FF,2024-04-01,90.1,-0.21,6.86,"Flexen, Chris",660670,623167,,foul,,,,,1,Foul,R,R,R,CWS,ATL,S,,,0,1,2024,-0.24,1.8,-0.6665715843272837,2.9348183801800847,,606115,518595,2,4,Top,,,,,,,-0.6120441661421486,-131.064663221064,-7.621688574518496,-2.6567286708458906,28.01140943643758,-10.01525543562948,3.49,1.6,115,76.6,8,90.4,2072,6.5,746817,455117,683734,670032,660162,657557,643217,673357,666150,53.96,,,,,,,,33,2,4-Seam Fastball,0,3,3,0,3,0,3,0,Standard,Standard,188,0.006,-0.046,,,,0.046,88.0,-3,3,0.194,0.806,29,26,30,27,3,2,,1,5,1,1.01,0.24,0.24,68.0,,,,,
CU,2024-04-01,70.9,-0.17,6.81,"Flexen, Chris",660670,623167,,called_strike,,,,,12,Called Strike,R,R,R,CWS,ATL,S,,,0,0,2024,0.71,-1.2,0.9284678393852928,3.0160600177058265,,606115,518595,2,4,Top,,,,,,,0.9648285759160022,-103.17059301513603,2.305868354482243,4.814721751829272,19.358715021812564,-41.37181459417426,3.58641150328447,1.56639931533509,,,,71.1,2398,6.8,746817,455117,683734,670032,660162,657557,643217,673357,666150,53.75,,,,,,,,33,1,Curveball,0,3,3,0,3,0,3,0,Standard,Standard,26,0.004,-0.048,,,,0.048,,-3,3,0.19,0.81,29,26,30,27,3,2,,1,5,1,5.79,-0.71,-0.71,73.1,,,,,
FC,2024-04-01,85.3,-0.15,6.96,"Flexen, Chris",660670,623167,force_out,hit_into_play,,,,,14,"Ronald Acuña Jr. grounds into a force out, third baseman Yoán Moncada to second baseman Nicky Lopez. Travis d'Arnaud scores. Jarred Kelenic out at 2nd. Ronald Acuña Jr. to 1st.",R,R,R,CWS,ATL,X,5,ground_ball,2,0,2024,0.63,0.36,1.013833157183147,2.1802867782640214,518595,,672284,1,3,Top,99.48,162.59,,,,,1.4814027967234704,-124.28145798441138,-5.741939974661914,6.235228312543642,23.4847290962292,-27.506289714185183,3.49,1.6,3,75.2,-36,85.8,2277,6.4,746817,455117,683734,670032,660162,657557,643217,673357,666150,54.07,0.066,0.071,0.0,1,0,0,2,20,3,Cutter,0,0,0,0,1,0,1,0,Standard,Standard,142,0.0,-0.39,,,0.07,0.39,88.0,0,0,0.414,0.5860000000000001,29,26,30,27,2,1,,1,5,1,2.75,-0.63,-0.63,69.4,,,,,
CH,2024-04-01,81.1,-0.22,6.63,"Flexen, Chris",660670,623167,,blocked_ball,,,,,14,Ball In Dirt,R,R,R,CWS,ATL,B,,,1,0,2024,-1.01,0.9,0.1966551418135899,0.2224110190345776,518595,,672284,1,3,Top,,,,,,,2.8978315190404516,-117.82508367125232,-9.53104284278829,-10.002988390275576,20.024961124381385,-22.276615798976568,3.61957254447421,1.56960087675544,,,,82.0,1318,6.7,746817,455117,683734,670032,660162,657557,643217,673357,666150,53.77,,,,,,,,20,2,Changeup,0,0,0,0,0,0,0,0,Standard,Standard,215,-0.007,0.028,,,,-0.028,,0,0,0.421,0.579,29,26,30,27,2,1,,1,5,1,2.55,1.01,1.01,65.1,,,,,
CH,2024-04-01,80.2,-0.19,6.71,"Flexen, Chris",660670,623167,,ball,,,,,14,Ball,R,R,R,CWS,ATL,B,,,0,0,2024,-1.2,0.7,0.1429837910753089,1.3943295569566256,518595,,672284,1,3,Top,,,,,,,3.008841902709399,-116.6975565904036,-6.443373416508343,-11.552622523418458,20.277431119588005,-24.851139674496775,3.58028551428805,1.56061827819462,,,,80.7,1282,6.5,746817,455117,683734,670032,660162,657557,643217,673357,666150,54.03,,,,,,,,20,1,Changeup,0,0,0,0,0,0,0,0,Standard,Standard,218,-0.004,0.024,,,,-0.024,,0,0,0.425,0.575,29,26,30,27,2,1,,1,5,1,2.83,1.2,1.2,68.7,,,,,
FF,2024-04-01,92.4,-0.03,6.95,"Flexen, Chris",660670,623167,strikeout,swinging_strike,,,,,12,Ronald Acuña Jr. strikes out swinging.,R,R,R,CWS,ATL,S,2,,3,2,2024,-0.12,1.66,1.1115518219628804,3.1867570685176534,,,,0,1,Top,,,,,,,3.1826419081519965,-134.27218031836784,-7.348010840215691,-2.2233421470666372,31.42412892288733,-10.66199363054076,3.49,1.6,,,,92.2,2155,6.4,746817,455117,683734,670032,660162,657557,643217,673357,666150,54.08,,0.0,0.0,1,0,0,,1,7,4-Seam Fastball,0,0,0,0,0,0,0,0,Standard,Standard,190,0.027,-0.333,,,,0.333,,0,0,0.495,0.505,29,26,30,27,1,0,,1,5,1,1.03,0.12,0.12,74.2,,,,,
FC,2024-04-01,88.8,-0.23,6.9,"Flexen, Chris",660670,623167,,foul,,,,,4,Foul,R,R,R,CWS,ATL,S,,,3,2,2024,0.28,1.04,-0.317999795850436,2.6853134092730047,,,,0,1,Top,,,,,,,-0.8094548975783964,-129.4794047546887,-6.607052409993794,3.307835705777286,21.604612615236473,-19.370353045695246,3.49,1.6,211,71.2,52,89.9,2288,6.4,746817,455117,683734,670032,660162,657557,643217,673357,666150,54.07,,,,,,,,1,6,Cutter,0,0,0,0,0,0,0,0,Standard,Standard,165,0.0,0.0,,,,0.0,88.0,0,0,0.495,0.505,29,26,30,27,1,0,,1,5,1,1.79,-0.28,-0.28,70.2,,,,,
FC,2024-04-01,87.3,-0.17,6.88,"Flexen, Chris",660670,623167,,ball,,,,,12,Ball,R,R,R,CWS,ATL,B,,,2,2,2024,0.4,0.88,1.697667889751083,2.624726435908157,,,,0,1,Top,,,,,,,3.7009446930456456,-127.1247233445364,-5.980956750587658,3.6247347573109714,24.26965482938194,-21.57561567722675,3.54284694370683,1.51672538110222,,,,87.9,2274,6.5,746817,455117,683734,670032,660162,657557,643217,673357,666150,54.02,,,,,,,,1,5,Cutter,0,0,0,0,0,0,0,0,Standard,Standard,163,-0.008,0.107,,,,-0.107,,0,0,0.503,0.497,29,26,30,27,1,0,,1,5,1,2.08,-0.4,-0.4,69.0,,,,,
FF,2024-04-01,91.6,-0.06,7.02,"Flexen, Chris",660670,623167,,ball,,,,,12,Ball,R,R,R,CWS,ATL,B,,,1,2,2024,-0.18,1.49,0.938163884212432,6.21735440613598,,,,0,1,Top,,,,,,,2.881527131445952,-133.3635814582738,0.6010909719034006,-2.7137896651236693,28.46172720098369,-14.666185870419053,3.57482811860396,1.64047463341534,,,,91.4,2059,6.1,746817,455117,683734,670032,660162,657557,643217,673357,666150,54.39,,,,,,,,1,4,4-Seam Fastball,0,0,0,0,0,0,0,0,Standard,Standard,187,-0.004,0.04,,,,-0.04,,0,0,0.507,0.493,29,26,30,27,1,0,,1,5,1,1.22,0.18,0.18,69.7,,,,,
CH,2024-04-01,78.2,-0.26,6.63,"Flexen, Chris",660670,623167,,ball,,,,,14,Ball,R,R,R,CWS,ATL,B,,,0,2,2024,-1.51,0.75,0.139560985175128,1.179173050181883,,,,0,1,Top,,,,,,,3.6737989329941625,-113.86010207256491,-6.37654301450689,-13.872316109463036,18.832769888689462,-24.70173604589323,3.59456094697482,1.56831980345811,,,,78.9,1419,6.5,746817,455117,683734,670032,660162,657557,643217,673357,666150,53.96,,,,,,,,1,3,Changeup,0,0,0,0,0,0,0,0,Standard,Standard,231,-0.002,0.023,,,,-0.023,,0,0,0.509,0.491,29,26,30,27,1,0,,1,5,1,2.94,1.51,1.51,66.3,,,,,
CH,2024-04-01,79.4,-0.42,6.73,"Flexen, Chris",660670,623167,,foul,,,,,7,Foul,R,R,R,CWS,ATL,S,,,0,1,2024,-1.29,0.94,-0.4390360570604082,1.841232716536315,,,,0,1,Top,,,,,,,2.375458403755214,-115.645325014153,-5.796360974836648,-12.0346080333201,19.159798298978085,-22.873981146583603,3.49,1.6,162,61.6,47,80.0,1160,6.4,746817,455117,683734,670032,660162,657557,643217,673357,666150,54.11,,,,,,,,1,2,Changeup,0,0,0,0,0,0,0,0,Standard,Standard,223,0.006,-0.054,,,,0.054,88.0,0,0,0.503,0.497,29,26,30,27,1,0,,1,5,1,2.63,1.29,1.29,65.1,,,,,
FF,2024-04-01,90.7,-0.27,6.88,"Flexen, Chris",660670,623167,,foul,,,,,2,Foul,R,R,R,CWS,ATL,S,,,0,0,2024,-0.59,1.46,0.111014939620802,3.4132065913271137,,,,0,1,Top,,,,,,,2.235361535419877,-132.04520960984897,-5.912662929248342,-7.400795116547989,26.970318958656833,-14.083958948422946,3.49,1.6,,,,91.3,2004,6.5,746817,455117,683734,670032,660162,657557,643217,673357,666150,53.98,,,,,,,,1,1,4-Seam Fastball,0,0,0,0,0,0,0,0,Standard,Standard,191,0.003,-0.037,,,,0.037,,0,0,0.5,0.5,29,26,30,27,1,0,,1,5,1,1.3,0.59,0.59,69.2,,,,,
